Source,Target,Type,Weight
0,1,Undirected,0.7610356919647332
0,2,Undirected,0.25136578094119055
0,3,Undirected,0.2918713729659992
0,4,Undirected,0.19305053709634007
0,9,Undirected,0.3850858273346684
0,11,Undirected,0.2683667025977281
0,12,Undirected,0.3675977562561804
0,13,Undirected,0.34370531396769927
1,2,Undirected,0.7494053344001252
1,3,Undirected,0.3093309245521775
2,3,Undirected,0.7291700693730522
2,4,Undirected,0.2538088077133405
2,5,Undirected,0.2579846743361005
3,4,Undirected,0.7450881748119472
3,5,Undirected,0.3093233735574529
3,6,Undirected,0.17029745325097176
4,5,Undirected,0.7407611360657855
4,6,Undirected,0.33572937403096587
4,7,Undirected,0.2219478325989054
4,8,Undirected,0.23483624354639063
4,9,Undirected,0.2105659496061939
5,6,Undirected,0.7580546733963692
5,7,Undirected,0.3085876348170511
5,8,Undirected,0.18970927555034545
6,7,Undirected,0.746059502915629
6,8,Undirected,0.2679578650506371
7,8,Undirected,0.7651451130080656
7,9,Undirected,0.21460763163924299
8,9,Undirected,0.7447564970145313
8,10,Undirected,0.2099109419533715
8,11,Undirected,0.16667387251747842
8,13,Undirected,0.20067587558959218
9,10,Undirected,0.747978762438102
9,11,Undirected,0.3545699177430361
9,12,Undirected,0.2605099189695238
9,13,Undirected,0.29039460339984924
10,11,Undirected,0.7512220353955039
11,12,Undirected,0.3909316762660436
11,13,Undirected,0.3034073196159376
12,13,Undirected,0.37533291155438664
