Source,Target,Type,Weight
0,1,Undirected,0.7516667773296598
0,2,Undirected,0.3193553053756531
0,13,Undirected,0.18887707254371328
1,2,Undirected,0.7396865818516573
1,3,Undirected,0.29070748179276584
2,3,Undirected,0.7673937991793287
2,4,Undirected,0.24816340440839743
2,7,Undirected,0.17530781553704838
2,8,Undirected,0.3220280801338815
2,11,Undirected,0.1995559274662497
2,12,Undirected,0.3691594477197563
2,13,Undirected,0.32247839824272007
3,4,Undirected,0.7282795599037712
3,5,Undirected,0.2540764225143371
4,5,Undirected,0.7720227028904485
4,6,Undirected,0.2545303142505466
4,7,Undirected,0.26691437715933447
4,8,Undirected,0.18465843527187156
4,9,Undirected,0.1912115615801118
5,6,Undirected,0.750332786218062
5,7,Undirected,0.2817024799372052
5,8,Undirected,0.17891179519982964
5,9,Undirected,0.16771466741201116
6,7,Undirected,0.7316247337172311
6,8,Undirected,0.2153762572332473
7,8,Undirected,0.7525826210872218
7,9,Undirected,0.2678253113738455
8,9,Undirected,0.7407206474072064
8,10,Undirected,0.30565034677213193
8,11,Undirected,0.35997325714423034
8,12,Undirected,0.39201202083064823
8,13,Undirected,0.3012131532562559
9,10,Undirected,0.73670928052924
9,11,Undirected,0.3096406273393005
10,11,Undirected,0.7492997038747813
11,12,Undirected,0.3678436078124179
11,13,Undirected,0.20067988901684986
12,13,Undirected,0.390899687256317
