Source,Target,Type,Weight
0,1,Undirected,0.7299268142169831
0,2,Undirected,0.30033819611078055
0,3,Undirected,0.3242826076586227
0,4,Undirected,0.3354307297376816
0,5,Undirected,0.3262370890373693
0,6,Undirected,0.2986737822875785
0,7,Undirected,0.22980918672621037
0,11,Undirected,0.2865035918621117
0,12,Undirected,0.407413731975386
0,13,Undirected,0.21085173301127738
1,2,Undirected,0.7476644310256467
1,3,Undirected,0.29000870723640976
1,11,Undirected,0.33504820741831154
1,12,Undirected,0.2134588846100683
2,3,Undirected,0.7341634403478989
2,4,Undirected,0.30210397212720236
2,6,Undirected,0.18777957833332945
2,11,Undirected,0.3095322453652677
2,12,Undirected,0.37799667271681864
2,13,Undirected,0.20421467765730061
3,4,Undirected,0.7278371727258537
3,5,Undirected,0.28419782203973926
3,6,Undirected,0.16901716749854107
3,11,Undirected,0.1788743316794272
3,12,Undirected,0.20726827366838058
4,5,Undirected,0.7567726149722943
4,6,Undirected,0.31718590435443356
4,7,Undirected,0.19074940619111141
4,11,Undirected,0.198907746501583
4,12,Undirected,0.38934974486629814
4,13,Undirected,0.3351160952488472
5,6,Undirected,0.7287821228836725
5,7,Undirected,0.21215360871715144
5,12,Undirected,0.18530574513090764
5,13,Undirected,0.19023039521695487
6,7,Undirected,0.7325059852351538
6,8,Undirected,0.2354871226401482
6,11,Undirected,0.2968927548058066
6,12,Undirected,0.364744986598289
6,13,Undirected,0.37756562180208714
7,8,Undirected,0.7264708865030401
7,9,Undirected,0.2247393635632485
7,11,Undirected,0.29059334249991653
7,12,Undirected,0.21043079094769673
7,13,Undirected,0.25602261137198823
8,9,Undirected,0.7338474500518196
8,10,Undirected,0.30937219919145675
8,11,Undirected,0.3360913422686765
8,12,Undirected,0.19333217360874302
8,13,Undirected,0.2608787381201174
9,10,Undirected,0.7488169808098759
9,11,Undirected,0.3215616613428328
10,11,Undirected,0.7601990511431521
11,12,Undirected,0.37342290560011854
11,13,Undirected,0.2760365394818813
12,13,Undirected,0.3643258271785783
