Source,Target,Type,Weight
0,1,Undirected,0.7463106651523269
0,2,Undirected,0.25055983579185565
1,2,Undirected,0.7472686761760433
1,3,Undirected,0.26496041327291026
2,3,Undirected,0.7469768907194492
2,4,Undirected,0.33675942884152316
2,5,Undirected,0.32499571314148196
2,6,Undirected,0.32887974302506345
2,7,Undirected,0.19826794258644617
2,11,Undirected,0.23005359410473625
2,12,Undirected,0.38529715611781634
2,13,Undirected,0.20417984360392877
3,4,Undirected,0.7535853121524252
3,5,Undirected,0.2641346175281739
3,6,Undirected,0.16736897483438296
3,11,Undirected,0.18421983765936012
3,12,Undirected,0.21487248339751377
4,5,Undirected,0.735771230675893
4,6,Undirected,0.3204388333938155
4,7,Undirected,0.34174886635841967
4,8,Undirected,0.29483644125170017
4,9,Undirected,0.1877171020979021
4,10,Undirected,0.22498958546447326
4,11,Undirected,0.21995775271282542
4,12,Undirected,0.3827571722299775
4,13,Undirected,0.286611622181421
5,6,Undirected,0.7316450895851399
5,7,Undirected,0.21684883267887026
5,12,Undirected,0.18412586588636437
6,7,Undirected,0.7510303536444805
6,8,Undirected,0.23803792871388588
6,11,Undirected,0.20881930254628567
6,12,Undirected,0.38572384468723686
6,13,Undirected,0.31255194849421836
7,8,Undirected,0.7498690416638807
7,9,Undirected,0.2961991658720809
7,10,Undirected,0.30909300600638995
7,11,Undirected,0.1855124811128456
7,12,Undirected,0.2260702036705017
7,13,Undirected,0.3827766985648466
8,9,Undirected,0.7466846684027518
8,10,Undirected,0.32082448210565545
8,13,Undirected,0.20763655049301444
9,10,Undirected,0.7670326418774954
9,11,Undirected,0.22326936992882834
9,13,Undirected,0.18508560007780622
10,11,Undirected,0.7561667109564834
10,12,Undirected,0.1842898855209529
10,13,Undirected,0.2980830117363989
11,12,Undirected,0.39086074642841234
11,13,Undirected,0.34195064217899224
12,13,Undirected,0.38046714059845305
