Source,Target,Type,Weight
0,1,Undirected,0.7653002194376728
0,2,Undirected,0.2496779542606949
0,3,Undirected,0.21470333824647897
0,4,Undirected,0.1868437666327456
0,8,Undirected,0.26612955623416285
0,9,Undirected,0.1682249812755984
0,11,Undirected,0.33554260202187763
0,12,Undirected,0.37516129245772945
0,13,Undirected,0.35287039767395
1,2,Undirected,0.7421065114595747
1,3,Undirected,0.24238176626059202
1,8,Undirected,0.24732832241822159
2,3,Undirected,0.7800141895014426
2,4,Undirected,0.29276083682767695
2,5,Undirected,0.33529751420574344
2,6,Undirected,0.2046120526399286
2,7,Undirected,0.20090924723889558
2,8,Undirected,0.21051283312470953
3,4,Undirected,0.7585333336226908
3,5,Undirected,0.24632489225682083
4,5,Undirected,0.7291700693730522
4,6,Undirected,0.3348002599023929
4,7,Undirected,0.22221739508671307
4,8,Undirected,0.2338588848114924
4,9,Undirected,0.1811163645731668
5,6,Undirected,0.7365288125378532
5,7,Undirected,0.2983737744904502
5,8,Undirected,0.1888925027361307
6,7,Undirected,0.7402519815836397
6,8,Undirected,0.2575905872879231
7,8,Undirected,0.7597587460795513
7,9,Undirected,0.21590373512127517
8,9,Undirected,0.7682992024573535
8,10,Undirected,0.21218846879224237
9,10,Undirected,0.751475205176024
9,11,Undirected,0.2283998618155743
10,11,Undirected,0.7231034994017674
11,12,Undirected,0.3948011265229898
11,13,Undirected,0.20072598772855813
12,13,Undirected,0.37838067515216
