Source,Target,Type,Weight
0,1,Undirected,0.7422288397825643
0,2,Undirected,0.34116960635020777
0,3,Undirected,0.3556714244659613
0,4,Undirected,0.2588121973531367
0,5,Undirected,0.20250978050380627
0,6,Undirected,0.3412952264769917
0,7,Undirected,0.20907986900206343
0,8,Undirected,0.2049689392428916
0,11,Undirected,0.3246075138019782
0,12,Undirected,0.3965968143310661
0,13,Undirected,inf
1,2,Undirected,0.7534988042172395
1,3,Undirected,0.23953733467610722
1,11,Undirected,0.3269864821081038
1,12,Undirected,0.20346047899294264
1,13,Undirected,inf
2,3,Undirected,0.7451278848073858
2,4,Undirected,0.3461672799397313
2,5,Undirected,0.19896558676125622
2,6,Undirected,0.20622007899121736
2,8,Undirected,0.2700143617401029
2,11,Undirected,0.3329026443047018
2,12,Undirected,0.3853936293739443
2,13,Undirected,inf
3,4,Undirected,0.7401732751696483
3,5,Undirected,0.3115685238761634
3,6,Undirected,0.17767847407196413
3,11,Undirected,0.1870765269516524
3,12,Undirected,0.2069158969055341
3,13,Undirected,inf
4,5,Undirected,0.7457503622467861
4,6,Undirected,0.3272801556972817
4,7,Undirected,0.20056966454979153
4,8,Undirected,0.316801889374061
4,11,Undirected,0.20552958990165285
4,12,Undirected,0.38366945274900643
4,13,Undirected,inf
5,6,Undirected,0.7825626921339959
5,7,Undirected,0.21338256344135387
5,12,Undirected,0.18820922790180408
5,13,Undirected,inf
6,7,Undirected,0.7576189008783335
6,8,Undirected,0.30414151402622347
6,11,Undirected,0.3058793123012913
6,12,Undirected,0.3729076365664115
6,13,Undirected,inf
7,8,Undirected,0.7546111785186369
7,9,Undirected,0.2165891326197805
7,11,Undirected,0.2916247263435197
7,12,Undirected,0.21916055989426714
7,13,Undirected,inf
8,9,Undirected,0.7330384847022077
8,10,Undirected,0.3243301509680677
8,11,Undirected,0.3533390095986843
8,12,Undirected,0.37872438366712813
8,13,Undirected,inf
9,10,Undirected,0.7273761486472894
9,11,Undirected,0.27600108286710257
9,13,Undirected,inf
10,11,Undirected,0.747603262123075
10,13,Undirected,inf
11,12,Undirected,0.402754897332792
11,13,Undirected,inf
12,13,Undirected,inf
