Source,Target,Type,Weight
0,1,Undirected,0.7308032773646084
0,2,Undirected,0.228242834951469
0,8,Undirected,0.17405391910805865
0,9,Undirected,0.299912485387119
0,10,Undirected,0.35086640320411333
0,11,Undirected,0.3163717132896434
1,2,Undirected,0.7713123496656785
1,3,Undirected,0.272867718386835
1,6,Undirected,0.17117475814849514
1,9,Undirected,0.26859033593131143
1,10,Undirected,0.19803692304089388
1,11,Undirected,0.21166251631636215
2,3,Undirected,0.7275861087962497
2,4,Undirected,0.19566631915164787
2,6,Undirected,0.30859213022026616
2,7,Undirected,0.3049617992867145
2,8,Undirected,0.2981730299079854
2,9,Undirected,0.35226770808513375
2,10,Undirected,0.19383897391284738
2,11,Undirected,0.3519339694200441
2,12,Undirected,0.3944280032988869
2,13,Undirected,0.320983801441598
3,4,Undirected,0.7489636649489428
3,5,Undirected,0.22361425721730147
3,6,Undirected,0.2943419148999478
3,7,Undirected,0.2895330282573142
3,8,Undirected,0.22555155834935758
3,9,Undirected,0.20203792064579626
4,5,Undirected,0.7347942427420239
4,6,Undirected,0.29110867651279304
4,7,Undirected,0.24892416648199503
5,6,Undirected,0.7485038147014482
5,7,Undirected,0.24380836168354386
6,7,Undirected,0.758950245586931
6,8,Undirected,0.34759559843601606
6,9,Undirected,0.20817536843476175
6,12,Undirected,0.20277429665769606
7,8,Undirected,0.7403934339241017
7,9,Undirected,0.2870174526672794
8,9,Undirected,0.7501430337169683
8,10,Undirected,0.23259016346897782
8,12,Undirected,0.19125390083624882
8,13,Undirected,0.21091778996303223
9,10,Undirected,0.7592776451209945
9,11,Undirected,0.27196323250976506
9,13,Undirected,0.18627747060457892
10,11,Undirected,0.738616571406886
11,12,Undirected,0.3827675115079737
11,13,Undirected,0.2694348567033572
12,13,Undirected,0.3842120623583928
