Source,Target,Type,Weight
0,1,Undirected,0.7310191706078392
0,2,Undirected,0.3118261727055748
0,3,Undirected,0.20929347365059406
0,4,Undirected,0.31826140190891405
0,12,Undirected,0.3822457616537775
0,13,Undirected,0.28770394186195025
1,2,Undirected,0.7270061115046705
1,3,Undirected,0.21077806949322656
1,12,Undirected,0.16999440850529732
2,3,Undirected,0.7347955300200206
2,4,Undirected,0.27186263026374013
2,12,Undirected,0.3831404128847158
2,13,Undirected,0.32803897202196186
3,4,Undirected,0.7234226553551387
3,5,Undirected,0.2677542890885587
3,12,Undirected,0.36919883146564303
3,13,Undirected,0.2201647473023637
4,5,Undirected,0.7430066950786194
4,6,Undirected,0.2359848706065069
4,7,Undirected,0.20349098067587099
4,12,Undirected,0.36388777140273254
4,13,Undirected,0.19527325846011054
5,6,Undirected,0.7485867077306501
5,7,Undirected,0.25565080509233634
6,7,Undirected,0.7427810334321098
6,8,Undirected,0.21590015655487446
7,8,Undirected,0.7528590055083602
7,9,Undirected,0.21200633122087084
7,11,Undirected,0.18232216922096262
8,9,Undirected,0.7671464886615864
8,10,Undirected,0.25560574872582703
8,11,Undirected,0.22787083126839228
9,10,Undirected,0.733768559158995
9,11,Undirected,0.2563033433918281
10,11,Undirected,0.764518208441153
12,13,Undirected,0.3696639474745075
