Source,Target,Type,Weight
0,1,Undirected,0.7516662385012496
0,2,Undirected,0.31108158580182366
0,3,Undirected,0.22804562104218104
0,8,Undirected,0.3471699587482061
0,11,Undirected,0.1879691774403501
1,2,Undirected,0.7383927882174854
1,3,Undirected,0.2114202408161097
1,8,Undirected,0.32831166651650795
2,3,Undirected,0.749070337857314
2,4,Undirected,0.33709820789913186
2,5,Undirected,0.2178318997667799
2,8,Undirected,0.344467092431299
3,4,Undirected,0.7663544007964099
3,5,Undirected,0.22248116950626975
3,6,Undirected,0.21305351420878604
3,8,Undirected,0.19533193310575755
4,5,Undirected,0.7340849954206148
4,6,Undirected,0.2432689732276205
4,7,Undirected,0.16846722883140175
4,8,Undirected,0.24362146036820534
5,6,Undirected,0.7374489579101712
5,7,Undirected,0.2928162250598034
5,8,Undirected,0.24029221632248476
6,7,Undirected,0.7590992096456889
6,8,Undirected,0.2172916829425026
7,8,Undirected,0.7604840926381627
7,9,Undirected,0.3189826878115921
7,10,Undirected,0.18545091371949013
8,9,Undirected,0.7486071499294863
8,10,Undirected,0.2095056733760566
9,10,Undirected,0.7322317483428217
9,11,Undirected,0.26622795344509487
10,11,Undirected,0.7309802494528937
11,12,Undirected,0.3831362130470257
11,13,Undirected,0.3390919542803942
12,13,Undirected,0.3824203685995275
