Source,Target,Type,Weight
0,1,Undirected,0.7272782129118246
0,2,Undirected,0.27211728559779297
0,6,Undirected,0.37397917727156044
1,2,Undirected,0.7677323901562388
1,3,Undirected,0.2875107697333836
1,6,Undirected,0.16785600743283285
2,3,Undirected,0.747248772959109
2,4,Undirected,0.34773173305423954
2,5,Undirected,0.33240901160977565
2,6,Undirected,0.31363997981303954
2,7,Undirected,0.18557837542996508
2,11,Undirected,0.21952546368383508
2,12,Undirected,0.358309438514106
2,13,Undirected,0.20421123746448594
3,4,Undirected,0.771860456492741
3,5,Undirected,0.26423509044702514
3,6,Undirected,0.17215278737191164
3,12,Undirected,0.20094368657126574
4,5,Undirected,0.765863724482874
4,6,Undirected,0.3507738837413537
4,7,Undirected,0.3330630799892195
4,8,Undirected,0.27050924479280036
4,9,Undirected,0.19409271609967998
4,10,Undirected,0.2581937009242837
4,11,Undirected,0.19866550412667594
4,12,Undirected,0.3573907289305146
4,13,Undirected,0.3354133477959526
5,6,Undirected,0.7535856506418849
5,7,Undirected,0.21591573863260805
5,12,Undirected,0.18682207854207739
6,7,Undirected,0.7364519949396738
6,8,Undirected,0.25378827483919436
6,10,Undirected,0.1731516064034865
6,11,Undirected,0.2192798126522078
6,12,Undirected,0.3711699874267979
6,13,Undirected,0.32400942880984374
7,8,Undirected,0.755905398285423
7,9,Undirected,0.3334465941384115
7,10,Undirected,0.3393634895624567
7,11,Undirected,0.18697635147936434
7,12,Undirected,0.2058694354246071
7,13,Undirected,0.35163950726417464
8,9,Undirected,0.7457486385161922
8,10,Undirected,0.31883681192986585
8,13,Undirected,0.20777133296306416
9,10,Undirected,0.7552608279068277
9,11,Undirected,0.2231026057176511
9,13,Undirected,0.17748817508324496
10,11,Undirected,0.7702795743237448
10,12,Undirected,0.1789340518389922
10,13,Undirected,0.30857106198724193
11,12,Undirected,0.3861489907824428
11,13,Undirected,0.3168963633602482
12,13,Undirected,0.38263625114445016
