Source,Target,Type,Weight
0,1,Undirected,0.7376318878683825
0,2,Undirected,0.3255789727555794
0,3,Undirected,0.33614806882345244
0,4,Undirected,0.23484920850802501
0,5,Undirected,0.18737923872359402
0,6,Undirected,0.20790727987565727
0,8,Undirected,0.2055047770273091
0,11,Undirected,0.3403073432498878
0,12,Undirected,0.3947575405319504
0,13,Undirected,0.3235955916112265
1,2,Undirected,0.7313510923917711
1,3,Undirected,0.2340631250508523
1,11,Undirected,0.32754314837831816
1,12,Undirected,0.2167673126594822
2,3,Undirected,0.7384759271479571
2,4,Undirected,0.3426004923320311
2,5,Undirected,0.1920982005907622
2,6,Undirected,0.19887779224286786
2,8,Undirected,0.30244083938916283
2,11,Undirected,0.26319084157235406
2,12,Undirected,0.3874425252105746
2,13,Undirected,0.23331060101216308
3,4,Undirected,0.7340844172647151
3,5,Undirected,0.32000874047310557
3,6,Undirected,0.17338940810535491
3,11,Undirected,0.17212830040506724
3,12,Undirected,0.21660910983413614
3,13,Undirected,0.24316505838031344
4,5,Undirected,0.7410053392154835
4,6,Undirected,0.334873394456738
4,7,Undirected,0.19999912262347788
4,8,Undirected,0.33925429642432153
4,11,Undirected,0.19659874142802086
4,12,Undirected,0.3641832540810271
4,13,Undirected,0.29557609482780733
5,6,Undirected,0.7422900519105239
5,7,Undirected,0.2071422856696967
5,12,Undirected,0.1988063006696547
5,13,Undirected,0.3075643090229704
6,7,Undirected,0.7551941945368162
6,8,Undirected,0.28850568395481946
6,11,Undirected,0.29074052983447773
6,12,Undirected,0.35478355077405976
6,13,Undirected,0.3460805056600772
7,8,Undirected,0.7590139035695136
7,9,Undirected,0.22367724550291468
7,11,Undirected,0.28463117960825807
7,12,Undirected,0.20774033725789157
7,13,Undirected,0.2043234315586575
8,9,Undirected,0.761762788205701
8,10,Undirected,0.3216698748239629
8,11,Undirected,0.3497936542155879
8,12,Undirected,0.3936003014943716
8,13,Undirected,0.19701951836211892
9,10,Undirected,0.7351937727956653
9,11,Undirected,0.3132089862808128
10,11,Undirected,0.7579672733308558
11,12,Undirected,0.3781648271612663
11,13,Undirected,0.21680128495848253
12,13,Undirected,0.3437782209250193
