Source,Target,Type,Weight
0,1,Undirected,0.7441787184038612
0,2,Undirected,0.3551464733310596
0,3,Undirected,0.21620221782449323
0,12,Undirected,0.3797621542923187
0,13,Undirected,0.30815643602430015
1,2,Undirected,0.7443440650538665
1,3,Undirected,0.21316521505611877
1,12,Undirected,0.18484508821460433
1,13,Undirected,0.1934521783424167
2,3,Undirected,0.7561436045911573
2,4,Undirected,0.22437200986052605
2,5,Undirected,0.26531469298502247
2,6,Undirected,0.18190790298289122
2,12,Undirected,0.38442697814543464
2,13,Undirected,0.38839715647955814
3,4,Undirected,0.727990787782895
3,5,Undirected,0.26081599018199086
3,6,Undirected,0.17347190558518372
3,12,Undirected,0.3653406881634712
3,13,Undirected,0.1974307618514594
4,5,Undirected,0.7482503067309549
4,6,Undirected,0.24710957543241927
4,7,Undirected,0.1774240570937491
4,12,Undirected,0.20244360780682585
5,6,Undirected,0.7726895236495125
5,7,Undirected,0.3058763231984323
5,8,Undirected,0.18646660022404601
5,12,Undirected,0.20673694753382768
5,13,Undirected,0.17888438653798502
6,7,Undirected,0.7501215013968972
6,8,Undirected,0.2627760091490045
7,8,Undirected,0.7387171945012003
7,9,Undirected,0.20570681752440126
7,11,Undirected,0.30253623698021764
8,9,Undirected,0.7742407328357004
8,10,Undirected,0.2482535027900748
8,11,Undirected,0.2688997361332097
9,10,Undirected,0.7209203873849795
9,11,Undirected,0.28560512199813765
10,11,Undirected,0.762448514823768
12,13,Undirected,0.3764934661934
