Source,Target,Type,Weight
0,1,Undirected,0.744591033192524
0,2,Undirected,0.3248293685183077
0,3,Undirected,0.3387241539657007
0,4,Undirected,0.22064739587607607
0,5,Undirected,0.17763782366154052
0,6,Undirected,0.2055456247830264
0,8,Undirected,0.19536208441172934
0,11,Undirected,0.3132685689668204
0,12,Undirected,0.3929093710711325
0,13,Undirected,0.3314765197045505
1,2,Undirected,0.7486707550218574
1,3,Undirected,0.24684436996099388
1,11,Undirected,0.35070651286867505
1,12,Undirected,0.22990252707818684
1,13,Undirected,0.17589341212429202
2,3,Undirected,0.7481666207197701
2,4,Undirected,0.33514434533250637
2,5,Undirected,0.18813912314863035
2,6,Undirected,0.20470238654750864
2,8,Undirected,0.28180659739770403
2,11,Undirected,0.27354890346406247
2,12,Undirected,0.39035761853693884
2,13,Undirected,0.23880341401502497
3,4,Undirected,0.7485010096179157
3,5,Undirected,0.35874572630437684
3,6,Undirected,0.18369138440360336
3,11,Undirected,0.18905703257864748
3,12,Undirected,0.23953473550177462
3,13,Undirected,0.27206618577880665
4,5,Undirected,0.7237443410883746
4,6,Undirected,0.3417053772984111
4,7,Undirected,0.19640460461898535
4,8,Undirected,0.3322330988859671
4,11,Undirected,0.20064888034175768
4,12,Undirected,0.3689095309233988
4,13,Undirected,0.3175706109929162
5,6,Undirected,0.7523702699313893
5,7,Undirected,0.20898977558994972
5,12,Undirected,0.20051437723476773
5,13,Undirected,0.32334328450257965
6,7,Undirected,0.7416365498116779
6,8,Undirected,0.30837901518939637
6,11,Undirected,0.28839885875489757
6,12,Undirected,0.3621300232293803
6,13,Undirected,0.3138034637381264
7,8,Undirected,0.7195172756116676
7,9,Undirected,0.20956027209084324
7,11,Undirected,0.28446074553290307
7,12,Undirected,0.21683190500369787
7,13,Undirected,0.20885076667672503
8,9,Undirected,0.742006013103577
8,10,Undirected,0.30080368431270443
8,11,Undirected,0.34417140298844506
8,12,Undirected,0.3677601052170101
8,13,Undirected,0.19733046382753458
9,10,Undirected,0.7504808705662839
9,11,Undirected,0.2962858729634648
10,11,Undirected,0.7339074801169058
11,12,Undirected,0.38893061661713124
11,13,Undirected,0.22263608560028986
12,13,Undirected,0.3658377010729502
