Source,Target,Type,Weight
0,1,Undirected,0.7682752079587103
0,2,Undirected,0.297166734021467
0,3,Undirected,0.28521991316315537
0,4,Undirected,0.2988592299766716
0,5,Undirected,0.34183295245981266
0,6,Undirected,0.3009794758213098
0,7,Undirected,0.27012316826745225
0,11,Undirected,0.274537803223157
0,12,Undirected,0.4068201944331555
0,13,Undirected,0.1982858827469369
1,2,Undirected,0.7673043728331373
1,3,Undirected,0.2955877181422312
1,11,Undirected,0.20121049515398012
1,12,Undirected,0.1881727844709215
2,3,Undirected,0.756403445083211
2,4,Undirected,0.34942429147571497
2,5,Undirected,0.1871078391967062
2,6,Undirected,0.18736681682026446
2,11,Undirected,0.30436802495143456
2,12,Undirected,0.3729427173407573
2,13,Undirected,0.31340538843348936
3,4,Undirected,0.7482501065028462
3,5,Undirected,0.27442293412750135
3,12,Undirected,0.2026455845500367
4,5,Undirected,0.7299858233940019
4,6,Undirected,0.2804002091952168
4,7,Undirected,0.1756314569403315
4,11,Undirected,0.19891025567457796
4,12,Undirected,0.3972138331008371
4,13,Undirected,0.30984363338536663
5,6,Undirected,0.755907646098662
5,7,Undirected,0.2081686732923763
5,12,Undirected,0.1991833977616904
6,7,Undirected,0.7515191672323407
6,8,Undirected,0.23124784289077446
6,11,Undirected,0.27899867621596924
6,12,Undirected,0.3532110315793587
6,13,Undirected,0.19836259150785882
7,8,Undirected,0.7443218076516557
7,9,Undirected,0.2230153207971013
7,11,Undirected,0.274555378859616
7,12,Undirected,0.20089766102907133
8,9,Undirected,0.7514525192662206
8,10,Undirected,0.31507531361768887
8,11,Undirected,0.3645000588771796
8,12,Undirected,0.17195535224513792
8,13,Undirected,0.16686931689830803
9,10,Undirected,0.7428435207451558
9,11,Undirected,0.30180665755651753
10,11,Undirected,0.7494501259133262
11,12,Undirected,0.39314352644804634
11,13,Undirected,0.2662100591674665
12,13,Undirected,0.36596161485741835
