Source,Target,Type,Weight
0,1,Undirected,0.7616709347897858
0,2,Undirected,0.30975619951225425
0,3,Undirected,0.1700512549391971
0,5,Undirected,0.2304068148890683
0,6,Undirected,0.2679847442499747
1,2,Undirected,0.7376895545787828
1,3,Undirected,0.28179877787205476
2,3,Undirected,0.7498045626072716
2,4,Undirected,0.34151985186571215
2,5,Undirected,0.37204539618321864
2,6,Undirected,0.1723037910577281
2,11,Undirected,0.24221836071519115
2,12,Undirected,0.35000554093549685
2,13,Undirected,0.32439893288684923
3,4,Undirected,0.7619180487010911
3,5,Undirected,0.3289830040120625
3,6,Undirected,0.16841922666886178
3,12,Undirected,0.17821230745096947
4,5,Undirected,0.7332155157366381
4,6,Undirected,0.29740741082146993
4,7,Undirected,0.2935440800005711
4,8,Undirected,0.28151214085808934
4,10,Undirected,0.27609344894978216
4,11,Undirected,0.32992552986219253
4,12,Undirected,0.37895285405626344
4,13,Undirected,0.21252128859028846
5,6,Undirected,0.744161355985851
5,7,Undirected,0.3525217091071257
5,8,Undirected,0.1948723933873448
6,7,Undirected,0.7683000468658369
6,8,Undirected,0.36073573747910265
6,9,Undirected,0.19688321812854143
7,8,Undirected,0.7355340117736536
7,9,Undirected,0.3329912891060753
7,10,Undirected,0.32494072430808874
7,11,Undirected,0.17966057321361628
8,9,Undirected,0.7635145848203404
8,10,Undirected,0.31437670752867897
9,10,Undirected,0.7303157899318969
9,11,Undirected,0.22151033750891075
10,11,Undirected,0.7537320419823836
11,12,Undirected,0.390654842437055
11,13,Undirected,0.2607547638071266
12,13,Undirected,0.38434849176143565
