Source,Target,Type,Weight
0,1,Undirected,0.7316450895851399
0,2,Undirected,0.264394776205161
0,3,Undirected,0.19026403231623093
0,12,Undirected,0.19468410731598998
0,13,Undirected,0.18159244948814038
1,2,Undirected,0.7423508799689347
1,3,Undirected,0.21801138338208348
1,12,Undirected,0.21182608934554623
2,3,Undirected,0.7654128540986859
2,4,Undirected,0.21935419358712144
2,5,Undirected,0.16781025964134896
2,6,Undirected,0.18128379213019122
2,8,Undirected,0.3002989526454857
2,10,Undirected,0.17385178472823182
2,11,Undirected,0.20392164336679888
2,12,Undirected,0.38767336126523566
2,13,Undirected,0.33103080762663695
3,4,Undirected,0.7485655986578196
3,5,Undirected,0.21497230471740314
3,8,Undirected,0.17365346960071457
3,12,Undirected,0.21393437087553308
3,13,Undirected,0.2294813462805269
4,5,Undirected,0.7522411358914614
4,6,Undirected,0.25377354911677896
4,13,Undirected,0.22187363091304063
5,6,Undirected,0.732645004374765
5,7,Undirected,0.20931033102669505
5,13,Undirected,0.21891497027690476
6,7,Undirected,0.7379716610566235
6,8,Undirected,0.2702721825087805
6,11,Undirected,0.288221447976226
6,12,Undirected,0.2424096430664019
6,13,Undirected,0.3804719723873929
7,8,Undirected,0.7566857832943321
7,9,Undirected,0.26561759753060665
7,10,Undirected,0.17167819605080356
7,11,Undirected,0.2984848472987763
7,12,Undirected,0.17680710192009388
7,13,Undirected,0.2079176273608887
8,9,Undirected,0.7336100583697197
8,10,Undirected,0.26850592914018584
8,11,Undirected,0.3619270970813308
8,12,Undirected,0.3885912540507748
8,13,Undirected,0.3320759592847694
9,10,Undirected,0.7373299497838052
9,11,Undirected,0.3524406637638775
10,11,Undirected,0.7527949570342101
10,12,Undirected,0.19705363679962234
11,12,Undirected,0.38902231512901453
11,13,Undirected,0.262706405155988
12,13,Undirected,0.38349945409691555
