Source,Target,Type,Weight
0,1,Undirected,0.7665602198702351
0,2,Undirected,0.3204702211985848
0,3,Undirected,0.33551627083975777
0,4,Undirected,0.23438491551242976
0,5,Undirected,0.21057988311605114
0,6,Undirected,0.20313036362833306
0,8,Undirected,0.20699454647889992
0,11,Undirected,0.3165856754685547
0,12,Undirected,0.39539325768552397
0,13,Undirected,0.373253891962132
1,2,Undirected,0.7295358416774977
1,3,Undirected,0.24362072454545433
1,11,Undirected,0.31819869802894213
1,12,Undirected,0.21252951584887075
1,13,Undirected,0.1712009451370537
2,3,Undirected,0.7567936432498051
2,4,Undirected,0.3613310422550936
2,5,Undirected,0.1961727478461148
2,6,Undirected,0.2122132899641419
2,8,Undirected,0.30828708076014233
2,11,Undirected,0.2638735924458856
2,12,Undirected,0.3916577894845358
2,13,Undirected,0.24148229212150019
3,4,Undirected,0.7704627391896197
3,5,Undirected,0.31262067147901645
3,6,Undirected,0.17141065979330042
3,11,Undirected,0.17878920822326416
3,12,Undirected,0.2264108003403365
3,13,Undirected,0.24511987328092488
4,5,Undirected,0.7300256552175471
4,6,Undirected,0.3463521988013317
4,7,Undirected,0.19888895801499498
4,8,Undirected,0.32815087086290146
4,11,Undirected,0.20050513689052935
4,12,Undirected,0.38128324055265156
4,13,Undirected,0.30915445088965016
5,6,Undirected,0.7310765088275797
5,7,Undirected,0.21851884346161277
5,12,Undirected,0.2130133928684791
5,13,Undirected,0.3376666494383821
6,7,Undirected,0.761607245239823
6,8,Undirected,0.31154929200838166
6,11,Undirected,0.29252937339295737
6,12,Undirected,0.3697874678465153
6,13,Undirected,0.294416067634697
7,8,Undirected,0.7358697889098039
7,9,Undirected,0.22309994748967452
7,11,Undirected,0.30908246008269014
7,12,Undirected,0.2207825664107831
7,13,Undirected,0.20043513349331302
8,9,Undirected,0.7640715650354205
8,10,Undirected,0.29664844091918424
8,11,Undirected,0.3427530752585927
8,12,Undirected,0.3928807376780071
8,13,Undirected,0.19872390030828874
9,10,Undirected,0.7505868344013
9,11,Undirected,0.3159168603845847
10,11,Undirected,0.7345612553677185
11,12,Undirected,0.3854142756142704
11,13,Undirected,0.22451024557520988
12,13,Undirected,0.372569568371154
