Source,Target,Type,Weight
0,1,Undirected,0.7358109864196224
0,2,Undirected,0.32086721198919044
1,2,Undirected,0.7396045395096358
1,3,Undirected,0.22766929138645217
1,7,Undirected,0.16772987865218936
2,3,Undirected,0.7429434565179751
2,4,Undirected,0.22187797363176173
2,7,Undirected,0.17776682226564305
2,8,Undirected,0.32988912313111773
2,11,Undirected,0.1960646863729961
2,12,Undirected,0.37528508952057
2,13,Undirected,0.30424096691419816
3,4,Undirected,0.7651462296613142
3,5,Undirected,0.2668669954054993
3,8,Undirected,0.19885576615270711
3,12,Undirected,0.18461956688237213
3,13,Undirected,0.22857167769478684
4,5,Undirected,0.7546147084149094
4,6,Undirected,0.22619670633145242
4,7,Undirected,0.27251494808979504
4,8,Undirected,0.19406622369966314
4,13,Undirected,0.18564540120091563
5,6,Undirected,0.7747759080628949
5,7,Undirected,0.31026430694500057
5,8,Undirected,0.19262346917003303
5,9,Undirected,0.17078346877209966
6,7,Undirected,0.7421904231638643
6,8,Undirected,0.2281126940788869
6,9,Undirected,0.17885892354348004
7,8,Undirected,0.7431055556844961
7,9,Undirected,0.2557434916504948
8,9,Undirected,0.7547022196695439
8,10,Undirected,0.2881717241581636
8,11,Undirected,0.31289633273881867
8,12,Undirected,0.38522776065625414
8,13,Undirected,0.2892249251062414
9,10,Undirected,0.734243123118518
9,11,Undirected,0.32328451762069665
10,11,Undirected,0.7431902202263501
11,12,Undirected,0.38466887399604943
11,13,Undirected,0.3206789766662936
12,13,Undirected,0.37458189678846543
