Source,Target,Type,Weight
0,1,Undirected,0.7659512766846831
0,2,Undirected,0.33586188412868134
0,3,Undirected,0.36106465894603273
0,4,Undirected,0.3763598873945356
0,5,Undirected,0.3445857822906426
0,6,Undirected,0.29865413160250864
0,7,Undirected,0.27670683880798
0,11,Undirected,0.3302927706405026
0,12,Undirected,0.3921820976892761
0,13,Undirected,0.1967011379888377
1,2,Undirected,0.7413106886460961
1,3,Undirected,0.27058774119932644
1,4,Undirected,0.17543612208030243
1,6,Undirected,0.19073110382377687
1,10,Undirected,0.19767082040640702
1,11,Undirected,0.3597099202074743
1,12,Undirected,0.21476802586778887
2,3,Undirected,0.7308031500316022
2,4,Undirected,0.30825445450155214
2,6,Undirected,0.19530461027028498
2,8,Undirected,0.18918071203830103
2,11,Undirected,0.3293840995186189
2,12,Undirected,0.405383261900263
2,13,Undirected,0.3569016274606792
3,4,Undirected,0.7597610168684066
3,5,Undirected,0.27722016837426056
3,11,Undirected,0.16687559748990186
3,12,Undirected,0.1751759797929899
4,5,Undirected,0.7718623740684817
4,6,Undirected,0.3467334930363204
4,7,Undirected,0.20195698213970673
4,11,Undirected,0.20297799498602292
4,12,Undirected,0.3747368142674855
4,13,Undirected,0.2460292097743828
5,6,Undirected,0.7422880814057924
5,7,Undirected,0.21304130741196936
5,12,Undirected,0.18047049732067635
6,7,Undirected,0.7444881429242631
6,8,Undirected,0.23359763857367621
6,11,Undirected,0.3023287646843896
6,12,Undirected,0.3703044425278218
6,13,Undirected,0.21094454260539572
7,8,Undirected,0.7510293450519321
7,9,Undirected,0.2196055763417012
7,11,Undirected,0.28028587086707707
7,12,Undirected,0.21692740719991635
7,13,Undirected,0.17816121053169917
8,9,Undirected,0.742434124146557
8,10,Undirected,0.3329326630182199
8,11,Undirected,0.342024814654171
8,12,Undirected,0.19703749247422067
8,13,Undirected,0.30632679661995726
9,10,Undirected,0.7368484111913434
9,11,Undirected,0.30150697994857933
10,11,Undirected,0.7619397099407305
11,12,Undirected,0.3673145290215683
11,13,Undirected,0.32548453055596316
12,13,Undirected,0.37218907360832093
