Source,Target,Type,Weight
0,1,Undirected,0.7493215237100911
0,2,Undirected,0.37125297560618103
0,3,Undirected,0.3518405910225077
0,4,Undirected,0.25257216226627405
0,5,Undirected,0.19790029511146207
0,6,Undirected,0.20241506036492685
0,8,Undirected,0.19391620671541313
0,11,Undirected,0.30915782343311315
0,12,Undirected,0.3718887386703627
0,13,Undirected,0.33134768231827344
1,2,Undirected,0.7673261308573095
1,3,Undirected,0.23840348314415147
1,11,Undirected,0.3001337910053832
1,12,Undirected,0.21031337329632943
1,13,Undirected,0.1731690925234771
2,3,Undirected,0.7501843577687192
2,4,Undirected,0.354222710212014
2,5,Undirected,0.2106964555327069
2,6,Undirected,0.19609887828724673
2,8,Undirected,0.32920049478528957
2,11,Undirected,0.32237784156546523
2,12,Undirected,0.37687296285231003
2,13,Undirected,0.25072060510983446
3,4,Undirected,0.7575330378494339
3,5,Undirected,0.27724684880962375
3,11,Undirected,0.17015937349539142
3,12,Undirected,0.19518335062431344
3,13,Undirected,0.20027826825047887
4,5,Undirected,0.7352535077806498
4,6,Undirected,0.3624596140456488
4,7,Undirected,0.20295839044854327
4,8,Undirected,0.35967481716140237
4,11,Undirected,0.20221461505544058
4,12,Undirected,0.3894237429135401
4,13,Undirected,0.31373292910546147
5,6,Undirected,0.7245981246638244
5,7,Undirected,0.20977498587097324
5,12,Undirected,0.21141184346737876
5,13,Undirected,0.32220362084836657
6,7,Undirected,0.7485008092556107
6,8,Undirected,0.33515414694828866
6,11,Undirected,0.2847040175246583
6,12,Undirected,0.3663623069334588
6,13,Undirected,0.3363246469929672
7,8,Undirected,0.7554541311916543
7,9,Undirected,0.21681524895761503
7,11,Undirected,0.2843229300194646
7,12,Undirected,0.21372558971044472
7,13,Undirected,0.2280431660840769
8,9,Undirected,0.7606822865460581
8,10,Undirected,0.2934267790944725
8,11,Undirected,0.34887299897075785
8,12,Undirected,0.3914111907677701
8,13,Undirected,0.20899627371803733
9,10,Undirected,0.733455281400221
9,11,Undirected,0.31370627269091633
10,11,Undirected,0.7612980079632825
11,12,Undirected,0.3735765995183046
11,13,Undirected,0.22995322211070793
12,13,Undirected,0.37356705024727205
