Source,Target,Type,Weight
0,1,Undirected,0.7195739346801521
0,2,Undirected,0.3564114702471102
0,3,Undirected,0.32437971516204395
0,4,Undirected,0.3348192621913394
0,5,Undirected,0.32388110239777423
0,6,Undirected,0.32938611715369454
0,7,Undirected,0.2721232352523659
0,11,Undirected,0.3240270006019636
0,12,Undirected,0.3845876440047508
0,13,Undirected,0.20845096573789623
1,2,Undirected,0.7323699600613163
1,3,Undirected,0.2794692042461315
1,4,Undirected,0.1775723345250788
1,6,Undirected,0.17442878090854422
1,11,Undirected,0.34416332607366007
1,12,Undirected,0.22964895931773907
2,3,Undirected,0.7605268397196155
2,4,Undirected,0.3154088463437823
2,5,Undirected,0.18048040625716447
2,6,Undirected,0.20027174629271055
2,11,Undirected,0.2463337170003403
2,12,Undirected,0.37376762089913557
2,13,Undirected,0.35360877803467966
3,4,Undirected,0.755045195918587
3,5,Undirected,0.32632912489524807
3,6,Undirected,0.19072997630463218
3,11,Undirected,0.18255804742334988
3,12,Undirected,0.19766619982368736
4,5,Undirected,0.7457277554901427
4,6,Undirected,0.29524217994009283
4,7,Undirected,0.18103908037086408
4,11,Undirected,0.18904907365456305
4,12,Undirected,0.35927180865511626
4,13,Undirected,0.3265534670745616
5,6,Undirected,0.740314501425761
5,7,Undirected,0.22389914357578278
5,12,Undirected,0.17727947380976494
6,7,Undirected,0.7659278482155714
6,8,Undirected,0.2820518545078357
6,11,Undirected,0.31815522786576855
6,12,Undirected,0.3754073218812863
6,13,Undirected,0.21188194716813075
7,8,Undirected,0.7365096713006285
7,9,Undirected,0.24227572491163699
7,11,Undirected,0.2717461150054533
7,12,Undirected,0.20718061451619324
8,9,Undirected,0.7540785428964801
8,10,Undirected,0.30842901734607314
8,11,Undirected,0.37702574852479365
8,12,Undirected,0.2032477745157975
9,10,Undirected,0.7426992238346319
9,11,Undirected,0.3213641647922421
10,11,Undirected,0.7463096027995436
11,12,Undirected,0.3733543977541966
11,13,Undirected,0.21334971914041656
12,13,Undirected,0.3777760564623485
