Source,Target,Type,Weight
0,1,Undirected,0.7480833537031857
0,2,Undirected,0.3391783034777246
0,3,Undirected,0.3352118970659177
0,4,Undirected,0.22258402919853057
0,5,Undirected,0.191084830321771
0,6,Undirected,0.21873611812104168
0,8,Undirected,0.20059230221377783
0,11,Undirected,0.32820083934763034
0,12,Undirected,0.38823358008537556
0,13,Undirected,0.34330057863317504
1,2,Undirected,0.7399285105157849
1,3,Undirected,0.23204415977112833
1,11,Undirected,0.32762962694485726
1,12,Undirected,0.21456246650581956
1,13,Undirected,0.20780353218600803
2,3,Undirected,0.7257821297323721
2,4,Undirected,0.35134447792520407
2,5,Undirected,0.21011140708033138
2,6,Undirected,0.20205312330580813
2,8,Undirected,0.3296906752485883
2,11,Undirected,0.27082388870655194
2,12,Undirected,0.41039168724510156
2,13,Undirected,0.20337867304888696
3,4,Undirected,0.7347002836291073
3,5,Undirected,0.3194690708335901
3,6,Undirected,0.17496110171619644
3,11,Undirected,0.17497377252321591
3,12,Undirected,0.21621510162816626
3,13,Undirected,0.1694939473143986
4,5,Undirected,0.7664698671621618
4,6,Undirected,0.33744320741220657
4,7,Undirected,0.19634984290810398
4,8,Undirected,0.3151484896247097
4,11,Undirected,0.19690898769450277
4,12,Undirected,0.3775425114100668
4,13,Undirected,0.21006807234793004
5,6,Undirected,0.7344418270201422
5,7,Undirected,0.20651725958362166
5,12,Undirected,0.20698623142897102
5,13,Undirected,0.18289616585151355
6,7,Undirected,0.748459470127675
6,8,Undirected,0.2912099368014705
6,11,Undirected,0.32601480298403956
6,12,Undirected,0.3696612433343072
6,13,Undirected,0.36341792224061326
7,8,Undirected,0.7490692007444787
7,9,Undirected,0.22306869432794552
7,11,Undirected,0.2710069083015017
7,12,Undirected,0.20547183672237682
7,13,Undirected,0.23999100070367083
8,9,Undirected,0.7446726651614504
8,10,Undirected,0.29594868280276815
8,11,Undirected,0.3330412353616197
8,12,Undirected,0.38251003423280516
8,13,Undirected,0.20481388094075906
9,10,Undirected,0.7197410630048676
9,11,Undirected,0.3111990444789471
10,11,Undirected,0.7415344743897878
11,12,Undirected,0.37362561792075755
11,13,Undirected,0.38112771278247315
12,13,Undirected,0.3395847262395766
