Source,Target,Type,Weight
0,1,Undirected,0.7326845509793749
0,2,Undirected,0.34863532545333853
0,3,Undirected,0.3446350764764908
0,4,Undirected,0.31698792306110446
0,5,Undirected,0.20429578443749133
0,6,Undirected,0.2618186739339699
0,7,Undirected,0.30161970410475814
0,8,Undirected,0.24378282605304338
0,12,Undirected,0.3969682305519777
0,13,Undirected,0.2076006215886226
1,2,Undirected,0.7325663717896108
1,3,Undirected,0.25589179575433435
1,7,Undirected,0.21442546269650792
1,8,Undirected,0.2515248262016861
1,12,Undirected,0.20820111981647066
2,3,Undirected,0.7452317464547867
2,4,Undirected,0.3663226621569915
2,5,Undirected,0.2054146793559399
2,6,Undirected,0.19941776515196538
2,7,Undirected,0.21582323495477868
2,8,Undirected,0.1715639287010067
2,12,Undirected,0.3930598201370924
2,13,Undirected,0.36136774584644604
3,4,Undirected,0.7695498322167199
3,5,Undirected,0.22358109589867703
3,12,Undirected,0.21950825341453467
3,13,Undirected,0.16833697769451886
4,5,Undirected,0.7376115866618047
4,6,Undirected,0.3157640039165751
4,7,Undirected,0.2142999108630122
4,12,Undirected,0.38085984728754185
4,13,Undirected,0.31831845323926644
5,6,Undirected,0.7398478500457918
5,7,Undirected,0.22770473971553845
5,12,Undirected,0.2040467407330867
5,13,Undirected,0.20788491880932705
6,7,Undirected,0.7584248401031195
6,8,Undirected,0.23671637124414954
6,12,Undirected,0.360664299960832
6,13,Undirected,0.2525531063707413
7,8,Undirected,0.7532011196634725
7,9,Undirected,0.24447391441398592
7,12,Undirected,0.37469359583925504
7,13,Undirected,0.20446335428191473
8,9,Undirected,0.7236882096114323
8,10,Undirected,0.2660722744301699
8,12,Undirected,0.2098046607073256
9,10,Undirected,0.7297710478841436
9,11,Undirected,0.2671829876524414
10,11,Undirected,0.7344409267923683
12,13,Undirected,0.37900281412235265
