Source,Target,Type,Weight
0,1,Undirected,0.7319580999193491
0,2,Undirected,0.3273554833025292
0,3,Undirected,0.3400632436114661
0,4,Undirected,0.22841411603663467
0,5,Undirected,0.18877705011914955
0,6,Undirected,0.2010278806515822
0,7,Undirected,0.18575106502401525
0,11,Undirected,0.31980239261034005
0,12,Undirected,0.3781373478499663
0,13,Undirected,0.20605595531749427
1,2,Undirected,0.7350357506586847
1,3,Undirected,0.24757785003489097
1,10,Undirected,0.19004061789806387
1,11,Undirected,0.37320971976241596
1,12,Undirected,0.2208037896744175
1,13,Undirected,0.17536951827051525
2,3,Undirected,0.7595404008992495
2,4,Undirected,0.3034667221559075
2,5,Undirected,0.178935853372995
2,6,Undirected,0.20303950473182333
2,11,Undirected,0.30477605561025967
2,12,Undirected,0.38326550525106046
2,13,Undirected,0.37496348081066344
3,4,Undirected,0.7548726159299693
3,5,Undirected,0.3097979767241438
3,6,Undirected,0.17013644408153464
3,11,Undirected,0.19016632952447898
3,12,Undirected,0.23037740377881638
3,13,Undirected,0.1750248392905206
4,5,Undirected,0.7271041000134264
4,6,Undirected,0.35130772233826
4,7,Undirected,0.2001325531560582
4,11,Undirected,0.20214395867115934
4,12,Undirected,0.39301904832940593
4,13,Undirected,0.3732669463503697
5,6,Undirected,0.7364693227624693
5,7,Undirected,0.2081090146251233
5,12,Undirected,0.20925220856333276
6,7,Undirected,0.7451695848583418
6,8,Undirected,0.2506888812477688
6,11,Undirected,0.29447326244582406
6,12,Undirected,0.38454148905603097
6,13,Undirected,0.3006747127524438
7,8,Undirected,0.75350049627903
7,9,Undirected,0.22235348290902096
7,11,Undirected,0.30749005861535106
7,12,Undirected,0.22500793157164642
7,13,Undirected,0.19622254533750264
8,9,Undirected,0.733966107187858
8,10,Undirected,0.3399059937113034
8,11,Undirected,0.3467648539195643
8,12,Undirected,0.19869375666468808
8,13,Undirected,0.2303211588630757
9,10,Undirected,0.7341438436068389
9,11,Undirected,0.299645687868837
10,11,Undirected,0.7438283260828333
11,12,Undirected,0.36616289016895964
11,13,Undirected,0.3051304763822558
12,13,Undirected,0.38875206932446665
