Source,Target,Type,Weight
0,1,Undirected,0.7480628066819603
0,2,Undirected,0.31781769482786537
0,3,Undirected,0.2695703428301896
0,4,Undirected,0.1720675158106853
1,2,Undirected,0.7297917451641969
1,3,Undirected,0.25877759461880334
2,3,Undirected,0.740557756360915
2,4,Undirected,0.25791975796409433
2,6,Undirected,0.2060384034821798
2,7,Undirected,0.32576905906011955
2,8,Undirected,0.3137572429544574
2,9,Undirected,0.1677444083650801
2,10,Undirected,0.19500525183516676
2,11,Undirected,0.3644949590542102
2,12,Undirected,0.3806189864471711
2,13,Undirected,0.2457558336706323
3,4,Undirected,0.7425983676767562
3,5,Undirected,0.21015697096867325
3,6,Undirected,0.3196568624835858
3,7,Undirected,0.30105601705200097
3,8,Undirected,0.18409591535958822
3,11,Undirected,0.1857906747105747
3,12,Undirected,0.37041118401734185
3,13,Undirected,0.2045364595656729
4,5,Undirected,0.727718026753584
4,6,Undirected,0.26564377370488257
4,7,Undirected,0.20275473144679718
4,11,Undirected,0.22152313634590004
4,12,Undirected,0.3959350218980376
4,13,Undirected,0.21242900174013035
5,6,Undirected,0.771033946105251
5,7,Undirected,0.26591826097751037
5,12,Undirected,0.17768499251015027
5,13,Undirected,0.1668832065354271
6,7,Undirected,0.7579661775332085
6,8,Undirected,0.26950045279733914
6,9,Undirected,0.2593648890040164
6,10,Undirected,0.21996612746181368
6,11,Undirected,0.19633436511407118
6,12,Undirected,0.3721149430671689
6,13,Undirected,0.35563279310573465
7,8,Undirected,0.7510314294795178
7,9,Undirected,0.2618005830851381
7,10,Undirected,0.1908269743359507
7,11,Undirected,0.2188435130801959
7,12,Undirected,0.3577619983815727
7,13,Undirected,0.3145834486497368
8,9,Undirected,0.725517107531088
8,10,Undirected,0.3271384580634448
8,11,Undirected,0.21315232385258776
8,12,Undirected,0.2245287059004908
8,13,Undirected,0.30790361538828026
9,10,Undirected,0.7367881579285984
9,11,Undirected,0.22676024615489748
9,12,Undirected,0.1723080239928722
9,13,Undirected,0.2872687787496235
10,11,Undirected,0.7722980526665782
10,12,Undirected,0.21529937687821488
10,13,Undirected,0.3879331027607847
11,12,Undirected,0.3529665513114652
11,13,Undirected,0.31265101238959425
12,13,Undirected,0.3772826464360438
