Source,Target,Type,Weight
0,1,Undirected,0.7704855966926998
0,2,Undirected,0.34598955078402116
0,3,Undirected,0.34034484317155356
0,4,Undirected,0.2402694764280877
0,5,Undirected,0.18819146038820986
0,6,Undirected,0.22124222991784143
0,11,Undirected,0.31190350639947034
0,12,Undirected,0.39432183862876197
0,13,Undirected,0.19918033308477961
1,2,Undirected,0.7586204526541381
1,3,Undirected,0.2567293690148642
1,10,Undirected,0.20243043707615882
1,11,Undirected,0.35487561555119085
1,12,Undirected,0.2217486569688003
2,3,Undirected,0.759188794794594
2,4,Undirected,0.30624180557712505
2,6,Undirected,0.20157689567551337
2,11,Undirected,0.31123511463070036
2,12,Undirected,0.3853544323940334
2,13,Undirected,0.31453709217661063
3,4,Undirected,0.7402127242592431
3,5,Undirected,0.2946931327916497
3,6,Undirected,0.18002012439630674
3,11,Undirected,0.17726540303148358
3,12,Undirected,0.22697690728768186
4,5,Undirected,0.7678243761078208
4,6,Undirected,0.3166427729675823
4,7,Undirected,0.20103641764306535
4,11,Undirected,0.20302317055449964
4,12,Undirected,0.3751110651621934
4,13,Undirected,0.38096404165377273
5,6,Undirected,0.7510519381743186
5,7,Undirected,0.2132729554611157
5,12,Undirected,0.1846253692789982
6,7,Undirected,0.7436845693888177
6,8,Undirected,0.2369654708593144
6,11,Undirected,0.27454506323373623
6,12,Undirected,0.3948869146183432
6,13,Undirected,0.2879444528542296
7,8,Undirected,0.7506079904607753
7,9,Undirected,0.22842842179927117
7,11,Undirected,0.27487781799793615
7,12,Undirected,0.22514758068169788
7,13,Undirected,0.2339561970248105
8,9,Undirected,0.74850187785581
8,10,Undirected,0.34832008777627943
8,11,Undirected,0.34064096283465506
8,12,Undirected,0.2065299912105552
8,13,Undirected,0.25671257167569994
9,10,Undirected,0.7492993692246251
9,11,Undirected,0.31001832848666067
10,11,Undirected,0.7474779571022591
11,12,Undirected,0.3760965886638142
11,13,Undirected,0.32131613316017943
12,13,Undirected,0.37227770578524133
