Source,Target,Type,Weight
0,1,Undirected,0.7328223575339082
0,2,Undirected,0.33791891677847236
0,3,Undirected,0.18239587315977904
0,4,Undirected,0.22903686439914397
0,6,Undirected,0.16987554541326338
0,12,Undirected,0.3977153035142437
0,13,Undirected,0.2660019088090542
1,2,Undirected,0.7667394474026344
1,3,Undirected,0.3198792935954191
1,4,Undirected,0.30150580956852857
1,5,Undirected,0.2527365607553877
1,6,Undirected,0.22465897589499276
1,12,Undirected,0.2215268101426785
2,3,Undirected,0.7295972624516779
2,4,Undirected,0.27938411258909884
2,5,Undirected,0.17253847320853544
2,12,Undirected,0.388492849619149
2,13,Undirected,0.2755871226170653
3,4,Undirected,0.7583149380559997
3,5,Undirected,0.24069564147510827
3,12,Undirected,0.2062775434823578
3,13,Undirected,0.17090293775281126
4,5,Undirected,0.7564474399563766
4,6,Undirected,0.24827204761174154
4,7,Undirected,0.16950667433661779
4,8,Undirected,0.37486331305994725
4,12,Undirected,0.186912709267792
5,6,Undirected,0.7321735258154943
5,7,Undirected,0.2129618675595049
5,8,Undirected,0.2536787097459393
6,7,Undirected,0.7530095758497135
6,8,Undirected,0.28926282360743216
7,8,Undirected,0.7403953943824585
7,9,Undirected,0.21133203802330489
8,9,Undirected,0.7515173494037212
8,10,Undirected,0.2449353333495288
9,10,Undirected,0.7405792661663322
9,11,Undirected,0.21253518053590453
10,11,Undirected,0.7812245524395759
12,13,Undirected,0.36811866990828684
