Source,Target,Type,Weight
0,1,Undirected,0.768186349893045
0,2,Undirected,0.34525098231766466
0,3,Undirected,0.31535233520501005
0,4,Undirected,0.2798387274332162
0,5,Undirected,0.24716922180103176
0,6,Undirected,0.20134421364557825
0,11,Undirected,0.17447648161769325
0,12,Undirected,0.20225278029195778
0,13,Undirected,0.23128466950746443
1,2,Undirected,0.74278182267998
1,3,Undirected,0.28057495099492197
1,12,Undirected,0.1697950850597956
1,13,Undirected,0.22937913962697365
2,3,Undirected,0.7374316487857434
2,4,Undirected,0.2242569154237368
2,11,Undirected,0.20933872523653463
2,12,Undirected,0.396890849584823
2,13,Undirected,0.2924101297916858
3,4,Undirected,0.7527315949018245
3,5,Undirected,0.2296522537196424
4,5,Undirected,0.7523064395203094
4,6,Undirected,0.20382207204865016
5,6,Undirected,0.7514558850416742
5,7,Undirected,0.2049957469153651
6,7,Undirected,0.7319782827278473
6,8,Undirected,0.2530933043449664
7,8,Undirected,0.743252381283164
7,9,Undirected,0.20665869720250524
8,9,Undirected,0.7287413504071856
8,10,Undirected,0.3014879298919574
8,11,Undirected,0.26957604302106386
9,10,Undirected,0.7307645701742305
9,11,Undirected,0.3158963028426121
10,11,Undirected,0.7718623740684817
11,12,Undirected,0.38734380735798307
11,13,Undirected,0.3063232842136629
12,13,Undirected,0.36727969500306396
