Source,Target,Type,Weight
0,1,Undirected,0.759449495153881
0,2,Undirected,0.3479844292817712
0,3,Undirected,0.2100232831540587
0,4,Undirected,0.3209581582469211
0,5,Undirected,0.20758812749283195
0,11,Undirected,0.23337431461696448
0,12,Undirected,0.3790192534873976
0,13,Undirected,0.3081287493994349
1,2,Undirected,0.7494052005022831
1,3,Undirected,0.2996081660666128
1,4,Undirected,0.2766054151642643
1,5,Undirected,0.31815863070930656
1,6,Undirected,0.19254535321753294
1,7,Undirected,0.2963982659484842
1,11,Undirected,0.2763876004402376
1,12,Undirected,0.22459423090618863
1,13,Undirected,0.1835934343622254
2,3,Undirected,0.7403336449310767
2,4,Undirected,0.260908354340615
2,5,Undirected,0.1839958062174143
2,12,Undirected,0.2038071962341259
2,13,Undirected,0.35377899508068594
3,4,Undirected,0.7693886939977357
3,5,Undirected,0.3084465729686544
3,6,Undirected,0.2186818102663512
3,12,Undirected,0.17636163473115377
3,13,Undirected,0.19842334417218377
4,5,Undirected,0.7434381362147952
4,6,Undirected,0.2547532886545215
4,7,Undirected,0.16689093580512435
4,11,Undirected,0.2946726360364696
4,12,Undirected,0.37060120783910533
4,13,Undirected,0.3289151019041424
5,6,Undirected,0.7864268144981919
5,7,Undirected,0.2924991811104693
5,8,Undirected,0.17503367714344376
5,9,Undirected,0.1937512050830275
5,11,Undirected,0.34542399905126464
5,12,Undirected,0.25407726902603384
5,13,Undirected,0.196987502579579
6,7,Undirected,0.7473309221749744
6,8,Undirected,0.2561400609622901
6,9,Undirected,0.17992884360040262
6,11,Undirected,0.17719072595025687
7,8,Undirected,0.7496565440281825
7,9,Undirected,0.2674954640993725
7,11,Undirected,0.2878759145695081
8,9,Undirected,0.7445710740901922
8,10,Undirected,0.2201324624823117
9,10,Undirected,0.7630262878432653
9,11,Undirected,0.352694410173546
10,11,Undirected,0.7486292634996506
11,12,Undirected,0.37954555202862983
11,13,Undirected,0.1963598441107599
12,13,Undirected,0.3684419732335854
