Source,Target,Type,Weight
0,1,Undirected,0.772484099519461
0,2,Undirected,0.33047072197497807
0,3,Undirected,0.27841957297754855
0,4,Undirected,0.17770506266805872
0,7,Undirected,0.17936651176578705
1,2,Undirected,0.7827084358339901
1,3,Undirected,0.29437963742412765
2,3,Undirected,0.762115813765405
2,4,Undirected,0.26427561406862576
2,8,Undirected,0.22055933031387726
2,11,Undirected,0.1998873391938557
2,12,Undirected,0.3866427827118122
2,13,Undirected,0.3090455436305828
3,4,Undirected,0.7390997082318445
3,5,Undirected,0.22477966329868168
4,5,Undirected,0.7600668716137321
4,6,Undirected,0.23753964370503272
4,7,Undirected,0.234306983138047
5,6,Undirected,0.7438485751827608
5,7,Undirected,0.30010948121958114
5,8,Undirected,0.16901462027657718
6,7,Undirected,0.7523701349719487
6,8,Undirected,0.2045965223648668
7,8,Undirected,0.7531374186730246
7,9,Undirected,0.2602386787782425
8,9,Undirected,0.7452320112761031
8,10,Undirected,0.28926296325185247
8,11,Undirected,0.3189599586735726
8,12,Undirected,0.3758231511965659
8,13,Undirected,0.35970772992246947
9,10,Undirected,0.7226302108862536
9,11,Undirected,0.31850690169769946
10,11,Undirected,0.7639801976987903
11,12,Undirected,0.38877534723770296
11,13,Undirected,0.26979669905729164
12,13,Undirected,0.3805311717632585
