Source,Target,Type,Weight
0,1,Undirected,0.7495952496905954
0,2,Undirected,0.3244754249341368
0,3,Undirected,0.33858656087989314
0,4,Undirected,0.32550878014531043
0,5,Undirected,0.3437479613469747
0,6,Undirected,0.3173837008116458
0,7,Undirected,0.2782993835790316
0,11,Undirected,0.3019427535284032
0,12,Undirected,0.39039286181997196
0,13,Undirected,0.22406868120831472
1,2,Undirected,0.7485225157956428
1,3,Undirected,0.2680619877496753
1,6,Undirected,0.19503370620789978
1,7,Undirected,0.2014423649559875
1,10,Undirected,0.1688643475818639
1,11,Undirected,0.33580124825106183
1,12,Undirected,0.24192307173197097
1,13,Undirected,0.2699079007655202
2,3,Undirected,0.7554582132564841
2,4,Undirected,0.31328735847163897
2,5,Undirected,0.17713214865825577
2,6,Undirected,0.20646958077800212
2,11,Undirected,0.22690696504122385
2,12,Undirected,0.4042897099340007
2,13,Undirected,0.33062420857738156
3,4,Undirected,0.7416764173365703
3,5,Undirected,0.2987151975547297
3,6,Undirected,0.17731808626690213
3,11,Undirected,0.17187696697578783
3,12,Undirected,0.21369246553783677
3,13,Undirected,0.1756222791825053
4,5,Undirected,0.7499943450519652
4,6,Undirected,0.3190399737849387
4,7,Undirected,0.19793096438057714
4,11,Undirected,0.1962995765590551
4,12,Undirected,0.37583594811904336
4,13,Undirected,0.20098907827645715
5,6,Undirected,0.7659993969607333
5,7,Undirected,0.2116260990237448
5,12,Undirected,0.17835488263194285
6,7,Undirected,0.7358919310315364
6,8,Undirected,0.2299946064306525
6,11,Undirected,0.2770374282538937
6,12,Undirected,0.35977323405661327
6,13,Undirected,0.18557315339557887
7,8,Undirected,0.7620069160650446
7,9,Undirected,0.2333920276747047
7,11,Undirected,0.276791585828902
7,12,Undirected,0.21402290317915787
8,9,Undirected,0.7451696510526091
8,10,Undirected,0.3002232686089146
8,11,Undirected,0.326598550549493
8,12,Undirected,0.17890428597837557
9,10,Undirected,0.7239344035935198
9,11,Undirected,0.2941925452354888
10,11,Undirected,0.7338469364679658
11,12,Undirected,0.3855979934912761
11,13,Undirected,0.3164393809765665
12,13,Undirected,0.3629047546162093
