Source,Target,Type,Weight
0,1,Undirected,0.749172625244448
0,2,Undirected,0.34337325774648036
0,3,Undirected,0.32078963904679914
0,4,Undirected,0.32107889386922317
0,5,Undirected,0.34254416898796886
0,6,Undirected,0.2751263167257592
0,7,Undirected,0.2667235432156846
0,11,Undirected,0.29983961101739914
0,12,Undirected,0.38980357424155754
0,13,Undirected,0.19628550291870456
1,2,Undirected,0.7444257750012824
1,3,Undirected,0.2774323060328819
1,4,Undirected,0.1710519511640885
1,6,Undirected,0.17159677761826697
1,11,Undirected,0.3356423275596474
1,12,Undirected,0.22793656279838423
2,3,Undirected,0.7526251597238708
2,4,Undirected,0.3018987218315762
2,5,Undirected,0.16950198881658926
2,6,Undirected,0.19368285028033952
2,11,Undirected,0.3021588818367047
2,12,Undirected,0.3873208078516445
2,13,Undirected,0.21678674010487292
3,4,Undirected,0.7377914825913003
3,5,Undirected,0.2926265614078099
3,6,Undirected,0.1690112967441129
3,12,Undirected,0.18557004987287115
4,5,Undirected,0.725590719339743
4,6,Undirected,0.34992853849181055
4,7,Undirected,0.2022134061724519
4,11,Undirected,0.20506185437576344
4,12,Undirected,0.39423703696601975
4,13,Undirected,0.28449074827717186
5,6,Undirected,0.7296739260248813
5,7,Undirected,0.2250260875070215
5,12,Undirected,0.1902191797421914
6,7,Undirected,0.7502482982680877
6,8,Undirected,0.2434589797869395
6,11,Undirected,0.2877318495110971
6,12,Undirected,0.37727792924869474
6,13,Undirected,0.3432555420212865
7,8,Undirected,0.7525614210860896
7,9,Undirected,0.24694822611705652
7,11,Undirected,0.27877635488515834
7,12,Undirected,0.2164082304703406
7,13,Undirected,0.2599785090092078
8,9,Undirected,0.7495738157851235
8,10,Undirected,0.3323544089710486
8,11,Undirected,0.3243437695788832
8,12,Undirected,0.2027738457135343
8,13,Undirected,0.29582419470451005
9,10,Undirected,0.7286259586408793
9,11,Undirected,0.28488983597742973
10,11,Undirected,0.7459154795320707
11,12,Undirected,0.393213702157428
11,13,Undirected,0.36501956202915975
12,13,Undirected,0.3809669828929702
