Source,Target,Type,Weight
0,1,Undirected,0.7354120104030288
0,2,Undirected,0.3010833333094054
0,3,Undirected,0.31576407523252786
0,4,Undirected,0.19045449847801832
0,7,Undirected,0.1684015777369496
0,8,Undirected,0.17505044960581864
1,2,Undirected,0.7420429665520157
1,3,Undirected,0.31615975599120394
1,4,Undirected,0.16691048794419783
2,3,Undirected,0.7436835804297378
2,4,Undirected,0.3611760292942991
2,8,Undirected,0.22764591240750723
2,11,Undirected,0.1940251792567422
2,12,Undirected,0.36762230728946405
2,13,Undirected,0.32923778342794896
3,4,Undirected,0.7311399098849087
3,5,Undirected,0.2959426480163402
4,5,Undirected,0.7510320346380808
4,6,Undirected,0.21914413957832493
4,7,Undirected,0.24799809562619593
4,8,Undirected,0.36971161851347034
4,11,Undirected,0.1942613232155561
4,12,Undirected,0.3565229882859151
4,13,Undirected,0.2023554512942477
5,6,Undirected,0.7177946169476755
5,7,Undirected,0.29953943971473684
5,8,Undirected,0.17804052628598638
6,7,Undirected,0.7721169280257486
6,8,Undirected,0.20950644777543656
7,8,Undirected,0.73952310211864
7,9,Undirected,0.24420460743548553
8,9,Undirected,0.7243896350016144
8,10,Undirected,0.3190870117034976
8,11,Undirected,0.33649263700932514
8,12,Undirected,0.40612521015262676
8,13,Undirected,0.20018346434520315
9,10,Undirected,0.7356726988391106
9,11,Undirected,0.31373147414906133
10,11,Undirected,0.7551073848164384
11,12,Undirected,0.37696404343633994
11,13,Undirected,0.2770122517191809
12,13,Undirected,0.38305171088139617
