Source,Target,Type,Weight
0,1,Undirected,0.7595406759874784
0,2,Undirected,0.3098231949305548
0,3,Undirected,0.3044295056892038
0,4,Undirected,0.33559661937716373
0,5,Undirected,0.3437034269107489
0,6,Undirected,0.30056200447857956
0,7,Undirected,0.21974271951984928
0,11,Undirected,0.3020045630057256
0,12,Undirected,0.3808754105532981
0,13,Undirected,0.19940570567055602
1,2,Undirected,0.790915427682353
1,3,Undirected,0.30209670456118554
1,11,Undirected,0.21770391029961755
1,12,Undirected,0.18304769517584266
2,3,Undirected,0.7288233431765428
2,4,Undirected,0.3137366838940054
2,5,Undirected,0.17267848057573765
2,6,Undirected,0.1968788376034419
2,11,Undirected,0.30365854514950047
2,12,Undirected,0.3801563694417037
2,13,Undirected,0.32283420809366903
3,4,Undirected,0.7777232735178181
3,5,Undirected,0.2699264172394411
3,6,Undirected,0.169462569465931
3,12,Undirected,0.19450026144801952
4,5,Undirected,0.7477265430279731
4,6,Undirected,0.3146041896330206
4,7,Undirected,0.19121865750342518
4,11,Undirected,0.20603977998865045
4,12,Undirected,0.39424782046763013
4,13,Undirected,0.22339946735285918
5,6,Undirected,0.7400313846546894
5,7,Undirected,0.21935410181267284
5,12,Undirected,0.18349942604804748
6,7,Undirected,0.7457283521317991
6,8,Undirected,0.25635220264169095
6,11,Undirected,0.2991904111929335
6,12,Undirected,0.3722384553206006
6,13,Undirected,0.20017127386752503
7,8,Undirected,0.7492360587930832
7,9,Undirected,0.2221207787665808
7,11,Undirected,0.2665369791983411
7,12,Undirected,0.2066168359136891
8,9,Undirected,0.7435815339928994
8,10,Undirected,0.30077111292089753
8,11,Undirected,0.3665688608776232
8,12,Undirected,0.199390481710363
8,13,Undirected,0.24604791450495744
9,10,Undirected,0.7392429354453633
9,11,Undirected,0.2824850796861343
10,11,Undirected,0.7609880552222468
11,12,Undirected,0.40565037561043826
11,13,Undirected,0.3439673089083946
12,13,Undirected,0.3734619074649126
