Source,Target,Type,Weight
0,1,Undirected,0.7687279784515176
0,2,Undirected,0.31689258044589613
0,3,Undirected,0.20044396506200457
0,6,Undirected,0.16991058667971623
0,7,Undirected,0.17128387685410343
0,8,Undirected,0.34681838692187583
0,11,Undirected,0.1719068779817677
1,2,Undirected,0.770166775661666
1,3,Undirected,0.21250599878078832
1,4,Undirected,0.16719205706344809
1,8,Undirected,0.34913851695142756
2,3,Undirected,0.7459976675478429
2,4,Undirected,0.3185165283212358
2,5,Undirected,0.20672895884371084
2,8,Undirected,0.3357194849984928
3,4,Undirected,0.7365071493874694
3,5,Undirected,0.22332890577087136
3,6,Undirected,0.21695853423216832
3,8,Undirected,0.19670894242323536
4,5,Undirected,0.7699364013277045
4,6,Undirected,0.20161695267055804
4,7,Undirected,0.19027559835614524
4,8,Undirected,0.31474865007079456
5,6,Undirected,0.7561230895034142
5,7,Undirected,0.2971733241585181
5,8,Undirected,0.2612744948109252
6,7,Undirected,0.7313525589207037
6,8,Undirected,0.2116796933945481
7,8,Undirected,0.7375909622991544
7,9,Undirected,0.2818636192119748
8,9,Undirected,0.7384743018917322
8,10,Undirected,0.2085697557583507
9,10,Undirected,0.7476852227357556
9,11,Undirected,0.24100848938852293
10,11,Undirected,0.7378935685906718
11,12,Undirected,0.3809895454381126
11,13,Undirected,0.20148927927983323
12,13,Undirected,0.38643994463824416
