Source,Target,Type,Weight
0,1,Undirected,0.7268945438941687
0,2,Undirected,0.3244567754180772
0,3,Undirected,0.3108228159721409
0,4,Undirected,0.2993299890353538
0,5,Undirected,0.29444120002277296
0,6,Undirected,0.27722095625309034
0,7,Undirected,0.28942572065679834
0,11,Undirected,0.33128908398651685
0,12,Undirected,0.3911700826750886
0,13,Undirected,0.20906615412452043
1,2,Undirected,0.7654129239382695
1,3,Undirected,0.25294253548854023
1,7,Undirected,0.18537155817942436
1,11,Undirected,0.3453929086604083
1,12,Undirected,0.23828754461176263
2,3,Undirected,0.7309406318466258
2,4,Undirected,0.27940687432318356
2,5,Undirected,0.17132588371647123
2,6,Undirected,0.1954076292529643
2,11,Undirected,0.23759330554323804
2,12,Undirected,0.37131157591040653
2,13,Undirected,0.19705026700865924
3,4,Undirected,0.7450669978782939
3,5,Undirected,0.3055078623604009
3,6,Undirected,0.175265518043393
3,12,Undirected,0.1938413926656362
4,5,Undirected,0.7403344289865285
4,6,Undirected,0.34601823666080467
4,7,Undirected,0.19722279275070212
4,11,Undirected,0.19083360761211662
4,12,Undirected,0.3585217188237784
4,13,Undirected,0.25035833446296807
5,6,Undirected,0.7386371230883713
5,7,Undirected,0.21213266383708745
5,12,Undirected,0.18039934957715892
6,7,Undirected,0.7627577860350335
6,8,Undirected,0.21666588492145733
6,11,Undirected,0.24896639541545645
6,12,Undirected,0.36069516072302354
6,13,Undirected,0.3523236344395667
7,8,Undirected,0.7256680497882237
7,9,Undirected,0.2060133259447659
7,11,Undirected,0.29028328113711377
7,12,Undirected,0.22689326651881264
7,13,Undirected,0.30053433051335915
8,9,Undirected,0.7296176960346656
8,10,Undirected,0.29845462374032317
8,11,Undirected,0.39561236005661166
8,12,Undirected,0.18299825933014052
8,13,Undirected,0.27988798885760857
9,10,Undirected,0.7245239631801291
9,11,Undirected,0.3064059477894055
10,11,Undirected,0.7551277768490895
11,12,Undirected,0.391238278277113
11,13,Undirected,0.375010617377952
12,13,Undirected,0.3897368194130993
