Source,Target,Type,Weight
0,1,Undirected,0.7639617598734764
0,2,Undirected,0.3706595042837056
0,3,Undirected,0.18545799853236153
0,12,Undirected,0.40358423021839696
0,13,Undirected,0.36843430284088463
1,2,Undirected,0.7676884779757189
1,3,Undirected,0.21202244949767868
1,4,Undirected,0.27043806501597495
1,12,Undirected,0.1871940186518134
1,13,Undirected,0.20468933982565676
2,3,Undirected,0.740697559733838
2,4,Undirected,0.2848805673507606
2,12,Undirected,0.3975057704764843
2,13,Undirected,0.2841710192585422
3,4,Undirected,0.7686610607102012
3,5,Undirected,0.26417151638828007
3,6,Undirected,0.27292986412604775
3,7,Undirected,0.17987873260987353
3,12,Undirected,0.21522825010357816
3,13,Undirected,0.17798614405733165
4,5,Undirected,0.7517298255867669
4,6,Undirected,0.3156017959856766
5,6,Undirected,0.7526679057690039
5,7,Undirected,0.21990721783424183
5,8,Undirected,0.1794680343701304
6,7,Undirected,0.7644081355634427
6,8,Undirected,0.2534232161256356
7,8,Undirected,0.7266618174081796
7,9,Undirected,0.2274450660199033
7,10,Undirected,0.19788574827662214
8,9,Undirected,0.7579030375451937
8,10,Undirected,0.2573001162551523
9,10,Undirected,0.7206197155270352
9,11,Undirected,0.20812252159127065
10,11,Undirected,0.7479984377702916
12,13,Undirected,0.3958763882984627
