Source,Target,Type,Weight
0,1,Undirected,0.7549817941794115
0,2,Undirected,0.29415078602488093
0,3,Undirected,0.22242826545467428
0,4,Undirected,0.16758059526993505
0,8,Undirected,0.21891033145340183
0,9,Undirected,0.16878562993925766
0,11,Undirected,0.3314711232840164
0,12,Undirected,0.39360285010120416
0,13,Undirected,0.2143917267352766
1,2,Undirected,0.7797759301323812
1,3,Undirected,0.21354802399914383
1,8,Undirected,0.3273341254650847
1,9,Undirected,0.16766013620339434
2,3,Undirected,0.7216500397231467
2,4,Undirected,0.3058533492087475
2,5,Undirected,0.3438213091625508
2,6,Undirected,0.21526037175450766
2,7,Undirected,0.1847011101784249
2,8,Undirected,0.2039303485876829
3,4,Undirected,0.7671005390347049
3,5,Undirected,0.24608992391713908
4,5,Undirected,0.7673945713971021
4,6,Undirected,0.34257606368937316
4,7,Undirected,0.2344683784114661
4,8,Undirected,0.21622337214521034
4,9,Undirected,0.1687231104461723
5,6,Undirected,0.7682090021745113
5,7,Undirected,0.3020031060719466
5,8,Undirected,0.17815689702232798
6,7,Undirected,0.7471637136332976
6,8,Undirected,0.2575993675577051
7,8,Undirected,0.7554765150560654
7,9,Undirected,0.2229339338471037
8,9,Undirected,0.771470747256157
8,10,Undirected,0.21252075017934255
9,10,Undirected,0.7638488563039278
9,11,Undirected,0.2781104421575854
10,11,Undirected,0.7479799629371939
11,12,Undirected,0.3909041683170624
11,13,Undirected,0.3228481735230112
12,13,Undirected,0.3711603965695018
