Source,Target,Type,Weight
0,1,Undirected,0.7410460553950965
0,2,Undirected,0.21101760063109512
1,2,Undirected,0.7298311748264428
1,3,Undirected,0.20967814987091782
1,11,Undirected,0.20030994690786172
1,12,Undirected,0.1666961960650308
2,3,Undirected,0.7440755460460502
2,4,Undirected,0.3007280691093853
2,5,Undirected,0.3412647637775255
2,6,Undirected,0.2084044816932864
2,8,Undirected,0.22802437128766914
2,11,Undirected,0.3166002765107472
2,12,Undirected,0.3849762922641253
2,13,Undirected,0.3326936675787185
3,4,Undirected,0.7722986214805903
3,5,Undirected,0.27436525743591084
4,5,Undirected,0.748943604473587
4,6,Undirected,0.35857241415275243
4,7,Undirected,0.20661589952239423
4,8,Undirected,0.3651211802814032
4,11,Undirected,0.1898417665428726
4,12,Undirected,0.3328440494233621
4,13,Undirected,0.23616100531306858
5,6,Undirected,0.7455626550309966
5,7,Undirected,0.2113167485052464
5,12,Undirected,0.2007933875688316
6,7,Undirected,0.740313521409466
6,8,Undirected,0.3223174187642613
6,11,Undirected,0.28175274045809784
6,12,Undirected,0.3762579934451171
6,13,Undirected,0.20156565854618738
7,8,Undirected,0.7503361419703394
7,9,Undirected,0.28094851633228135
7,10,Undirected,0.1742589131917814
7,11,Undirected,0.26314548236610746
7,12,Undirected,0.21406117704699665
7,13,Undirected,0.17346925101952326
8,9,Undirected,0.7327064378286698
8,10,Undirected,0.2179712535775044
8,11,Undirected,0.3436446568685606
8,12,Undirected,0.3685693095582058
8,13,Undirected,0.3285263660505377
9,10,Undirected,0.7436852286963321
9,11,Undirected,0.34052071699989384
10,11,Undirected,0.771011197785884
11,12,Undirected,0.385909455678926
11,13,Undirected,0.2818783187103033
12,13,Undirected,0.3803380392447038
