Source,Target,Type,Weight
0,1,Undirected,0.732663689293457
0,2,Undirected,0.28458537071241197
1,2,Undirected,0.7418399321320489
1,3,Undirected,0.24364104620735197
2,3,Undirected,0.7548732952240537
2,4,Undirected,0.33942596821846893
2,5,Undirected,0.35395893445660315
2,6,Undirected,0.20313705342630659
2,11,Undirected,0.1971283016714836
2,12,Undirected,0.38267824885476276
2,13,Undirected,0.32917874051874624
3,4,Undirected,0.725916912075663
3,5,Undirected,0.24525592243691638
3,12,Undirected,0.19428416107796642
3,13,Undirected,0.22044948041500365
4,5,Undirected,0.7504369627648144
4,6,Undirected,0.24602438972600593
4,7,Undirected,0.16990971941974325
4,8,Undirected,0.19798844348651543
4,11,Undirected,0.30478307615885475
4,12,Undirected,0.3807313778980667
4,13,Undirected,0.20711710235633193
5,6,Undirected,0.7392436520466303
5,7,Undirected,0.25831830588977245
5,8,Undirected,0.19521681785021822
5,11,Undirected,0.18583440156000972
5,12,Undirected,0.21430772890739389
6,7,Undirected,0.7646058017233192
6,8,Undirected,0.2549803121926772
6,11,Undirected,0.17877192503887177
6,12,Undirected,0.1952558956349551
7,8,Undirected,0.7199827862086771
7,9,Undirected,0.33663534167696135
7,10,Undirected,0.319132193782745
7,11,Undirected,0.19479114042271536
8,9,Undirected,0.7358321568152741
8,10,Undirected,0.32052297243411837
9,10,Undirected,0.736770362126073
9,11,Undirected,0.20563509133527122
10,11,Undirected,0.7490908733714727
11,12,Undirected,0.37670490623925046
11,13,Undirected,0.2703129067248964
12,13,Undirected,0.3756323447413761
