Source,Target,Type,Weight
0,1,Undirected,0.7539058624244891
0,2,Undirected,0.32650120311721437
0,3,Undirected,0.2485546769396734
0,4,Undirected,0.17901767818693246
0,13,Undirected,0.17535567572304306
1,2,Undirected,0.7363711856402225
1,3,Undirected,0.2494065873531126
1,13,Undirected,0.18351204699458018
2,3,Undirected,0.7480614057897967
2,4,Undirected,0.2618373230353948
2,6,Undirected,0.22256983192791255
2,7,Undirected,0.3505730208060121
2,8,Undirected,0.3124984819515777
2,10,Undirected,0.17690110620551433
2,11,Undirected,0.35061601209295146
2,12,Undirected,0.4064520999326796
2,13,Undirected,0.3011169451581155
3,4,Undirected,0.7649439592409621
3,5,Undirected,0.20375697916660596
3,6,Undirected,0.31864288935430035
3,7,Undirected,0.2699884468254003
3,8,Undirected,0.17514961595571685
3,11,Undirected,0.19616061892841768
3,12,Undirected,0.36092571337897844
3,13,Undirected,0.26154347982385695
4,5,Undirected,0.7258970621385327
4,6,Undirected,0.29869396733903547
4,7,Undirected,0.23774974667939713
4,11,Undirected,0.2118334711615744
4,12,Undirected,0.3865466806073891
4,13,Undirected,0.3573092559220526
5,6,Undirected,0.7726907336059907
5,7,Undirected,0.26784273930260055
5,12,Undirected,0.17949712778336258
6,7,Undirected,0.7557134979584692
6,8,Undirected,0.22676691553712236
6,9,Undirected,0.20118611580649928
6,10,Undirected,0.1950088603111528
6,11,Undirected,0.20858794900598188
6,12,Undirected,0.376267376995546
6,13,Undirected,0.19646793677994498
7,8,Undirected,0.742946220101084
7,9,Undirected,0.2699855097679844
7,10,Undirected,0.24028472764949707
7,11,Undirected,0.2991626264688951
7,12,Undirected,0.3893313491312061
7,13,Undirected,0.19717723218394956
8,9,Undirected,0.7419840921932443
8,10,Undirected,0.3347649871100079
8,11,Undirected,0.2189756358447472
8,12,Undirected,0.20746170941993874
9,10,Undirected,0.7519426241594706
9,11,Undirected,0.22125551133696691
10,11,Undirected,0.7390988616693648
10,12,Undirected,0.2017785824816736
11,12,Undirected,0.3917490955118559
11,13,Undirected,0.296743325934626
12,13,Undirected,0.36865975785889776
