Source,Target,Type,Weight
0,1,Undirected,0.7347978471317806
0,2,Undirected,0.33266685813056524
0,3,Undirected,0.32235598863888937
0,4,Undirected,0.3355289125123374
0,5,Undirected,0.32715440599961126
0,6,Undirected,0.30373374981090434
0,7,Undirected,0.2258814203109441
0,11,Undirected,0.32060169074941597
0,12,Undirected,0.3979740282413935
0,13,Undirected,0.20559557859392424
1,2,Undirected,0.7364493441133229
1,3,Undirected,0.24132156846499767
1,4,Undirected,0.16702285538525644
1,6,Undirected,0.1816601826968787
1,10,Undirected,0.2220763234874278
1,11,Undirected,0.343154610791553
1,12,Undirected,0.2159499114896076
2,3,Undirected,0.7434176459208091
2,4,Undirected,0.3234552698565857
2,6,Undirected,0.21548055462339258
2,8,Undirected,0.1826539409848436
2,11,Undirected,0.29854467528217155
2,12,Undirected,0.40200859377253884
2,13,Undirected,0.38994157529254886
3,4,Undirected,0.762249399594914
3,5,Undirected,0.29473405201348707
3,6,Undirected,0.1720118672204003
3,11,Undirected,0.17477184218838154
3,12,Undirected,0.19751594375922168
4,5,Undirected,0.7292074034396137
4,6,Undirected,0.3552221192655244
4,7,Undirected,0.19271225551002696
4,8,Undirected,0.20811169935645848
4,11,Undirected,0.19812858113655965
4,12,Undirected,0.3837083427827853
4,13,Undirected,0.293806497962697
5,6,Undirected,0.7767584205464194
5,7,Undirected,0.21511340639957544
5,12,Undirected,0.18327518824327252
6,7,Undirected,0.718830608721762
6,8,Undirected,0.36221211448665724
6,11,Undirected,0.29742540031628056
6,12,Undirected,0.38070960615749977
6,13,Undirected,0.2872080152207846
7,8,Undirected,0.7387979339464935
7,9,Undirected,0.22460519956016128
7,11,Undirected,0.2766477785025826
7,12,Undirected,0.21319596524618842
8,9,Undirected,0.7304717253130774
8,10,Undirected,0.29728997372569554
8,11,Undirected,0.35690159709121605
8,12,Undirected,0.26480333716409615
8,13,Undirected,0.33324074668483655
9,10,Undirected,0.7506709955683375
9,11,Undirected,0.3161975335967569
10,11,Undirected,0.7656366156604785
11,12,Undirected,0.38278218306376405
11,13,Undirected,0.30071146732473303
12,13,Undirected,0.36770416775703124
