Source,Target,Type,Weight
0,1,Undirected,0.7622942156985423
0,2,Undirected,0.29446011414732665
0,12,Undirected,0.39270108297685546
0,13,Undirected,0.20852620443493247
1,2,Undirected,0.7555828735432575
1,3,Undirected,0.22618989967581798
1,6,Undirected,0.2530704897452035
1,12,Undirected,0.22680873071373275
1,13,Undirected,0.17674629028250724
2,3,Undirected,0.7508369551489782
2,4,Undirected,0.22177273991940408
2,6,Undirected,0.271273102867079
2,7,Undirected,0.27664854488399543
2,12,Undirected,0.3786087992634182
2,13,Undirected,0.33497339135178
3,4,Undirected,0.7418596138629964
3,5,Undirected,0.2612705562012096
3,6,Undirected,0.3624142644348843
3,7,Undirected,0.22638692150567372
3,8,Undirected,0.1917701543871033
4,5,Undirected,0.7701228673742201
4,6,Undirected,0.3030163838778937
4,8,Undirected,0.1801950829125148
5,6,Undirected,0.7482908885060485
5,7,Undirected,0.23293481818794734
5,8,Undirected,0.29664340558724206
5,9,Undirected,0.16839760216625363
6,7,Undirected,0.7410639928810715
6,8,Undirected,0.32841508532770614
7,8,Undirected,0.7333755771810485
7,9,Undirected,0.21983430495779005
8,9,Undirected,0.7411460319401245
8,10,Undirected,0.24430246856915996
9,10,Undirected,0.7383738099448434
9,11,Undirected,0.21488688260362135
10,11,Undirected,0.7564906895172581
12,13,Undirected,0.3911350272026165
