Source,Target,Type,Weight
0,1,Undirected,0.7553892322873254
0,2,Undirected,0.33268150251999473
0,3,Undirected,0.3459316226712134
0,4,Undirected,0.29423865093850343
0,5,Undirected,0.3310079487446798
0,6,Undirected,0.30406368258806277
0,7,Undirected,0.23203853707042096
0,11,Undirected,0.3513620785992107
0,12,Undirected,0.38409866206172405
0,13,Undirected,0.1961636647788179
1,2,Undirected,0.7476434405683033
1,3,Undirected,0.25469382361842563
1,11,Undirected,0.3470713078062711
1,12,Undirected,0.2072045235090927
2,3,Undirected,0.7417799748955566
2,4,Undirected,0.3367537779285058
2,5,Undirected,0.19030498587425917
2,6,Undirected,0.2042420442435869
2,8,Undirected,0.17294569915138225
2,11,Undirected,0.29106203155177973
2,12,Undirected,0.40255528255528256
2,13,Undirected,0.2162633292135938
3,4,Undirected,0.7403133907408228
3,5,Undirected,0.3304181858315544
3,6,Undirected,0.18464549358097457
3,11,Undirected,0.2006491491064345
3,12,Undirected,0.2227872413884684
4,5,Undirected,0.7533292981469873
4,6,Undirected,0.36297940704160164
4,7,Undirected,0.19498436519105408
4,11,Undirected,0.19278423317608354
4,12,Undirected,0.3771194460396382
4,13,Undirected,0.3486965687635246
5,6,Undirected,0.7439307041705432
5,7,Undirected,0.21075572207545876
5,12,Undirected,0.19538328870060245
5,13,Undirected,0.16787570573529753
6,7,Undirected,0.7489423340129989
6,8,Undirected,0.24476732507845234
6,11,Undirected,0.29963224486509776
6,12,Undirected,0.3751718965988848
6,13,Undirected,0.34779069824328673
7,8,Undirected,0.7663566411711069
7,9,Undirected,0.23660107977944106
7,11,Undirected,0.28984046661900376
7,12,Undirected,0.20664643839588953
7,13,Undirected,0.23080165460796168
8,9,Undirected,0.7567070115261362
8,10,Undirected,0.3190460651174961
8,11,Undirected,0.3638772904541014
8,12,Undirected,0.1982138230936109
8,13,Undirected,0.27168906513930696
9,10,Undirected,0.7661983069413832
9,11,Undirected,0.26629204787297023
10,11,Undirected,0.7165380769932183
11,12,Undirected,0.3746372360457074
11,13,Undirected,0.26449659805346126
12,13,Undirected,0.37453450003893307
