Source,Target,Type,Weight
0,1,Undirected,0.7564263627041382
0,2,Undirected,0.3270033075304791
0,3,Undirected,0.3300453940837238
0,4,Undirected,0.21103807104453556
0,7,Undirected,0.2194412073602592
1,2,Undirected,0.7442621749423456
1,3,Undirected,0.30212033631033075
1,4,Undirected,0.16760478315934574
2,3,Undirected,0.7506507091873328
2,4,Undirected,0.3513406813555071
2,8,Undirected,0.28695724694808467
2,11,Undirected,0.2006605914704858
2,12,Undirected,0.39349052112137606
2,13,Undirected,0.2085425858937779
3,4,Undirected,0.7369886951422278
3,5,Undirected,0.2560164698095202
4,5,Undirected,0.750334396975409
4,6,Undirected,0.22454168763450646
4,7,Undirected,0.30972692099848015
4,8,Undirected,0.29655701333724
4,12,Undirected,0.23083790728737788
5,6,Undirected,0.7429845833901662
5,7,Undirected,0.2840140203645097
5,8,Undirected,0.16776068516913442
6,7,Undirected,0.7610574411561428
6,8,Undirected,0.24743179807347543
6,9,Undirected,0.1883039826683102
7,8,Undirected,0.7515395679121956
7,9,Undirected,0.2556257666236429
8,9,Undirected,0.7542707666362061
8,10,Undirected,0.2805749697637829
8,11,Undirected,0.3433407928550999
8,12,Undirected,0.39676244874931926
8,13,Undirected,0.26176741485280736
9,10,Undirected,0.7272580993063633
9,11,Undirected,0.3231037154773411
10,11,Undirected,0.7783838755938017
11,12,Undirected,0.38972845403400574
11,13,Undirected,0.3305521365250029
12,13,Undirected,0.37546014927979804
