Source,Target,Type,Weight
0,1,Undirected,0.7592989503009323
0,2,Undirected,0.2747469877623958
0,8,Undirected,0.22088216279889342
0,9,Undirected,0.16883112282833865
0,10,Undirected,0.16947889381054118
0,11,Undirected,0.2599401784284997
0,12,Undirected,0.1807930801183751
1,2,Undirected,0.7472688093114989
1,3,Undirected,0.2515128203175488
1,8,Undirected,0.23684645928913492
1,9,Undirected,0.2119923368858935
1,11,Undirected,0.17423159424809895
2,3,Undirected,0.7423933866995368
2,4,Undirected,0.20239019294194852
2,6,Undirected,0.3034668978076576
2,7,Undirected,0.28959749900902554
2,8,Undirected,0.3104033841433406
2,9,Undirected,0.18231975994305288
2,11,Undirected,0.2689474286282957
2,12,Undirected,0.36844229688586927
2,13,Undirected,0.3126084156075843
3,4,Undirected,0.7579677527433227
3,5,Undirected,0.2474542204523966
3,6,Undirected,0.29479816645175744
3,7,Undirected,0.2584221715821031
3,8,Undirected,0.20910348865429074
4,5,Undirected,0.7451691214988007
4,6,Undirected,0.2709499408139382
4,7,Undirected,0.17948319433308982
5,6,Undirected,0.7589709143760459
5,7,Undirected,0.22415995544916656
6,7,Undirected,0.7566631229593089
6,8,Undirected,0.28143127693373526
6,13,Undirected,0.1810115473026487
7,8,Undirected,0.7541649127999337
7,9,Undirected,0.21067632646898415
8,9,Undirected,0.7169622967386563
8,10,Undirected,0.22760504779902227
8,11,Undirected,0.1670133049863994
8,13,Undirected,0.21572854695495047
9,10,Undirected,0.7432762212264941
9,11,Undirected,0.250629785687029
10,11,Undirected,0.7367687443684708
11,12,Undirected,0.3967596338724547
11,13,Undirected,0.282577401496339
12,13,Undirected,0.3680804853115026
