Source,Target,Type,Weight
0,1,Undirected,0.7768757485268399
0,2,Undirected,0.3236158900705422
0,3,Undirected,0.31591026930716576
0,4,Undirected,0.337495231435024
0,5,Undirected,0.3098129195033041
0,6,Undirected,0.29802974269050475
0,7,Undirected,0.2685447644609262
0,11,Undirected,0.29924296446522614
0,12,Undirected,0.3948881043167161
0,13,Undirected,0.20406729081237318
1,2,Undirected,0.7636926689360933
1,3,Undirected,0.2631050404925943
1,6,Undirected,0.17859301049372917
1,10,Undirected,0.1763177450990036
1,11,Undirected,0.3407179724964507
1,12,Undirected,0.2104458258180752
2,3,Undirected,0.7346198582745321
2,4,Undirected,0.34588195691665535
2,6,Undirected,0.18925164655949742
2,8,Undirected,0.18390032114894206
2,10,Undirected,0.21930405029510308
2,11,Undirected,0.26243006517291756
2,12,Undirected,0.36485962317099535
2,13,Undirected,0.3394419279939983
3,4,Undirected,0.7546798816638316
3,5,Undirected,0.2535833893032446
3,11,Undirected,0.17222624766080408
3,12,Undirected,0.19768309953683105
4,5,Undirected,0.7458529385613941
4,6,Undirected,0.35713130759591505
4,7,Undirected,0.21928710401914614
4,8,Undirected,0.1753894647663755
4,11,Undirected,0.19675585587707112
4,12,Undirected,0.38455097301122754
4,13,Undirected,0.3132230435993694
5,6,Undirected,0.788355883990393
5,7,Undirected,0.2065947922577391
5,12,Undirected,0.1845559432386842
6,7,Undirected,0.72911100188566
6,8,Undirected,0.23107384031541883
6,11,Undirected,0.3102016630603591
6,12,Undirected,0.3674522250361731
6,13,Undirected,0.20483392561893063
7,8,Undirected,0.7347979758606402
7,9,Undirected,0.21588548789517847
7,11,Undirected,0.30174473368065274
7,12,Undirected,0.22444551420839406
7,13,Undirected,0.18240091790500984
8,9,Undirected,0.7218003707520291
8,10,Undirected,0.3153805763857825
8,11,Undirected,0.34918112803637147
8,12,Undirected,0.21246171382073198
8,13,Undirected,0.3114514337311465
9,10,Undirected,0.730472679445703
9,11,Undirected,0.30353383592500405
10,11,Undirected,0.7528390736442766
10,13,Undirected,0.19914740321871807
11,12,Undirected,0.3652178304637861
11,13,Undirected,0.2842692052493139
12,13,Undirected,0.3872771055858411
