Source,Target,Type,Weight
0,1,Undirected,0.7409822992441698
0,2,Undirected,0.3515008854766741
0,3,Undirected,0.29777215975305305
0,4,Undirected,0.3440166238044054
0,5,Undirected,0.2170984130914623
0,6,Undirected,0.2926151698039125
0,7,Undirected,0.33291421778012475
0,8,Undirected,0.22141564400887626
0,12,Undirected,0.37415722599206924
0,13,Undirected,0.20521186662919563
1,2,Undirected,0.7483133839190296
1,3,Undirected,0.2682027504200036
1,7,Undirected,0.22110003898753855
1,8,Undirected,0.23001322288234266
1,12,Undirected,0.1937437767671764
2,3,Undirected,0.7663592316206793
2,4,Undirected,0.3656411498327884
2,5,Undirected,0.20055834763375516
2,6,Undirected,0.20477332347524257
2,7,Undirected,0.1996232467600459
2,12,Undirected,0.38928300085183126
2,13,Undirected,0.24375276265071738
3,4,Undirected,0.742840757926027
3,5,Undirected,0.21331172093973227
3,12,Undirected,0.20577812936216544
4,5,Undirected,0.7658839324394712
4,6,Undirected,0.35088574661343247
4,7,Undirected,0.21589211077046486
4,12,Undirected,0.38023904732091873
4,13,Undirected,0.21332688821555582
5,6,Undirected,0.7506494329285001
5,7,Undirected,0.24343863196708418
5,12,Undirected,0.20803700707135678
5,13,Undirected,0.17626532859292132
6,7,Undirected,0.7373709112085353
6,8,Undirected,0.244908989096676
6,12,Undirected,0.38394318418883877
6,13,Undirected,0.31228721670402576
7,8,Undirected,0.7393429473266907
7,9,Undirected,0.2363894039845579
7,12,Undirected,0.35908615174271297
7,13,Undirected,0.29345761489005445
8,9,Undirected,0.7453143798377397
8,10,Undirected,0.2596132575140954
8,12,Undirected,0.21765390866463385
8,13,Undirected,0.26634891693894436
9,10,Undirected,0.7532439987964055
9,11,Undirected,0.2750545445960683
9,13,Undirected,0.19153117297810665
10,11,Undirected,0.7490682643012064
12,13,Undirected,0.36339405548089604
