Source,Target,Type,Weight
0,1,Undirected,0.749068331189934
0,2,Undirected,0.31032114430803587
0,3,Undirected,0.36061397258088035
0,4,Undirected,0.22224744447210415
0,5,Undirected,0.1747173129641764
0,6,Undirected,0.21968478094971322
0,7,Undirected,0.18271700798668988
0,8,Undirected,0.1946023250554929
0,11,Undirected,0.3249408501770234
0,12,Undirected,0.37161354708748395
0,13,Undirected,0.33910368795020046
1,2,Undirected,0.7596285080919747
1,3,Undirected,0.23279433750223674
1,11,Undirected,0.3339482078615615
1,12,Undirected,0.21792495611681512
1,13,Undirected,0.17276928346888326
2,3,Undirected,0.7285887473680901
2,4,Undirected,0.35196627813323367
2,5,Undirected,0.19649853189599656
2,6,Undirected,0.19871802525175283
2,8,Undirected,0.2920857260307724
2,11,Undirected,0.3369429567356916
2,12,Undirected,0.3769693965098076
2,13,Undirected,0.26279955348617123
3,4,Undirected,0.7464145247362246
3,5,Undirected,0.33636283878641643
3,6,Undirected,0.1856568891507747
3,11,Undirected,0.17768377308927322
3,12,Undirected,0.2187837423642497
3,13,Undirected,0.26549776780288603
4,5,Undirected,0.731547021730203
4,6,Undirected,0.3292004431090406
4,7,Undirected,0.1990310726959315
4,8,Undirected,0.31355378937874273
4,11,Undirected,0.19830813905603278
4,12,Undirected,0.37907882388157255
4,13,Undirected,0.33152412584040886
5,6,Undirected,0.7433559183253905
5,7,Undirected,0.21512594008197172
5,12,Undirected,0.19311890860824307
5,13,Undirected,0.3201398804546634
6,7,Undirected,0.7613865234187444
6,8,Undirected,0.32598031824689083
6,11,Undirected,0.3255085527886316
6,12,Undirected,0.37075199744293363
6,13,Undirected,0.33491133757198893
7,8,Undirected,0.7532439311598595
7,9,Undirected,0.2185245814520776
7,11,Undirected,0.2783194756559775
7,12,Undirected,0.20672406811365
7,13,Undirected,0.20382328043253667
8,9,Undirected,0.7381530317561428
8,10,Undirected,0.28276470443488405
8,11,Undirected,0.3284127709952832
8,12,Undirected,0.39939388705018714
8,13,Undirected,0.20775984742002174
9,10,Undirected,0.7423723626695184
9,11,Undirected,0.3177535046375846
10,11,Undirected,0.7569885517840822
11,12,Undirected,0.3906069288125302
11,13,Undirected,0.2211086175081294
12,13,Undirected,0.3573295902491703
