Source,Target,Type,Weight
0,1,Undirected,0.7311548856093122
0,2,Undirected,0.31076139692608573
0,3,Undirected,0.33714990878159606
0,4,Undirected,0.33978654137763814
0,5,Undirected,0.3431486870687073
0,6,Undirected,0.3037480033130321
0,7,Undirected,0.2130410693500514
0,8,Undirected,0.19818334703915505
0,11,Undirected,0.3007711776252789
0,12,Undirected,0.3961443235990645
0,13,Undirected,0.20139665225621367
1,2,Undirected,0.7624485841234409
1,3,Undirected,0.2902040067944606
1,6,Undirected,0.16982312062066054
1,10,Undirected,0.16708483980298644
1,11,Undirected,0.3676519211006389
1,12,Undirected,0.22413094368853678
2,3,Undirected,0.7206377921011006
2,4,Undirected,0.3192981005728298
2,6,Undirected,0.2034458730110533
2,8,Undirected,0.25344081087446935
2,11,Undirected,0.3012802260429186
2,12,Undirected,0.40260489717905196
2,13,Undirected,0.22005840726406636
3,4,Undirected,0.7400699698320715
3,5,Undirected,0.2953297624070349
3,6,Undirected,0.1743305593202981
3,11,Undirected,0.19641630382547584
3,12,Undirected,0.21245316896978117
4,5,Undirected,0.7388783005551051
4,6,Undirected,0.31130905917182206
4,7,Undirected,0.18298331403873278
4,8,Undirected,0.22451736013271795
4,11,Undirected,0.19941461741080074
4,12,Undirected,0.38273607624674266
4,13,Undirected,0.32997824693077177
5,6,Undirected,0.7369892778819261
5,7,Undirected,0.21547973543020232
5,12,Undirected,0.18287843041160362
5,13,Undirected,0.17860035671494204
6,7,Undirected,0.745998131938367
6,8,Undirected,0.2548458209469054
6,11,Undirected,0.30890551895495866
6,12,Undirected,0.37810697524354087
6,13,Undirected,0.33976020047153094
7,8,Undirected,0.7834765306572282
7,9,Undirected,0.22727976675004713
7,11,Undirected,0.30594633707970076
7,12,Undirected,0.2158086433689805
7,13,Undirected,0.23433499721097872
8,9,Undirected,0.7398486330726117
8,10,Undirected,0.2959384300764544
8,11,Undirected,0.3592082712286636
8,12,Undirected,0.38734080260173676
8,13,Undirected,0.3734412584040452
9,10,Undirected,0.729305352224694
9,11,Undirected,0.3328454493310085
10,11,Undirected,0.7586209328932301
11,12,Undirected,0.3890721505846837
11,13,Undirected,0.22884898938357331
12,13,Undirected,0.35260703062927556
