Source,Target,Type,Weight
0,1,Undirected,0.7505858269996433
0,2,Undirected,0.31284995874096044
0,3,Undirected,0.32974386167799474
0,4,Undirected,0.33871846427748287
0,5,Undirected,0.3309859288303991
0,6,Undirected,0.32501457577746
0,7,Undirected,0.22988526410718518
0,11,Undirected,0.27858160301797447
0,12,Undirected,0.37500773386215663
0,13,Undirected,0.18810198137665243
1,2,Undirected,0.7465631260679115
1,3,Undirected,0.3130614488962361
1,4,Undirected,0.17317715763140218
1,6,Undirected,0.19022466653230055
1,10,Undirected,0.16686577182596485
1,11,Undirected,0.31681543348865027
1,12,Undirected,0.2191611095708359
2,3,Undirected,0.7469959812249383
2,4,Undirected,0.31787526172220276
2,5,Undirected,0.17237441909017234
2,6,Undirected,0.2075965320726264
2,8,Undirected,0.18062601282549837
2,11,Undirected,0.31746504145025445
2,12,Undirected,0.4116831812224828
2,13,Undirected,0.3779366586585465
3,4,Undirected,0.7464144583206056
3,5,Undirected,0.29025260665179753
3,6,Undirected,0.17119912827836448
3,11,Undirected,0.18724546351053994
3,12,Undirected,0.20010845340163055
4,5,Undirected,0.7517738848128933
4,6,Undirected,0.3493082091723153
4,7,Undirected,0.2075717518191895
4,8,Undirected,0.20774895996837928
4,11,Undirected,0.1970929718939666
4,12,Undirected,0.3805056257498543
4,13,Undirected,0.29067081532105327
5,6,Undirected,0.7658853309534298
5,7,Undirected,0.205849450249048
5,12,Undirected,0.1875723581494059
6,7,Undirected,0.7514329310514407
6,8,Undirected,0.31984828973256935
6,11,Undirected,0.28922163438925597
6,12,Undirected,0.37115228414223006
6,13,Undirected,0.27520997182615814
7,8,Undirected,0.7485619915302977
7,9,Undirected,0.2474535196915421
7,11,Undirected,0.2845383797765267
7,12,Undirected,0.22533843175174126
8,9,Undirected,0.7540758992319105
8,10,Undirected,0.3073284461833548
8,11,Undirected,0.3513410639518364
8,12,Undirected,0.21717651639734725
8,13,Undirected,0.3295686860465829
9,10,Undirected,0.7508190790530663
9,11,Undirected,0.3084758367811872
10,11,Undirected,0.75092843225421
10,13,Undirected,0.1776668384185968
11,12,Undirected,0.3800606403784165
11,13,Undirected,0.30152653097374654
12,13,Undirected,0.34958505411341106
