Source,Target,Type,Weight
0,1,Undirected,0.7405552066491882
0,2,Undirected,0.31783850321494517
0,3,Undirected,0.3228259586212375
0,4,Undirected,0.3362259171793059
0,5,Undirected,0.36878270522162504
0,6,Undirected,0.2786985548062116
0,7,Undirected,0.22524931637974432
0,11,Undirected,0.3067280760899612
0,12,Undirected,0.3816092589856371
0,13,Undirected,0.1940865907732351
1,2,Undirected,0.73573180186849
1,3,Undirected,0.28103968570327964
1,11,Undirected,0.2381971475204645
1,12,Undirected,0.19046714289386082
2,3,Undirected,0.739443312176809
2,4,Undirected,0.29114806061826926
2,6,Undirected,0.18968729462208112
2,11,Undirected,0.330113867649832
2,12,Undirected,0.3856143009325876
2,13,Undirected,0.3225691191140498
3,4,Undirected,0.7300616155889755
3,5,Undirected,0.28111958988737196
3,6,Undirected,0.16912044228443304
3,12,Undirected,0.19293324864634523
4,5,Undirected,0.7446334002638162
4,6,Undirected,0.3741620323536601
4,7,Undirected,0.20453863398186986
4,11,Undirected,0.20541638959013045
4,12,Undirected,0.39884649098533426
4,13,Undirected,0.2516150125408455
5,6,Undirected,0.7547655065492396
5,7,Undirected,0.21282549564094547
5,12,Undirected,0.1821272870646023
6,7,Undirected,0.7327228858244906
6,8,Undirected,0.22679430825395747
6,11,Undirected,0.295938597121292
6,12,Undirected,0.35340337582769726
6,13,Undirected,0.2051055551996651
7,8,Undirected,0.7662909056229691
7,9,Undirected,0.20878285926367215
7,11,Undirected,0.31053348139736453
7,12,Undirected,0.20632566140192307
7,13,Undirected,0.16791478009762373
8,9,Undirected,0.7374893490273196
8,10,Undirected,0.2850892671194776
8,11,Undirected,0.36644748102216584
8,12,Undirected,0.18665566572811573
8,13,Undirected,0.26418243164255395
9,10,Undirected,0.7559733835188299
9,11,Undirected,0.31994485813640366
10,11,Undirected,0.7291530833212584
11,12,Undirected,0.4078612524303132
11,13,Undirected,0.3215766263705309
12,13,Undirected,0.36229799830611614
