Source,Target,Type,Weight
0,1,Undirected,0.7573365497640943
0,2,Undirected,0.31808149333669844
0,3,Undirected,0.2971509230954194
0,4,Undirected,0.3029565010121293
0,5,Undirected,0.3507885521419759
0,6,Undirected,0.3244069618535428
0,7,Undirected,0.27157572301957367
0,11,Undirected,0.32841842830990303
0,12,Undirected,0.4021676743142023
0,13,Undirected,0.20904562685717645
1,2,Undirected,0.7524540890960191
1,3,Undirected,0.28908502605367437
1,6,Undirected,0.18902617205308644
1,10,Undirected,0.18354897242781368
1,11,Undirected,0.3530220164058331
1,12,Undirected,0.21914991045496068
1,13,Undirected,0.17214477500084138
2,3,Undirected,0.7544225807458296
2,4,Undirected,0.3141472247546249
2,6,Undirected,0.19776726846615864
2,11,Undirected,0.3005050253565874
2,12,Undirected,0.3825431419746916
2,13,Undirected,0.3824398257134484
3,4,Undirected,0.739282089968551
3,5,Undirected,0.2999475737651998
3,6,Undirected,0.17285500996749703
3,11,Undirected,0.18539830296377977
3,12,Undirected,0.20425861493477104
4,5,Undirected,0.7360309468578197
4,6,Undirected,0.34254229465959407
4,7,Undirected,0.20821587909779263
4,11,Undirected,0.20380717642756482
4,12,Undirected,0.39195692412183575
4,13,Undirected,0.2833003571932981
5,6,Undirected,0.7427806388088036
5,7,Undirected,0.20977830131303496
5,12,Undirected,0.1886749608057753
6,7,Undirected,0.7568157651666597
6,8,Undirected,0.2328024002774333
6,11,Undirected,0.3060910402319993
6,12,Undirected,0.3791888676626418
6,13,Undirected,0.1943381906637322
7,8,Undirected,0.7526439997993812
7,9,Undirected,0.22325313622904772
7,11,Undirected,0.30968948458897017
7,12,Undirected,0.2258717376312414
8,9,Undirected,0.7521135297102761
8,10,Undirected,0.3177021422737356
8,11,Undirected,0.34499168263460445
8,12,Undirected,0.20722262268305686
8,13,Undirected,0.21370507372647327
9,10,Undirected,0.7503335915958711
9,11,Undirected,0.3024836332444795
10,11,Undirected,0.7672808615167571
11,12,Undirected,0.3854599318445218
11,13,Undirected,0.3011820502763795
12,13,Undirected,0.3661704023409461
