Source,Target,Type,Weight
0,1,Undirected,0.7437056018746974
0,2,Undirected,0.33000270340273113
0,3,Undirected,0.17811713176612376
1,2,Undirected,0.7497642855808558
1,3,Undirected,0.3098278179508643
1,4,Undirected,0.17044361135138822
2,3,Undirected,0.740479442459746
2,4,Undirected,0.2853816076379838
2,7,Undirected,0.16755822166258122
2,8,Undirected,0.29828308355417293
2,11,Undirected,0.20405535736386982
2,12,Undirected,0.4102841809251443
2,13,Undirected,0.3225600149625007
3,4,Undirected,0.7337874939937968
3,5,Undirected,0.22726508729782108
3,7,Undirected,0.16718627242690715
4,5,Undirected,0.7501414237811219
4,6,Undirected,0.28507620715993737
4,7,Undirected,0.3344294392669047
4,8,Undirected,0.26543627244621854
4,9,Undirected,0.23049737332273657
4,13,Undirected,0.22588504544731908
5,6,Undirected,0.7791105761796127
5,7,Undirected,0.3070849630939035
5,8,Undirected,0.20071177170092572
5,9,Undirected,0.1743330374236891
6,7,Undirected,0.7588393674842987
6,8,Undirected,0.2547597875576418
6,9,Undirected,0.1984810720797501
7,8,Undirected,0.7269886590882638
7,9,Undirected,0.24635408865872446
7,13,Undirected,0.16881846986526977
8,9,Undirected,0.7255525623347883
8,10,Undirected,0.3100583198570494
8,11,Undirected,0.3202872938319078
8,12,Undirected,0.37505565291928905
8,13,Undirected,0.3670068803114905
9,10,Undirected,0.7363876692974144
9,11,Undirected,0.318561863511072
10,11,Undirected,0.7582069867126354
11,12,Undirected,0.38124366230622425
11,13,Undirected,0.2961389569109509
12,13,Undirected,0.38693972877251115
