Source,Target,Type,Weight
0,1,Undirected,0.7797743354597407
0,2,Undirected,0.3458384932561022
0,3,Undirected,0.35992201053618056
0,4,Undirected,0.28920817314494746
0,5,Undirected,0.2800098537097949
0,6,Undirected,0.3460684555310338
0,7,Undirected,0.28102079939195634
0,11,Undirected,0.3229672766383838
0,12,Undirected,0.39476374528157865
0,13,Undirected,0.19744418228209537
1,2,Undirected,0.7669632841569469
1,3,Undirected,0.23901763918064264
1,7,Undirected,0.19395110622266026
1,10,Undirected,0.18647336491739705
1,11,Undirected,0.3322698669155209
1,12,Undirected,0.21858339045065148
2,3,Undirected,0.7529004941964985
2,4,Undirected,0.33332403526811766
2,5,Undirected,0.20278188458418223
2,6,Undirected,0.19167007571561695
2,11,Undirected,0.30193151618383923
2,12,Undirected,0.3786326556294009
2,13,Undirected,0.3048638024823448
3,4,Undirected,0.7649657231192581
3,5,Undirected,0.2939880300732022
3,6,Undirected,0.17292398039347456
3,11,Undirected,0.17717303194417047
3,12,Undirected,0.22227990505297712
4,5,Undirected,0.7828520420757141
4,6,Undirected,0.29296172404908016
4,7,Undirected,0.1788656661832441
4,11,Undirected,0.21522314775265644
4,12,Undirected,0.3713144357368048
4,13,Undirected,0.32126117659313963
5,6,Undirected,0.7273176236714497
5,7,Undirected,0.2118774089584207
5,12,Undirected,0.20794836670231379
6,7,Undirected,0.7454605560156831
6,8,Undirected,0.21492416657844518
6,11,Undirected,0.30591070140881577
6,12,Undirected,0.3726624544823228
6,13,Undirected,0.2484786966584111
7,8,Undirected,0.7709659886003092
7,9,Undirected,0.20984547206906048
7,11,Undirected,0.24918083430913174
7,12,Undirected,0.2068337167583527
7,13,Undirected,0.16685775281732063
8,9,Undirected,0.7498246692313317
8,10,Undirected,0.3089993023339765
8,11,Undirected,0.31874960719656176
8,13,Undirected,0.16873610210521853
9,10,Undirected,0.7407206474072064
9,11,Undirected,0.2904768183888279
10,11,Undirected,0.7221219825959523
11,12,Undirected,0.39916712022558065
11,13,Undirected,0.35766778959163253
12,13,Undirected,0.3754174359003735
