Source,Target,Type,Weight
0,1,Undirected,0.7714007265060305
0,2,Undirected,0.3594774053886163
0,3,Undirected,0.3004411164482383
0,4,Undirected,0.31599092778503324
0,5,Undirected,0.3432436035412905
0,6,Undirected,0.3236332693726846
0,7,Undirected,0.2515095928004631
0,11,Undirected,0.2922278732856894
0,12,Undirected,0.39886583483396437
0,13,Undirected,0.20604328206597408
1,2,Undirected,0.7553897764665773
1,3,Undirected,0.2579290841131013
1,6,Undirected,0.18209409353713543
1,11,Undirected,0.32591271285262596
1,12,Undirected,0.2155473065836964
1,13,Undirected,0.17433938516776143
2,3,Undirected,0.7425967242243644
2,4,Undirected,0.2928072715935471
2,6,Undirected,0.205559123419064
2,8,Undirected,0.17119223854158375
2,11,Undirected,0.3307163116244666
2,12,Undirected,0.3789594278976685
2,13,Undirected,0.37953466486595316
3,4,Undirected,0.7532443369793176
3,5,Undirected,0.2631316316880873
3,6,Undirected,0.16928159659801748
3,11,Undirected,0.17094687597459965
3,12,Undirected,0.19886219621070278
4,5,Undirected,0.725209455188278
4,6,Undirected,0.3911565850271188
4,7,Undirected,0.21981792177585752
4,8,Undirected,0.1776230339965496
4,11,Undirected,0.20288945106466674
4,12,Undirected,0.3807763115835397
4,13,Undirected,0.28304658329702154
5,6,Undirected,0.7583810948609211
5,7,Undirected,0.21462845308518064
5,12,Undirected,0.18535215992973214
6,7,Undirected,0.754637517771559
6,8,Undirected,0.23551594861969244
6,11,Undirected,0.3261189602582016
6,12,Undirected,0.38469505267023585
6,13,Undirected,0.2063501044024364
7,8,Undirected,0.7659516963121205
7,9,Undirected,0.22539156662438956
7,11,Undirected,0.31135592506946913
7,12,Undirected,0.2301887388898353
7,13,Undirected,0.17572764574533623
8,9,Undirected,0.7418411786106998
8,10,Undirected,0.3046630847741676
8,11,Undirected,0.3575605227916377
8,12,Undirected,0.21602754651183034
8,13,Undirected,0.3068958389506299
9,10,Undirected,0.7612104110574042
9,11,Undirected,0.31377423672318355
10,11,Undirected,0.7564913035056159
11,12,Undirected,0.3843709282682403
11,13,Undirected,0.3254205390960094
12,13,Undirected,0.38556903345750193
