Source,Target,Type,Weight
0,1,Undirected,0.7677767992617869
0,2,Undirected,0.3206342624784501
0,3,Undirected,0.17522990259945623
1,2,Undirected,0.7524750130561279
1,3,Undirected,0.33053668915923756
1,4,Undirected,0.17149114439595375
2,3,Undirected,0.7423100859691705
2,4,Undirected,0.28732547390024965
2,8,Undirected,0.29970366928889564
2,11,Undirected,0.19847365233192005
2,12,Undirected,0.38994085024186387
2,13,Undirected,0.3171291862989858
3,4,Undirected,0.7503096323454108
3,5,Undirected,0.2278581549433976
3,7,Undirected,0.16846843329607536
4,5,Undirected,0.7736838183048367
4,6,Undirected,0.25954787240625643
4,7,Undirected,0.32537441721551197
4,8,Undirected,0.2607276621572463
4,9,Undirected,0.23806497737922286
5,6,Undirected,0.7375311711379989
5,7,Undirected,0.2852164414204898
6,7,Undirected,0.7501009093375429
6,8,Undirected,0.22134995107327946
6,9,Undirected,0.17158692162236971
7,8,Undirected,0.7564694052036598
7,9,Undirected,0.26022516469185347
8,9,Undirected,0.75092823059023
8,10,Undirected,0.26824848037121773
8,11,Undirected,0.34971447057616994
8,12,Undirected,0.3766563619015547
8,13,Undirected,0.19984006330382864
9,10,Undirected,0.7539039652761975
9,11,Undirected,0.3257018447567784
10,11,Undirected,0.7355526508534309
11,12,Undirected,0.38286820895202217
11,13,Undirected,0.307726711530566
12,13,Undirected,0.38514785061019563
