Source,Target,Type,Weight
0,1,Undirected,0.769594451835347
0,2,Undirected,0.34788531498715514
0,3,Undirected,0.22863105927874472
0,6,Undirected,0.1928236018107003
0,12,Undirected,0.39226532047923607
0,13,Undirected,0.27803769464459593
1,2,Undirected,0.7750781466626517
1,3,Undirected,0.2589647704398013
1,4,Undirected,0.19017833208733387
1,12,Undirected,0.22701791525408685
2,3,Undirected,0.7347963023889835
2,4,Undirected,0.2151353192327499
2,12,Undirected,0.38635664821488347
2,13,Undirected,0.20814191768678092
3,4,Undirected,0.7317613120153948
3,5,Undirected,0.22289637791472752
3,6,Undirected,0.2294875739898792
3,12,Undirected,0.22112913406118243
4,5,Undirected,0.7482497060469501
4,6,Undirected,0.30023936519939665
4,7,Undirected,0.1728226887794452
4,8,Undirected,0.27128947334719133
5,6,Undirected,0.7439947707734483
5,7,Undirected,0.2628430969270517
5,8,Undirected,0.2768638836712051
6,7,Undirected,0.7683910427560119
6,8,Undirected,0.2943658570461159
7,8,Undirected,0.7275086845041387
7,9,Undirected,0.2143693953800355
8,9,Undirected,0.7437658048752851
8,10,Undirected,0.23626069573900865
9,10,Undirected,0.7363301413084361
9,11,Undirected,0.21033944540607616
10,11,Undirected,0.7336098659002742
12,13,Undirected,0.38616954026322076
