Source,Target,Type,Weight
0,1,Undirected,0.7577505725172912
0,2,Undirected,0.34607639367338333
0,3,Undirected,0.3259909086683825
0,4,Undirected,0.3428780704737489
0,5,Undirected,0.35382567157470707
0,6,Undirected,0.28542283682659486
0,7,Undirected,0.2447503284108277
0,11,Undirected,0.3109758588565533
0,12,Undirected,0.4009184707168159
0,13,Undirected,0.20082053709902484
1,2,Undirected,0.7580973533222284
1,3,Undirected,0.2761432912577817
1,6,Undirected,0.17271726248568
1,10,Undirected,0.2011645595798661
1,11,Undirected,0.3389285349789058
1,12,Undirected,0.21923882493579863
2,3,Undirected,0.7348011297317899
2,4,Undirected,0.30479182461366583
2,6,Undirected,0.19799292960620013
2,8,Undirected,0.17067413921605618
2,11,Undirected,0.30737389588108527
2,12,Undirected,0.38854413320039427
2,13,Undirected,0.21376456350289164
3,4,Undirected,0.775080724793939
3,5,Undirected,0.28139494957498284
3,6,Undirected,0.16948755027584383
3,11,Undirected,0.1848276732455379
3,12,Undirected,0.20493663109184218
4,5,Undirected,0.7482309518425904
4,6,Undirected,0.3443590295986086
4,7,Undirected,0.1992150337648333
4,11,Undirected,0.19761279933059628
4,12,Undirected,0.37493250988841875
4,13,Undirected,0.3540047620908467
5,6,Undirected,0.7476025292230533
5,7,Undirected,0.21387784024126363
5,12,Undirected,0.1870167023149777
6,7,Undirected,0.7363274267265552
6,8,Undirected,0.23572659225874676
6,11,Undirected,0.29128539218658916
6,12,Undirected,0.38532816390381713
6,13,Undirected,0.32449236948909693
7,8,Undirected,0.7483128498876185
7,9,Undirected,0.21196088316495607
7,11,Undirected,0.28448515242998773
7,12,Undirected,0.21311058438572558
7,13,Undirected,0.21874033888631375
8,9,Undirected,0.731076445113455
8,10,Undirected,0.3301014488624603
8,11,Undirected,0.3587851597231002
8,12,Undirected,0.2002576327768478
8,13,Undirected,0.24357949727302491
9,10,Undirected,0.7384544743417993
9,11,Undirected,0.30858588664006037
10,11,Undirected,0.7629823571753799
11,12,Undirected,0.3960156200504586
11,13,Undirected,0.29283852933940024
12,13,Undirected,0.37524798882461147
