Source,Target,Type,Weight
0,1,Undirected,0.7379112888725624
0,2,Undirected,0.33243696519889293
0,3,Undirected,0.33788774722865933
0,4,Undirected,0.3130858223680994
0,5,Undirected,0.3463220563334485
0,6,Undirected,0.31246677394362
0,7,Undirected,0.27427754129902526
0,11,Undirected,0.2602844627271615
0,12,Undirected,0.3981685195887751
0,13,Undirected,0.19696091703315147
1,2,Undirected,0.7665599396738756
1,3,Undirected,0.3205079583602155
1,4,Undirected,0.17105287197918218
1,11,Undirected,0.20333775531000797
1,12,Undirected,0.18367544090515564
2,3,Undirected,0.7394012729331759
2,4,Undirected,0.3228141317999055
2,5,Undirected,0.18501584386606212
2,6,Undirected,0.20010524563118515
2,11,Undirected,0.30986338778032885
2,12,Undirected,0.3812410286689926
2,13,Undirected,0.30533856782858715
3,4,Undirected,0.7511553055945374
3,5,Undirected,0.29010735753416933
3,6,Undirected,0.17237858465164213
3,12,Undirected,0.204225098370544
4,5,Undirected,0.7622934537114766
4,6,Undirected,0.33352982653014407
4,7,Undirected,0.19713021024758398
4,11,Undirected,0.19786396003607523
4,12,Undirected,0.37471461796575445
4,13,Undirected,0.2756527235097972
5,6,Undirected,0.7571830823187368
5,7,Undirected,0.2107970314450793
5,12,Undirected,0.19399077347959998
6,7,Undirected,0.7368706122460811
6,8,Undirected,0.2162776031743167
6,11,Undirected,0.285238475813476
6,12,Undirected,0.37811672394350226
6,13,Undirected,0.196239345991117
7,8,Undirected,0.7777686296761943
7,9,Undirected,0.2112036152376644
7,11,Undirected,0.3076673900311841
7,12,Undirected,0.2111784555182862
8,9,Undirected,0.7322906193893324
8,10,Undirected,0.29405285108235013
8,11,Undirected,0.3138065628252215
9,10,Undirected,0.7573799010565894
9,11,Undirected,0.28848151489551005
10,11,Undirected,0.7378319761363662
11,12,Undirected,0.39944112770228196
11,13,Undirected,0.28480899284742583
12,13,Undirected,0.35027550671020435
