Source,Target,Type,Weight
0,1,Undirected,0.746413661334099
0,2,Undirected,0.21068085570211062
0,13,Undirected,0.26505726092085996
1,2,Undirected,0.7580978328992601
1,3,Undirected,0.20761469979773636
1,6,Undirected,0.34788133312332575
1,7,Undirected,0.22401836967038893
1,13,Undirected,0.19313560885294512
2,3,Undirected,0.7275655364314092
2,4,Undirected,0.2144766897508129
2,5,Undirected,0.16983314637114655
2,7,Undirected,0.21460949837616752
2,8,Undirected,0.27143654530458194
2,11,Undirected,0.19868460806119762
2,12,Undirected,0.39394025916647757
2,13,Undirected,0.3052304661384297
3,4,Undirected,0.7575332430764963
3,5,Undirected,0.2961626695018268
3,6,Undirected,0.2042684631378154
3,7,Undirected,0.17374892854308205
3,8,Undirected,0.27674861236531917
4,5,Undirected,0.7283752989960125
4,6,Undirected,0.33585411183275454
4,8,Undirected,0.20914799064935893
5,6,Undirected,0.7353920246080736
5,7,Undirected,0.3443345474200671
5,8,Undirected,0.33014429502968917
5,9,Undirected,0.17966634514119148
6,7,Undirected,0.745128348115645
6,8,Undirected,0.26473491093553025
7,8,Undirected,0.7383753047733894
7,9,Undirected,0.20973244000656854
8,9,Undirected,0.7436416509846598
8,10,Undirected,0.23155265282471554
9,10,Undirected,0.7274124792319192
9,11,Undirected,0.2247667985731719
10,11,Undirected,0.7944262367428839
12,13,Undirected,0.3790764256316624
