Source,Target,Type,Weight
0,1,Undirected,0.7648527318435407
0,2,Undirected,0.27457922997302786
0,8,Undirected,0.1818248341369634
0,12,Undirected,0.21010898626205235
0,13,Undirected,0.16962381426624576
1,2,Undirected,0.7256863805251934
1,3,Undirected,0.28392488977723124
1,4,Undirected,0.17610579622349723
1,7,Undirected,0.1815863487441664
1,8,Undirected,0.19328445566443236
1,12,Undirected,0.1747935177225447
2,3,Undirected,0.7725755200461817
2,4,Undirected,0.3167398549022777
2,5,Undirected,0.19044237456164878
2,8,Undirected,0.2855455072698198
2,11,Undirected,0.28420906839035487
2,12,Undirected,0.40205973097117514
2,13,Undirected,0.3584108765800681
3,4,Undirected,0.7395450734510396
3,5,Undirected,0.24846577285500246
4,5,Undirected,0.7681172053841223
4,6,Undirected,0.23326565374940963
4,9,Undirected,0.18156212277402314
5,6,Undirected,0.7464764292323471
5,7,Undirected,0.2957842654881099
5,8,Undirected,0.18814486194065838
5,9,Undirected,0.27533267610134604
6,7,Undirected,0.7560149436414045
6,8,Undirected,0.23361572386105273
6,9,Undirected,0.2731700658048561
7,8,Undirected,0.7297520023446412
7,9,Undirected,0.2513380052207881
8,9,Undirected,0.7431498606163462
8,10,Undirected,0.290240575667133
8,11,Undirected,0.3150002553465052
8,12,Undirected,0.36010980063005205
8,13,Undirected,0.20107180667517685
9,10,Undirected,0.7160047644836847
9,11,Undirected,0.3345816616431204
10,11,Undirected,0.7765963346161797
11,12,Undirected,0.38551406744021866
11,13,Undirected,0.34178866214186704
12,13,Undirected,0.38709503555681807
