Source,Target,Type,Weight
0,1,Undirected,0.7440347602604253
0,2,Undirected,0.32024444928856904
0,3,Undirected,0.3079198227262129
0,4,Undirected,0.3014715041309887
0,5,Undirected,0.3232728066732113
0,6,Undirected,0.204553237681145
0,11,Undirected,0.2908330035061073
0,12,Undirected,0.3793299857521901
0,13,Undirected,0.272066926986136
1,2,Undirected,0.7474572435190316
1,3,Undirected,0.2544928011789553
1,8,Undirected,0.173373468407683
1,10,Undirected,0.2931956760337317
1,11,Undirected,0.3306078423892087
1,12,Undirected,0.23067165022109107
1,13,Undirected,0.1963996751820405
2,3,Undirected,0.7504388425042515
2,4,Undirected,0.29359760709393523
2,5,Undirected,0.17649848514343103
2,6,Undirected,0.1964681208375924
2,8,Undirected,0.20813258066984458
2,11,Undirected,0.2805880335000773
2,12,Undirected,0.3630679493791503
2,13,Undirected,0.18624555900479078
3,4,Undirected,0.7383340367300721
3,5,Undirected,0.30928220316848964
3,6,Undirected,0.17084520045728124
3,11,Undirected,0.1690150152952741
3,12,Undirected,0.1992503144591943
4,5,Undirected,0.7475604898180337
4,6,Undirected,0.346483668700369
4,7,Undirected,0.2001196050228766
4,8,Undirected,0.17400751754241198
4,11,Undirected,0.20542214423429084
4,12,Undirected,0.41786495252834305
4,13,Undirected,0.2388812374723162
5,6,Undirected,0.7441160062672239
5,7,Undirected,0.22260226861656507
5,12,Undirected,0.21391268017547524
5,13,Undirected,0.24425062653839372
6,7,Undirected,0.7479989713530382
6,8,Undirected,0.26594070243836126
6,11,Undirected,0.2857096731191002
6,12,Undirected,0.37756766109016066
6,13,Undirected,0.3355403203593813
7,8,Undirected,0.7595413637089227
7,9,Undirected,0.21526461411969877
7,11,Undirected,0.2672986370350789
7,12,Undirected,0.21768517676582094
7,13,Undirected,0.28794911812191143
8,9,Undirected,0.7532646285097719
8,10,Undirected,0.34375359587407567
8,11,Undirected,0.3731008948613124
8,12,Undirected,0.2073181666256575
8,13,Undirected,0.19597069716872303
9,10,Undirected,0.755042341592113
9,11,Undirected,0.30484926681579017
10,11,Undirected,0.7404770893768218
11,12,Undirected,0.39999778748782405
11,13,Undirected,0.3000503123723725
12,13,Undirected,0.3604242317114072
