Source,Target,Type,Weight
0,1,Undirected,0.7585778510055989
0,2,Undirected,0.32521915809855645
0,3,Undirected,0.3325104151694939
0,4,Undirected,0.3151815968930186
0,5,Undirected,0.34074764558736564
0,6,Undirected,0.2937444392899323
0,7,Undirected,0.25245996701886314
0,11,Undirected,0.2874774469247078
0,12,Undirected,0.39116731010921674
0,13,Undirected,0.1986471376993763
1,2,Undirected,0.7493005070363757
1,3,Undirected,0.2574422517063827
1,11,Undirected,0.20804998869548025
1,12,Undirected,0.1796888053162782
2,3,Undirected,0.740862409795632
2,4,Undirected,0.3280452835489393
2,5,Undirected,0.18746952276686749
2,6,Undirected,0.20102462406710533
2,11,Undirected,0.2925890622872361
2,12,Undirected,0.37522096533402804
2,13,Undirected,0.3368042372908576
3,4,Undirected,0.756339883235645
3,5,Undirected,0.29911441024354807
3,6,Undirected,0.17627584792455908
3,12,Undirected,0.19435659746948813
4,5,Undirected,0.751094909202717
4,6,Undirected,0.32096977577669594
4,7,Undirected,0.1889737952802507
4,11,Undirected,0.19458605628909997
4,12,Undirected,0.3639299222770054
4,13,Undirected,0.2519334067054719
5,6,Undirected,0.7347979758606402
5,7,Undirected,0.21851932161597548
5,12,Undirected,0.18736388736610304
6,7,Undirected,0.7188111444326937
6,8,Undirected,0.22735905871282036
6,11,Undirected,0.30147575125381176
6,12,Undirected,0.38827048957323057
6,13,Undirected,0.20691559067504847
7,8,Undirected,0.748921873504586
7,9,Undirected,0.23399511848142932
7,11,Undirected,0.27238557858614854
7,12,Undirected,0.20885317938739645
8,9,Undirected,0.7661548499713032
8,10,Undirected,0.29634354537553526
8,11,Undirected,0.3220632669468327
8,12,Undirected,0.17167410643023145
9,10,Undirected,0.7530725791566629
9,11,Undirected,0.29383689899419646
10,11,Undirected,0.7383339717446655
11,12,Undirected,0.38816872695530913
11,13,Undirected,0.29739250206879847
12,13,Undirected,0.367414629155365
