Source,Target,Type,Weight
0,1,Undirected,0.7378318463422623
0,2,Undirected,0.3146679162443828
0,3,Undirected,0.336549607138507
0,4,Undirected,0.3379554836756127
0,5,Undirected,0.349528420834384
0,6,Undirected,0.3415199352901642
0,7,Undirected,0.2642314948673256
0,11,Undirected,0.31627049256350703
0,12,Undirected,0.3805251992123681
0,13,Undirected,0.20576611612276038
1,2,Undirected,0.7739606401079997
1,3,Undirected,0.2873112242112512
1,6,Undirected,0.17928375475212846
1,11,Undirected,0.3171344135839224
1,12,Undirected,0.20382668775606483
2,3,Undirected,0.7494898334802184
2,4,Undirected,0.3262386369222479
2,5,Undirected,0.16860900018974173
2,6,Undirected,0.20579394051916566
2,11,Undirected,0.27860775038023483
2,12,Undirected,0.39507147788786773
2,13,Undirected,0.21298152729896236
3,4,Undirected,0.7311731759431825
3,5,Undirected,0.3025279011992696
3,6,Undirected,0.17997896707284441
3,11,Undirected,0.19621085084312626
3,12,Undirected,0.21144852816477794
4,5,Undirected,0.7528617757831757
4,6,Undirected,0.360635149920574
4,7,Undirected,0.20784542257848396
4,11,Undirected,0.20269764535953655
4,12,Undirected,0.3774739785474605
4,13,Undirected,0.32515219570355774
5,6,Undirected,0.7523700000125565
5,7,Undirected,0.20727988930850333
5,12,Undirected,0.1863645427921339
5,13,Undirected,0.17319278949178332
6,7,Undirected,0.7490891341637667
6,8,Undirected,0.22632418108852637
6,11,Undirected,0.2797313573130342
6,12,Undirected,0.3873697432037423
6,13,Undirected,0.36523850243910083
7,8,Undirected,0.7690931318213332
7,9,Undirected,0.2254796067026132
7,11,Undirected,0.26814861849538996
7,12,Undirected,0.23054397178355107
7,13,Undirected,0.2782105552359159
8,9,Undirected,0.758447263210135
8,10,Undirected,0.3321876304320106
8,11,Undirected,0.3510410407871922
8,12,Undirected,0.198841512140305
8,13,Undirected,0.263991162664612
9,10,Undirected,0.7688447954363918
9,11,Undirected,0.3014129667026051
10,11,Undirected,0.7651450432173458
11,12,Undirected,0.3889257479207565
11,13,Undirected,0.2764466772417103
12,13,Undirected,0.3861321404181819
