Source,Target,Type,Weight
0,1,Undirected,0.7456464222810166
0,2,Undirected,0.2620487780252851
0,6,Undirected,0.1733626190489968
1,2,Undirected,0.7149036552211967
1,3,Undirected,0.32305349536801514
1,4,Undirected,0.1667683479599594
2,3,Undirected,0.7404769586504312
2,4,Undirected,0.3374034942300462
2,5,Undirected,0.33816002839886866
2,6,Undirected,0.3334181259475575
2,7,Undirected,0.19894463583295743
2,11,Undirected,0.2081825599933291
2,12,Undirected,0.39042531306694367
2,13,Undirected,0.3120785589295395
3,4,Undirected,0.7710790215065634
3,5,Undirected,0.2795169571992858
3,12,Undirected,0.1849855052265423
3,13,Undirected,0.26057145129145604
4,5,Undirected,0.746935453711701
4,6,Undirected,0.32368029773342205
4,7,Undirected,0.36201243958589263
4,8,Undirected,0.26945988644059077
4,9,Undirected,0.1875603970912269
4,10,Undirected,0.2616097438512288
4,11,Undirected,0.23896256968809157
4,12,Undirected,0.39030087932304364
4,13,Undirected,0.3154619848100344
5,6,Undirected,0.7477488045621851
5,7,Undirected,0.21819810973185635
5,12,Undirected,0.19017769398192436
5,13,Undirected,0.18305378266273759
6,7,Undirected,0.7498266129288162
6,8,Undirected,0.24603016226138005
6,10,Undirected,0.16973887683904854
6,11,Undirected,0.21474561605611447
6,12,Undirected,0.3924822544253518
6,13,Undirected,0.20222110817428016
7,8,Undirected,0.7332934544316239
7,9,Undirected,0.2936780268787642
7,10,Undirected,0.2939600494215175
7,11,Undirected,0.19370240341674771
7,12,Undirected,0.2140702887687696
8,9,Undirected,0.7543556881787237
8,10,Undirected,0.3103326933771191
9,10,Undirected,0.7633344999092764
9,11,Undirected,0.21013509194071595
10,11,Undirected,0.7194076860069653
10,12,Undirected,0.17286630885302326
11,12,Undirected,0.38976680735912633
11,13,Undirected,0.31589596975632056
12,13,Undirected,0.38005265078384026
