Source,Target,Type,Weight
0,1,Undirected,0.7469141051379034
0,2,Undirected,0.32494633815738566
0,3,Undirected,0.3401164648226349
0,4,Undirected,0.3630486536493353
0,5,Undirected,0.3317335507398886
0,6,Undirected,0.30619559472394753
0,7,Undirected,0.28799170556115344
0,11,Undirected,0.3244821774409789
0,12,Undirected,0.38066506824338076
0,13,Undirected,0.20052919807138742
1,2,Undirected,0.7627165908566655
1,3,Undirected,0.26365802324120974
1,6,Undirected,0.1778669941375997
1,7,Undirected,0.1721762069892398
1,10,Undirected,0.16870872285571228
1,11,Undirected,0.3509231773230033
1,12,Undirected,0.21771444226630432
2,3,Undirected,0.7496818685493983
2,4,Undirected,0.30039128249473135
2,5,Undirected,0.17119759096651627
2,6,Undirected,0.2046268864533842
2,11,Undirected,0.2818332779316415
2,12,Undirected,0.3976025375706691
2,13,Undirected,0.2190130028109331
3,4,Undirected,0.7270650274740109
3,5,Undirected,0.29525003591807625
3,6,Undirected,0.17587603525148995
3,11,Undirected,0.17967809023487374
3,12,Undirected,0.1948563329060804
4,5,Undirected,0.7769942634599544
4,6,Undirected,0.32338082873091323
4,7,Undirected,0.1951368934504169
4,11,Undirected,0.19560134987793756
4,12,Undirected,0.3802301884876747
4,13,Undirected,0.2904767982718368
5,6,Undirected,0.7343812594723764
5,7,Undirected,0.221041638823271
5,12,Undirected,0.17950597749242075
6,7,Undirected,0.7354132998464581
6,8,Undirected,0.2829036845500458
6,11,Undirected,0.29160437035576003
6,12,Undirected,0.3834009126730138
6,13,Undirected,0.3205050928648542
7,8,Undirected,0.7493010424783952
7,9,Undirected,0.2313812292701527
7,11,Undirected,0.2694634872279774
7,12,Undirected,0.2125428703470978
7,13,Undirected,0.21609136467931975
8,9,Undirected,0.7559062156705086
8,10,Undirected,0.30547795751003254
8,11,Undirected,0.3757986710915829
8,12,Undirected,0.2135877596705874
8,13,Undirected,0.26687996852139045
9,10,Undirected,0.7549160932162008
9,11,Undirected,0.2992511415525114
10,11,Undirected,0.7380917856373596
11,12,Undirected,0.3849914870177594
11,13,Undirected,0.32378326836522453
12,13,Undirected,0.3978380576893563
