Source,Target,Type,Weight
0,1,Undirected,0.7561020303221088
0,2,Undirected,0.2075239340282028
1,2,Undirected,0.7289387974754546
1,3,Undirected,0.22946216304222236
1,4,Undirected,0.17171193231191925
1,8,Undirected,0.22170334267831
1,12,Undirected,0.19299050752456587
2,3,Undirected,0.7491733612261403
2,4,Undirected,0.2381249062529203
2,8,Undirected,0.27880984080872656
2,11,Undirected,0.2074895837290883
2,12,Undirected,0.39280380151078964
2,13,Undirected,0.33235095904511097
3,4,Undirected,0.7480841542593251
3,5,Undirected,0.26073852159167527
3,8,Undirected,0.19102721744709034
3,12,Undirected,0.16843179279877368
4,5,Undirected,0.727356092691815
4,6,Undirected,0.2276335328844744
4,7,Undirected,0.2674617412040543
4,8,Undirected,0.28219788092422055
4,9,Undirected,0.28286298911636404
4,10,Undirected,0.20851534017801365
5,6,Undirected,0.7497638164895685
5,7,Undirected,0.28209218405712244
5,8,Undirected,0.18802108301439158
5,9,Undirected,0.17021510074307264
6,7,Undirected,0.778735561759243
6,8,Undirected,0.21548821548821548
7,8,Undirected,0.7570096603783528
7,9,Undirected,0.26785597851892
8,9,Undirected,0.7517711899107216
8,10,Undirected,0.28761516287205374
8,11,Undirected,0.3356542803422401
8,12,Undirected,0.37940564633001395
8,13,Undirected,0.20036849078906788
9,10,Undirected,0.7326466680617503
9,11,Undirected,0.3139209431615251
10,11,Undirected,0.7482320864118663
11,12,Undirected,0.4060051495222913
11,13,Undirected,0.3144575748831234
12,13,Undirected,0.38471220128033656
