Source,Target,Type,Weight
0,1,Undirected,0.750882993374842
0,2,Undirected,0.2914993307955131
0,3,Undirected,0.3243114930709152
0,4,Undirected,0.3334554483656938
0,5,Undirected,0.37379563469712807
0,6,Undirected,0.2996632212418818
0,7,Undirected,0.25982176180952676
0,11,Undirected,0.279147836867552
0,12,Undirected,0.3738484093074198
0,13,Undirected,0.197890397802585
1,2,Undirected,0.7463108643438104
1,3,Undirected,0.2931329327194062
1,6,Undirected,0.17824572175403175
1,11,Undirected,0.35141400791889343
1,12,Undirected,0.22107819940061263
1,13,Undirected,0.1685322539478853
2,3,Undirected,0.7434379385538309
2,4,Undirected,0.32483102885752646
2,5,Undirected,0.16924524352036227
2,6,Undirected,0.19479857689378888
2,11,Undirected,0.3122426037031492
2,12,Undirected,0.3901318492406886
2,13,Undirected,0.38395478266887456
3,4,Undirected,0.7758469025022209
3,5,Undirected,0.29179829336111685
3,6,Undirected,0.17203883316740487
3,11,Undirected,0.19156462425956777
3,12,Undirected,0.2105551888704799
4,5,Undirected,0.7571200727244699
4,6,Undirected,0.3718781544512424
4,7,Undirected,0.2062957042943285
4,8,Undirected,0.1728898517550181
4,11,Undirected,0.2002063207151077
4,12,Undirected,0.36712956300918687
4,13,Undirected,0.31202859682860873
5,6,Undirected,0.7743569440004564
5,7,Undirected,0.21472039686709096
5,12,Undirected,0.18912350808870504
6,7,Undirected,0.7907430570146825
6,8,Undirected,0.25115329629779326
6,11,Undirected,0.3292450199020233
6,12,Undirected,0.3758078970565282
6,13,Undirected,0.2040296287533088
7,8,Undirected,0.7596494202161493
7,9,Undirected,0.2255400604644455
7,11,Undirected,0.27783677682884694
7,12,Undirected,0.21283299047750498
8,9,Undirected,0.7396853426030081
8,10,Undirected,0.26892402856953623
8,11,Undirected,0.3412452171977402
8,12,Undirected,0.21702788963281067
8,13,Undirected,0.281445572545894
9,10,Undirected,0.7285305332738369
9,11,Undirected,0.28600157187181346
10,11,Undirected,0.7486277268649256
11,12,Undirected,0.3951060887520677
11,13,Undirected,0.2895227555709073
12,13,Undirected,0.3825107667973347
