Source,Target,Type,Weight
0,1,Undirected,0.7419833702691264
0,2,Undirected,0.2083926361347707
0,3,Undirected,0.1829412535949887
1,2,Undirected,0.7412106676765534
1,3,Undirected,0.22661934912335358
1,11,Undirected,0.18378148256651824
1,13,Undirected,0.2185293405696002
2,3,Undirected,0.7450019525132091
2,4,Undirected,0.33692019425889114
2,5,Undirected,0.3459690597070942
2,6,Undirected,0.20847550043665344
2,8,Undirected,0.2444081555782322
2,11,Undirected,0.3058417296991119
2,12,Undirected,0.37687235331279945
2,13,Undirected,0.3664774502078084
3,4,Undirected,0.7503347325507269
3,5,Undirected,0.2878594172895848
3,13,Undirected,0.2016791917645458
4,5,Undirected,0.7316649360515547
4,6,Undirected,0.33788194951004624
4,7,Undirected,0.18905081194909248
4,8,Undirected,0.3502628994338161
4,11,Undirected,0.19223917843828583
4,12,Undirected,0.34233744516590736
4,13,Undirected,0.3161357355596399
5,6,Undirected,0.7451703129959281
5,7,Undirected,0.21935160098850637
5,8,Undirected,0.18850089461775024
5,12,Undirected,0.184966187685708
5,13,Undirected,0.2594007238573914
6,7,Undirected,0.7622911677594199
6,8,Undirected,0.40209361123011883
6,11,Undirected,0.2857406990956356
6,12,Undirected,0.3595684394146232
6,13,Undirected,0.31905795723381436
7,8,Undirected,0.7391997464978897
7,9,Undirected,0.2611168154075894
7,11,Undirected,0.25482846408688864
7,12,Undirected,0.20660586438337594
7,13,Undirected,0.19181065371046227
8,9,Undirected,0.7284337413007627
8,10,Undirected,0.2085887373826388
8,11,Undirected,0.3423754777012092
8,12,Undirected,0.382066615600615
8,13,Undirected,0.2192518439813667
9,10,Undirected,0.7215936118992038
9,11,Undirected,0.35099644719262946
9,12,Undirected,0.16959455525292583
10,11,Undirected,0.7937971726479288
11,12,Undirected,0.3834799240775755
11,13,Undirected,0.3185736227702412
12,13,Undirected,0.3746133786052138
