Source,Target,Type,Weight
0,1,Undirected,0.7445082297342561
0,2,Undirected,0.26446229298923696
1,2,Undirected,0.7344186147091776
1,3,Undirected,0.26915862709273475
2,3,Undirected,0.7309778926584309
2,4,Undirected,0.3444305454082007
2,5,Undirected,0.3337228606266995
2,6,Undirected,0.2021238720387433
2,11,Undirected,0.20896053901335326
2,12,Undirected,0.38822682428853844
2,13,Undirected,0.3128656174717039
3,4,Undirected,0.7300815033227702
3,5,Undirected,0.2450263661741842
3,12,Undirected,0.20386851599046427
3,13,Undirected,0.26918619692180873
4,5,Undirected,0.742002009487349
4,6,Undirected,0.21630481813198177
4,7,Undirected,0.18253959895205318
4,8,Undirected,0.1711512330238362
4,11,Undirected,0.31923311667292176
4,12,Undirected,0.3701036841707256
4,13,Undirected,0.286979904583703
5,6,Undirected,0.7156395492377728
5,7,Undirected,0.22859305450126724
5,8,Undirected,0.1781399325784553
5,12,Undirected,0.2061886118396777
5,13,Undirected,0.17779054333073943
6,7,Undirected,0.7332735836183799
6,8,Undirected,0.24285142727115344
6,11,Undirected,0.18005752837482084
6,12,Undirected,0.20258268894586295
7,8,Undirected,0.7212928744988912
7,9,Undirected,0.3275148608662476
7,10,Undirected,0.3205607465207082
7,11,Undirected,0.19750331337944171
8,9,Undirected,0.7288980708019105
8,10,Undirected,0.3190721561255854
9,10,Undirected,0.7479792292984021
9,11,Undirected,0.20826556751729586
10,11,Undirected,0.7512646894827522
11,12,Undirected,0.40225665547929473
11,13,Undirected,0.30223188628027214
12,13,Undirected,0.3922230994806366
