Source,Target,Type,Weight
0,1,Undirected,0.7441581872669463
0,2,Undirected,0.3403270586732767
0,3,Undirected,0.21256159100904298
0,4,Undirected,0.32223216181673525
0,5,Undirected,0.2067713752533801
0,11,Undirected,0.22971456337351204
0,12,Undirected,0.3802421842051919
0,13,Undirected,0.2772243460154169
1,2,Undirected,0.7362299089538833
1,3,Undirected,0.2704579797182824
1,4,Undirected,0.2598104797002621
1,5,Undirected,0.31502363031734715
1,6,Undirected,0.19083796637709688
1,7,Undirected,0.2725038645770847
1,11,Undirected,0.2579050246575366
1,12,Undirected,0.21046056714459932
2,3,Undirected,0.7412087683908153
2,4,Undirected,0.23802852662168023
2,5,Undirected,0.1862630105985475
2,12,Undirected,0.1916218789461469
3,4,Undirected,0.7342434444550257
3,5,Undirected,0.3287854640638215
3,6,Undirected,0.28630149375885455
3,12,Undirected,0.16915605955442667
4,5,Undirected,0.7417176663759134
4,6,Undirected,0.3360914230621174
4,11,Undirected,0.32006927769018606
4,12,Undirected,0.37778881658619495
4,13,Undirected,0.20767670773983807
5,6,Undirected,0.7435819294676612
5,7,Undirected,0.2906683577894479
5,8,Undirected,0.16898886631838306
5,9,Undirected,0.19181637305278648
5,11,Undirected,0.3267449733103605
5,12,Undirected,0.2376448911184818
5,13,Undirected,0.17710872260154786
6,7,Undirected,0.7517087409647807
6,8,Undirected,0.24375672912175017
6,9,Undirected,0.16860478437879348
6,11,Undirected,0.17096504853767408
7,8,Undirected,0.742556757701764
7,9,Undirected,0.2586977737752637
7,11,Undirected,0.23485617809520695
8,9,Undirected,0.757531327628239
8,10,Undirected,0.21076978662739015
9,10,Undirected,0.7521993151429308
9,11,Undirected,0.3537283035588611
10,11,Undirected,0.7686401425014913
11,12,Undirected,0.38631914095629255
11,13,Undirected,0.3623901535864737
12,13,Undirected,0.3922503164942583
