Source,Target,Type,Weight
0,1,Undirected,0.7546770979928645
0,2,Undirected,0.33828150449674516
0,3,Undirected,0.33036433930542664
0,4,Undirected,0.36564325359505706
0,5,Undirected,0.331755906413016
0,6,Undirected,0.338841300064233
0,7,Undirected,0.23380702674649942
0,11,Undirected,0.28696998897359766
0,12,Undirected,0.38309030082739315
0,13,Undirected,0.1957383650282988
1,2,Undirected,0.7591467475978385
1,3,Undirected,0.28676384070240424
1,4,Undirected,0.16804068902105565
1,11,Undirected,0.1780496562073825
1,12,Undirected,0.18196807156024358
2,3,Undirected,0.7571621007360584
2,4,Undirected,0.3424876683979794
2,5,Undirected,0.19668197085997813
2,6,Undirected,0.20653839168974175
2,11,Undirected,0.29455364557455394
2,12,Undirected,0.3853174380433981
2,13,Undirected,0.21462660798379724
3,4,Undirected,0.7407416433965435
3,5,Undirected,0.31769148197106534
3,6,Undirected,0.17943474366349071
3,12,Undirected,0.19442649222642436
4,5,Undirected,0.7397452226266266
4,6,Undirected,0.35287244610882423
4,7,Undirected,0.20145672337337647
4,11,Undirected,0.20351874614366236
4,12,Undirected,0.3832027563017164
4,13,Undirected,0.2802421988371393
5,6,Undirected,0.7520523049073146
5,7,Undirected,0.21989439752410772
5,12,Undirected,0.19775236823593534
6,7,Undirected,0.7540567840550663
6,8,Undirected,0.2255801868683984
6,11,Undirected,0.29730601019301517
6,12,Undirected,0.3805309646196268
6,13,Undirected,0.2979510283289405
7,8,Undirected,0.7551959622090888
7,9,Undirected,0.22162059169994344
7,11,Undirected,0.26636733737385543
7,12,Undirected,0.21504729774765305
7,13,Undirected,0.24116643878070854
8,9,Undirected,0.7313891602869474
8,10,Undirected,0.3248722408967621
8,11,Undirected,0.3569740125754004
8,12,Undirected,0.1675170783943873
8,13,Undirected,0.22224979978302276
9,10,Undirected,0.7599787315598702
9,11,Undirected,0.30780281558252925
10,11,Undirected,0.7505026921035357
11,12,Undirected,0.3912856898704466
11,13,Undirected,0.3675953077765312
12,13,Undirected,0.35430508609732936
