Source,Target,Type,Weight
0,1,Undirected,0.7223261832701817
0,2,Undirected,0.2821483725140672
0,3,Undirected,0.22685105208747877
0,8,Undirected,0.22206748159631334
0,11,Undirected,0.31988578296933773
0,12,Undirected,0.3883269635291678
0,13,Undirected,0.36316949001676657
1,2,Undirected,0.736530493910279
1,3,Undirected,0.21149271164428557
1,8,Undirected,0.29427663605143894
2,3,Undirected,0.7335114630840417
2,4,Undirected,0.3280519545325102
2,5,Undirected,0.35232253941459224
2,6,Undirected,0.2021605998943674
2,7,Undirected,0.17969550289115707
2,8,Undirected,0.3642702967615035
2,9,Undirected,0.20168749321385682
3,4,Undirected,0.7510316984387587
3,5,Undirected,0.23635301164830472
3,8,Undirected,0.17162313603531662
4,5,Undirected,0.7490067986101698
4,6,Undirected,0.3496223243931587
4,7,Undirected,0.22005676780289715
4,8,Undirected,0.26336046197385726
4,9,Undirected,0.2496678776923217
5,6,Undirected,0.7319379182238198
5,7,Undirected,0.33109318271395743
5,8,Undirected,0.19774630808376784
6,7,Undirected,0.7734740853326822
6,8,Undirected,0.2642193605082421
7,8,Undirected,0.7554554238407442
7,9,Undirected,0.22247656712879102
8,9,Undirected,0.7464742371596027
8,10,Undirected,0.20357605858915612
8,11,Undirected,0.17780956695359168
9,10,Undirected,0.7550441765137975
9,11,Undirected,0.2829724908470701
10,11,Undirected,0.7505030278294051
11,12,Undirected,0.3835652466788666
11,13,Undirected,0.2030180998282942
12,13,Undirected,0.37947694243008323
