Source,Target,Type,Weight
0,1,Undirected,0.7306086370180787
0,2,Undirected,0.3154697910303261
0,3,Undirected,0.31495630654666656
0,4,Undirected,0.33453794955861976
0,5,Undirected,0.29317446488703885
0,6,Undirected,0.29831613670907325
0,7,Undirected,0.26889301295542134
0,8,Undirected,0.17179043446477438
0,11,Undirected,0.3066995241822067
0,12,Undirected,0.39188540210283507
0,13,Undirected,0.20556424127591544
1,2,Undirected,0.7328800430120829
1,3,Undirected,0.2647226467568935
1,7,Undirected,0.1834232715686897
1,10,Undirected,0.18313418824690322
1,11,Undirected,0.2688853592853219
1,12,Undirected,0.2115919358340739
2,3,Undirected,0.7379922417898376
2,4,Undirected,0.3297511463407194
2,5,Undirected,0.19572214323078654
2,6,Undirected,0.20104576484220393
2,11,Undirected,0.28452179958052015
2,12,Undirected,0.3995080520660137
2,13,Undirected,0.38942923876094343
3,4,Undirected,0.7463317136404299
3,5,Undirected,0.2854988400493304
3,6,Undirected,0.16889912250500239
3,12,Undirected,0.19955186392862403
4,5,Undirected,0.7624928691905036
4,6,Undirected,0.2701183842939283
4,7,Undirected,0.17100989722454826
4,11,Undirected,0.19825152371770008
4,12,Undirected,0.3860629413710095
4,13,Undirected,0.3085390337955223
5,6,Undirected,0.744014105087657
5,7,Undirected,0.2030534626094032
5,12,Undirected,0.20369097821208415
6,7,Undirected,0.7752878190667793
6,8,Undirected,0.2479823187350484
6,11,Undirected,0.2939942532985566
6,12,Undirected,0.35561304338868394
6,13,Undirected,0.1997803432867286
7,8,Undirected,0.7245051905289818
7,9,Undirected,0.21519922956666204
7,11,Undirected,0.2971246314193112
7,12,Undirected,0.2165491221619226
8,9,Undirected,0.7486501757210211
8,10,Undirected,0.3064920154167317
8,11,Undirected,0.32395740044959925
8,12,Undirected,0.1865941508352664
9,10,Undirected,0.7625369514549692
9,11,Undirected,0.3001650215442607
10,11,Undirected,0.7366283500747244
11,12,Undirected,0.386850614913237
11,13,Undirected,0.33436577426812164
12,13,Undirected,0.38775421529652543
