Source,Target,Type,Weight
0,1,Undirected,0.7684595326092981
0,2,Undirected,0.2736360291335357
0,3,Undirected,0.19380941625544837
0,12,Undirected,0.18237465021303328
0,13,Undirected,0.20956548641650405
1,2,Undirected,0.7357511608203189
1,3,Undirected,0.2266007393110173
1,12,Undirected,0.20506610531322286
1,13,Undirected,0.32792079121223466
2,3,Undirected,0.7395051087654008
2,4,Undirected,0.21468599662874258
2,5,Undirected,0.21136690554670418
2,6,Undirected,0.20651559197879493
2,8,Undirected,0.28722603111910255
2,11,Undirected,0.196719349299183
2,12,Undirected,0.38852142280053437
2,13,Undirected,0.32675299155193616
3,4,Undirected,0.7378083543615755
3,5,Undirected,0.25840835196092093
3,6,Undirected,0.17176835771292553
3,12,Undirected,0.1728311631971629
4,5,Undirected,0.7398273614330938
4,6,Undirected,0.22043013239144207
5,6,Undirected,0.7700301885399944
5,7,Undirected,0.21385382758369623
5,12,Undirected,0.17712594000012838
6,7,Undirected,0.746415188893065
6,8,Undirected,0.2498609898996518
6,11,Undirected,0.3086684585409341
6,12,Undirected,0.36503668509443227
6,13,Undirected,0.1966864717557783
7,8,Undirected,0.7533083266506162
7,9,Undirected,0.2573008265419999
7,10,Undirected,0.17574998615136853
7,11,Undirected,0.30024381409425854
7,12,Undirected,0.21113370177537788
8,9,Undirected,0.7292279419754664
8,10,Undirected,0.28846734870884455
8,11,Undirected,0.33831337437162684
8,12,Undirected,0.38469519380482015
8,13,Undirected,0.29521296269641517
9,10,Undirected,0.7148146529109757
9,11,Undirected,0.3343061036809424
10,11,Undirected,0.7403542269370735
10,12,Undirected,0.1718857010969398
10,13,Undirected,0.22266244208488675
11,12,Undirected,0.3788719665453383
11,13,Undirected,0.2990056608063001
12,13,Undirected,0.4015796235229327
