Source,Target,Type,Weight
0,1,Undirected,0.7256894566642625
0,2,Undirected,0.3100587553499555
0,3,Undirected,0.29930845775546633
0,4,Undirected,0.30181721233647807
0,5,Undirected,0.24734413289048143
0,6,Undirected,0.33670790169837317
0,7,Undirected,0.2428187535119039
0,8,Undirected,0.16850708003859713
0,11,Undirected,0.2811317245283057
0,12,Undirected,0.38501117130745605
0,13,Undirected,0.2017129061029554
1,2,Undirected,0.7498476591261547
1,3,Undirected,0.27318538492476385
1,10,Undirected,0.19295927281065064
1,11,Undirected,0.2585403674064511
1,12,Undirected,0.18647699616847335
2,3,Undirected,0.7504386411031472
2,4,Undirected,0.3103109276573682
2,5,Undirected,0.1766499952155496
2,6,Undirected,0.20434644667577664
2,11,Undirected,0.25858700643301075
2,12,Undirected,0.3795781485621284
2,13,Undirected,0.20221738384190968
3,4,Undirected,0.7448375700520994
3,5,Undirected,0.34342355531428675
3,6,Undirected,0.1869202227585304
3,12,Undirected,0.2055898343832654
4,5,Undirected,0.7431717846240858
4,6,Undirected,0.30515303108348396
4,7,Undirected,0.18655595694846108
4,11,Undirected,0.2052972242635704
4,12,Undirected,0.39887228320047746
4,13,Undirected,0.3210259840753874
5,6,Undirected,0.7429855704910497
5,7,Undirected,0.20631155449850547
5,12,Undirected,0.17983124014194063
6,7,Undirected,0.7418599419006935
6,8,Undirected,0.23929986641485518
6,11,Undirected,0.2714896230386717
6,12,Undirected,0.36008503709577183
6,13,Undirected,0.32305700379799385
7,8,Undirected,0.7747289684134271
7,9,Undirected,0.24767565509419023
7,11,Undirected,0.28685103545786733
7,12,Undirected,0.2152283605467492
7,13,Undirected,0.2518443227331811
8,9,Undirected,0.7665357735085687
8,10,Undirected,0.31999250505836085
8,11,Undirected,0.34480101351326353
8,12,Undirected,0.20043093829191122
8,13,Undirected,0.2664449713808402
9,10,Undirected,0.722479098458289
9,11,Undirected,0.27717728154260646
10,11,Undirected,0.7265086367977321
11,12,Undirected,0.3775734052033118
11,13,Undirected,0.34201262696726586
12,13,Undirected,0.3813212323074408
