Source,Target,Type,Weight
0,1,Undirected,0.7208627727315694
0,2,Undirected,0.33968634661094294
0,3,Undirected,0.3297296562153191
0,4,Undirected,0.23902543048528446
0,5,Undirected,0.22338031187468432
1,2,Undirected,0.7428226027687175
1,3,Undirected,0.25662148950696695
1,12,Undirected,0.17773849790242244
1,13,Undirected,0.1698194901881491
2,3,Undirected,0.7396874949848978
2,4,Undirected,0.2133996299713066
2,11,Undirected,0.21039583051170538
2,12,Undirected,0.38910246948981453
2,13,Undirected,0.36575169387703316
3,4,Undirected,0.7633395011208121
3,5,Undirected,0.26822262885423775
3,13,Undirected,0.17632250369560987
4,5,Undirected,0.7675057167620596
4,6,Undirected,0.20181196106783797
5,6,Undirected,0.7298493354919809
5,7,Undirected,0.22539338343718376
6,7,Undirected,0.7455018295375602
6,8,Undirected,0.26663349140531667
6,13,Undirected,0.2003675910328578
7,8,Undirected,0.7459778319780932
7,9,Undirected,0.20519821278167943
8,9,Undirected,0.7281442148803732
8,10,Undirected,0.30267353793081847
8,11,Undirected,0.2859083441830662
8,12,Undirected,0.18137334731516416
8,13,Undirected,0.17858478283509915
9,10,Undirected,0.735972506031984
9,11,Undirected,0.3426107069440049
9,12,Undirected,0.1806638557971019
9,13,Undirected,0.17255508320962434
10,11,Undirected,0.7612121379309343
11,12,Undirected,0.39121890086462996
11,13,Undirected,0.20252961141083278
12,13,Undirected,0.36997290325733384
