Source,Target,Type,Weight
0,1,Undirected,0.7725509731106728
0,2,Undirected,0.3534278542476143
0,3,Undirected,0.32580904157873414
0,4,Undirected,0.22720587151892097
0,5,Undirected,0.20543200433913042
0,6,Undirected,0.20848095107345493
0,7,Undirected,0.16749928356715507
0,8,Undirected,0.19506195116642686
0,11,Undirected,0.3182695404965601
0,12,Undirected,0.3631518184933565
0,13,Undirected,0.3167270586804977
1,2,Undirected,0.7371070101985441
1,3,Undirected,0.23644028145290308
1,11,Undirected,0.3492360203934391
1,12,Undirected,0.2217354803920532
1,13,Undirected,0.17196502499667082
2,3,Undirected,0.7452941170721731
2,4,Undirected,0.35980008437618327
2,5,Undirected,0.2177631149934354
2,6,Undirected,0.2145534006397668
2,8,Undirected,0.33214320020139376
2,11,Undirected,0.28119953952052185
2,12,Undirected,0.3889612020311317
2,13,Undirected,0.2766932213095072
3,4,Undirected,0.7439941769025709
3,5,Undirected,0.29655172950164044
3,6,Undirected,0.16787475161820892
3,11,Undirected,0.16738918693143584
3,12,Undirected,0.20078506343993893
3,13,Undirected,0.22778274511643992
4,5,Undirected,0.7686629624219962
4,6,Undirected,0.3489899536619198
4,7,Undirected,0.197647719652742
4,8,Undirected,0.2960122822784208
4,11,Undirected,0.19628743195370835
4,12,Undirected,0.3651212120658156
4,13,Undirected,0.34539279489066527
5,6,Undirected,0.7495312195368647
5,7,Undirected,0.22115989270778902
5,12,Undirected,0.19954237032684136
5,13,Undirected,0.353081749252681
6,7,Undirected,0.7396045395096358
6,8,Undirected,0.31022669463287544
6,11,Undirected,0.30132747619315486
6,12,Undirected,0.38683919760202906
6,13,Undirected,0.34812786106704496
7,8,Undirected,0.7405769124489301
7,9,Undirected,0.21507987274183785
7,11,Undirected,0.2776010521336569
7,12,Undirected,0.2137644109785195
7,13,Undirected,0.22459870483304165
8,9,Undirected,0.7620711570977404
8,10,Undirected,0.29419415477040106
8,11,Undirected,0.3070462519866151
8,12,Undirected,0.3905504443981769
8,13,Undirected,0.1962862745281562
9,10,Undirected,0.762471384399701
9,11,Undirected,0.30968024694065255
10,11,Undirected,0.7409213680437666
11,12,Undirected,0.38450747053766915
11,13,Undirected,0.23919519445262488
12,13,Undirected,0.3524401899241006
