Source,Target,Type,Weight
0,1,Undirected,0.7302211927596347
0,2,Undirected,0.33995924837329455
0,3,Undirected,0.19053977268081204
0,4,Undirected,0.30548360872206837
0,5,Undirected,0.1999324073425265
0,11,Undirected,0.25437378701335817
0,12,Undirected,0.4002018611568125
0,13,Undirected,0.31546366940239234
1,2,Undirected,0.7427620919863833
1,3,Undirected,0.26532209437697096
1,4,Undirected,0.2827546586082711
1,5,Undirected,0.2799376599855583
1,6,Undirected,0.17445024082287297
1,7,Undirected,0.19638437343176623
1,11,Undirected,0.22281881818749763
1,12,Undirected,0.21206031136529538
2,3,Undirected,0.7459776329643436
2,4,Undirected,0.3079036379914686
2,5,Undirected,0.18953093274001287
2,11,Undirected,0.19902984491033013
2,12,Undirected,0.3580895216974228
2,13,Undirected,0.31186711884369184
3,4,Undirected,0.7744739050847064
3,5,Undirected,0.24407946521025684
3,6,Undirected,0.1727296957245539
3,12,Undirected,0.1855926636298462
4,5,Undirected,0.7339845384431101
4,6,Undirected,0.2159739078763487
4,9,Undirected,0.188387290807124
4,11,Undirected,0.3326925328393067
4,12,Undirected,0.37570091716690807
4,13,Undirected,0.33710958723545165
5,6,Undirected,0.7488375692823169
5,7,Undirected,0.2806178819448394
5,8,Undirected,0.17236671191547098
5,9,Undirected,0.22232969793552632
5,11,Undirected,0.30769673190186225
5,12,Undirected,0.22860800569287515
6,7,Undirected,0.7310192980161341
6,8,Undirected,0.32991623928410374
6,9,Undirected,0.31510658267338415
6,11,Undirected,0.17373161297655407
7,8,Undirected,0.7252853875011122
7,9,Undirected,0.25039602867489386
7,11,Undirected,0.21745257580711105
8,9,Undirected,0.7228196263186538
8,10,Undirected,0.20809433243522876
9,10,Undirected,0.7651222223347142
9,11,Undirected,0.3680702136504136
10,11,Undirected,0.7350370387830113
11,12,Undirected,0.4025813248438407
11,13,Undirected,0.22164125022815134
12,13,Undirected,0.38757943231583086
