Source,Target,Type,Weight
0,1,Undirected,0.7535857183398132
0,2,Undirected,0.2648377474915325
0,8,Undirected,0.21776888120286106
0,11,Undirected,0.20330410664888088
0,12,Undirected,0.3500057745932583
0,13,Undirected,0.3520969024014307
1,2,Undirected,0.735194997039889
1,3,Undirected,0.2532219768670658
1,4,Undirected,0.16690043236573646
1,8,Undirected,0.18845896938118675
1,12,Undirected,0.22969815884584877
1,13,Undirected,0.35500699636419286
2,3,Undirected,0.7588387496785255
2,4,Undirected,0.2383534640465825
2,8,Undirected,0.2657150946213571
2,11,Undirected,0.27500664518439516
2,12,Undirected,0.3988593108165011
2,13,Undirected,0.27028184860931576
3,4,Undirected,0.729596500973812
3,5,Undirected,0.22577726560807734
3,13,Undirected,0.17315882632751464
4,5,Undirected,0.7435813362556762
4,6,Undirected,0.22309712319185548
4,7,Undirected,0.22608775148148436
4,8,Undirected,0.19574792034075778
5,6,Undirected,0.7377911581417419
5,7,Undirected,0.27212424159948667
5,8,Undirected,0.1683364372044242
6,7,Undirected,0.7427813622851852
6,8,Undirected,0.22465969790013576
6,9,Undirected,0.17396018831795593
7,8,Undirected,0.7653915536203781
7,9,Undirected,0.24879473205551245
7,13,Undirected,0.19284853236535351
8,9,Undirected,0.7368293827805933
8,10,Undirected,0.29153030989983664
8,11,Undirected,0.31811181783176473
8,12,Undirected,0.4039456290453032
8,13,Undirected,0.3104134690439033
9,10,Undirected,0.7464760306727087
9,11,Undirected,0.3004355211390566
10,11,Undirected,0.7403143054222945
11,12,Undirected,0.3624212477862281
11,13,Undirected,0.19419185283009713
12,13,Undirected,0.3768855604436504
