Source,Target,Type,Weight
0,1,Undirected,0.7428189192219067
0,2,Undirected,0.32245132579469
0,3,Undirected,0.3555386172228598
0,4,Undirected,0.3082592800337723
0,5,Undirected,0.3120054553108384
0,6,Undirected,0.3162909318783296
0,7,Undirected,0.27390643240330315
0,11,Undirected,0.3218878296847171
0,12,Undirected,0.3691837528672602
0,13,Undirected,0.18999533698082238
1,2,Undirected,0.7752640309107195
1,3,Undirected,0.2574741273831205
1,6,Undirected,0.16753305682130462
1,7,Undirected,0.1891873508239112
1,10,Undirected,0.20034569307563949
1,11,Undirected,0.3302058165231076
1,12,Undirected,0.21583813950922562
2,3,Undirected,0.7627395458700756
2,4,Undirected,0.3018231850184506
2,5,Undirected,0.18540626889457512
2,6,Undirected,0.20173706398324193
2,11,Undirected,0.3058777285156343
2,12,Undirected,0.3944438420484465
2,13,Undirected,0.2738942517002383
3,4,Undirected,0.7475002704457427
3,5,Undirected,0.2450505594857139
3,11,Undirected,0.17659489759417207
3,12,Undirected,0.2162746144078367
4,5,Undirected,0.7625605195362426
4,6,Undirected,0.3075342708318287
4,7,Undirected,0.18155611837432045
4,11,Undirected,0.1966060400835379
4,12,Undirected,0.3628432844297445
4,13,Undirected,0.32435947127515535
5,6,Undirected,0.7439107144820795
5,7,Undirected,0.2145981447252642
5,12,Undirected,0.2050580647735094
6,7,Undirected,0.76694098575493
6,8,Undirected,0.22574083536569678
6,11,Undirected,0.3136136440310953
6,12,Undirected,0.3972322664843231
6,13,Undirected,0.2656438073536707
7,8,Undirected,0.7545923077102986
7,9,Undirected,0.211064875452569
7,11,Undirected,0.2947712329188797
7,12,Undirected,0.21683578356208177
7,13,Undirected,0.1801261633485887
8,9,Undirected,0.7374727511788335
8,10,Undirected,0.3290897639866155
8,11,Undirected,0.3217234412923355
8,12,Undirected,0.1727564175963836
8,13,Undirected,0.17244364453496053
9,10,Undirected,0.7371260529514803
9,11,Undirected,0.3006271930343263
10,11,Undirected,0.7274134253893804
11,12,Undirected,0.3614444147140474
11,13,Undirected,0.30243924739475114
12,13,Undirected,0.3666776265665175
