Source,Target,Type,Weight
0,1,Undirected,0.7381325070039633
0,2,Undirected,0.3304903557233645
0,3,Undirected,0.3523269787471677
0,4,Undirected,0.21986456611452196
0,5,Undirected,0.18123383208057434
0,6,Undirected,0.20822937926425988
0,8,Undirected,0.19525360506345188
0,11,Undirected,0.3164985273773644
0,12,Undirected,0.36659029485393124
0,13,Undirected,0.3124332570556827
1,2,Undirected,0.7492590126075039
1,3,Undirected,0.23825400307583278
1,11,Undirected,0.33945915305009944
1,12,Undirected,0.21769032873113073
1,13,Undirected,0.19484938082432687
2,3,Undirected,0.7344398336616097
2,4,Undirected,0.37851094443638267
2,5,Undirected,0.21767851120765866
2,6,Undirected,0.20190114127010778
2,8,Undirected,0.30814040751076377
2,11,Undirected,0.33276649181163387
2,12,Undirected,0.3829622107425075
2,13,Undirected,0.1994963201922636
3,4,Undirected,0.7463108643438104
3,5,Undirected,0.31219068362199204
3,6,Undirected,0.167265772908466
3,12,Undirected,0.1998600794941362
4,5,Undirected,0.747726209781543
4,6,Undirected,0.33342639553555814
4,7,Undirected,0.19814848059381654
4,8,Undirected,0.3508789071976662
4,11,Undirected,0.19668357566394887
4,12,Undirected,0.3641907168662349
4,13,Undirected,0.22640913819079067
5,6,Undirected,0.7529651689089574
5,7,Undirected,0.2093416089646417
5,12,Undirected,0.2005555665532754
5,13,Undirected,0.20366801160036882
6,7,Undirected,0.7551100357184007
6,8,Undirected,0.3425666905073842
6,11,Undirected,0.30832775996931355
6,12,Undirected,0.3732670460057002
6,13,Undirected,0.3723829431497514
7,8,Undirected,0.7503541964327484
7,9,Undirected,0.22429994504675305
7,11,Undirected,0.2750379690790286
7,12,Undirected,0.20852844377363983
7,13,Undirected,0.26143097968179035
8,9,Undirected,0.7426802208082888
8,10,Undirected,0.30060801699451756
8,11,Undirected,0.34698396494342687
8,12,Undirected,0.4063934997255541
8,13,Undirected,0.2189564313502838
9,10,Undirected,0.7477478047642558
9,11,Undirected,0.3149154437485706
10,11,Undirected,0.7431503873040701
11,12,Undirected,0.38091159141483505
11,13,Undirected,0.3920579710199115
12,13,Undirected,0.3501496209283134
