Source,Target,Type,Weight
0,1,Undirected,0.7730368655092597
0,2,Undirected,0.3450116040198753
0,3,Undirected,0.2023550412617085
0,4,Undirected,0.2791845526415108
0,5,Undirected,0.1935189775113473
0,11,Undirected,0.25888900472416587
0,12,Undirected,0.38834695442874173
0,13,Undirected,0.31280723774833896
1,2,Undirected,0.743274377198406
1,3,Undirected,0.2666626316257269
1,4,Undirected,0.2512460005871566
1,5,Undirected,0.28148487880081907
1,6,Undirected,0.18581149837296035
1,7,Undirected,0.25706533687184213
1,11,Undirected,0.2755186933504107
1,12,Undirected,0.21153819384693412
2,3,Undirected,0.7258579935980642
2,4,Undirected,0.23870444669485458
2,5,Undirected,0.17467864623782628
2,11,Undirected,0.174922093578122
2,12,Undirected,0.20978870996397136
2,13,Undirected,0.19781476277861965
3,4,Undirected,0.7658396721114518
3,5,Undirected,0.26031413803630743
3,11,Undirected,0.17176922998167354
3,12,Undirected,0.18131510757206754
4,5,Undirected,0.7564048773938349
4,6,Undirected,0.21926768437695582
4,11,Undirected,0.34982951009235863
4,12,Undirected,0.3947102868029608
4,13,Undirected,0.23457994720599962
5,6,Undirected,0.7533315983176454
5,7,Undirected,0.2640997244847406
5,9,Undirected,0.1794972814167018
5,11,Undirected,0.3694085646197067
5,12,Undirected,0.2525200201230744
5,13,Undirected,0.1773019707160984
6,7,Undirected,0.7347963023889835
6,8,Undirected,0.3484550536360901
6,9,Undirected,0.3087879889736665
6,11,Undirected,0.19553131901256476
7,8,Undirected,0.7443231285285795
7,9,Undirected,0.26902410657149267
7,10,Undirected,0.17158617755468555
7,11,Undirected,0.25055034645602686
8,9,Undirected,0.7480592043984262
8,10,Undirected,0.20240003760102016
9,10,Undirected,0.7432533032414943
9,11,Undirected,0.36194315039442815
10,11,Undirected,0.7317195034297956
11,12,Undirected,0.3990995125420349
11,13,Undirected,0.21219875298506186
12,13,Undirected,0.37676107767057443
