Source,Target,Type,Weight
0,1,Undirected,0.7434173165040862
0,2,Undirected,0.2724696636373883
0,10,Undirected,0.21327135047929693
0,11,Undirected,0.26689703586316926
1,2,Undirected,0.7620721263341882
1,3,Undirected,0.2182714404662781
1,11,Undirected,0.17121174925476854
1,12,Undirected,0.17334397622921274
2,3,Undirected,0.7371093419113474
2,4,Undirected,0.199516153691081
2,6,Undirected,0.22024454088852832
2,7,Undirected,0.21478307099504948
2,8,Undirected,0.20617468582513643
2,9,Undirected,0.19335857292722555
2,11,Undirected,0.29624069273767795
2,12,Undirected,0.38663536935473997
2,13,Undirected,0.3599400795552376
3,4,Undirected,0.7285116156961163
3,5,Undirected,0.20666012273952927
3,6,Undirected,0.23354758685542001
3,7,Undirected,0.2655416552682172
4,5,Undirected,0.7402734083024982
4,6,Undirected,0.2925900624112013
4,7,Undirected,0.21338471289219318
5,6,Undirected,0.7539057269135802
5,7,Undirected,0.2088891686714058
6,7,Undirected,0.7402332995422676
6,8,Undirected,0.2750472936888238
6,12,Undirected,0.19346957881395047
6,13,Undirected,0.2804079887887721
7,8,Undirected,0.7082769178914263
7,9,Undirected,0.25209047432728154
7,13,Undirected,0.26910293461336804
8,9,Undirected,0.7527091707752505
8,10,Undirected,0.2277383195107532
8,11,Undirected,0.25364281238408054
8,12,Undirected,0.1906541682235174
8,13,Undirected,0.2912554561303441
9,10,Undirected,0.7678479910303402
9,11,Undirected,0.2858111456768678
9,13,Undirected,0.1986452372691319
10,11,Undirected,0.7604197052997992
11,12,Undirected,0.3846552921256204
11,13,Undirected,0.28491497459997955
12,13,Undirected,0.36722596129137547
