Source,Target,Type,Weight
0,1,Undirected,0.7380117198816839
0,2,Undirected,0.3350145146459583
0,3,Undirected,0.3333091488478265
0,4,Undirected,0.3359754436893422
0,5,Undirected,0.3219849416546309
0,6,Undirected,0.25786140554404874
0,7,Undirected,0.26049794604120885
0,11,Undirected,0.30377609630670094
0,12,Undirected,0.4049249359880736
0,13,Undirected,0.20845968898518005
1,2,Undirected,0.7282030626063405
1,3,Undirected,0.24797724592333434
1,7,Undirected,0.16846334488847603
1,10,Undirected,0.18250666792912326
1,11,Undirected,0.31944821871401324
1,12,Undirected,0.22638401337350017
1,13,Undirected,0.17528330189411767
2,3,Undirected,0.7311551405205695
2,4,Undirected,0.34665861106094725
2,5,Undirected,0.17030187860134555
2,6,Undirected,0.19189763858566775
2,8,Undirected,0.16724253633593136
2,11,Undirected,0.29836244041364235
2,12,Undirected,0.3876292928172711
2,13,Undirected,0.3894706433869122
3,4,Undirected,0.7496781166605136
3,5,Undirected,0.2950828437451896
3,6,Undirected,0.16743612239978853
3,12,Undirected,0.18105464760444162
4,5,Undirected,0.7515381539679691
4,6,Undirected,0.3549740669361137
4,7,Undirected,0.20578350044058225
4,8,Undirected,0.17012189725463278
4,11,Undirected,0.19670704199564482
4,12,Undirected,0.3761554462266738
4,13,Undirected,0.2887364859915817
5,6,Undirected,0.7317618226841412
5,7,Undirected,0.21240804547815845
5,12,Undirected,0.17855891855459666
6,7,Undirected,0.7414523493178921
6,8,Undirected,0.2381782918663977
6,11,Undirected,0.2869998949659255
6,12,Undirected,0.3766697568590641
6,13,Undirected,0.20894465390532793
7,8,Undirected,0.749237129493679
7,9,Undirected,0.23135636712325625
7,11,Undirected,0.2935482299638809
7,12,Undirected,0.21328503697791415
7,13,Undirected,0.1723060561476555
8,9,Undirected,0.7485018110682081
8,10,Undirected,0.3125705822498115
8,11,Undirected,0.3603329496303247
8,12,Undirected,0.20353679973663452
8,13,Undirected,0.2854789610653025
9,10,Undirected,0.7578382649327269
9,11,Undirected,0.3126130056217816
10,11,Undirected,0.7371907020169158
11,12,Undirected,0.3862384218598417
11,13,Undirected,0.30534821515282246
12,13,Undirected,0.3684750534377487
