Source,Target,Type,Weight
0,1,Undirected,0.7462475931967933
0,2,Undirected,0.3303209937641271
0,3,Undirected,0.32292381159523503
0,4,Undirected,0.30619277825788793
0,5,Undirected,0.3547395914650123
0,6,Undirected,0.30717971383969883
0,7,Undirected,0.25147382418577163
0,11,Undirected,0.2942080222622312
0,12,Undirected,0.3678808075389575
0,13,Undirected,0.19147739899591673
1,2,Undirected,0.7604410056855797
1,3,Undirected,0.3078092985869172
1,6,Undirected,0.169495892548201
1,11,Undirected,0.3244393577525485
1,12,Undirected,0.2047045045490009
2,3,Undirected,0.743827864389827
2,4,Undirected,0.3197549485429296
2,5,Undirected,0.16924354988320056
2,6,Undirected,0.20147381294459488
2,11,Undirected,0.2845345192556346
2,12,Undirected,0.3855724361245443
2,13,Undirected,0.20919084223485412
3,4,Undirected,0.7550446522356901
3,5,Undirected,0.31544162876414583
3,6,Undirected,0.18218071625277346
3,11,Undirected,0.18107720608710332
3,12,Undirected,0.1976725904449149
4,5,Undirected,0.7523657488164865
4,6,Undirected,0.31878022881958096
4,7,Undirected,0.19765707108154879
4,8,Undirected,0.17191306436394727
4,11,Undirected,0.19966682715656678
4,12,Undirected,0.38987350479149924
4,13,Undirected,0.3184823540229857
5,6,Undirected,0.7692087902051643
5,7,Undirected,0.21508320357826563
5,12,Undirected,0.18397722742814793
5,13,Undirected,0.16819747085269696
6,7,Undirected,0.7472261418267464
6,8,Undirected,0.23212043975057217
6,11,Undirected,0.29672004504950633
6,12,Undirected,0.3817654580821599
6,13,Undirected,0.34835361691337713
7,8,Undirected,0.7259157813538837
7,9,Undirected,0.21523200523498254
7,11,Undirected,0.28968362473066867
7,12,Undirected,0.22192807977233545
7,13,Undirected,0.2498477730788939
8,9,Undirected,0.7303744168768692
8,10,Undirected,0.31232619086021385
8,11,Undirected,0.3297585868800974
8,12,Undirected,0.2077519852894121
8,13,Undirected,0.30662006437969824
9,10,Undirected,0.7415559098641711
9,11,Undirected,0.28268563430220395
10,11,Undirected,0.7368691235037713
11,12,Undirected,0.38789367452678597
11,13,Undirected,0.2838960246945919
12,13,Undirected,0.3696660652022876
