Source,Target,Type,Weight
0,1,Undirected,0.7355722583790015
0,2,Undirected,0.29413535627315296
0,3,Undirected,0.275389946618668
0,4,Undirected,0.2465794722006205
0,5,Undirected,0.21357201152736813
0,11,Undirected,0.1808481153232359
0,12,Undirected,0.21577691292638446
0,13,Undirected,0.16951120939947106
1,2,Undirected,0.7773934648263757
1,3,Undirected,0.264849671134097
1,4,Undirected,0.16939819292611463
1,12,Undirected,0.20865550130551966
2,3,Undirected,0.7663583914729531
2,4,Undirected,0.22944248095885783
2,5,Undirected,0.18300972542851454
2,6,Undirected,0.2205502608866845
2,8,Undirected,0.31856367815491327
2,11,Undirected,0.22016511711893305
2,12,Undirected,0.38710268091170197
2,13,Undirected,0.34951155675280465
3,4,Undirected,0.7599343938245764
3,5,Undirected,0.256820779397633
3,6,Undirected,0.21069397887888183
3,12,Undirected,0.21142588915432547
3,13,Undirected,0.2723045507595961
4,5,Undirected,0.7466218654812723
4,6,Undirected,0.2876485965254102
4,13,Undirected,0.18328523136619404
5,6,Undirected,0.7318795508497712
5,7,Undirected,0.24299566799209632
5,13,Undirected,0.1816930135652551
6,7,Undirected,0.7539048460938598
6,8,Undirected,0.29389771993521263
6,11,Undirected,0.299710393844792
6,12,Undirected,0.3724559567676931
6,13,Undirected,0.35991255977191744
7,8,Undirected,0.7380715889869188
7,9,Undirected,0.24867825879494768
7,11,Undirected,0.26633151374489134
7,12,Undirected,0.20966385332232138
7,13,Undirected,0.20162674163266406
8,9,Undirected,0.7619388794551641
8,10,Undirected,0.2904255894453945
8,11,Undirected,0.31652506328533125
8,12,Undirected,0.39284647878089674
8,13,Undirected,0.2779514277642748
9,10,Undirected,0.7245991261041929
9,11,Undirected,0.3324882739790183
10,11,Undirected,0.7520728019692335
11,12,Undirected,0.390185054688463
11,13,Undirected,0.20136551837108735
12,13,Undirected,0.37571427790826695
