Source,Target,Type,Weight
0,1,Undirected,0.7335901062412992
0,2,Undirected,0.33229205800318196
0,3,Undirected,0.3304653842902281
0,4,Undirected,0.23513564392392203
0,5,Undirected,0.1911085992272008
0,6,Undirected,0.2098059620591868
0,8,Undirected,0.19827002325367685
0,11,Undirected,0.3126817088419665
0,12,Undirected,0.374918601452959
0,13,Undirected,0.3453000121842389
1,2,Undirected,0.7743571584444414
1,3,Undirected,0.2501140309705075
1,11,Undirected,0.3724146185495209
1,12,Undirected,0.22512643255429346
1,13,Undirected,0.17752131836720667
2,3,Undirected,0.7850457563902941
2,4,Undirected,0.30068842191170064
2,5,Undirected,0.18585276441045476
2,6,Undirected,0.20233383898654786
2,8,Undirected,0.2885690427763311
2,11,Undirected,0.2909951103321586
2,12,Undirected,0.39290061131241305
2,13,Undirected,0.22674801180085422
3,4,Undirected,0.7368286708523255
3,5,Undirected,0.34066827057756466
3,6,Undirected,0.18140066105671504
3,11,Undirected,0.18420545263078936
3,12,Undirected,0.21960520840248948
3,13,Undirected,0.265392940376084
4,5,Undirected,0.7762926955485598
4,6,Undirected,0.3556736865152797
4,7,Undirected,0.20639791085732778
4,8,Undirected,0.33086308380697205
4,11,Undirected,0.207357708737818
4,12,Undirected,0.38606869812692934
4,13,Undirected,0.29004394324402183
5,6,Undirected,0.7481684223745009
5,7,Undirected,0.2140508644752046
5,12,Undirected,0.2099053112403904
5,13,Undirected,0.33960617283810673
6,7,Undirected,0.7665357034639274
6,8,Undirected,0.30209294036055934
6,11,Undirected,0.30262481665432756
6,12,Undirected,0.380613632839004
6,13,Undirected,0.30327680795444495
7,8,Undirected,0.7512223717652563
7,9,Undirected,0.22261053876762313
7,11,Undirected,0.28489103571849456
7,12,Undirected,0.21673570288794636
7,13,Undirected,0.2027412850042938
8,9,Undirected,0.761673493658765
8,10,Undirected,0.30106835629812106
8,11,Undirected,0.3399021924128373
8,12,Undirected,0.39376832159734054
8,13,Undirected,0.18846938542583894
9,10,Undirected,0.7259730128621532
9,11,Undirected,0.3307109138518721
10,11,Undirected,0.7510099133643755
11,12,Undirected,0.3890577507598784
11,13,Undirected,0.21490960821241573
12,13,Undirected,0.3337674223476027
