Source,Target,Type,Weight
0,1,Undirected,0.7451288776115038
0,2,Undirected,0.33314426873341996
0,3,Undirected,0.326840759746049
0,4,Undirected,0.21470648157722577
0,5,Undirected,0.18686885653013874
0,6,Undirected,0.20695595966772998
0,8,Undirected,0.18631015451783592
0,11,Undirected,0.32385521925818284
0,12,Undirected,0.34985988685013375
0,13,Undirected,0.36282178419948663
1,2,Undirected,0.7345604834928079
1,3,Undirected,0.24524172567964864
1,11,Undirected,0.3066417189232114
1,12,Undirected,0.20525227659855172
1,13,Undirected,0.18195840907515345
2,3,Undirected,0.7582287801265177
2,4,Undirected,0.3383248358973254
2,5,Undirected,0.20943614727736765
2,6,Undirected,0.2137557610239066
2,8,Undirected,0.33599258787103403
2,11,Undirected,0.2837006959497525
2,12,Undirected,0.3961957012009225
2,13,Undirected,0.2989499307276159
3,4,Undirected,0.7339067738237542
3,5,Undirected,0.3262994728163773
3,6,Undirected,0.1792996040818183
3,11,Undirected,0.16865850768225238
3,12,Undirected,0.2060371686905543
3,13,Undirected,0.26003864586103226
4,5,Undirected,0.7440131152519439
4,6,Undirected,0.3569561489793275
4,7,Undirected,0.20335072888728573
4,8,Undirected,0.3328216789120932
4,11,Undirected,0.2008781099247571
4,12,Undirected,0.3672772507586256
4,13,Undirected,0.3177406023134294
5,6,Undirected,0.7501430337169683
5,7,Undirected,0.2059432060214725
5,12,Undirected,0.19884288843067632
5,13,Undirected,0.33019835578805445
6,7,Undirected,0.7501429666361701
6,8,Undirected,0.3026996848586288
6,11,Undirected,0.29408590121575445
6,12,Undirected,0.3825694159471359
6,13,Undirected,0.3025057765111697
7,8,Undirected,0.762537436665484
7,9,Undirected,0.2179952934308548
7,11,Undirected,0.28452178027990466
7,12,Undirected,0.21435302785181296
7,13,Undirected,0.19173458031318402
8,9,Undirected,0.7564260216579336
8,10,Undirected,0.29858063459803275
8,11,Undirected,0.3584368194071693
8,12,Undirected,0.3824852682259396
8,13,Undirected,0.19473984243466405
9,10,Undirected,0.7457291476554928
9,11,Undirected,0.31537922467750035
10,11,Undirected,0.7593870014824535
11,12,Undirected,0.38366871573965033
11,13,Undirected,0.20807298397398533
12,13,Undirected,0.35300011942557563
