Source,Target,Type,Weight
0,1,Undirected,0.7585993913377448
0,2,Undirected,0.33078845529438866
0,3,Undirected,0.34164728850763576
0,4,Undirected,0.23445891542270092
0,5,Undirected,0.18137122970640226
0,6,Undirected,0.21060219325734195
0,11,Undirected,0.3145759693528912
0,12,Undirected,0.40369524738642154
0,13,Undirected,0.20924055871660724
1,2,Undirected,0.7397444398186823
1,3,Undirected,0.25062616146707856
1,8,Undirected,0.18226168708553572
1,10,Undirected,0.25905505984825195
1,11,Undirected,0.34205513424731715
1,12,Undirected,0.21953010563374753
1,13,Undirected,0.16948219466847822
2,3,Undirected,0.7440135771749489
2,4,Undirected,0.3285993079075131
2,5,Undirected,0.17799046440856112
2,6,Undirected,0.20413691386435973
2,8,Undirected,0.20709564715908474
2,11,Undirected,0.29942681126348597
2,12,Undirected,0.38871704960491177
2,13,Undirected,0.3620861001474483
3,4,Undirected,0.7630041483751773
3,5,Undirected,0.3051659971060079
3,6,Undirected,0.17330370938917392
3,11,Undirected,0.18015466578792153
3,12,Undirected,0.22700788917015957
3,13,Undirected,0.17011833683536473
4,5,Undirected,0.7533084619468505
4,6,Undirected,0.328427300400325
4,7,Undirected,0.20325455084678412
4,8,Undirected,0.17645693260986467
4,11,Undirected,0.20324994131668117
4,12,Undirected,0.3901938752746463
4,13,Undirected,0.3660378178501279
5,6,Undirected,0.7470566516084688
5,7,Undirected,0.21539163104454803
5,12,Undirected,0.21040315519654615
6,7,Undirected,0.7336686379302458
6,8,Undirected,0.2521886936983251
6,11,Undirected,0.30396813450506466
6,12,Undirected,0.3855601017422487
6,13,Undirected,0.26952911458520423
7,8,Undirected,0.7493012432693499
7,9,Undirected,0.240642087993117
7,11,Undirected,0.29284732114392925
7,12,Undirected,0.21566394485655632
7,13,Undirected,0.22893315385343424
8,9,Undirected,0.7571433071460284
8,10,Undirected,0.33742974242879514
8,11,Undirected,0.3491850815701001
8,12,Undirected,0.21342675530274127
8,13,Undirected,0.28563274064635896
9,10,Undirected,0.7556267730112346
9,11,Undirected,0.32139558637991433
10,11,Undirected,0.7634474599100821
11,12,Undirected,0.3688753020970017
11,13,Undirected,0.2932625881043724
12,13,Undirected,0.36558942402222594
