Source,Target,Type,Weight
0,1,Undirected,0.737089652355792
0,2,Undirected,0.3301698417299079
0,3,Undirected,0.19416015616862842
0,4,Undirected,0.2719749598859526
0,5,Undirected,0.18664775819537427
0,11,Undirected,0.231034382849656
0,12,Undirected,0.40602452582115267
0,13,Undirected,0.3183519641249261
1,2,Undirected,0.7627581328146809
1,3,Undirected,0.2787463226129225
1,4,Undirected,0.23606121297853103
1,5,Undirected,0.2649987152221503
1,6,Undirected,0.16786721313076317
1,7,Undirected,0.23607160297097712
1,11,Undirected,0.29064243537658957
1,12,Undirected,0.22257923357843576
2,3,Undirected,0.7583135670525969
2,4,Undirected,0.2366043364163754
2,5,Undirected,0.1792569521569066
2,12,Undirected,0.20360359030897737
3,4,Undirected,0.760705602152601
3,5,Undirected,0.3279816662622582
3,6,Undirected,0.25557737074550735
4,5,Undirected,0.7514344119117191
4,6,Undirected,0.27483921858795435
4,10,Undirected,0.19097669989043994
4,11,Undirected,0.30699420295837815
4,12,Undirected,0.3508209736592191
4,13,Undirected,0.18919923012230389
5,6,Undirected,0.7489208705672308
5,7,Undirected,0.3078031995856333
5,8,Undirected,0.17622005053964215
5,9,Undirected,0.21199529418709995
5,11,Undirected,0.3230936851394456
5,12,Undirected,0.23529348406582803
6,7,Undirected,0.730316171421721
6,8,Undirected,0.24693014020188167
6,9,Undirected,0.18132114307215816
6,11,Undirected,0.18042047225614719
7,8,Undirected,0.7540994217192221
7,9,Undirected,0.2568435045440063
7,11,Undirected,0.2534726070602415
8,9,Undirected,0.7455649080176636
8,10,Undirected,0.20983873206156464
9,10,Undirected,0.7331959054833188
9,11,Undirected,0.3375665053992642
10,11,Undirected,0.7461236048997947
11,12,Undirected,0.39160326760558123
11,13,Undirected,0.2830678825060531
12,13,Undirected,0.37657624882900814
