Source,Target,Type,Weight
0,1,Undirected,0.7622491918045432
0,2,Undirected,0.3360439501450757
0,3,Undirected,0.355397025286606
0,4,Undirected,0.2781076760973964
0,5,Undirected,0.22811453021221598
0,6,Undirected,0.3378666259816876
0,7,Undirected,0.2995571959936236
0,11,Undirected,0.32127148720759635
0,12,Undirected,0.39520459542330844
0,13,Undirected,0.18976312546261023
1,2,Undirected,0.7393637349511428
1,3,Undirected,0.2494665466649442
1,7,Undirected,0.17687899435428328
1,10,Undirected,0.20043112984979267
1,11,Undirected,0.2774065806468766
1,12,Undirected,0.20238372802216043
2,3,Undirected,0.7445074368133131
2,4,Undirected,0.3166950367804733
2,5,Undirected,0.18208920804142129
2,6,Undirected,0.1924496737448203
2,11,Undirected,0.2979666493350831
2,12,Undirected,0.3867502726834402
2,13,Undirected,0.34461505697608813
3,4,Undirected,0.7387787396509778
3,5,Undirected,0.31600509308440505
3,6,Undirected,0.17701348159184782
3,11,Undirected,0.17568514544410732
3,12,Undirected,0.2246086876241979
4,5,Undirected,0.7552797321670384
4,6,Undirected,0.3577086032406187
4,7,Undirected,0.19846228898349152
4,11,Undirected,0.21535475969865664
4,12,Undirected,0.39764977008331837
4,13,Undirected,0.31708663110271923
5,6,Undirected,0.7330197166089722
5,7,Undirected,0.20680475397540257
5,12,Undirected,0.1934449513743051
6,7,Undirected,0.7437663983816363
6,8,Undirected,0.21918431301724584
6,11,Undirected,0.29892870974358565
6,12,Undirected,0.3678428335701979
6,13,Undirected,0.23436427514718508
7,8,Undirected,0.7554314085036968
7,9,Undirected,0.2128425595806869
7,11,Undirected,0.30128838499652366
7,12,Undirected,0.21974163735156857
7,13,Undirected,0.16699102940158878
8,9,Undirected,0.7716752067908383
8,10,Undirected,0.3126803801691214
8,11,Undirected,0.32504208036652543
8,12,Undirected,0.17092504334962721
8,13,Undirected,0.16972325783852985
9,10,Undirected,0.7593655538802686
9,11,Undirected,0.29612540856378644
10,11,Undirected,0.73984758903722
11,12,Undirected,0.3711636810538656
11,13,Undirected,0.2990903719419085
12,13,Undirected,0.3482227481069147
