Source,Target,Type,Weight
0,1,Undirected,0.74672587817607
0,2,Undirected,0.3380497009879379
0,3,Undirected,0.19976321630330718
0,4,Undirected,0.21370951634428115
0,12,Undirected,0.3984730676335731
0,13,Undirected,0.25572853816310226
1,2,Undirected,0.7464766949390093
1,3,Undirected,0.20992560843733674
1,12,Undirected,0.17182514400476126
2,3,Undirected,0.7477911317936264
2,4,Undirected,0.22802893332817215
2,12,Undirected,0.37241422174709454
2,13,Undirected,0.3757460850077787
3,4,Undirected,0.7728511931660879
3,5,Undirected,0.24763544186851666
3,12,Undirected,0.3638165949061388
3,13,Undirected,0.27760540662537964
4,5,Undirected,0.7500801172000183
4,6,Undirected,0.23560077494342116
4,12,Undirected,0.38139626746143623
4,13,Undirected,0.30963004401462585
5,6,Undirected,0.7479990380509349
5,7,Undirected,0.27654924263703096
5,8,Undirected,0.17472614890154625
6,7,Undirected,0.7630028991644869
6,8,Undirected,0.22544838616670707
7,8,Undirected,0.7303170615661937
7,9,Undirected,0.25655700618083854
7,11,Undirected,0.23894607012336677
8,9,Undirected,0.7309399312523619
8,10,Undirected,0.31905283623422925
8,11,Undirected,0.3194482673739006
9,10,Undirected,0.7411273702230987
9,11,Undirected,0.2842402701184696
10,11,Undirected,0.7573810635412727
12,13,Undirected,0.372623453889102
