Source,Target,Type,Weight
0,1,Undirected,0.7600670782159978
0,2,Undirected,0.33241146164214896
0,3,Undirected,0.3310586866731384
0,4,Undirected,0.22221230916106363
0,5,Undirected,0.184258003659589
0,6,Undirected,0.221171274876142
0,7,Undirected,0.18918709482097043
0,8,Undirected,0.20658201194128886
0,11,Undirected,0.32055876205724504
0,12,Undirected,0.40793900304755226
0,13,Undirected,0.3834544714188049
1,2,Undirected,0.747164112927612
1,3,Undirected,0.24318152538789975
1,11,Undirected,0.3305138984653573
1,12,Undirected,0.22668509561104824
1,13,Undirected,0.17708350837041023
2,3,Undirected,0.772182245366782
2,4,Undirected,0.3411761834962086
2,5,Undirected,0.1991139549017268
2,6,Undirected,0.20883392085399613
2,8,Undirected,0.2932603121003272
2,11,Undirected,0.267830065775165
2,12,Undirected,0.39716696734527995
2,13,Undirected,0.28639556472750044
3,4,Undirected,0.7322323235841239
3,5,Undirected,0.33338727764266973
3,6,Undirected,0.1880331534819432
3,11,Undirected,0.17807552436341553
3,12,Undirected,0.23093160218026798
3,13,Undirected,0.3123705253223722
4,5,Undirected,0.74403436430384
4,6,Undirected,0.35743275868151814
4,7,Undirected,0.20209609632992337
4,8,Undirected,0.336667604729829
4,11,Undirected,0.2000278511679368
4,12,Undirected,0.3771114439992782
4,13,Undirected,0.34091398804286555
5,6,Undirected,0.7391204821803637
5,7,Undirected,0.20834708884112477
5,12,Undirected,0.1963333541791726
5,13,Undirected,0.31150676352928663
6,7,Undirected,0.7368482817430522
6,8,Undirected,0.31213703861913555
6,11,Undirected,0.2925209474871594
6,12,Undirected,0.3745395167700996
6,13,Undirected,0.31524434927504313
7,8,Undirected,0.7509483975244132
7,9,Undirected,0.2203152496373256
7,11,Undirected,0.28362167691705975
7,12,Undirected,0.21096103036481945
7,13,Undirected,0.19671279874353062
8,9,Undirected,0.7535859891316485
8,10,Undirected,0.29075459768310197
8,11,Undirected,0.32631165794996375
8,12,Undirected,0.3988782007084948
8,13,Undirected,0.20350727172811536
9,10,Undirected,0.7197404454688553
9,11,Undirected,0.2968927548058066
10,11,Undirected,0.7494050666044888
11,12,Undirected,0.3822171287932802
11,13,Undirected,0.20554725661347165
12,13,Undirected,0.3644953708358618
