Source,Target,Type,Weight
0,1,Undirected,0.7454182934854914
0,2,Undirected,0.3303025766537419
0,3,Undirected,0.3220147047329967
0,4,Undirected,0.2426377170058894
0,5,Undirected,0.18404224538433653
0,6,Undirected,0.20419729890993615
0,8,Undirected,0.19535487782169295
0,11,Undirected,0.30414248441455255
0,12,Undirected,0.36668166566318805
0,13,Undirected,0.34509435062911803
1,2,Undirected,0.7330575099960108
1,3,Undirected,0.2414176323631358
1,11,Undirected,0.3388505526119453
1,12,Undirected,0.21731426702060316
1,13,Undirected,0.1729922495685612
2,3,Undirected,0.7377313345206418
2,4,Undirected,0.3503663000450164
2,5,Undirected,0.2042032041707794
2,6,Undirected,0.20562593754268244
2,8,Undirected,0.3244274877062574
2,11,Undirected,0.33195994925195704
2,12,Undirected,0.3810772255990833
2,13,Undirected,0.26276038659938966
3,4,Undirected,0.751775030152167
3,5,Undirected,0.293284058097081
3,6,Undirected,0.16955462675137153
3,12,Undirected,0.19559616879406774
3,13,Undirected,0.2415988839101852
4,5,Undirected,0.7430055104905163
4,6,Undirected,0.34972525960674183
4,7,Undirected,0.20312780588084536
4,8,Undirected,0.31527387451475847
4,11,Undirected,0.20075383008056566
4,12,Undirected,0.35930563265418014
4,13,Undirected,0.3237060529879361
5,6,Undirected,0.7386148154618174
5,7,Undirected,0.21377029421916094
5,12,Undirected,0.2037250717163249
5,13,Undirected,0.33082331253493646
6,7,Undirected,0.7311536747832672
6,8,Undirected,0.3104123663349403
6,11,Undirected,0.30781765687012935
6,12,Undirected,0.3751718630405306
6,13,Undirected,0.31570054548859433
7,8,Undirected,0.7694589145783642
7,9,Undirected,0.23075421560806536
7,11,Undirected,0.2823214049405761
7,12,Undirected,0.21166924580961605
7,13,Undirected,0.2034364789201439
8,9,Undirected,0.7540995572997713
8,10,Undirected,0.2958050214940301
8,11,Undirected,0.31922816012401656
8,12,Undirected,0.39403063370827723
8,13,Undirected,0.20138934169664321
9,10,Undirected,0.7416164865273929
9,11,Undirected,0.3222889369853999
10,11,Undirected,0.7692767204555827
11,12,Undirected,0.3920966009633061
11,13,Undirected,0.22664531001955796
12,13,Undirected,0.36468615744205374
