Source,Target,Type,Weight
0,1,Undirected,0.7510117287389692
0,2,Undirected,0.33251581912196815
0,3,Undirected,0.32181452795977317
0,4,Undirected,0.34430232445507064
0,5,Undirected,0.3208344702090375
0,6,Undirected,0.3077215188573251
0,7,Undirected,0.28705161188945383
0,8,Undirected,0.17795604337603885
0,11,Undirected,0.30542239097960955
0,12,Undirected,0.386207978640582
0,13,Undirected,0.20425147309471633
1,2,Undirected,0.7460819970779684
1,3,Undirected,0.2647228639599822
1,4,Undirected,0.171461363855441
1,6,Undirected,0.1700856928072754
1,7,Undirected,0.19273499627286542
1,10,Undirected,0.1835731691326013
1,11,Undirected,0.2926350954842924
1,12,Undirected,0.21717341277624433
2,3,Undirected,0.7372495956538824
2,4,Undirected,0.30208158305204597
2,5,Undirected,0.18706464572996798
2,6,Undirected,0.1909572410618092
2,11,Undirected,0.2799188094075268
2,12,Undirected,0.37110972434314843
2,13,Undirected,0.20021582025684004
3,4,Undirected,0.772206626705937
3,5,Undirected,0.3288372759978026
3,6,Undirected,0.18135683127807606
3,11,Undirected,0.1668303824713036
3,12,Undirected,0.20141841301477786
4,5,Undirected,0.7264521386480812
4,6,Undirected,0.32308223687960613
4,7,Undirected,0.19233281418548417
4,11,Undirected,0.20436753514462414
4,12,Undirected,0.3697293475860689
4,13,Undirected,0.3133419614412626
5,6,Undirected,0.7594287315390399
5,7,Undirected,0.21820376277965411
5,12,Undirected,0.2065843114675535
6,7,Undirected,0.7418624349966721
6,8,Undirected,0.2421991987333103
6,11,Undirected,0.3190380809082479
6,12,Undirected,0.3681731176560536
6,13,Undirected,0.33837868817331995
7,8,Undirected,0.7402145531269725
7,9,Undirected,0.22992327127389858
7,11,Undirected,0.2716237011221248
7,12,Undirected,0.2057551338169913
7,13,Undirected,0.21681849926362526
8,9,Undirected,0.7491520183441421
8,10,Undirected,0.33370053112936154
8,11,Undirected,0.3396062828276449
8,12,Undirected,0.17992472193264097
8,13,Undirected,0.21406663961681072
9,10,Undirected,0.75217806928593
9,11,Undirected,0.27385353201706
10,11,Undirected,0.7046082051675755
11,12,Undirected,0.38050855991486804
11,13,Undirected,0.337517392674794
12,13,Undirected,0.36879791321584826
