Source,Target,Type,Weight
0,1,Undirected,0.7395876506983563
0,2,Undirected,0.32067995738033406
0,3,Undirected,0.3314204421811226
0,4,Undirected,0.323595017399108
0,5,Undirected,0.364902729673046
0,6,Undirected,0.3173453511292106
0,7,Undirected,0.21537437713356147
0,11,Undirected,0.3190056142896247
0,12,Undirected,0.37950523487445564
0,13,Undirected,0.204464211460534
1,2,Undirected,0.7416145195971666
1,3,Undirected,0.2497831082153034
1,6,Undirected,0.17946348841637305
1,8,Undirected,0.18690772837296984
1,10,Undirected,0.21646610682700307
1,11,Undirected,0.3591384521381232
1,12,Undirected,0.22857529004450736
1,13,Undirected,0.24092390435244532
2,3,Undirected,0.7527068068638512
2,4,Undirected,0.30909284655942104
2,5,Undirected,0.17415123618901007
2,6,Undirected,0.2108945857921253
2,11,Undirected,0.2415413111667385
2,12,Undirected,0.4016284210511196
2,13,Undirected,0.3740800740899561
3,4,Undirected,0.7421294900865923
3,5,Undirected,0.3275661963378817
3,6,Undirected,0.18278766989980702
3,11,Undirected,0.16908781197443565
3,12,Undirected,0.19592618910729342
4,5,Undirected,0.7549193542145619
4,6,Undirected,0.36297456956361224
4,7,Undirected,0.19844570646471651
4,11,Undirected,0.1875663187147746
4,12,Undirected,0.3390718334752498
4,13,Undirected,0.2318708286730343
5,6,Undirected,0.7356936031920543
5,7,Undirected,0.21614566316660438
5,12,Undirected,0.17496479474579674
6,7,Undirected,0.7073013963974256
6,8,Undirected,0.22164237461229927
6,11,Undirected,0.28483951400692203
6,12,Undirected,0.3816095714645876
6,13,Undirected,0.19635333585943207
7,8,Undirected,0.7461646200217713
7,9,Undirected,0.20997367759712204
7,11,Undirected,0.2898225217928114
7,12,Undirected,0.2200990090385183
8,9,Undirected,0.7374091546209778
8,10,Undirected,0.3052612778734511
8,11,Undirected,0.3626415336428964
8,12,Undirected,0.20056350722181912
8,13,Undirected,0.2367691003606939
9,10,Undirected,0.7403757902660703
9,11,Undirected,0.3067801246633636
10,11,Undirected,0.7374695094987593
11,12,Undirected,0.3797611915271043
11,13,Undirected,0.29551430663974776
12,13,Undirected,0.37642332043589066
