Source,Target,Type,Weight
0,1,Undirected,0.7604834032084852
0,2,Undirected,0.2691948698026259
0,6,Undirected,0.39173852144089927
1,2,Undirected,0.7676180884492191
1,3,Undirected,0.273799025583731
2,3,Undirected,0.7532440664329636
2,4,Undirected,0.3220948254002433
2,5,Undirected,0.3432373396827912
2,6,Undirected,0.36469893650229157
2,7,Undirected,0.204795440101529
2,11,Undirected,0.21472967472911159
2,12,Undirected,0.3823704447063491
2,13,Undirected,0.3239301791843529
3,4,Undirected,0.7358126645162869
3,5,Undirected,0.24940676531929779
3,12,Undirected,0.19724429159302675
3,13,Undirected,0.3188771472279998
4,5,Undirected,0.7427597901404102
4,6,Undirected,0.3084611814957297
4,7,Undirected,0.3492111015437942
4,8,Undirected,0.2685786062485016
4,9,Undirected,0.1862869849909053
4,10,Undirected,0.2448796195054374
4,11,Undirected,0.2878213918415206
4,12,Undirected,0.39118361773852756
4,13,Undirected,0.3026775350383028
5,6,Undirected,0.751688196384649
5,7,Undirected,0.21781889043600297
5,12,Undirected,0.18590754513626825
5,13,Undirected,0.18093237001809884
6,7,Undirected,0.7427599874409346
6,8,Undirected,0.253802971554767
6,10,Undirected,0.169827521353028
6,11,Undirected,0.20306496455625775
6,12,Undirected,0.3692424493455269
6,13,Undirected,0.19674330405913842
7,8,Undirected,0.7214242572762636
7,9,Undirected,0.3112064795111281
7,10,Undirected,0.32160471112919314
7,11,Undirected,0.19576639415383285
7,12,Undirected,0.20809412594944127
8,9,Undirected,0.7336683170966612
8,10,Undirected,0.3324461347892901
9,10,Undirected,0.7849739844152597
9,11,Undirected,0.21938866032183876
10,11,Undirected,0.7316447067056988
10,12,Undirected,0.17925704409036122
11,12,Undirected,0.3910488196617104
11,13,Undirected,0.3333574683390981
12,13,Undirected,0.3666647084658616
