Source,Target,Type,Weight
0,1,Undirected,0.7324881398437507
0,2,Undirected,0.3253722969836435
0,3,Undirected,0.3480157858608464
0,4,Undirected,0.23919022924556407
0,5,Undirected,0.17394469175369492
0,6,Undirected,0.2174601971434002
0,11,Undirected,0.3133487267002998
0,12,Undirected,0.40330199043087783
0,13,Undirected,0.3045488708510856
1,2,Undirected,0.7566009505170318
1,3,Undirected,0.24404413143168813
1,10,Undirected,0.17742624865353643
1,11,Undirected,0.35841090720692953
1,12,Undirected,0.21393969602566193
1,13,Undirected,0.19889373025610668
2,3,Undirected,0.7757565713970763
2,4,Undirected,0.35017993636103756
2,5,Undirected,0.18620815248463318
2,6,Undirected,0.211528549644684
2,11,Undirected,0.2935799749012214
2,12,Undirected,0.3951708980837296
2,13,Undirected,0.19437432316851858
3,4,Undirected,0.7609001155145523
3,5,Undirected,0.29594983131941155
3,6,Undirected,0.17916933649783082
3,11,Undirected,0.19560968762081893
3,12,Undirected,0.23510422254471505
4,5,Undirected,0.7752632427739067
4,6,Undirected,0.3412729828945451
4,7,Undirected,0.1975015835710181
4,8,Undirected,0.16732114251393085
4,11,Undirected,0.21852972768396953
4,12,Undirected,0.3923951583780679
4,13,Undirected,0.20482698355476714
5,6,Undirected,0.7703724546972921
5,7,Undirected,0.20799957788171602
5,12,Undirected,0.1948928032521785
6,7,Undirected,0.729909348314243
6,8,Undirected,0.23123815362494943
6,11,Undirected,0.2870598631794182
6,12,Undirected,0.39215599010387453
6,13,Undirected,0.3239638311407242
7,8,Undirected,0.7469977107266011
7,9,Undirected,0.20754307493206847
7,11,Undirected,0.2516617229982463
7,12,Undirected,0.21554661980691836
7,13,Undirected,0.27255847641886977
8,9,Undirected,0.7179399663222579
8,10,Undirected,0.3037042352374344
8,11,Undirected,0.2934637130152498
8,12,Undirected,0.18555387710923943
8,13,Undirected,0.20040835618383634
9,10,Undirected,0.7637824375731871
9,11,Undirected,0.28569587514755457
10,11,Undirected,0.7517086736036666
11,12,Undirected,0.3805151533213417
11,13,Undirected,0.29771289454125405
12,13,Undirected,0.35924334480133585
