Source,Target,Type,Weight
0,1,Undirected,0.7625367435077948
0,2,Undirected,0.35804373075355655
0,3,Undirected,0.36189636864092395
0,4,Undirected,0.23329806490110916
0,5,Undirected,0.18132849595153164
0,6,Undirected,0.20775217051601125
0,7,Undirected,0.17030985864250547
0,8,Undirected,0.198945673838121
0,11,Undirected,0.3129832597433231
0,12,Undirected,0.39053775311069083
0,13,Undirected,0.3119377216928854
1,2,Undirected,0.7654130636174752
1,3,Undirected,0.25572102309772654
1,11,Undirected,0.30109133030368684
1,12,Undirected,0.2059700264127346
2,3,Undirected,0.7507763411614083
2,4,Undirected,0.35931021892776543
2,5,Undirected,0.20408246280192796
2,6,Undirected,0.20870643830111538
2,8,Undirected,0.32693367172750953
2,11,Undirected,0.3083117816181726
2,12,Undirected,0.3900985034286931
2,13,Undirected,0.2366461200804561
3,4,Undirected,0.7561661656572563
3,5,Undirected,0.3181730875724258
3,6,Undirected,0.17323092991255817
3,11,Undirected,0.16829241243209608
3,12,Undirected,0.2083092169402617
3,13,Undirected,0.208922506226874
4,5,Undirected,0.7492592133759336
4,6,Undirected,0.36271664241092055
4,7,Undirected,0.20615668817408941
4,8,Undirected,0.34289802883077797
4,11,Undirected,0.20741710148241543
4,12,Undirected,0.38731215244624284
4,13,Undirected,0.2884158939058508
5,6,Undirected,0.727374004247043
5,7,Undirected,0.22271439326302214
5,12,Undirected,0.19956696061564563
5,13,Undirected,0.2876101928686345
6,7,Undirected,0.7387575945478216
6,8,Undirected,0.36509467400818785
6,11,Undirected,0.3032907773602107
6,12,Undirected,0.3780613743653126
6,13,Undirected,0.3385498299705465
7,8,Undirected,0.757271668853249
7,9,Undirected,0.2140077459678485
7,11,Undirected,0.2762831529751411
7,12,Undirected,0.21553020492898398
7,13,Undirected,0.23818716474349488
8,9,Undirected,0.7594311378600768
8,10,Undirected,0.29882054234491007
8,11,Undirected,0.3425841782014311
8,12,Undirected,0.39278805741145023
8,13,Undirected,0.20578144082097802
9,10,Undirected,0.7638706970279315
9,11,Undirected,0.3421824961782601
10,11,Undirected,0.7444876143386371
11,12,Undirected,0.4002913115499914
11,13,Undirected,0.26769868069985175
12,13,Undirected,0.34932208609957105
