Source,Target,Type,Weight
0,1,Undirected,0.7516032009094564
0,2,Undirected,0.33694303793909275
0,3,Undirected,0.33815201306394393
0,4,Undirected,0.30658550414712
0,5,Undirected,0.21167988569105295
0,6,Undirected,0.25918427754065915
0,7,Undirected,0.3163717132896434
0,8,Undirected,0.20234260439764648
0,12,Undirected,0.3700415468133033
0,13,Undirected,0.2143160512620737
1,2,Undirected,0.7525167969615882
1,3,Undirected,0.2508968583577532
1,7,Undirected,0.18701174922944616
1,8,Undirected,0.17604376649608644
1,12,Undirected,0.18338158592326112
1,13,Undirected,0.16953387464909356
2,3,Undirected,0.7558839425591467
2,4,Undirected,0.3373371726180566
2,5,Undirected,0.20317576452540875
2,6,Undirected,0.19900225206396496
2,7,Undirected,0.20171096596198626
2,12,Undirected,0.378290102947157
2,13,Undirected,0.2536124302926254
3,4,Undirected,0.7458958473026767
3,5,Undirected,0.206343160702122
3,12,Undirected,0.2135448710076775
4,5,Undirected,0.7388184957220243
4,6,Undirected,0.3075274611870037
4,7,Undirected,0.20768643582033267
4,12,Undirected,0.3567905098221289
4,13,Undirected,0.2087433120135959
5,6,Undirected,0.7431892984245139
5,7,Undirected,0.27420766331988455
5,12,Undirected,0.20671483749123348
5,13,Undirected,0.17432208213092093
6,7,Undirected,0.7695508205699566
6,8,Undirected,0.2519845650514329
6,9,Undirected,0.2613923988312107
6,10,Undirected,0.16939427962165698
6,12,Undirected,0.36579335254961026
6,13,Undirected,0.32257943942771755
7,8,Undirected,0.7177001038656147
7,9,Undirected,0.23720412146504383
7,12,Undirected,0.3586365854457284
7,13,Undirected,0.32043545504190113
8,9,Undirected,0.7197964602962089
8,10,Undirected,0.27004756651918144
8,11,Undirected,0.18517313095091564
8,12,Undirected,0.20955824087758268
8,13,Undirected,0.26624637405259755
9,10,Undirected,0.7302196671996095
9,11,Undirected,0.26182248199211366
9,13,Undirected,0.23279017712194736
10,11,Undirected,0.7739649960303493
12,13,Undirected,0.38745154435453627
