Source,Target,Type,Weight
0,1,Undirected,0.7491744986552363
0,2,Undirected,0.338186857998503
0,3,Undirected,0.32048317474488325
0,4,Undirected,0.33126757608847945
0,5,Undirected,0.21712585750473692
0,6,Undirected,0.29278082322687954
0,7,Undirected,0.2934445160706248
0,8,Undirected,0.30966895214927825
0,12,Undirected,0.37684621269602964
0,13,Undirected,0.19150156294858522
1,2,Undirected,0.7396645368905198
1,3,Undirected,0.25337574240235955
1,7,Undirected,0.21341617799227075
1,8,Undirected,0.3133320130615765
1,9,Undirected,0.16940082014103272
1,12,Undirected,0.2029290889231391
2,3,Undirected,0.7448183251805552
2,4,Undirected,0.34684844375653134
2,5,Undirected,0.19464617940584777
2,6,Undirected,0.19244310424108538
2,7,Undirected,0.21313722471135313
2,8,Undirected,0.17834152026274597
2,12,Undirected,0.3862867283102691
2,13,Undirected,0.23451625554000302
3,4,Undirected,0.727413803853054
3,5,Undirected,0.21621831167285993
3,12,Undirected,0.21530837326653132
4,5,Undirected,0.7360704723232817
4,6,Undirected,0.30056473984761023
4,7,Undirected,0.19959003732453387
4,12,Undirected,0.37302291727958115
4,13,Undirected,0.2496458547506889
5,6,Undirected,0.7478103972699945
5,7,Undirected,0.22664788194154745
5,12,Undirected,0.21404201655628194
5,13,Undirected,0.22046470633748566
6,7,Undirected,0.7392033290994657
6,8,Undirected,0.22955464372789863
6,12,Undirected,0.36069193482836215
6,13,Undirected,0.33106414806729856
7,8,Undirected,0.7324867327172555
7,9,Undirected,0.22523134211181448
7,12,Undirected,0.34770273355449627
7,13,Undirected,0.28347620449223826
8,9,Undirected,0.7177013319461746
8,10,Undirected,0.2074802435643492
8,11,Undirected,0.16728189023609605
8,12,Undirected,0.19505883057638543
8,13,Undirected,0.19531199504984706
9,10,Undirected,0.7703946700781498
9,11,Undirected,0.24505680184906903
10,11,Undirected,0.7825427624705215
12,13,Undirected,0.36730674466946844
