Source,Target,Type,Weight
0,1,Undirected,0.7963131512767616
0,2,Undirected,0.31659215137835167
0,3,Undirected,0.3434076969166123
0,4,Undirected,0.22649093021949776
0,5,Undirected,0.18226520367942178
0,6,Undirected,0.20688738052799122
0,11,Undirected,0.31581904564052593
0,12,Undirected,0.381132873062874
0,13,Undirected,0.34800175266004163
1,2,Undirected,0.727704012144871
1,3,Undirected,0.24487904762616486
1,10,Undirected,0.26376415483581933
1,11,Undirected,0.3280152931324488
1,12,Undirected,0.21700300729675343
2,3,Undirected,0.7349161035974374
2,4,Undirected,0.35640517084837403
2,5,Undirected,0.1886207935530002
2,6,Undirected,0.20271265355312998
2,8,Undirected,0.18687115441558255
2,11,Undirected,0.3013622035697121
2,12,Undirected,0.39890695622765227
2,13,Undirected,0.24447251795320574
3,4,Undirected,0.7441991846517293
3,5,Undirected,0.29942529359256326
3,6,Undirected,0.177278949299782
3,11,Undirected,0.19426675774403074
3,12,Undirected,0.23554007266058666
3,13,Undirected,0.27706249955411627
4,5,Undirected,0.7450875130145488
4,6,Undirected,0.3201362396197967
4,7,Undirected,0.21365804557300422
4,11,Undirected,0.2138193120207193
4,12,Undirected,0.3823653554327043
4,13,Undirected,0.3069419918754816
5,6,Undirected,0.7406794437854629
5,7,Undirected,0.20688640086371032
5,12,Undirected,0.20449892326492752
5,13,Undirected,0.3291697761172067
6,7,Undirected,0.7258197456769353
6,8,Undirected,0.2263706467017262
6,11,Undirected,0.29827773803241986
6,12,Undirected,0.37215908763214395
6,13,Undirected,0.30380540479462026
7,8,Undirected,0.7578155355198479
7,9,Undirected,0.22130122654464077
7,11,Undirected,0.2986284662581055
7,12,Undirected,0.2206537801713231
7,13,Undirected,0.1799628893131674
8,9,Undirected,0.7917328244512565
8,10,Undirected,0.3294647465673621
8,11,Undirected,0.3368094301089982
8,12,Undirected,0.19576069266445342
9,10,Undirected,0.72408650048584
9,11,Undirected,0.2954664890333099
10,11,Undirected,0.7649644674772319
11,12,Undirected,0.3872772843802558
11,13,Undirected,0.19578441450559336
12,13,Undirected,0.3570744830286984
