Source,Target,Type,Weight
0,1,Undirected,0.7484833113613905
0,2,Undirected,0.26919778968306535
0,6,Undirected,0.24565202825695517
1,2,Undirected,0.7397692295413913
1,3,Undirected,0.25068622921484235
2,3,Undirected,0.7626479421135072
2,4,Undirected,0.34695913681764584
2,5,Undirected,0.3096675117796544
2,6,Undirected,0.2962535192564957
2,7,Undirected,0.1938985644687264
2,11,Undirected,0.2304365879968271
2,12,Undirected,0.3819773664305391
2,13,Undirected,0.2820572032955128
3,4,Undirected,0.7559695002653992
3,5,Undirected,0.2521363005112213
3,6,Undirected,0.16748998627033065
3,11,Undirected,0.18613668862778388
3,12,Undirected,0.20041385280177276
4,5,Undirected,0.7622485684341107
4,6,Undirected,0.3192981005728298
4,7,Undirected,0.32486225142655234
4,8,Undirected,0.26104659275488257
4,9,Undirected,0.1912924025843126
4,10,Undirected,0.25168478267718114
4,11,Undirected,0.34216097417279767
4,12,Undirected,0.3819996661160526
4,13,Undirected,0.2001823369503224
5,6,Undirected,0.7498279534157113
5,7,Undirected,0.2196294260316677
5,8,Undirected,0.16971959046887608
5,12,Undirected,0.18724459416180278
6,7,Undirected,0.7614728475359179
6,8,Undirected,0.26206569149555997
6,10,Undirected,0.16897364371415663
6,11,Undirected,0.20377665909013173
6,12,Undirected,0.3674630417146332
6,13,Undirected,0.2045686217015091
7,8,Undirected,0.7500790440887182
7,9,Undirected,0.3410348723130815
7,10,Undirected,0.3086008035400142
7,11,Undirected,0.18805574762792984
7,12,Undirected,0.21948780680277064
8,9,Undirected,0.7654112477917779
8,10,Undirected,0.3121390827854303
9,10,Undirected,0.7275839631578463
9,11,Undirected,0.21543008624180537
10,11,Undirected,0.7734762962096231
10,12,Undirected,0.19650913748111537
10,13,Undirected,0.1839264656175403
11,12,Undirected,0.3882007016908645
11,13,Undirected,0.3020211338984286
12,13,Undirected,0.38657037209079415
