Source,Target,Type,Weight
0,1,Undirected,0.7598906807811777
0,2,Undirected,0.25756443986803634
0,3,Undirected,0.23863635070560463
0,4,Undirected,0.17670357877594162
0,5,Undirected,0.17500255141401744
0,11,Undirected,0.1726487410933249
0,12,Undirected,0.20316588362567756
1,2,Undirected,0.7553898444890389
1,3,Undirected,0.2749193113934259
1,4,Undirected,0.17484309449013213
1,12,Undirected,0.21589573352182262
1,13,Undirected,0.19752089218344884
2,3,Undirected,0.7359909090478383
2,4,Undirected,0.22622296092634878
2,5,Undirected,0.18144515566597788
2,8,Undirected,0.28865821304886935
2,10,Undirected,0.18337483524130188
2,11,Undirected,0.20079025392429367
2,12,Undirected,0.398067056625158
2,13,Undirected,0.3256143837530665
3,4,Undirected,0.7512857492014138
3,5,Undirected,0.2701154618043912
3,6,Undirected,0.16764374489141318
3,8,Undirected,0.24044999988534452
3,12,Undirected,0.2205562220374279
4,5,Undirected,0.7698233499094597
4,6,Undirected,0.31675875214857735
4,8,Undirected,0.18333453391119595
5,6,Undirected,0.7474774242625811
5,7,Undirected,0.21351304188115688
5,8,Undirected,0.1738959258980095
6,7,Undirected,0.7483129166415032
6,8,Undirected,0.30730122334241544
6,9,Undirected,0.17013400103452148
6,11,Undirected,0.26850981388573975
6,12,Undirected,0.1984569176717098
7,8,Undirected,0.75435724841788
7,9,Undirected,0.2652501790656762
7,11,Undirected,0.26835710431296794
8,9,Undirected,0.7323904213628774
8,10,Undirected,0.27273906017836647
8,11,Undirected,0.3471427480109227
8,12,Undirected,0.39696195631084963
8,13,Undirected,0.2792020963801815
9,10,Undirected,0.7248088010364325
9,11,Undirected,0.3418969847914963
9,12,Undirected,0.17172042469270454
9,13,Undirected,0.17094048026310374
10,11,Undirected,0.7305499088446391
10,12,Undirected,0.19312829880574875
10,13,Undirected,0.28211020898587047
11,12,Undirected,0.3788827814954198
11,13,Undirected,0.28571629039068974
12,13,Undirected,0.38465508046769714
