Source,Target,Type,Weight
0,1,Undirected,0.77856997605152
0,2,Undirected,0.276401297159942
0,6,Undirected,0.3864664005456945
1,2,Undirected,0.7401721649084293
1,3,Undirected,0.2736226407955227
2,3,Undirected,0.7619394331120073
2,4,Undirected,0.34901518946473237
2,5,Undirected,0.35755573722836814
2,6,Undirected,0.3302111718230146
2,7,Undirected,0.18913595932780342
2,11,Undirected,0.22106312164884903
2,12,Undirected,0.39315167055790495
2,13,Undirected,0.19863709029215249
3,4,Undirected,0.7546798816638316
3,5,Undirected,0.24278566693610024
3,11,Undirected,0.20665615164959175
3,12,Undirected,0.20407005099338033
4,5,Undirected,0.7575768905583031
4,6,Undirected,0.3475408173428362
4,7,Undirected,0.23570163527090687
4,8,Undirected,0.19657334780453234
4,10,Undirected,0.21726097792883764
4,11,Undirected,0.2973070849721311
4,12,Undirected,0.38921082599509743
4,13,Undirected,0.2670522705151666
5,6,Undirected,0.7728056967534195
5,7,Undirected,0.22202556274424878
5,8,Undirected,0.16934033276476143
5,12,Undirected,0.19858154685233184
6,7,Undirected,0.7798709699011891
6,8,Undirected,0.26518029783645886
6,10,Undirected,0.1784289200319464
6,11,Undirected,0.21501398309807054
6,12,Undirected,0.36779832012357266
6,13,Undirected,0.3238548941822535
7,8,Undirected,0.7354929962258301
7,9,Undirected,0.32564145902575975
7,10,Undirected,0.30678600367268055
7,11,Undirected,0.20072548821237188
7,12,Undirected,0.21260951713967757
7,13,Undirected,0.3663735075772849
8,9,Undirected,0.7473098172894005
8,10,Undirected,0.2989819809763157
8,13,Undirected,0.2096352451175122
9,10,Undirected,0.7387963072726002
9,11,Undirected,0.20638393624664922
9,13,Undirected,0.17723779243806423
10,11,Undirected,0.7530089675000721
10,12,Undirected,0.19518284198194974
10,13,Undirected,0.35627526512722285
11,12,Undirected,0.4056294266397788
11,13,Undirected,0.3526831999249278
12,13,Undirected,0.38113560910715416
