Source,Target,Type,Weight
0,1,Undirected,0.739020009622069
0,2,Undirected,0.2845682251380775
1,2,Undirected,0.7513269973746661
1,3,Undirected,0.22847137473148116
2,3,Undirected,0.747916408478268
2,4,Undirected,0.3328268817024266
2,5,Undirected,0.33735877041077733
2,6,Undirected,0.3442527015804765
2,7,Undirected,0.18845798711443387
2,8,Undirected,0.17817495461413346
2,12,Undirected,0.39590261992270925
2,13,Undirected,0.24756922818302315
3,4,Undirected,0.7396061697445943
3,5,Undirected,0.2717170325986276
3,6,Undirected,0.17462747589574404
3,12,Undirected,0.2247075531196084
3,13,Undirected,0.1741530583984976
4,5,Undirected,0.7362102663522407
4,6,Undirected,0.34609584080547184
4,7,Undirected,0.31463026721830745
4,8,Undirected,0.35007693789514344
4,9,Undirected,0.1930940858932942
4,10,Undirected,0.22642419620107818
4,12,Undirected,0.3776159306720752
4,13,Undirected,0.206321865541807
5,6,Undirected,0.7476646309404303
5,7,Undirected,0.2193334545140406
5,8,Undirected,0.2925713061225002
5,12,Undirected,0.19516282537692217
6,7,Undirected,0.7340052827399898
6,8,Undirected,0.31724916951261306
6,9,Undirected,0.16848713854214636
6,12,Undirected,0.37751124891183113
6,13,Undirected,0.2062382296857283
7,8,Undirected,0.7484789704074222
7,9,Undirected,0.30818263310261723
7,10,Undirected,0.30735499816509027
7,11,Undirected,0.1788673290390659
7,12,Undirected,0.20695628644108258
8,9,Undirected,0.7516667099760663
8,10,Undirected,0.31113886150569164
8,12,Undirected,0.17897836788850446
9,10,Undirected,0.765862116283004
9,11,Undirected,0.22012375159412836
10,11,Undirected,0.7518775184569952
12,13,Undirected,0.3913725861974368
