Source,Target,Type,Weight
0,1,Undirected,0.7597398921751104
0,2,Undirected,0.3253791878382478
0,3,Undirected,0.1886735349531751
0,12,Undirected,0.36545519006779775
0,13,Undirected,0.2361868044777412
1,2,Undirected,0.7627144410621219
1,3,Undirected,0.2188383063873197
1,12,Undirected,0.17999762767103727
2,3,Undirected,0.7273737519654924
2,4,Undirected,0.26227818807797537
2,5,Undirected,0.17044043916318755
2,12,Undirected,0.37378557456232203
2,13,Undirected,0.21054772676640704
3,4,Undirected,0.7506495000999093
3,5,Undirected,0.21871111627923953
3,12,Undirected,0.2110912829645174
4,5,Undirected,0.7656838577373418
4,6,Undirected,0.2077997023437949
4,12,Undirected,0.18603431529918882
5,6,Undirected,0.7371897302536362
5,7,Undirected,0.20904916934646217
6,7,Undirected,0.7513886425644967
6,8,Undirected,0.2713196753119772
6,9,Undirected,0.23017456547958834
6,10,Undirected,0.22436360831413935
7,8,Undirected,0.7481863059364299
7,9,Undirected,0.23734763940531806
7,10,Undirected,0.26326912998997404
7,11,Undirected,0.26478976276013916
8,9,Undirected,0.7531562844038098
8,10,Undirected,0.22814584828040868
8,11,Undirected,0.1670611211386545
9,10,Undirected,0.7263364015098874
9,11,Undirected,0.21927653398801333
10,11,Undirected,0.7324268069387608
12,13,Undirected,0.3800851622662054
