Source,Target,Type,Weight
0,1,Undirected,0.7486493071390514
0,2,Undirected,0.2496295406637522
0,3,Undirected,0.2771840590141171
0,4,Undirected,0.18644937568435385
1,2,Undirected,0.7230996348387393
1,3,Undirected,0.25617610543673913
2,3,Undirected,0.7429447067077872
2,4,Undirected,0.2422720303986039
2,6,Undirected,0.21390857820367354
2,7,Undirected,0.3394510210673415
2,8,Undirected,0.3464922842488044
2,9,Undirected,0.17112899906501958
2,10,Undirected,0.1675672051999758
2,11,Undirected,0.3372801525418659
2,12,Undirected,0.38852876469961606
2,13,Undirected,0.21076550775479447
3,4,Undirected,0.7678464447707342
3,5,Undirected,0.20901264579369366
3,6,Undirected,0.3225202554415197
3,7,Undirected,0.3061541800118876
3,8,Undirected,0.18395350497691054
3,11,Undirected,0.19567789405010633
3,12,Undirected,0.37707442202969105
3,13,Undirected,0.20178648438370483
4,5,Undirected,0.747560289958938
4,6,Undirected,0.3045949619984687
4,7,Undirected,0.22848616064735885
4,11,Undirected,0.2120081529777152
4,12,Undirected,0.3686776778505733
4,13,Undirected,0.32968852430667456
5,6,Undirected,0.7277593161709794
5,7,Undirected,0.24621430386160964
5,12,Undirected,0.16973045568393544
6,7,Undirected,0.7332745450845495
6,8,Undirected,0.2710058226491723
6,9,Undirected,0.28952823158149926
6,10,Undirected,0.22737493360580208
6,11,Undirected,0.21406154849290973
6,12,Undirected,0.3842205797591073
6,13,Undirected,0.2476968051790274
7,8,Undirected,0.7403942834547816
7,9,Undirected,0.25522053679077533
7,10,Undirected,0.18155517531097837
7,11,Undirected,0.2417554345495467
7,12,Undirected,0.3649394639415652
7,13,Undirected,0.19392732441393945
8,9,Undirected,0.7430858077885835
8,10,Undirected,0.34629866664861264
8,11,Undirected,0.2377631431709953
8,12,Undirected,0.2173148975507578
9,10,Undirected,0.764228185932315
9,11,Undirected,0.22413757907704976
9,12,Undirected,0.16707970151864998
10,11,Undirected,0.7428202347701454
10,12,Undirected,0.20049654911842885
10,13,Undirected,0.23638522069362594
11,12,Undirected,0.3875820468079055
11,13,Undirected,0.36613303632790817
12,13,Undirected,0.3677310865429295
