Source,Target,Type,Weight
0,1,Undirected,0.7677787668726559
0,2,Undirected,0.25749772710571245
0,3,Undirected,0.16946893722960268
0,8,Undirected,0.18754308729350405
0,9,Undirected,0.2911471309578449
0,10,Undirected,0.36151095801303706
0,11,Undirected,0.3318217577019156
1,2,Undirected,0.7347183656731667
1,3,Undirected,0.2615747642676852
1,8,Undirected,0.1700135919946832
1,9,Undirected,0.2493264394080799
1,10,Undirected,0.20286152343088748
1,11,Undirected,0.23816887868293185
1,12,Undirected,0.1824222263066839
2,3,Undirected,0.7409231349729324
2,4,Undirected,0.20123810519029056
2,6,Undirected,0.273922227791556
2,7,Undirected,0.1928843081547267
2,8,Undirected,0.3140402270299855
2,9,Undirected,0.3048937866728329
2,10,Undirected,0.22440420560997673
2,11,Undirected,0.2884759593623644
2,12,Undirected,0.40103036490066424
2,13,Undirected,0.21825583453805916
3,4,Undirected,0.7487955913882608
3,5,Undirected,0.24798868203509572
3,6,Undirected,0.2917124883121768
3,7,Undirected,0.19939895603148583
3,8,Undirected,0.2077879666096951
3,9,Undirected,0.18134433253563176
4,5,Undirected,0.762627765893518
4,6,Undirected,0.29507105251827775
4,7,Undirected,0.18551469652897704
5,6,Undirected,0.7354931896846578
5,7,Undirected,0.25580502361237356
6,7,Undirected,0.7379134958537158
6,8,Undirected,0.3813846496439349
6,9,Undirected,0.21256872253125964
6,12,Undirected,0.16742179306521657
7,8,Undirected,0.7659544239016706
7,9,Undirected,0.21930338523625273
8,9,Undirected,0.7500778368421759
8,10,Undirected,0.23792995745367368
9,10,Undirected,0.738271980877431
9,11,Undirected,0.23793759702033407
10,11,Undirected,0.7425979075093533
11,12,Undirected,0.39266626722588377
11,13,Undirected,0.24715226858613576
12,13,Undirected,0.37534876536746703
