Source,Target,Type,Weight
0,1,Undirected,0.7676441493338507
0,2,Undirected,0.3487221970533364
0,3,Undirected,0.3406290395501424
0,4,Undirected,0.22341569853999846
0,5,Undirected,0.1811290509249263
0,6,Undirected,0.19260225823326457
0,11,Undirected,0.3109715473501791
0,12,Undirected,0.36117466084420224
0,13,Undirected,0.3107033394484267
1,2,Undirected,0.7472881810259039
1,3,Undirected,0.2459498040753638
1,8,Undirected,0.18462454034286438
1,11,Undirected,0.34793183452552595
1,12,Undirected,0.2225528495524433
1,13,Undirected,0.17091370428888955
2,3,Undirected,0.7489423340129989
2,4,Undirected,0.34124713288570335
2,5,Undirected,0.17907604143059858
2,6,Undirected,0.20294697913010473
2,8,Undirected,0.24496488799071048
2,11,Undirected,0.2910447631734181
2,12,Undirected,0.3926377427643438
2,13,Undirected,0.22452228770879354
3,4,Undirected,0.7255722679184677
3,5,Undirected,0.29929536534686313
3,6,Undirected,0.16801175820814548
3,11,Undirected,0.18478857076091862
3,12,Undirected,0.23415231950308374
3,13,Undirected,0.22685772681234773
4,5,Undirected,0.7472273399111534
4,6,Undirected,0.313213500390331
4,7,Undirected,0.18882414929946545
4,8,Undirected,0.18887664727091225
4,11,Undirected,0.21264556216947647
4,12,Undirected,0.38364808062721273
4,13,Undirected,0.31082601770542395
5,6,Undirected,0.7579896693893764
5,7,Undirected,0.21003910129811182
5,12,Undirected,0.21060301808303084
5,13,Undirected,0.32291130637334836
6,7,Undirected,0.7479158083302403
6,8,Undirected,0.24366697681508864
6,11,Undirected,0.3012180637017821
6,12,Undirected,0.3623998601656118
6,13,Undirected,0.33239568195890334
7,8,Undirected,0.7256863805251934
7,9,Undirected,0.21133859743620623
7,11,Undirected,0.2934051034797114
7,12,Undirected,0.2136728920409611
7,13,Undirected,0.21033809523522962
8,9,Undirected,0.736031076019094
8,10,Undirected,0.3493108273760888
8,11,Undirected,0.3357191894113806
8,12,Undirected,0.20620744637126764
9,10,Undirected,0.7547015406833189
9,11,Undirected,0.2710454545953899
10,11,Undirected,0.7459989943794455
11,12,Undirected,0.38921075376140196
11,13,Undirected,0.2131280839466631
12,13,Undirected,0.3893142560278771
