Source,Target,Type,Weight
0,1,Undirected,0.7296157922363478
0,2,Undirected,0.34395952363828675
0,12,Undirected,0.3761174986968213
0,13,Undirected,0.3162475283171445
1,2,Undirected,0.756015624992959
1,3,Undirected,0.30011502144264435
1,4,Undirected,0.2664998230134828
1,5,Undirected,0.17956507473544112
1,6,Undirected,0.2531953943027197
1,12,Undirected,0.24163688192336852
1,13,Undirected,0.18730429704933604
2,3,Undirected,0.7525822834982276
2,4,Undirected,0.275711250931707
2,6,Undirected,0.19432716986188298
2,8,Undirected,0.17182917043087567
2,12,Undirected,0.390666194995178
2,13,Undirected,0.2596329598290137
3,4,Undirected,0.7553029897854205
3,5,Undirected,0.2044156028468341
4,5,Undirected,0.7451691876929856
4,6,Undirected,0.2812964559886116
4,7,Undirected,0.1717802466542959
4,8,Undirected,0.25228975152283184
5,6,Undirected,0.7437663324364393
5,7,Undirected,0.26447068081446523
5,8,Undirected,0.2829265081169874
6,7,Undirected,0.7676657158782999
6,8,Undirected,0.28521993255860323
7,8,Undirected,0.7691176005416807
7,9,Undirected,0.21560388099980723
8,9,Undirected,0.7508616873918891
8,10,Undirected,0.24069000605181887
9,10,Undirected,0.7469765581408934
9,11,Undirected,0.21200101615629882
10,11,Undirected,0.7700517479862421
12,13,Undirected,0.38081212786915103
