Source,Target,Type,Weight
0,1,Undirected,0.7619169414503638
0,2,Undirected,0.3265004406346665
0,3,Undirected,0.33769288422200483
0,4,Undirected,0.3055018097157393
0,5,Undirected,0.343384980345623
0,6,Undirected,0.3414881257210503
0,7,Undirected,0.2431558107649809
0,11,Undirected,0.26488253778233856
0,12,Undirected,0.39138726745452296
0,13,Undirected,0.20388518469764472
1,2,Undirected,0.7675744000465562
1,3,Undirected,0.27203022442747754
1,6,Undirected,0.18294291329910795
1,10,Undirected,0.19447089852396438
1,11,Undirected,0.32915241705061726
1,12,Undirected,0.22533051452433028
2,3,Undirected,0.7186255474967806
2,4,Undirected,0.3287103528732798
2,5,Undirected,0.1795064538035919
2,6,Undirected,0.19840832615018583
2,11,Undirected,0.25268809560243727
2,12,Undirected,0.3649074281989661
2,13,Undirected,0.21348180899333571
3,4,Undirected,0.7256846855209321
3,5,Undirected,0.33047048763397996
3,6,Undirected,0.1914506194535152
3,11,Undirected,0.1768570520918008
3,12,Undirected,0.20195371483159225
4,5,Undirected,0.7661287501672475
4,6,Undirected,0.3316720619436899
4,7,Undirected,0.18646053231379325
4,11,Undirected,0.19677693915154096
4,12,Undirected,0.3802910021727785
4,13,Undirected,0.3089395574912597
5,6,Undirected,0.7499733576702373
5,7,Undirected,0.21322214998974126
5,12,Undirected,0.18457398931062255
5,13,Undirected,0.17001076656814
6,7,Undirected,0.7445710740901922
6,8,Undirected,0.247927672314681
6,11,Undirected,0.31545788017440535
6,12,Undirected,0.38739897438152043
6,13,Undirected,0.31341030632702943
7,8,Undirected,0.7721154355932304
7,9,Undirected,0.23313081214575745
7,11,Undirected,0.28385091313986266
7,12,Undirected,0.21431357638907694
7,13,Undirected,0.23339958641074038
8,9,Undirected,0.7440145670118912
8,10,Undirected,0.31772962653415204
8,11,Undirected,0.3330332757435556
8,12,Undirected,0.19744295540795848
8,13,Undirected,0.24070652632400516
9,10,Undirected,0.7517717288896102
9,11,Undirected,0.2794201273434548
10,11,Undirected,0.7303153448609393
11,12,Undirected,0.3883534267437416
11,13,Undirected,0.29897409563683425
12,13,Undirected,0.36723525342999486
