Source,Target,Type,Weight
0,1,Undirected,0.7499521703229997
0,2,Undirected,0.3335688717703565
0,3,Undirected,0.3274552582465862
0,4,Undirected,0.31188226190009677
0,5,Undirected,0.343796706118728
0,6,Undirected,0.2762792220346022
0,7,Undirected,0.2577019274510445
0,11,Undirected,0.2713251688964089
0,12,Undirected,0.38385295086388566
0,13,Undirected,0.1903396167780062
1,2,Undirected,0.7408848533943898
1,3,Undirected,0.2845599041006289
1,11,Undirected,0.22382470662091025
1,12,Undirected,0.183150837668768
2,3,Undirected,0.7242378484408172
2,4,Undirected,0.30526287749889486
2,5,Undirected,0.18643644693711653
2,6,Undirected,0.20324324408141778
2,11,Undirected,0.3137142503681612
2,12,Undirected,0.3773453045866353
2,13,Undirected,0.23275589194871707
3,4,Undirected,0.7282215848574919
3,5,Undirected,0.3101138665342703
3,6,Undirected,0.17448350759480727
3,12,Undirected,0.20096511845301998
4,5,Undirected,0.7423527851123214
4,6,Undirected,0.34272114758975575
4,7,Undirected,0.2016664499814984
4,11,Undirected,0.19323462465581714
4,12,Undirected,0.3617921369307276
4,13,Undirected,0.351405970234536
5,6,Undirected,0.7365301705688317
5,7,Undirected,0.2119132275703277
5,12,Undirected,0.19819548388986913
6,7,Undirected,0.7511553055945374
6,8,Undirected,0.21645156222939066
6,11,Undirected,0.27976985027994966
6,12,Undirected,0.3973605575377406
6,13,Undirected,0.32762786109741754
7,8,Undirected,0.7373486799971661
7,9,Undirected,0.2116701644720474
7,11,Undirected,0.2863578272600949
7,12,Undirected,0.22047548394645852
7,13,Undirected,0.21663645304747797
8,9,Undirected,0.7393439899383175
8,10,Undirected,0.3010466822523952
8,11,Undirected,0.3084452573617767
8,12,Undirected,0.17413742623776
8,13,Undirected,0.20850246625527283
9,10,Undirected,0.7519443092393345
9,11,Undirected,0.2923703016242593
10,11,Undirected,0.7473299900728487
11,12,Undirected,0.3954300872013819
11,13,Undirected,0.3548105018665114
12,13,Undirected,0.36523605348291427
