Source,Target,Type,Weight
0,1,Undirected,0.746226682217563
0,2,Undirected,0.2639725876092293
0,3,Undirected,0.2702131559272668
0,8,Undirected,0.17688866201396888
0,11,Undirected,0.32777551583391096
0,12,Undirected,0.38430443647955737
0,13,Undirected,0.2897492634691692
1,2,Undirected,0.750670726867384
1,3,Undirected,0.2770285720324458
1,8,Undirected,0.26891440761917657
2,3,Undirected,0.7382940078863588
2,4,Undirected,0.25485834846381805
2,5,Undirected,0.27353459603159674
2,8,Undirected,0.18634096236309775
3,4,Undirected,0.7499320568605407
3,5,Undirected,0.30017853388085824
3,6,Undirected,0.1694489454284663
4,5,Undirected,0.7638700710025323
4,6,Undirected,0.34474756304399734
4,7,Undirected,0.23200608991205096
4,8,Undirected,0.24311916554844207
4,9,Undirected,0.21186047801432525
5,6,Undirected,0.735274388317172
5,7,Undirected,0.3043198606702054
5,8,Undirected,0.18791373082077045
6,7,Undirected,0.745067262582535
6,8,Undirected,0.25120237802055856
7,8,Undirected,0.7408220409139393
7,9,Undirected,0.2215243297314912
8,9,Undirected,0.7606802861611834
8,10,Undirected,0.20742551273512208
9,10,Undirected,0.737892335342657
9,11,Undirected,0.2904952266034448
9,13,Undirected,0.1712703500489355
10,11,Undirected,0.7459987953544043
11,12,Undirected,0.40565304342494135
11,13,Undirected,0.2521696046544947
12,13,Undirected,0.3675923760872286
