Source,Target,Type,Weight
0,1,Undirected,0.7440166786728372
0,2,Undirected,0.34633212230467403
0,3,Undirected,0.3026399925997835
0,4,Undirected,0.3449173241125211
0,5,Undirected,0.3638434209142929
0,6,Undirected,0.30787719453037155
0,7,Undirected,0.2906657794403031
0,11,Undirected,0.3027235639860997
0,12,Undirected,0.3801946538933906
0,13,Undirected,0.20533690386728973
1,2,Undirected,0.7888461403553481
1,3,Undirected,0.2502494108915041
1,6,Undirected,0.19043291517405142
1,7,Undirected,0.20884244741226415
1,10,Undirected,0.19325912733010348
1,11,Undirected,0.3387184095698701
1,12,Undirected,0.23476621017631602
2,3,Undirected,0.745915214224785
2,4,Undirected,0.299919283655312
2,5,Undirected,0.1833303829508982
2,6,Undirected,0.20401998219697154
2,11,Undirected,0.22221449890606762
2,12,Undirected,0.3576596767771963
2,13,Undirected,0.32001359921072087
3,4,Undirected,0.7530710918326436
3,5,Undirected,0.2832351401128996
3,6,Undirected,0.1700213382798363
3,12,Undirected,0.1830307769647545
4,5,Undirected,0.7409019978173769
4,6,Undirected,0.32015444462229514
4,7,Undirected,0.19357860373944233
4,11,Undirected,0.19392780860074535
4,12,Undirected,0.36155810767616536
4,13,Undirected,0.30572446891877086
5,6,Undirected,0.7342449868741777
5,7,Undirected,0.21260966802043013
5,12,Undirected,0.18844853755393914
6,7,Undirected,0.745999193404593
6,8,Undirected,0.21723282428712762
6,11,Undirected,0.28985510851951235
6,12,Undirected,0.38731090066343193
6,13,Undirected,0.21385659716100194
7,8,Undirected,0.7479800963262198
7,9,Undirected,0.2092498492602302
7,11,Undirected,0.27272685894358967
7,12,Undirected,0.22192861993367174
8,9,Undirected,0.7474966069695888
8,10,Undirected,0.30831801411132637
8,11,Undirected,0.3214439620239263
8,12,Undirected,0.17470693515435243
9,10,Undirected,0.7589496962657007
9,11,Undirected,0.29706038479775826
10,11,Undirected,0.7447569598610598
11,12,Undirected,0.38980513200648104
11,13,Undirected,0.2551704468578226
12,13,Undirected,0.37654430103262077
