Source,Target,Type,Weight
0,1,Undirected,0.725742759622835
0,2,Undirected,0.25741401742972875
0,3,Undirected,0.19324739162574242
1,2,Undirected,0.7349540927921807
1,3,Undirected,0.22300666483198406
2,3,Undirected,0.7425357901449239
2,4,Undirected,0.2759662708651468
2,6,Undirected,0.22268116725318426
2,7,Undirected,0.28852356531496454
2,8,Undirected,0.21462135840458546
2,11,Undirected,0.321403664395216
2,12,Undirected,0.39119547536971544
2,13,Undirected,0.21050611356990484
3,4,Undirected,0.7600880144946288
3,5,Undirected,0.21822092804496546
3,6,Undirected,0.3312385631669355
3,7,Undirected,0.274047456822686
3,11,Undirected,0.1889359828220359
3,12,Undirected,0.3712498538431356
3,13,Undirected,0.20827638507661372
4,5,Undirected,0.7371712672380824
4,6,Undirected,0.2991345908960557
4,7,Undirected,0.2035799714736889
4,9,Undirected,0.16728094285691952
4,11,Undirected,0.21291635481131718
4,12,Undirected,0.3855803759145379
4,13,Undirected,0.3088289141872008
5,6,Undirected,0.7457291476554928
5,7,Undirected,0.2600244432538715
5,12,Undirected,0.1735613760656761
5,13,Undirected,0.1711318059233426
6,7,Undirected,0.7467467506675101
6,8,Undirected,0.23293062691338864
6,9,Undirected,0.24793743302509508
6,11,Undirected,0.2098751878557024
6,12,Undirected,0.3716444001882366
6,13,Undirected,0.32379919080773395
7,8,Undirected,0.744611852601683
7,9,Undirected,0.31694945340005665
7,10,Undirected,0.1769111344538524
7,11,Undirected,0.2872080152207846
7,12,Undirected,0.3533218651043458
7,13,Undirected,0.31193085483534383
8,9,Undirected,0.7390408442004608
8,10,Undirected,0.29031540891360136
8,11,Undirected,0.24971056749251727
8,12,Undirected,0.2038889707172687
8,13,Undirected,0.20116608399557295
9,10,Undirected,0.7455019620441874
9,11,Undirected,0.3011050558651538
9,12,Undirected,0.20434688473001175
9,13,Undirected,0.36398544372024827
10,11,Undirected,0.750334128515371
10,13,Undirected,0.22974667472091143
11,12,Undirected,0.37290074055528843
11,13,Undirected,0.33918559951763766
12,13,Undirected,0.3892227088029875
