Source,Target,Type,Weight
0,1,Undirected,0.7627376040027547
0,2,Undirected,0.32676785815843745
1,2,Undirected,0.7564270447974702
1,3,Undirected,0.29981414871533874
1,4,Undirected,0.21996638125204138
2,3,Undirected,0.7560828122872038
2,4,Undirected,0.3339218338797981
2,5,Undirected,0.19559620527961422
2,6,Undirected,0.27323094321357927
2,12,Undirected,0.38822330274298666
2,13,Undirected,0.2078257521741091
3,4,Undirected,0.72361198714224
3,5,Undirected,0.22509453660987977
3,6,Undirected,0.2655726255877838
3,12,Undirected,0.17692837316239202
4,5,Undirected,0.7571653811674088
4,6,Undirected,0.3521170911829857
4,7,Undirected,0.16775996049567277
4,12,Undirected,0.3818185608449868
4,13,Undirected,0.3593881111136531
5,6,Undirected,0.733709771119785
5,7,Undirected,0.23970347046494644
5,8,Undirected,0.23937834172257275
5,12,Undirected,0.20586713157657074
5,13,Undirected,0.24365446375853164
6,7,Undirected,0.7300236857588951
6,8,Undirected,0.29189270067125583
6,12,Undirected,0.22758862208821357
6,13,Undirected,0.21382402100523448
7,8,Undirected,0.7531367424995019
7,9,Undirected,0.21231602889070536
8,9,Undirected,0.7544425286958327
8,10,Undirected,0.23592784528665067
9,10,Undirected,0.76784665562395
9,11,Undirected,0.2270487854257587
10,11,Undirected,0.7525596657255269
12,13,Undirected,0.3900274403565824
