Source,Target,Type,Weight
0,1,Undirected,0.7517093472153509
0,2,Undirected,0.29426664336464536
0,3,Undirected,0.31084426193363873
0,4,Undirected,0.17272188562060686
0,7,Undirected,0.17996756871053357
0,8,Undirected,0.18680370669365282
1,2,Undirected,0.7646077531148581
1,3,Undirected,0.25467656477508843
2,3,Undirected,0.7788506676015664
2,4,Undirected,0.24473230595225884
2,6,Undirected,0.21031288819696697
2,7,Undirected,0.3487725368768627
2,8,Undirected,0.2805261229210618
2,9,Undirected,0.18642119994993572
2,10,Undirected,0.21705264288754933
2,11,Undirected,0.3212366208019871
2,12,Undirected,0.3886052233132152
2,13,Undirected,0.2695084186040116
3,4,Undirected,0.743518856560099
3,5,Undirected,0.22580913652085535
3,6,Undirected,0.33412104453931324
3,7,Undirected,0.35740958018325414
3,8,Undirected,0.21326573323315892
3,11,Undirected,0.18654349461816105
3,12,Undirected,0.3662831539077676
3,13,Undirected,0.21211200198887367
4,5,Undirected,0.7562960372437081
4,6,Undirected,0.2846312375546479
4,7,Undirected,0.2164085877747194
4,11,Undirected,0.23618760247991397
4,12,Undirected,0.38437089304404176
4,13,Undirected,0.21312606961816918
5,6,Undirected,0.7372508267543945
5,7,Undirected,0.3029679898584591
5,12,Undirected,0.18138763854563433
6,7,Undirected,0.733057830295605
6,8,Undirected,0.23927477501016017
6,9,Undirected,0.19303832918427657
6,10,Undirected,0.19542410853647924
6,11,Undirected,0.19317670481745203
6,12,Undirected,0.3735297562035598
6,13,Undirected,0.34137867268829974
7,8,Undirected,0.7353532810482566
7,9,Undirected,0.2615454858488207
7,10,Undirected,0.19518560321521938
7,11,Undirected,0.20780641495606259
7,12,Undirected,0.3868335962301491
7,13,Undirected,0.33887009959586567
8,9,Undirected,0.7292652185698432
8,10,Undirected,0.29247127919157706
8,11,Undirected,0.17812864491723776
8,12,Undirected,0.2173676273197933
8,13,Undirected,0.27471495640509724
9,10,Undirected,0.752367638231031
9,11,Undirected,0.2239098531879217
9,12,Undirected,0.16998324769132955
9,13,Undirected,0.2797817193708583
10,11,Undirected,0.7380914609236262
10,12,Undirected,0.2313910071222882
10,13,Undirected,0.39035736422709444
11,12,Undirected,0.3563055609286346
11,13,Undirected,0.2890838305780003
12,13,Undirected,0.39060081766922455
