Source,Target,Type,Weight
0,1,Undirected,0.7121433025943127
0,2,Undirected,0.3228259586212375
0,3,Undirected,0.3227589348649805
0,4,Undirected,0.22510202651202696
0,5,Undirected,0.18514095912839446
0,6,Undirected,0.20385547626257053
0,8,Undirected,0.19394312449783746
0,11,Undirected,0.3198071719299498
0,12,Undirected,0.37277241520531035
0,13,Undirected,0.3348420357079875
1,2,Undirected,0.7390995779913367
1,3,Undirected,0.23124740940626873
1,11,Undirected,0.30664761504812715
1,12,Undirected,0.2073411644017168
2,3,Undirected,0.720019865202618
2,4,Undirected,0.34846368065294403
2,5,Undirected,0.19319530159497555
2,6,Undirected,0.2056963862833504
2,8,Undirected,0.2671410401185679
2,11,Undirected,0.2704468710681574
2,12,Undirected,0.3904669661333092
2,13,Undirected,0.2484267152254164
3,4,Undirected,0.7460810680886598
3,5,Undirected,0.3252569626815237
3,6,Undirected,0.17962819572829372
3,11,Undirected,0.17753170260371964
3,12,Undirected,0.22468051771124464
3,13,Undirected,0.26917282588584907
4,5,Undirected,0.7371100543820908
4,6,Undirected,0.3335020866223593
4,7,Undirected,0.19799186413436715
4,8,Undirected,0.34477434288833214
4,11,Undirected,0.19815462159084424
4,12,Undirected,0.3802350487302892
4,13,Undirected,0.29525323662155945
5,6,Undirected,0.7667618742587043
5,7,Undirected,0.20843561376708386
5,12,Undirected,0.20303639887361208
5,13,Undirected,0.3182414556768977
6,7,Undirected,0.7399895396280755
6,8,Undirected,0.3187074152004516
6,11,Undirected,0.2897092363095542
6,12,Undirected,0.3722263977068824
6,13,Undirected,0.3138288686668253
7,8,Undirected,0.7680048281553528
7,9,Undirected,0.21855694298411674
7,11,Undirected,0.28350350872686814
7,12,Undirected,0.2098076202567231
7,13,Undirected,0.19250454308085366
8,9,Undirected,0.7574896690250267
8,10,Undirected,0.3087758953759928
8,11,Undirected,0.3410568630035499
8,12,Undirected,0.3808902833067998
8,13,Undirected,0.1979904622152158
9,10,Undirected,0.7293055424421062
9,11,Undirected,0.310131775008237
10,11,Undirected,0.7303940672756674
11,12,Undirected,0.3805667347626689
11,13,Undirected,0.2123997845974627
12,13,Undirected,0.36234494656576915
