Source,Target,Type,Weight
0,1,Undirected,0.7178463978240939
0,2,Undirected,0.3066964293222361
0,5,Undirected,0.24883189781854195
0,6,Undirected,0.17133790745972585
1,2,Undirected,0.7459778983160333
1,3,Undirected,0.2577153707474439
1,5,Undirected,0.17034388939447745
2,3,Undirected,0.7283395677911438
2,4,Undirected,0.36260453950745725
2,5,Undirected,0.3180944474851921
2,6,Undirected,0.306822023133172
2,7,Undirected,0.18713042857525275
2,12,Undirected,0.3825555283247973
2,13,Undirected,0.2578046958112785
3,4,Undirected,0.7856479233724742
3,5,Undirected,0.2671439326290688
3,6,Undirected,0.17243065698471965
3,12,Undirected,0.1923870168266351
4,5,Undirected,0.7247729805415842
4,6,Undirected,0.32459181320220587
4,7,Undirected,0.29747549976729937
4,8,Undirected,0.2936039371156309
4,9,Undirected,0.2021072758164417
4,10,Undirected,0.2578888342351205
4,12,Undirected,0.3773937889839593
4,13,Undirected,0.20506237570766814
5,6,Undirected,0.7662436586012609
5,7,Undirected,0.22001569688251857
5,8,Undirected,0.19104407997580466
5,12,Undirected,0.17629866881875003
6,7,Undirected,0.7564039225194829
6,8,Undirected,0.29955571978900636
6,9,Undirected,0.1678726955999409
6,12,Undirected,0.3732877422489891
6,13,Undirected,0.2925776123755964
7,8,Undirected,0.7439096589508335
7,9,Undirected,0.3294844680228806
7,10,Undirected,0.2971864210812196
7,11,Undirected,0.16943650086065404
7,12,Undirected,0.21539034796628528
7,13,Undirected,0.2674046005686239
8,9,Undirected,0.7482287494532296
8,10,Undirected,0.32216684436790016
8,12,Undirected,0.17840205369521117
9,10,Undirected,0.725838712122497
9,11,Undirected,0.2429668962191785
10,11,Undirected,0.7505848867605367
12,13,Undirected,0.3858816558956079
