Source,Target,Type,Weight
0,1,Undirected,0.7496787196401231
0,2,Undirected,0.24341136556994405
0,8,Undirected,0.1835035204396905
0,9,Undirected,0.28924818164076105
0,10,Undirected,0.3646142879496497
0,11,Undirected,0.3298896161122959
1,2,Undirected,0.7355722583790015
1,3,Undirected,0.24624694371216957
1,8,Undirected,0.19273409291591337
1,9,Undirected,0.32159649971339044
1,10,Undirected,0.20536575859863943
1,11,Undirected,0.2744666251441107
1,12,Undirected,0.16851473026981778
2,3,Undirected,0.7840787102634428
2,4,Undirected,0.20426382740071253
2,5,Undirected,0.17538540176653905
2,6,Undirected,0.25841435408025115
2,7,Undirected,0.176475790698557
2,8,Undirected,0.292040638192749
2,9,Undirected,0.2688558519151354
2,10,Undirected,0.26593389035492054
2,11,Undirected,0.2754990217012336
2,12,Undirected,0.39220490800357016
2,13,Undirected,0.21503190690459756
3,4,Undirected,0.7554548795669039
3,5,Undirected,0.2352134690720632
3,6,Undirected,0.2524047877368809
3,7,Undirected,0.17083266129360722
3,8,Undirected,0.21009976661280808
3,9,Undirected,0.17394977039796855
4,5,Undirected,0.7384759271479571
4,6,Undirected,0.3243844817482762
4,7,Undirected,0.18894537919228777
5,6,Undirected,0.7559071692886761
5,7,Undirected,0.2284206342662538
6,7,Undirected,0.7335904911595548
6,8,Undirected,0.3139552265227877
6,9,Undirected,0.18513116921236678
6,12,Undirected,0.18013047991372916
7,8,Undirected,0.7549800954582797
7,9,Undirected,0.20912204622807867
8,9,Undirected,0.7360696326859321
8,10,Undirected,0.2456558265760426
9,10,Undirected,0.7631799114455224
9,11,Undirected,0.24484676937187755
10,11,Undirected,0.7901012053067821
11,12,Undirected,0.3659569210752525
11,13,Undirected,0.21841704425150196
12,13,Undirected,0.3917204114690113
