Source,Target,Type,Weight
0,1,Undirected,0.7369288721035273
0,2,Undirected,0.276336704980954
0,3,Undirected,0.3176461295382749
0,4,Undirected,0.3291950430304595
0,5,Undirected,0.3587733134428451
0,6,Undirected,0.31717923623270405
0,7,Undirected,0.2377981914360076
0,11,Undirected,0.27695198202755494
0,12,Undirected,0.3892937679643175
0,13,Undirected,0.21305732370835104
1,2,Undirected,0.7471207254419008
1,3,Undirected,0.3046430806436524
1,4,Undirected,0.16746258197246242
1,6,Undirected,0.16674542173078427
1,11,Undirected,0.33922894336791587
1,12,Undirected,0.22139619614640185
2,3,Undirected,0.7409850482563778
2,4,Undirected,0.3109159926441155
2,5,Undirected,0.1673249205663167
2,6,Undirected,0.19108409906459403
2,8,Undirected,0.16842823513575964
2,11,Undirected,0.3272503305425704
2,12,Undirected,0.3876259970433877
2,13,Undirected,0.22023915167129132
3,4,Undirected,0.760241835084249
3,5,Undirected,0.3007413734208637
3,6,Undirected,0.17467308848445556
3,11,Undirected,0.18491973768871667
3,12,Undirected,0.2076805330496592
4,5,Undirected,0.7542934873798078
4,6,Undirected,0.3599241416594441
4,7,Undirected,0.20794152120656437
4,8,Undirected,0.17362289026636474
4,11,Undirected,0.19934281522944766
4,12,Undirected,0.3749502069317672
4,13,Undirected,0.3541445289607
5,6,Undirected,0.7287636354190639
5,7,Undirected,0.21565500743529095
5,12,Undirected,0.18444191718797562
5,13,Undirected,0.16916889963647053
6,7,Undirected,0.7627145797581785
6,8,Undirected,0.23464291212706007
6,11,Undirected,0.28415165200462794
6,12,Undirected,0.366987934286797
6,13,Undirected,0.35728414561314725
7,8,Undirected,0.7501006410445565
7,9,Undirected,0.21815870545664112
7,11,Undirected,0.27736934050332474
7,12,Undirected,0.2142536274637509
7,13,Undirected,0.25208030814313637
8,9,Undirected,0.7482504402164203
8,10,Undirected,0.3000568593005591
8,11,Undirected,0.35011048465668954
8,12,Undirected,0.2192259449369847
8,13,Undirected,0.30944786373240263
9,10,Undirected,0.7665595894287142
9,11,Undirected,0.30301631820389224
10,11,Undirected,0.7683229169681545
11,12,Undirected,0.3797561027063493
11,13,Undirected,0.2828448487934986
12,13,Undirected,0.39314923834496357
