Source,Target,Type,Weight
0,1,Undirected,0.7383172058919568
0,2,Undirected,0.3221953293205997
0,12,Undirected,0.4086964774554067
0,13,Undirected,0.30193986260356387
1,2,Undirected,0.7411477999409988
1,3,Undirected,0.20088382476536995
1,6,Undirected,0.2400353354018904
1,12,Undirected,0.21407640738656047
1,13,Undirected,0.22928484494383203
2,3,Undirected,0.7453549749016262
2,4,Undirected,0.210022399764135
2,5,Undirected,0.16889612996569572
2,6,Undirected,0.3725511356878742
2,7,Undirected,0.23414251602677003
2,12,Undirected,0.3788383277839438
2,13,Undirected,0.35068510743112596
3,4,Undirected,0.7330205493026324
3,5,Undirected,0.3234008758331653
3,6,Undirected,0.352313542710343
3,7,Undirected,0.20598250856921385
3,8,Undirected,0.179064833592348
3,13,Undirected,0.20644332109266655
4,5,Undirected,0.7484808403506505
4,6,Undirected,0.2720686211894829
4,8,Undirected,0.16899872571141736
5,6,Undirected,0.746059237505881
5,7,Undirected,0.23469965936882342
5,8,Undirected,0.27282819067135716
6,7,Undirected,0.7570110266709731
6,8,Undirected,0.279093505584227
6,13,Undirected,0.22563316879193332
7,8,Undirected,0.7331366965741104
7,9,Undirected,0.2196883940234841
7,11,Undirected,0.16969981412865015
7,13,Undirected,0.21876856516269746
8,9,Undirected,0.740354880352831
8,10,Undirected,0.23589233785658134
9,10,Undirected,0.7321340343552647
9,11,Undirected,0.20862608836828223
10,11,Undirected,0.7471656435597707
12,13,Undirected,0.3825665894900139
