Source,Target,Type,Weight
0,1,Undirected,0.7706930746192361
0,2,Undirected,0.35325330376125175
0,3,Undirected,0.34839644176291107
0,4,Undirected,0.225277239033838
0,5,Undirected,0.183777263028421
0,6,Undirected,0.19494802367057082
0,8,Undirected,0.1891413667463071
0,11,Undirected,0.29379635196381343
0,12,Undirected,0.35279097236830825
0,13,Undirected,0.36948451748326167
1,2,Undirected,0.724712181478691
1,3,Undirected,0.23759069455177295
1,11,Undirected,0.3464087515306044
1,12,Undirected,0.22484061006833395
1,13,Undirected,0.17486076355502103
2,3,Undirected,0.7208636399806615
2,4,Undirected,0.2813376076915374
2,6,Undirected,0.20065844112799952
2,8,Undirected,0.2850194470561406
2,11,Undirected,0.30993794153164456
2,12,Undirected,0.3866540102121253
2,13,Undirected,0.23917620774090095
3,4,Undirected,0.7683883681687503
3,5,Undirected,0.2610165715462773
3,11,Undirected,0.1763121418472558
3,12,Undirected,0.21987002922161797
3,13,Undirected,0.2754142865697923
4,5,Undirected,0.7476021294600107
4,6,Undirected,0.34728272618874234
4,7,Undirected,0.2051675584824571
4,8,Undirected,0.31780346288227607
4,11,Undirected,0.19080733767994365
4,12,Undirected,0.3462922622003652
4,13,Undirected,0.33133302424851746
5,6,Undirected,0.7300811856188261
5,7,Undirected,0.22301150260363276
5,12,Undirected,0.18914602385610577
5,13,Undirected,0.3076660133577815
6,7,Undirected,0.7515192345594954
6,8,Undirected,0.3251628332173561
6,11,Undirected,0.28859122096751555
6,12,Undirected,0.3761926928475651
6,13,Undirected,0.2807292407440191
7,8,Undirected,0.7486074171551642
7,9,Undirected,0.21530675960838158
7,11,Undirected,0.2806951982850057
7,12,Undirected,0.21344004901539212
7,13,Undirected,0.18596384227542948
8,9,Undirected,0.7506916861194299
8,10,Undirected,0.2891068252939798
8,11,Undirected,0.33421454715976073
8,12,Undirected,0.3803714274520843
8,13,Undirected,0.19668850091551532
9,10,Undirected,0.7408830866478044
9,11,Undirected,0.3075115656732285
10,11,Undirected,0.7347957231121091
11,12,Undirected,0.3870595636325851
11,13,Undirected,0.20165751036124271
12,13,Undirected,0.35907136526947747
