Source,Target,Type,Weight
0,1,Undirected,0.7526463633162992
0,2,Undirected,0.36006225517927554
0,3,Undirected,0.2052362673663832
0,4,Undirected,0.35001205426245646
0,5,Undirected,0.2065912714076633
0,11,Undirected,0.2433076113449005
0,12,Undirected,0.37603279370770776
0,13,Undirected,0.24982131387195208
1,2,Undirected,0.7210676873430246
1,3,Undirected,0.29122870093153796
1,4,Undirected,0.284956998322653
1,5,Undirected,0.29375820269429725
1,6,Undirected,0.19293260966922504
1,7,Undirected,0.23863637786020017
1,11,Undirected,0.24971621695801488
1,12,Undirected,0.21122916390940427
2,3,Undirected,0.7288030173802751
2,4,Undirected,0.2816187270265561
2,5,Undirected,0.19503223704082862
2,11,Undirected,0.1683948707604826
2,12,Undirected,0.2028531250562231
3,4,Undirected,0.7660425564789873
3,5,Undirected,0.2698399535296451
3,6,Undirected,0.17853923266385832
3,12,Undirected,0.18557379381794697
4,5,Undirected,0.76798211760389
4,6,Undirected,0.21496172790052248
4,11,Undirected,0.34879008383660576
4,12,Undirected,0.4003430062836124
4,13,Undirected,0.32014317926917085
5,6,Undirected,0.7323682976307839
5,7,Undirected,0.27390684381160046
5,8,Undirected,0.16734529561993267
5,9,Undirected,0.18422427174316938
5,11,Undirected,0.3298963623185613
5,12,Undirected,0.23333803981101545
5,13,Undirected,0.183042183233853
6,7,Undirected,0.767845460790591
6,8,Undirected,0.31151301018441513
6,9,Undirected,0.17403415967427016
6,11,Undirected,0.1812935711665737
7,8,Undirected,0.7586206584708173
7,9,Undirected,0.26840539459580526
7,10,Undirected,0.17501202964023238
7,11,Undirected,0.25589861829032456
8,9,Undirected,0.7239342786428891
8,10,Undirected,0.20630083860082096
9,10,Undirected,0.7463923425767284
9,11,Undirected,0.3502656197206129
10,11,Undirected,0.7527088330727129
11,12,Undirected,0.39180772061220703
11,13,Undirected,0.3543050561681484
12,13,Undirected,0.38513455317437506
