Source,Target,Type,Weight
0,1,Undirected,0.7711252363514153
0,2,Undirected,0.2984690444779864
0,3,Undirected,0.2571918512761316
0,4,Undirected,0.17235901959564398
0,13,Undirected,0.1835143272998511
1,2,Undirected,0.7542283130345716
1,3,Undirected,0.2476810373457509
1,13,Undirected,0.18132943666142834
2,3,Undirected,0.7398488288295757
2,4,Undirected,0.24839826121975198
2,6,Undirected,0.2150836668153443
2,7,Undirected,0.36270469192052135
2,8,Undirected,0.2159761765780566
2,9,Undirected,0.17020739204930185
2,11,Undirected,0.35720208235253237
2,12,Undirected,0.4047259767576369
2,13,Undirected,0.37413039274243215
3,4,Undirected,0.7744493803653829
3,5,Undirected,0.20767002406896404
3,6,Undirected,0.30348927311193824
3,7,Undirected,0.27177434075038626
3,8,Undirected,0.1690971238962314
3,11,Undirected,0.19663332268508704
3,12,Undirected,0.36442750277688574
3,13,Undirected,0.31561459644066114
4,5,Undirected,0.7383944131149341
4,6,Undirected,0.3153552041453648
4,7,Undirected,0.20936677181833993
4,11,Undirected,0.21578137549679108
4,12,Undirected,0.4025388629629185
4,13,Undirected,0.3812605738964697
5,6,Undirected,0.7585113855266118
5,7,Undirected,0.2675997227985202
5,12,Undirected,0.16874636652321182
6,7,Undirected,0.7152726937239796
6,8,Undirected,0.2370101142979522
6,9,Undirected,0.2799661368321091
6,10,Undirected,0.16973336796279767
6,11,Undirected,0.19387085254375344
6,12,Undirected,0.3524054254067072
6,13,Undirected,0.19952729634325417
7,8,Undirected,0.7508204902928489
7,9,Undirected,0.29197231100217974
7,11,Undirected,0.2618571191598904
7,12,Undirected,0.37529069723223935
7,13,Undirected,0.20235910260966428
8,9,Undirected,0.7206749385928596
8,10,Undirected,0.3009905128121958
8,11,Undirected,0.2918069213059897
8,12,Undirected,0.21115808542935588
9,10,Undirected,0.7365091539837006
9,11,Undirected,0.2799307845549473
9,12,Undirected,0.19388112259850288
10,11,Undirected,0.7499955520297631
10,12,Undirected,0.1809799305474052
11,12,Undirected,0.37923693547046883
11,13,Undirected,0.2893447981176429
12,13,Undirected,0.3870797100305719
