Source,Target,Type,Weight
0,1,Undirected,0.7645183477939985
0,2,Undirected,0.3201249999809191
0,3,Undirected,0.3133976137928592
0,4,Undirected,0.2920222775822169
0,5,Undirected,0.1933338846222385
0,6,Undirected,0.3275100018396701
0,7,Undirected,0.3316536774437602
0,8,Undirected,0.2623190651861286
0,9,Undirected,0.3080716713446978
0,10,Undirected,0.21973608852847004
0,12,Undirected,0.3744032432361021
0,13,Undirected,0.19376794325570118
1,2,Undirected,0.7622923453693733
1,3,Undirected,0.27590952270783264
1,7,Undirected,0.18823509137132563
1,8,Undirected,0.2281020996706736
1,9,Undirected,0.2119995159846866
1,10,Undirected,0.2742556793096738
1,11,Undirected,0.20500211927697465
1,12,Undirected,0.18811809515574054
2,3,Undirected,0.7502910431688394
2,4,Undirected,0.3576111295796208
2,5,Undirected,0.20979553070870838
2,6,Undirected,0.22279121758420886
2,7,Undirected,0.1951423952369724
2,9,Undirected,0.32518161441357235
2,10,Undirected,0.25938967078081393
2,12,Undirected,0.3974555590848685
2,13,Undirected,0.26498759848102477
3,4,Undirected,0.7379717259782673
3,5,Undirected,0.2051141611820292
3,6,Undirected,0.16967936968966138
3,7,Undirected,0.16675697024625602
3,12,Undirected,0.21969430867463535
4,5,Undirected,0.7356748279318328
4,6,Undirected,0.32057912234947133
4,7,Undirected,0.19529104264821162
4,9,Undirected,0.17848594293153275
4,12,Undirected,0.32849379204263063
4,13,Undirected,0.3078637259321818
5,6,Undirected,0.7582061643441883
5,7,Undirected,0.24123090853835708
5,12,Undirected,0.21477392049107052
5,13,Undirected,0.256310078250794
6,7,Undirected,0.7463106651523269
6,8,Undirected,0.22492800305116264
6,9,Undirected,0.22178404452957007
6,12,Undirected,0.38768167448598007
6,13,Undirected,0.30039582195023834
7,8,Undirected,0.7573803113448937
7,9,Undirected,0.3173128920164295
7,10,Undirected,0.19204291193240872
7,12,Undirected,0.344297689366832
7,13,Undirected,0.19509506822948475
8,9,Undirected,0.7436852946271479
8,10,Undirected,0.26032682116570544
8,11,Undirected,0.23386856022905636
8,12,Undirected,0.19632023135088297
9,10,Undirected,0.7583830146089349
9,11,Undirected,0.27231696176028924
9,12,Undirected,0.38590189288916427
9,13,Undirected,0.23500492611720664
10,11,Undirected,0.7519849556537631
10,12,Undirected,0.21646358204851157
10,13,Undirected,0.16849596474583942
12,13,Undirected,0.352740889890501
