Source,Target,Type,Weight
0,1,Undirected,0.7587703853881619
0,2,Undirected,0.22219481629624166
0,8,Undirected,0.2210950506974163
0,11,Undirected,0.16916967747238648
0,12,Undirected,0.23077648512942078
0,13,Undirected,0.3490724699822763
1,2,Undirected,0.7630709176981962
1,3,Undirected,0.35157227501151916
1,4,Undirected,0.2280317846961857
1,5,Undirected,0.17111625066346597
1,13,Undirected,0.27111295890654635
2,3,Undirected,0.7242192156621688
2,4,Undirected,0.30737069729617666
2,5,Undirected,0.17022424708827652
2,12,Undirected,0.1831461192255079
2,13,Undirected,0.21333936649005983
3,4,Undirected,0.7550204591394146
3,5,Undirected,0.2821371937630809
4,5,Undirected,0.7517075284665741
4,6,Undirected,0.2227501134116333
4,7,Undirected,0.17272189984601932
4,8,Undirected,0.19469252971468518
4,12,Undirected,0.181548385544117
4,13,Undirected,0.218847623802217
5,6,Undirected,0.7664683264479838
5,7,Undirected,0.3056942542901779
5,8,Undirected,0.1975159251565909
6,7,Undirected,0.7525827561229044
6,8,Undirected,0.23233812596156583
6,9,Undirected,0.1803043354418327
7,8,Undirected,0.7193487090264431
7,9,Undirected,0.24136678508933262
7,13,Undirected,0.19478193156544468
8,9,Undirected,0.7504398495113951
8,10,Undirected,0.30053626860176785
8,11,Undirected,0.34162107569445294
8,12,Undirected,0.3782531562099364
8,13,Undirected,0.3060164723279453
9,10,Undirected,0.7553914090090376
9,11,Undirected,0.30406366054514067
10,11,Undirected,0.7740081294489208
11,12,Undirected,0.37470996477588536
11,13,Undirected,0.20465606123505714
12,13,Undirected,0.38234618472782644
