Source,Target,Type,Weight
0,1,Undirected,0.7487761414438086
0,2,Undirected,0.31857655062201096
0,3,Undirected,0.34681029999893337
0,4,Undirected,0.22663779054436678
0,5,Undirected,0.18158328280338726
0,6,Undirected,0.20369970332127865
0,8,Undirected,0.19632282269477122
0,11,Undirected,0.30049652125618787
0,12,Undirected,0.3822111728612921
0,13,Undirected,0.32425312577380444
1,2,Undirected,0.7500793794356697
1,3,Undirected,0.23140032620998593
1,11,Undirected,0.3297422285059656
1,12,Undirected,0.2191580634812151
2,3,Undirected,0.7481913775498918
2,4,Undirected,0.3408603230608046
2,5,Undirected,0.18711720486251762
2,6,Undirected,0.20247734363572553
2,8,Undirected,0.29425795193068754
2,11,Undirected,0.26053250873379075
2,12,Undirected,0.37383651372893967
2,13,Undirected,0.22930545274430414
3,4,Undirected,0.7519004322217792
3,5,Undirected,0.355112676180355
3,6,Undirected,0.1790183964136089
3,11,Undirected,0.17825956979231844
3,12,Undirected,0.22908680296762246
3,13,Undirected,0.25511596960094457
4,5,Undirected,0.7513492719256408
4,6,Undirected,0.34391078908686334
4,7,Undirected,0.19570219848998283
4,8,Undirected,0.3659667558046113
4,11,Undirected,0.2027580247250179
4,12,Undirected,0.38390364918179715
4,13,Undirected,0.3234145661408104
5,6,Undirected,0.7478344638443162
5,7,Undirected,0.21833254540118482
5,12,Undirected,0.20093583128515644
5,13,Undirected,0.32111596322945135
6,7,Undirected,0.7426601010167633
6,8,Undirected,0.323906039151023
6,11,Undirected,0.29496860401422187
6,12,Undirected,0.366375363750126
6,13,Undirected,0.32711416915474567
7,8,Undirected,0.7839822026134958
7,9,Undirected,0.2198510362965889
7,11,Undirected,0.2929177768719138
7,12,Undirected,0.21267152561035702
7,13,Undirected,0.209287813356345
8,9,Undirected,0.7439093290979334
8,10,Undirected,0.31743988530004147
8,11,Undirected,0.34300764498321434
8,12,Undirected,0.37411424124891224
8,13,Undirected,0.19707795084985938
9,10,Undirected,0.7127419646462106
9,11,Undirected,0.30546336322103135
10,11,Undirected,0.7655915454446224
11,12,Undirected,0.3847012979746862
11,13,Undirected,0.21695106023653918
12,13,Undirected,0.36140177882263247
