Source,Target,Type,Weight
0,1,Undirected,0.7594752106082704
0,2,Undirected,0.35290564000613206
0,3,Undirected,0.3329009532706497
0,4,Undirected,0.32435906993491326
0,5,Undirected,0.30138818938539447
0,6,Undirected,0.3183549845585494
0,7,Undirected,0.22329242916782058
0,8,Undirected,0.20452463075349625
0,11,Undirected,0.29572837435003874
0,12,Undirected,0.39448439059212576
0,13,Undirected,0.3741515853501993
1,2,Undirected,0.75349988713591
1,3,Undirected,0.2715365687088893
1,11,Undirected,0.33853821657207683
1,12,Undirected,0.2061221811984394
2,3,Undirected,0.7722971994471313
2,4,Undirected,0.28831387172447387
2,5,Undirected,0.17360177711627536
2,6,Undirected,0.19432880849677037
2,8,Undirected,0.2781860875650944
2,11,Undirected,0.24981191014951415
2,12,Undirected,0.3829173190426848
2,13,Undirected,0.27628007736862364
3,4,Undirected,0.76002211043785
3,5,Undirected,0.3262946244017393
3,6,Undirected,0.18368335599940194
3,12,Undirected,0.17766584501816007
3,13,Undirected,0.21952537176601694
4,5,Undirected,0.7366087508888629
4,6,Undirected,0.2832498873734475
4,12,Undirected,0.16809165517081628
4,13,Undirected,0.272325713787071
5,6,Undirected,0.7719532212585367
5,7,Undirected,0.21316829184273123
5,13,Undirected,0.21548239229563973
6,7,Undirected,0.7441995807837607
6,8,Undirected,0.23043613222800866
6,11,Undirected,0.27978616120785216
6,12,Undirected,0.37007612304095117
6,13,Undirected,0.3608182530866263
7,8,Undirected,0.7481880409543504
7,9,Undirected,0.21616377615384386
7,11,Undirected,0.28861580561393435
7,12,Undirected,0.24057564190439046
7,13,Undirected,0.20839449985715527
8,9,Undirected,0.7451486680589076
8,10,Undirected,0.29008791502769193
8,11,Undirected,0.3233991054044293
8,12,Undirected,0.40169704220510905
8,13,Undirected,0.21174943446703795
9,10,Undirected,0.7446535610155778
9,11,Undirected,0.3184454066288786
10,11,Undirected,0.7157300395073458
11,12,Undirected,0.38640932724876415
11,13,Undirected,0.20071079202184094
12,13,Undirected,0.37511649993198487
