Source,Target,Type,Weight
0,1,Undirected,0.7663119761733347
0,2,Undirected,0.34503896420130586
0,3,Undirected,0.35982379005795023
0,4,Undirected,0.22394576655180445
0,5,Undirected,0.18337150017094198
0,6,Undirected,0.19461841593390766
0,11,Undirected,0.33977283368798705
0,12,Undirected,0.3765791565166457
0,13,Undirected,0.29989479417797243
1,2,Undirected,0.7363500488538288
1,3,Undirected,0.24569948690371377
1,10,Undirected,0.21428191182013723
1,11,Undirected,0.3271907475852514
1,12,Undirected,0.2110089380006697
1,13,Undirected,0.18537411433262332
2,3,Undirected,0.7360720224280368
2,4,Undirected,0.3467459908437254
2,5,Undirected,0.19285149396198792
2,6,Undirected,0.20404157904476544
2,8,Undirected,0.17938862082816961
2,11,Undirected,0.29878854798150695
2,12,Undirected,0.3862037468440215
2,13,Undirected,0.19924548723154162
3,4,Undirected,0.7541001674128462
3,5,Undirected,0.29663033550250056
3,6,Undirected,0.16982027401839336
3,11,Undirected,0.19724327126592975
3,12,Undirected,0.23585418857138166
3,13,Undirected,0.17453998273868923
4,5,Undirected,0.77259764920033
4,6,Undirected,0.35995883001090695
4,7,Undirected,0.2067203187106476
4,8,Undirected,0.19314880746854238
4,11,Undirected,0.21205098399894518
4,12,Undirected,0.3966099774882943
4,13,Undirected,0.22894087640119237
5,6,Undirected,0.746081798008636
5,7,Undirected,0.21726543456982284
5,12,Undirected,0.211106773630417
5,13,Undirected,0.18110594776357275
6,7,Undirected,0.7459139540177555
6,8,Undirected,0.23190372524065317
6,11,Undirected,0.2661024401106713
6,12,Undirected,0.3563685902803391
6,13,Undirected,0.35178767990278814
7,8,Undirected,0.7692083670013354
7,9,Undirected,0.21978868697463358
7,11,Undirected,0.2795685092166604
7,12,Undirected,0.2154280724241955
7,13,Undirected,0.2768116799990602
8,9,Undirected,0.7341617697652472
8,10,Undirected,0.30865069594804273
8,11,Undirected,0.35289685103195073
8,12,Undirected,0.19627993648740535
8,13,Undirected,0.19077782952957614
9,10,Undirected,0.769299084336324
9,11,Undirected,0.3051437734847825
10,11,Undirected,0.7209008097600901
11,12,Undirected,0.39341722061405593
11,13,Undirected,0.33945157051336267
12,13,Undirected,0.3981381319581319
