Source,Target,Type,Weight
0,1,Undirected,0.7688216124030496
0,2,Undirected,0.2652970051631759
0,8,Undirected,0.21620373348640726
0,11,Undirected,0.20008243142163673
0,12,Undirected,0.35095486021771516
0,13,Undirected,0.38646629371778873
1,2,Undirected,0.7387163488147536
1,3,Undirected,0.23387442845990855
1,4,Undirected,0.1705370845736764
1,8,Undirected,0.1783946175516182
1,12,Undirected,0.21291006455570352
1,13,Undirected,0.23138352686347882
2,3,Undirected,0.7318819134620217
2,4,Undirected,0.23861278284715756
2,8,Undirected,0.2773533101411179
2,11,Undirected,0.30793738825322364
2,12,Undirected,0.38071043551151873
2,13,Undirected,0.3040636385022218
3,4,Undirected,0.7354935766026184
3,5,Undirected,0.214168097414197
4,5,Undirected,0.7468101064892899
4,6,Undirected,0.22316701590074778
4,7,Undirected,0.23467841204617582
5,6,Undirected,0.7564253395664468
5,7,Undirected,0.30543351156521653
5,8,Undirected,0.18250816092624228
6,7,Undirected,0.7342406809702513
6,8,Undirected,0.2156910721373148
7,8,Undirected,0.7498268810258119
7,9,Undirected,0.24436372856408436
8,9,Undirected,0.7505037664273752
8,10,Undirected,0.3056859218076521
8,11,Undirected,0.30788505929037124
8,12,Undirected,0.3847979319665281
8,13,Undirected,0.19401098113225002
9,10,Undirected,0.7357521933263658
9,11,Undirected,0.31894106466278116
10,11,Undirected,0.7473117479707209
11,12,Undirected,0.3733711484425525
11,13,Undirected,0.2698408215381961
12,13,Undirected,0.36687121855481586
