Source,Target,Type,Weight
0,1,Undirected,0.7400112775613932
0,2,Undirected,0.25175181111315453
0,3,Undirected,0.2625721074103759
0,8,Undirected,0.16677023113458042
0,11,Undirected,0.28080471969465337
0,12,Undirected,0.38199128168549223
0,13,Undirected,0.20876598282927186
1,2,Undirected,0.7573372334999029
1,3,Undirected,0.2765059980444255
1,8,Undirected,0.2312610266958657
2,3,Undirected,0.7413711597296012
2,4,Undirected,0.3348003133516574
2,5,Undirected,0.29658454684472896
2,6,Undirected,0.19401241700487631
2,7,Undirected,0.1674748051339885
2,8,Undirected,0.18586035764491848
3,4,Undirected,0.7464766949390093
3,5,Undirected,0.28078588374633334
3,6,Undirected,0.1707803117357636
4,5,Undirected,0.7415532877212697
4,6,Undirected,0.3197957115560258
4,7,Undirected,0.21889175527817592
4,8,Undirected,0.23587673707476234
4,9,Undirected,0.16849970127015623
5,6,Undirected,0.7580978328992601
5,7,Undirected,0.3133564052721046
5,8,Undirected,0.17840823071846262
6,7,Undirected,0.7472466429117418
6,8,Undirected,0.2580801886986914
7,8,Undirected,0.7663116961584239
7,9,Undirected,0.21139899297907835
8,9,Undirected,0.7589494216053838
8,10,Undirected,0.20880011262640352
8,11,Undirected,0.16969201472855533
9,10,Undirected,0.7568165845217506
9,11,Undirected,0.29518697127604004
9,12,Undirected,0.1726283331131391
10,11,Undirected,0.7618946587135522
11,12,Undirected,0.39623990483373867
11,13,Undirected,0.30862582721031895
12,13,Undirected,0.3887868791250575
