Source,Target,Type,Weight
0,1,Undirected,0.75605746233123
0,2,Undirected,0.31781950100347606
0,3,Undirected,0.34531900256311204
0,4,Undirected,0.3147987783030048
0,5,Undirected,0.3183258941243151
0,6,Undirected,0.30706376294521476
0,7,Undirected,0.20170722159543947
0,8,Undirected,0.19415805301269426
0,11,Undirected,0.35264865430232545
0,12,Undirected,0.3859847446768058
0,13,Undirected,0.19969616388334324
1,2,Undirected,0.7547625864274587
1,3,Undirected,0.2802933631489325
1,11,Undirected,0.330004806517036
1,12,Undirected,0.20756871120060344
2,3,Undirected,0.762471384399701
2,4,Undirected,0.32392144833209535
2,5,Undirected,0.17780154699025502
2,6,Undirected,0.206736111953144
2,8,Undirected,0.2900208192750157
2,11,Undirected,0.3120035521492057
2,12,Undirected,0.36660798217473856
2,13,Undirected,0.24535402534532802
3,4,Undirected,0.7556494393844263
3,5,Undirected,0.30819302712747076
3,6,Undirected,0.17895501600067856
3,11,Undirected,0.1907071859297579
3,12,Undirected,0.20153356213150356
4,5,Undirected,0.7529034675028303
4,6,Undirected,0.33646191894534777
4,7,Undirected,0.19621988320289602
4,8,Undirected,0.19593719065866844
4,11,Undirected,0.18309643838194992
4,12,Undirected,0.31777249895788173
4,13,Undirected,0.33382767128937524
5,6,Undirected,0.7183848576681127
5,7,Undirected,0.2150715791868053
5,12,Undirected,0.16920617556970624
6,7,Undirected,0.7641378252417386
6,8,Undirected,0.25880890753966035
6,11,Undirected,0.31141059666667803
6,12,Undirected,0.3810162986667849
6,13,Undirected,0.36300095737375987
7,8,Undirected,0.7341646611631063
7,9,Undirected,0.21619016015364986
7,11,Undirected,0.3069774188876088
7,12,Undirected,0.21472030892910657
7,13,Undirected,0.22758034837996674
8,9,Undirected,0.7412888743061193
8,10,Undirected,0.28856163756835984
8,11,Undirected,0.3625764540864004
8,12,Undirected,0.3699415439468226
8,13,Undirected,0.3672047422534739
9,10,Undirected,0.7343808094324501
9,11,Undirected,0.30568892946954207
10,11,Undirected,0.7531992936889024
11,12,Undirected,0.39294014373971525
11,13,Undirected,0.23298119099306894
12,13,Undirected,0.3771033066793785
