Source,Target,Type,Weight
0,1,Undirected,0.7322720174168245
0,2,Undirected,0.34813395794806756
0,3,Undirected,0.18118178637304155
0,4,Undirected,0.1984060361016049
0,5,Undirected,0.18923197418619003
0,11,Undirected,0.22413518358461837
0,12,Undirected,0.39419620582166986
0,13,Undirected,0.3158724651546906
1,2,Undirected,0.7614746447231172
1,3,Undirected,0.24810327730493953
1,4,Undirected,0.17012687933175566
1,5,Undirected,0.2898598960007762
1,6,Undirected,0.2365460508357806
1,7,Undirected,0.24471460025785938
1,11,Undirected,0.3065173254508891
1,12,Undirected,0.21006537898677094
2,3,Undirected,0.7453366304181037
2,4,Undirected,0.22974176684138703
2,5,Undirected,0.22859905966155622
2,12,Undirected,0.17050902075319196
2,13,Undirected,0.18575764626955796
3,4,Undirected,0.7422298248763637
3,5,Undirected,0.3174958012823206
3,6,Undirected,0.20697152339442645
4,5,Undirected,0.7435822590302841
4,6,Undirected,0.22373771518791594
4,11,Undirected,0.16944459167540357
4,12,Undirected,0.18533944841427832
4,13,Undirected,0.22143184537765226
5,6,Undirected,0.7742656731285044
5,7,Undirected,0.25931048194992296
5,11,Undirected,0.20889480742280842
5,12,Undirected,0.19701726026066585
5,13,Undirected,0.20040111719586437
6,7,Undirected,0.754936271095713
6,8,Undirected,0.27559512635422945
6,11,Undirected,0.17654491702821937
7,8,Undirected,0.7506066471834472
7,9,Undirected,0.3502483919511505
7,10,Undirected,0.18511335716300137
7,11,Undirected,0.25802879550134733
8,9,Undirected,0.7521118438718938
8,10,Undirected,0.21106160418541964
9,10,Undirected,0.7703510187769094
9,11,Undirected,0.30622282323404226
10,11,Undirected,0.7370876445983731
11,12,Undirected,0.3856323116227535
11,13,Undirected,0.20852394441037242
12,13,Undirected,0.38600247027356793
