Source,Target,Type,Weight
0,1,Undirected,0.7320362825619308
0,2,Undirected,0.3423994305185253
0,3,Undirected,0.336558626927489
0,4,Undirected,0.23687112422724563
0,5,Undirected,0.17905576743186896
0,6,Undirected,0.2094085421309035
0,8,Undirected,0.2030051097048382
0,11,Undirected,0.2988815485873205
0,12,Undirected,0.38651458595160937
0,13,Undirected,0.31064523463717353
1,2,Undirected,0.7695052177717137
1,3,Undirected,0.24850872982138647
1,11,Undirected,0.32159580928312487
1,12,Undirected,0.21902556042510646
1,13,Undirected,0.19943160880763852
2,3,Undirected,0.7379127818289568
2,4,Undirected,0.3349958380143359
2,5,Undirected,0.17999039777483794
2,6,Undirected,0.2110753696822323
2,8,Undirected,0.31561894265685686
2,11,Undirected,0.25966330660039316
2,12,Undirected,0.3906082383681172
2,13,Undirected,0.19923204794750762
3,4,Undirected,0.785331652188827
3,5,Undirected,0.29580846372634806
3,6,Undirected,0.17273182975559187
3,11,Undirected,0.17066868057932
3,12,Undirected,0.21407151246434697
4,5,Undirected,0.7542900283125998
4,6,Undirected,0.35395227340890406
4,7,Undirected,0.20049526484967578
4,8,Undirected,0.30640793996359167
4,11,Undirected,0.19106482723233548
4,12,Undirected,0.36916477638192635
4,13,Undirected,0.21477704389276017
5,6,Undirected,0.7363698281954603
5,7,Undirected,0.21507506416658914
5,12,Undirected,0.18636687797675516
5,13,Undirected,0.18454605269468308
6,7,Undirected,0.7471818154044221
6,8,Undirected,0.30602227744913535
6,11,Undirected,0.2761110425747641
6,12,Undirected,0.3805320693882687
6,13,Undirected,0.31733978075029606
7,8,Undirected,0.7494692760864171
7,9,Undirected,0.22627617200835382
7,11,Undirected,0.2786554130106037
7,12,Undirected,0.21446844264755346
7,13,Undirected,0.26735866363503663
8,9,Undirected,0.7423508142745096
8,10,Undirected,0.2910163707393632
8,11,Undirected,0.3279660991768288
8,12,Undirected,0.39549731502811986
8,13,Undirected,0.21243978270109812
9,10,Undirected,0.7428825971021885
9,11,Undirected,0.32809434727528947
10,11,Undirected,0.7445075689666864
11,12,Undirected,0.36423009128365214
11,13,Undirected,0.386250764111451
12,13,Undirected,0.3665165199672798
