Source,Target,Type,Weight
0,1,Undirected,0.7318988353199526
0,2,Undirected,0.3237992158049502
0,3,Undirected,0.30920643724976016
0,4,Undirected,0.35559995852482323
0,5,Undirected,0.3354326343500668
0,6,Undirected,0.27743795818345945
0,7,Undirected,0.23758200063305293
0,11,Undirected,0.3186037507593257
0,12,Undirected,0.3913892396475998
0,13,Undirected,0.2032685580095819
1,2,Undirected,0.7413308009017987
1,3,Undirected,0.25174230682594145
1,6,Undirected,0.17088206317354288
1,8,Undirected,0.2112499945856632
1,10,Undirected,0.23931510402491527
1,11,Undirected,0.36177759484156685
1,12,Undirected,0.2277376765056257
1,13,Undirected,0.2283618343890174
2,3,Undirected,0.7430081429136527
2,4,Undirected,0.3310968156699591
2,6,Undirected,0.19677963488716674
2,11,Undirected,0.279063999095137
2,12,Undirected,0.39044875545334246
2,13,Undirected,0.35984206531972746
3,4,Undirected,0.7415349987902753
3,5,Undirected,0.2530317418404234
3,6,Undirected,0.16862422495365983
3,11,Undirected,0.17931337105395959
3,12,Undirected,0.2066850931912694
4,5,Undirected,0.7396066262116705
4,6,Undirected,0.3434559514866372
4,7,Undirected,0.20605787871076267
4,11,Undirected,0.1996941862827941
4,12,Undirected,0.3715669643327769
4,13,Undirected,0.2674886403690948
5,6,Undirected,0.7393632787838302
5,7,Undirected,0.22286655543629583
5,12,Undirected,0.17416494708202673
6,7,Undirected,0.7546150478297529
6,8,Undirected,0.2570410759741558
6,11,Undirected,0.3206344585660835
6,12,Undirected,0.38664802213081456
6,13,Undirected,0.21158950212774802
7,8,Undirected,0.7616062771855259
7,9,Undirected,0.22023651498297886
7,11,Undirected,0.28050512944768036
7,12,Undirected,0.21190532630953962
8,9,Undirected,0.7561023029253756
8,10,Undirected,0.3005905667699499
8,11,Undirected,0.3594757724976399
8,12,Undirected,0.21502050851689153
8,13,Undirected,0.27543718379390963
9,10,Undirected,0.755584574978002
9,11,Undirected,0.2873634274806268
10,11,Undirected,0.7506733467098854
11,12,Undirected,0.38296444861042556
11,13,Undirected,0.3260929463915307
12,13,Undirected,0.3742954247619439
