Source,Target,Type,Weight
0,1,Undirected,0.7625373673496584
0,2,Undirected,0.26185816544628004
0,3,Undirected,0.28019127781142783
0,4,Undirected,0.17045555313613453
0,8,Undirected,0.205796586045785
0,11,Undirected,0.28881959434874593
0,12,Undirected,0.366614999899918
0,13,Undirected,0.19816269158944913
1,2,Undirected,0.73392661475775
1,3,Undirected,0.28753578169375776
1,7,Undirected,0.17577300992773126
1,8,Undirected,0.1739907133691262
2,3,Undirected,0.747164112927612
2,4,Undirected,0.30300117016147476
2,5,Undirected,0.2757668478110078
2,6,Undirected,0.1679394814641724
3,4,Undirected,0.7478109972488648
3,5,Undirected,0.27861750369636323
3,6,Undirected,0.1693056082999429
4,5,Undirected,0.7702790084799845
4,6,Undirected,0.34248764043200614
4,7,Undirected,0.22268391009276442
4,8,Undirected,0.21990288274195768
4,9,Undirected,0.17236125780572653
5,6,Undirected,0.7347201031406395
5,7,Undirected,0.3178559419710172
5,8,Undirected,0.18007614341780528
6,7,Undirected,0.757899476818025
6,8,Undirected,0.28269445579566216
7,8,Undirected,0.7485011431928452
7,9,Undirected,0.21046658676139687
8,9,Undirected,0.761012010925555
8,10,Undirected,0.20349678591535575
8,11,Undirected,0.21716407995739462
9,10,Undirected,0.7414721415660122
9,11,Undirected,0.2516848430879144
10,11,Undirected,0.7633594371569488
11,12,Undirected,0.3873148348652276
11,13,Undirected,0.3408678855589361
12,13,Undirected,0.37800498490613105
