Source,Target,Type,Weight
0,1,Undirected,0.7588615405129688
0,2,Undirected,0.3184647013842947
0,3,Undirected,0.30235221480012786
0,4,Undirected,0.2813507991621532
0,5,Undirected,0.33708850897607906
0,6,Undirected,0.3153285084200668
0,7,Undirected,0.2820709745121548
0,11,Undirected,0.29524733407954024
0,12,Undirected,0.387149309822994
0,13,Undirected,0.19544862319826578
1,2,Undirected,0.7265287718924763
1,3,Undirected,0.2546763328173182
1,6,Undirected,0.1978243912718696
1,7,Undirected,0.19780929585371965
1,11,Undirected,0.35008497333696026
1,12,Undirected,0.24564319474181281
2,3,Undirected,0.7454174323865731
2,4,Undirected,0.32128819722203134
2,5,Undirected,0.19183627059997957
2,6,Undirected,0.20612601023419605
2,11,Undirected,0.22484396080943964
2,12,Undirected,0.38598343041882976
2,13,Undirected,0.22333634998369561
3,4,Undirected,0.7451300027927026
3,5,Undirected,0.32175152701995297
3,6,Undirected,0.1783333915829849
3,12,Undirected,0.20232357134167467
4,5,Undirected,0.7651451130080656
4,6,Undirected,0.3266265273784148
4,7,Undirected,0.19917823326800912
4,11,Undirected,0.20141251296673152
4,12,Undirected,0.3568677687187997
4,13,Undirected,0.32039117584129245
5,6,Undirected,0.7379515358976668
5,7,Undirected,0.2080617127625051
5,12,Undirected,0.18601990951767478
5,13,Undirected,0.1671873520176305
6,7,Undirected,0.7309213978372638
6,8,Undirected,0.2215373876138413
6,11,Undirected,0.29606784191574903
6,12,Undirected,0.37725020543085797
6,13,Undirected,0.29929361408379085
7,8,Undirected,0.7622491918045432
7,9,Undirected,0.2179063203734708
7,11,Undirected,0.2998503716402428
7,12,Undirected,0.218738103001178
7,13,Undirected,0.2443088436420232
8,9,Undirected,0.7630707094596899
8,10,Undirected,0.3413984846554783
8,11,Undirected,0.33469344892640135
8,12,Undirected,0.17759822960016788
8,13,Undirected,0.21409144319025195
9,10,Undirected,0.7625386150364479
9,11,Undirected,0.305005531369625
10,11,Undirected,0.741779056588741
11,12,Undirected,0.38081759079058414
11,13,Undirected,0.33294537503808275
12,13,Undirected,0.3596726273038625
