Source,Target,Type,Weight
0,1,Undirected,0.757142828775913
0,2,Undirected,0.28383673708587387
0,5,Undirected,0.21198532969719427
0,6,Undirected,0.3030343577329355
1,2,Undirected,0.7778846039715605
1,3,Undirected,0.2599780255771571
1,5,Undirected,0.17203423241296906
1,6,Undirected,0.1737150778894543
2,3,Undirected,0.7663115561510453
2,4,Undirected,0.368242355793611
2,5,Undirected,0.3399177562386069
2,6,Undirected,0.26885812678568727
2,7,Undirected,0.17334006475522057
2,12,Undirected,0.3826894218679018
2,13,Undirected,0.347050544819107
3,4,Undirected,0.7425979075093533
3,5,Undirected,0.314544640391069
3,6,Undirected,0.17368440493343906
3,12,Undirected,0.19909306722174513
3,13,Undirected,0.2878166912111998
4,5,Undirected,0.7486274596247477
4,6,Undirected,0.28849010655202
4,7,Undirected,0.21698854762201616
4,8,Undirected,0.26206768916476136
4,12,Undirected,0.3798796138804508
4,13,Undirected,0.30523850724590534
5,6,Undirected,0.7602840036800589
5,7,Undirected,0.2063430794920176
5,8,Undirected,0.18116032857354744
6,7,Undirected,0.750016540653708
6,8,Undirected,0.29366850659452964
6,9,Undirected,0.16687413684501676
6,12,Undirected,0.1938923617586177
7,8,Undirected,0.7537368504331651
7,9,Undirected,0.29499057350478963
7,10,Undirected,0.25483185475953
7,11,Undirected,0.17307239835622024
7,12,Undirected,0.1935419805228005
8,9,Undirected,0.7382124690431724
8,10,Undirected,0.3349190128063301
9,10,Undirected,0.7496989535182802
9,11,Undirected,0.20947740125409636
10,11,Undirected,0.7168308188249988
11,12,Undirected,0.18066774680401934
12,13,Undirected,0.37292132988297927
