Source,Target,Type,Weight
0,1,Undirected,0.7680044765885934
0,2,Undirected,0.2573493247309379
0,3,Undirected,0.18012486377809814
0,8,Undirected,0.2021783353609152
0,9,Undirected,0.29910487551250264
0,10,Undirected,0.2842527527280594
0,11,Undirected,0.2906744211188699
0,13,Undirected,0.21562232451573574
1,2,Undirected,0.7442619768429574
1,3,Undirected,0.2918267979722499
1,6,Undirected,0.1713450749173894
1,7,Undirected,0.17617347856413146
1,9,Undirected,0.30367646334802423
1,10,Undirected,0.17741737767357788
1,11,Undirected,0.17627918177756727
1,12,Undirected,0.18054129709821345
1,13,Undirected,0.2830635268913806
2,3,Undirected,0.7546147084149094
2,4,Undirected,0.2103692801658918
2,6,Undirected,0.29390665783469
2,7,Undirected,0.31817760108594323
2,8,Undirected,0.3066245026394187
2,9,Undirected,0.35968906730826294
2,10,Undirected,0.1753538429224392
2,11,Undirected,0.28895453849644026
2,12,Undirected,0.3757750694985666
2,13,Undirected,0.3067499477999746
3,4,Undirected,0.7648761643274046
3,5,Undirected,0.20904679378156282
3,6,Undirected,0.2637184485852631
3,7,Undirected,0.2674119314840063
3,8,Undirected,0.17179724577447908
3,9,Undirected,0.20597202912038934
4,5,Undirected,0.7333535221147586
4,6,Undirected,0.3262925683112907
4,7,Undirected,0.28193066970955855
5,6,Undirected,0.7594963893489529
5,7,Undirected,0.21524053207872695
6,7,Undirected,0.7520298538157415
6,8,Undirected,0.2571340326496091
7,8,Undirected,0.7605274602771517
7,9,Undirected,0.29343587313267383
8,9,Undirected,0.7461648191353032
8,10,Undirected,0.22004171361144226
9,10,Undirected,0.7389780184949585
9,11,Undirected,0.2514326998395899
10,11,Undirected,0.7683666906221909
11,12,Undirected,0.39648213308186175
11,13,Undirected,0.2726498283906187
12,13,Undirected,0.37474240560575434
