Source,Target,Type,Weight
0,1,Undirected,0.7076203023381327
0,2,Undirected,0.2735467804462272
0,6,Undirected,0.2175897513420953
1,2,Undirected,0.7518595253912559
1,3,Undirected,0.30808644805083335
1,4,Undirected,0.16713325635825418
2,3,Undirected,0.744591628016629
2,4,Undirected,0.32580906688723343
2,5,Undirected,0.3532052017275316
2,6,Undirected,0.1799573608338364
2,7,Undirected,0.21131459792880353
2,11,Undirected,0.2155045353891476
2,12,Undirected,0.398836743913735
2,13,Undirected,0.3298872809513341
3,4,Undirected,0.7606177966767909
3,5,Undirected,0.3147506104886303
3,12,Undirected,0.2272715647418005
3,13,Undirected,0.18819716859619845
4,5,Undirected,0.7547639446208252
4,6,Undirected,0.31014645186822704
4,7,Undirected,0.2591253676159643
4,8,Undirected,0.22017810771420035
4,10,Undirected,0.27634338678615644
4,11,Undirected,0.28752626126208575
4,12,Undirected,0.3668794658258266
4,13,Undirected,0.20722790561724785
5,6,Undirected,0.76024583125379
5,7,Undirected,0.35117156711135683
5,8,Undirected,0.1792641692199488
6,7,Undirected,0.7285099074682312
6,8,Undirected,0.338392338203872
6,9,Undirected,0.1934015295596547
7,8,Undirected,0.7608351056598021
7,9,Undirected,0.31507384618389395
7,10,Undirected,0.28921228118442943
7,11,Undirected,0.18276105179771726
8,9,Undirected,0.7440160847669846
8,10,Undirected,0.3250917868188013
9,10,Undirected,0.7681611666266039
9,11,Undirected,0.21508836547561955
10,11,Undirected,0.7455820046543058
11,12,Undirected,0.38581244012360927
11,13,Undirected,0.3356022046682612
12,13,Undirected,0.39465959078441615
