Source,Target,Type,Weight
0,1,Undirected,0.7667625050329996
0,2,Undirected,0.33681889659574177
0,3,Undirected,0.19019618352810025
0,12,Undirected,0.3644811807430584
0,13,Undirected,0.24375372592467148
1,2,Undirected,0.7678017465033824
1,3,Undirected,0.23835403294320892
1,12,Undirected,0.17673009977490245
2,3,Undirected,0.7585568606486095
2,4,Undirected,0.2680073303701735
2,5,Undirected,0.176136797895448
2,7,Undirected,0.17237667186882635
2,12,Undirected,0.38145724659851016
2,13,Undirected,0.20151744998294865
3,4,Undirected,0.7614765801649728
3,5,Undirected,0.24343947972500413
3,12,Undirected,0.21122563225110116
3,13,Undirected,0.17471999130878949
4,5,Undirected,0.7474140217644946
4,6,Undirected,0.20907238604187564
4,7,Undirected,0.2081951670851116
4,12,Undirected,0.18347847525652317
5,6,Undirected,0.7626485661373305
5,7,Undirected,0.23101786562894985
6,7,Undirected,0.7721641913731173
6,8,Undirected,0.26610323359245747
7,8,Undirected,0.7596047769773489
7,9,Undirected,0.20842875686972437
7,10,Undirected,0.2437978463643157
7,11,Undirected,0.2522575686670934
8,9,Undirected,0.7415560409718029
8,10,Undirected,0.266019555777004
8,11,Undirected,0.18598096072556583
9,10,Undirected,0.7326645851696658
9,11,Undirected,0.2279833707045317
10,11,Undirected,0.7505858269996433
12,13,Undirected,0.3841237781669209
