Source,Target,Type,Weight
0,1,Undirected,0.7360499986355808
0,2,Undirected,0.3204550896483394
0,3,Undirected,0.32002336596383874
0,4,Undirected,0.1864235365546325
0,7,Undirected,0.2346300749340941
1,2,Undirected,0.733748277504688
1,3,Undirected,0.29956776518789197
1,7,Undirected,0.17043671303179084
2,3,Undirected,0.7428227343246364
2,4,Undirected,0.3569399274666216
2,7,Undirected,0.19337124930072822
2,8,Undirected,0.29072934505242104
2,11,Undirected,0.19820610485373175
2,12,Undirected,0.39224723513330345
2,13,Undirected,0.2674627815911454
3,4,Undirected,0.7571846542756621
3,5,Undirected,0.22908254883435802
3,7,Undirected,0.23116900095161533
4,5,Undirected,0.7370103866300473
4,6,Undirected,0.2659442772356278
4,7,Undirected,0.30804965600309936
4,8,Undirected,0.29200963185991013
4,12,Undirected,0.24768396258058298
4,13,Undirected,0.3100419324605529
5,6,Undirected,0.7319589940708464
5,7,Undirected,0.30437800863546505
5,8,Undirected,0.17615878374745986
6,7,Undirected,0.7342413236392727
6,8,Undirected,0.22816811365756462
6,9,Undirected,0.170603828700464
7,8,Undirected,0.7376709367812231
7,9,Undirected,0.24300414316947133
7,13,Undirected,0.17388120487873474
8,9,Undirected,0.7383955830455254
8,10,Undirected,0.3121192462114938
8,11,Undirected,0.3028939513270112
8,12,Undirected,0.3789807259710745
8,13,Undirected,0.37909043869262143
9,10,Undirected,0.7436450790008007
9,11,Undirected,0.32500948844238753
10,11,Undirected,0.7604823690663126
11,12,Undirected,0.3831309983766983
11,13,Undirected,0.2695692859823848
12,13,Undirected,0.39116847750058287
