Source,Target,Type,Weight
0,1,Undirected,0.7497652907784481
0,2,Undirected,0.2984649666023123
0,6,Undirected,0.16891673982908187
0,12,Undirected,0.3964819082083294
0,13,Undirected,0.20280143542451232
1,2,Undirected,0.7733167176319934
1,3,Undirected,0.3138993759737547
1,4,Undirected,0.21767489616040803
1,5,Undirected,0.1910074525760684
1,6,Undirected,0.2745408401610654
1,12,Undirected,0.18976813950575905
2,3,Undirected,0.7530733904267861
2,4,Undirected,0.23294022567239536
2,5,Undirected,0.17133190237583443
2,6,Undirected,0.2892760305763431
2,7,Undirected,0.2556409729743567
2,12,Undirected,0.39379238899737057
2,13,Undirected,0.33019185716466365
3,4,Undirected,0.7494282985878303
3,5,Undirected,0.3428179291407304
3,6,Undirected,0.32715022111068887
3,7,Undirected,0.2283859078357043
3,13,Undirected,0.19370387050841872
4,5,Undirected,0.7506726077780976
4,6,Undirected,0.26071656053627884
5,6,Undirected,0.7461645536506176
5,7,Undirected,0.21589148846958442
5,8,Undirected,0.19344530824894504
6,7,Undirected,0.7617403069714436
6,8,Undirected,0.2996581044533583
7,8,Undirected,0.7464972877807216
7,9,Undirected,0.21565930972427533
7,12,Undirected,0.17094192935841593
7,13,Undirected,0.19923598490210404
8,9,Undirected,0.7417792533685815
8,10,Undirected,0.23700644470668594
9,10,Undirected,0.7529012375208799
9,11,Undirected,0.21008303438490453
10,11,Undirected,0.744136667098379
12,13,Undirected,0.3815268518493251
