Source,Target,Type,Weight
0,1,Undirected,0.7396883428963542
0,2,Undirected,0.26987519916652314
0,3,Undirected,0.1819749874982613
0,8,Undirected,0.18747738276584636
0,9,Undirected,0.2803673522045076
0,10,Undirected,0.3256275289813892
0,11,Undirected,0.33560456773199926
1,2,Undirected,0.7708501554040004
1,3,Undirected,0.254564176628029
1,9,Undirected,0.29324124426511616
1,10,Undirected,0.18820779218914402
1,11,Undirected,0.2860673278930827
1,12,Undirected,0.1827350146582593
2,3,Undirected,0.7188303007342969
2,4,Undirected,0.19941063547097387
2,6,Undirected,0.25565502799323275
2,7,Undirected,0.17711320987204943
2,8,Undirected,0.28398325283774783
2,9,Undirected,0.3584946299789876
2,10,Undirected,0.2576620175169214
2,11,Undirected,0.2942271953973126
2,12,Undirected,0.3816287725418983
2,13,Undirected,0.21035467822179427
3,4,Undirected,0.7768764679983989
3,5,Undirected,0.23283209781392392
3,6,Undirected,0.2738810705740494
3,7,Undirected,0.17032934857604184
3,8,Undirected,0.17868829970425268
3,9,Undirected,0.20816235049775683
4,5,Undirected,0.7462459335524523
4,6,Undirected,0.2782987742139376
4,7,Undirected,0.17172270259333255
5,6,Undirected,0.7563407015606466
5,7,Undirected,0.25951890143228706
6,7,Undirected,0.7304721705746592
6,8,Undirected,0.3183345433824229
6,9,Undirected,0.19835471159026385
6,12,Undirected,0.20307829664809526
7,8,Undirected,0.7270072456257061
7,9,Undirected,0.2290027005509316
8,9,Undirected,0.765482490492161
8,10,Undirected,0.27245327430476995
8,11,Undirected,0.18457943143797992
9,10,Undirected,0.7474982055729491
9,11,Undirected,0.23719671672055706
10,11,Undirected,0.7506719360231893
11,12,Undirected,0.37614161557346587
11,13,Undirected,0.3409869906713404
12,13,Undirected,0.38789708247440796
