Source,Target,Type,Weight
0,1,Undirected,0.732722373813485
0,2,Undirected,0.3106294062816652
0,3,Undirected,0.29274222209441947
0,4,Undirected,0.18812631340236002
0,7,Undirected,0.17749006779341417
1,2,Undirected,0.7488169808098759
1,3,Undirected,0.30570463710992596
2,3,Undirected,0.7422893293909076
2,4,Undirected,0.2932009639279203
2,8,Undirected,0.23767667208776513
2,11,Undirected,0.2761525636938503
2,12,Undirected,0.39592268834109184
2,13,Undirected,0.28766887747792075
3,4,Undirected,0.7329806461872783
3,5,Undirected,0.25174538921883977
3,8,Undirected,0.18357027676049692
3,12,Undirected,0.17182762178311534
4,5,Undirected,0.745811626154255
4,6,Undirected,0.24971841734532482
4,7,Undirected,0.3040413327063509
4,8,Undirected,0.3121330897373405
4,11,Undirected,0.20091182641096797
4,12,Undirected,0.37739871281634657
4,13,Undirected,0.20534223183092853
5,6,Undirected,0.7391812477987204
5,7,Undirected,0.2935040655833975
5,8,Undirected,0.17361084551211653
6,7,Undirected,0.7465611328110573
6,8,Undirected,0.2111125539948922
7,8,Undirected,0.7487955913882608
7,9,Undirected,0.24422639182067418
8,9,Undirected,0.759780835238233
8,10,Undirected,0.2843606921057254
8,11,Undirected,0.3392440065776538
8,12,Undirected,0.3851995637292844
8,13,Undirected,0.20118721593479127
9,10,Undirected,0.7239541463349802
9,11,Undirected,0.30021226632523873
10,11,Undirected,0.7518579754670786
11,12,Undirected,0.3999551060524155
11,13,Undirected,0.34701089240695254
12,13,Undirected,0.3643307956819593
