Source,Target,Type,Weight
0,1,Undirected,0.7331763603596044
0,2,Undirected,0.3290363495270661
0,3,Undirected,0.3572752893643431
0,4,Undirected,0.22074145649329666
0,5,Undirected,0.1725284661619855
0,6,Undirected,0.21506917505772194
0,7,Undirected,0.1890372813631764
0,8,Undirected,0.20353984190458332
0,11,Undirected,0.3048052472700506
0,12,Undirected,0.3813874933427973
0,13,Undirected,0.3613470738651367
1,2,Undirected,0.7321126289526242
1,3,Undirected,0.23176640612057678
1,8,Undirected,0.16775692767096748
1,11,Undirected,0.3243965744534016
1,12,Undirected,0.22204810714796966
1,13,Undirected,0.17937320067806195
2,3,Undirected,0.7298295239016636
2,4,Undirected,0.324432506647329
2,5,Undirected,0.18647790814872514
2,6,Undirected,0.20802029226270197
2,8,Undirected,0.28946011595646765
2,11,Undirected,0.26815033282370987
2,12,Undirected,0.3962685432725725
2,13,Undirected,0.28754181359783615
3,4,Undirected,0.7392806566183604
3,5,Undirected,0.3495499474754681
3,6,Undirected,0.18208261540939355
3,11,Undirected,0.1815981260639541
3,12,Undirected,0.22856990893070278
3,13,Undirected,0.3072734425537744
4,5,Undirected,0.7525380619584235
4,6,Undirected,0.35541976277069026
4,7,Undirected,0.20921644890744953
4,8,Undirected,0.3486777848079115
4,11,Undirected,0.19733235775221897
4,12,Undirected,0.35919350545739304
4,13,Undirected,0.3448209128837838
5,6,Undirected,0.732585692471673
5,7,Undirected,0.2170218706384689
5,12,Undirected,0.19169349983103492
5,13,Undirected,0.3219266674423867
6,7,Undirected,0.7635363369350497
6,8,Undirected,0.28168028850996957
6,11,Undirected,0.28425026767670986
6,12,Undirected,0.3725479589644273
6,13,Undirected,0.30975704592660974
7,8,Undirected,0.742269099412696
7,9,Undirected,0.2224686609248382
7,11,Undirected,0.272431047431848
7,12,Undirected,0.2160508479046338
7,13,Undirected,0.19384612284553618
8,9,Undirected,0.7481467363661523
8,10,Undirected,0.28492565840636885
8,11,Undirected,0.3265585774351765
8,12,Undirected,0.40289556597248904
8,13,Undirected,0.2035103327623424
9,10,Undirected,0.7371698420612967
9,11,Undirected,0.3064356092406508
10,11,Undirected,0.7403339062827093
11,12,Undirected,0.3869207034250978
11,13,Undirected,0.21825522125021102
12,13,Undirected,0.3744375028846292
