Source,Target,Type,Weight
0,1,Undirected,0.7570330929798121
0,2,Undirected,0.3361137774062327
0,3,Undirected,0.20201551987098146
0,4,Undirected,0.3169717292139165
0,5,Undirected,0.2092809629300165
0,11,Undirected,0.24831320291105705
0,12,Undirected,0.3970623679749716
0,13,Undirected,0.350721586210299
1,2,Undirected,0.7415548610047853
1,3,Undirected,0.27223581571814875
1,4,Undirected,0.24951074097415402
1,5,Undirected,0.27558685100518177
1,6,Undirected,0.17157658948625085
1,7,Undirected,0.21445793728301385
1,11,Undirected,0.2234025848905577
1,12,Undirected,0.21258895625171506
2,3,Undirected,0.728975917816964
2,4,Undirected,0.27498895763988723
2,5,Undirected,0.19581477880789655
2,11,Undirected,0.16768802085865397
2,12,Undirected,0.2130104720018689
3,4,Undirected,0.7512852782043827
3,5,Undirected,0.2577687143945895
3,6,Undirected,0.20967311860509596
3,12,Undirected,0.16993607155564672
4,5,Undirected,0.7546153193618476
4,6,Undirected,0.24689168009442658
4,11,Undirected,0.3120281325718435
4,12,Undirected,0.3540895774947049
4,13,Undirected,0.19156908647991147
5,6,Undirected,0.7507566538011505
5,7,Undirected,0.29735341323010517
5,8,Undirected,0.17222681341813253
5,9,Undirected,0.19889044813683884
5,10,Undirected,0.16678110663689796
5,11,Undirected,0.34041005969486404
5,12,Undirected,0.2387274891570138
6,7,Undirected,0.7645844067622353
6,8,Undirected,0.35710196574044845
6,9,Undirected,0.27234608431857377
6,11,Undirected,0.1815425706382711
7,8,Undirected,0.764607195573402
7,9,Undirected,0.2782265371996545
7,11,Undirected,0.2825163416852825
8,9,Undirected,0.7728759728083096
8,10,Undirected,0.20950563151679374
9,10,Undirected,0.7521769901633176
9,11,Undirected,0.3677245096134491
10,11,Undirected,0.7373497169917961
11,12,Undirected,0.3918525978672955
11,13,Undirected,0.2797761019554559
12,13,Undirected,0.39022894377128475
