Source,Target,Type,Weight
0,1,Undirected,0.7406402065025051
0,2,Undirected,0.340771454228993
0,3,Undirected,0.35646611475932166
0,4,Undirected,0.22091210810825615
0,5,Undirected,0.18806240887884368
0,6,Undirected,0.21202394999387833
0,7,Undirected,0.1729353738613233
0,11,Undirected,0.3452265720580663
0,12,Undirected,0.3928229315541137
0,13,Undirected,0.20997117586049152
1,2,Undirected,0.7465183467970695
1,3,Undirected,0.23212239235426327
1,10,Undirected,0.2887448741861654
1,11,Undirected,0.33496325254654247
1,12,Undirected,0.20678935805186005
2,3,Undirected,0.7566653070288824
2,4,Undirected,0.331292459567122
2,5,Undirected,0.19783553238428214
2,6,Undirected,0.1990278615963573
2,11,Undirected,0.298252773588865
2,12,Undirected,0.3846513764917458
2,13,Undirected,0.35579796246204864
3,4,Undirected,0.744094950562253
3,5,Undirected,0.3098959433911242
3,6,Undirected,0.17365155717806283
3,11,Undirected,0.19401912999135165
3,12,Undirected,0.22973899838646616
3,13,Undirected,0.17232859703709974
4,5,Undirected,0.7235924503068705
4,6,Undirected,0.28728959651408864
4,7,Undirected,0.1816086939315138
4,8,Undirected,0.16875303363293073
4,11,Undirected,0.202573217859191
4,12,Undirected,0.37850336143296004
4,13,Undirected,0.3440237344408006
5,6,Undirected,0.7480847546775541
5,7,Undirected,0.21031061036901572
5,12,Undirected,0.219279743868036
5,13,Undirected,0.16954688181256006
6,7,Undirected,0.7599334988614507
6,8,Undirected,0.25640557903969685
6,11,Undirected,0.339431928922894
6,12,Undirected,0.38736219461997157
6,13,Undirected,0.2723731259551282
7,8,Undirected,0.7425359215992717
7,9,Undirected,0.21014938965396404
7,11,Undirected,0.2968861981211453
7,12,Undirected,0.220603319497448
7,13,Undirected,0.18898593729329755
8,9,Undirected,0.7360709244364942
8,10,Undirected,0.32314441566950375
8,11,Undirected,0.35076276591100636
8,12,Undirected,0.18744373520311816
8,13,Undirected,0.25744381606954136
9,10,Undirected,0.7217991907107701
9,11,Undirected,0.31347160559669934
10,11,Undirected,0.7533941142162566
11,12,Undirected,0.38730764606599116
11,13,Undirected,0.2994083010038874
12,13,Undirected,0.3810864355691237
