Source,Target,Type,Weight
0,1,Undirected,0.7456051327477362
0,2,Undirected,0.3187576254232504
0,3,Undirected,0.2986940311527971
0,4,Undirected,0.2849095362309173
0,5,Undirected,0.187588280634269
0,6,Undirected,0.2814402280453447
0,7,Undirected,0.3286721533855206
0,8,Undirected,0.26176055350917826
0,9,Undirected,0.309239128551504
0,10,Undirected,0.23590096162325894
0,12,Undirected,0.387815415830691
0,13,Undirected,0.19640149610194232
1,2,Undirected,0.7360490298773182
1,3,Undirected,0.26513617776313475
1,7,Undirected,0.16676280477729277
1,8,Undirected,0.2180576268835481
1,9,Undirected,0.19893765317065326
1,10,Undirected,0.27866707664210977
1,11,Undirected,0.3649392416722403
1,12,Undirected,0.1752407526466789
2,3,Undirected,0.739583086287168
2,4,Undirected,0.3629338958718267
2,5,Undirected,0.20397932186703127
2,6,Undirected,0.20179450340836716
2,7,Undirected,0.19312822766445606
2,9,Undirected,0.32047947712298447
2,10,Undirected,0.2561055591333513
2,12,Undirected,0.38799920518656467
2,13,Undirected,0.29292109086411533
3,4,Undirected,0.7484604050494039
3,5,Undirected,0.2089609346104302
3,12,Undirected,0.20712285040433928
4,5,Undirected,0.74278182267998
4,6,Undirected,0.33206996493646
4,7,Undirected,0.2123463195415434
4,9,Undirected,0.1897410462198126
4,12,Undirected,0.3924829889577478
4,13,Undirected,0.3239980407032241
5,6,Undirected,0.7625360503513656
5,7,Undirected,0.25284074074676893
5,12,Undirected,0.21729798709818068
5,13,Undirected,0.25084651572590194
6,7,Undirected,0.7481869732500623
6,8,Undirected,0.22387223063594855
6,9,Undirected,0.20733282148148485
6,12,Undirected,0.3633812732549541
6,13,Undirected,0.24631201794553081
7,8,Undirected,0.7156013328260451
7,9,Undirected,0.3523442636143802
7,10,Undirected,0.18849384648599055
7,12,Undirected,0.34077322616789446
7,13,Undirected,0.19289749018726993
8,9,Undirected,0.7517958489860229
8,10,Undirected,0.25088536255212196
8,11,Undirected,0.20433967698547842
8,12,Undirected,0.19763844361158125
9,10,Undirected,0.7439307701448911
9,11,Undirected,0.2635843567172816
9,12,Undirected,0.35630320003173704
9,13,Undirected,0.2606022931215363
10,11,Undirected,0.7440135771749489
10,12,Undirected,0.20977045353746177
10,13,Undirected,0.17561216122791315
12,13,Undirected,0.37113487810642554
