Source,Target,Type,Weight
0,1,Undirected,0.7608795485630097
0,2,Undirected,0.24575816641368028
0,3,Undirected,0.1830274703710301
0,8,Undirected,0.26176573215667537
0,9,Undirected,0.2750610743471478
0,11,Undirected,0.31377573902333944
0,12,Undirected,0.3855328838288123
0,13,Undirected,0.2022974579602428
1,2,Undirected,0.766945543498971
1,3,Undirected,0.20372228127937644
1,8,Undirected,0.2835687919533418
1,9,Undirected,0.1759363379773133
2,3,Undirected,0.7856741926888331
2,4,Undirected,0.31668238764233914
2,5,Undirected,0.35460529052361106
2,6,Undirected,0.20213396356262037
2,7,Undirected,0.18236394544365359
2,8,Undirected,0.3333683845498371
2,9,Undirected,0.20718783985432104
3,4,Undirected,0.7381543308294984
3,5,Undirected,0.24763555883350732
4,5,Undirected,0.7734961233483832
4,6,Undirected,0.36769946140404197
4,7,Undirected,0.2430415423733135
4,8,Undirected,0.25283084925236454
4,9,Undirected,0.20870097586757633
5,6,Undirected,0.7391004245554573
5,7,Undirected,0.2915885984468784
5,8,Undirected,0.17705870493266515
6,7,Undirected,0.7549400757999215
6,8,Undirected,0.258754238613464
7,8,Undirected,0.7522202249359251
7,9,Undirected,0.20662701462748204
8,9,Undirected,0.7481650859836954
8,10,Undirected,0.2139360295004257
9,10,Undirected,0.7285102238061241
9,11,Undirected,0.27743234273441547
10,11,Undirected,0.7551083364201295
11,12,Undirected,0.3859708566192747
11,13,Undirected,0.32671382044957203
12,13,Undirected,0.3695457515847509
