Source,Target,Type,Weight
0,1,Undirected,0.7426796290341544
0,2,Undirected,0.29707477631940266
0,3,Undirected,0.3134644367712424
0,4,Undirected,0.3382046922217672
0,5,Undirected,0.3270263305728355
0,6,Undirected,0.2983535902445305
0,7,Undirected,0.20701448897680855
0,11,Undirected,0.2920570691349387
0,12,Undirected,0.3985834871626742
0,13,Undirected,0.21050349348239286
1,2,Undirected,0.7380929546091656
1,3,Undirected,0.263852261998007
1,6,Undirected,0.17282708967584207
1,11,Undirected,0.31851009438272143
1,12,Undirected,0.22155089173845155
2,3,Undirected,0.7305107195636064
2,4,Undirected,0.3232252988307244
2,5,Undirected,0.1697597478704062
2,6,Undirected,0.18528912727636418
2,11,Undirected,0.31541826288274405
2,12,Undirected,0.37496324616323023
2,13,Undirected,0.20990713908798206
3,4,Undirected,0.7353338141116531
3,5,Undirected,0.29679346886579827
3,12,Undirected,0.17456658475034584
4,5,Undirected,0.7258394029720052
4,6,Undirected,0.35603208674261977
4,7,Undirected,0.2050570823069
4,11,Undirected,0.202242754915652
4,12,Undirected,0.37861385738214626
4,13,Undirected,0.3399669913869923
5,6,Undirected,0.7499744975298142
5,7,Undirected,0.2109122535864553
5,12,Undirected,0.18143644336288361
6,7,Undirected,0.7423721655748711
6,8,Undirected,0.23228061097002745
6,11,Undirected,0.2985978734879684
6,12,Undirected,0.360375147911505
6,13,Undirected,0.36752312450174607
7,8,Undirected,0.7603288646252271
7,9,Undirected,0.21945712106101972
7,11,Undirected,0.27395910271245577
7,12,Undirected,0.20785222054723512
7,13,Undirected,0.2415395585363879
8,9,Undirected,0.7638049004166386
8,10,Undirected,0.3157813346403354
8,11,Undirected,0.35879169699508495
8,12,Undirected,0.20156953327684285
8,13,Undirected,0.29199086860221557
9,10,Undirected,0.7516683938195258
9,11,Undirected,0.30770413596573215
10,11,Undirected,0.7597147092223387
11,12,Undirected,0.3899328023603263
11,13,Undirected,0.2881879206343742
12,13,Undirected,0.3700430812208631
