Source,Target,Type,Weight
0,1,Undirected,0.7401512664951418
0,2,Undirected,0.21238117845693422
1,2,Undirected,0.749426089144151
1,3,Undirected,0.21007756278805312
1,11,Undirected,0.18722737603290107
1,12,Undirected,0.1706979223897605
1,13,Undirected,0.20232357134167467
2,3,Undirected,0.7426777879651005
2,4,Undirected,0.32750989954592336
2,5,Undirected,0.32310421327708
2,6,Undirected,0.20914913785838626
2,8,Undirected,0.24720884662975737
2,11,Undirected,0.26666561550978585
2,12,Undirected,0.3860107830379976
2,13,Undirected,0.3813518461355919
3,4,Undirected,0.774588398156857
3,5,Undirected,0.26982320205848476
3,12,Undirected,0.16992137998894175
3,13,Undirected,0.2061611062253389
4,5,Undirected,0.7271224403469964
4,6,Undirected,0.34750718535438774
4,7,Undirected,0.20423559970698163
4,8,Undirected,0.3444569648478155
4,11,Undirected,0.18849767545371887
4,12,Undirected,0.3525650611492973
4,13,Undirected,0.2874072598032931
5,6,Undirected,0.745336762866012
5,7,Undirected,0.2128359064787446
5,12,Undirected,0.20230938184444935
5,13,Undirected,0.29181106290076325
6,7,Undirected,0.7459988616960729
6,8,Undirected,0.29940248763019833
6,11,Undirected,0.2922716544080346
6,12,Undirected,0.38295927358055576
6,13,Undirected,0.3168396530607975
7,8,Undirected,0.7611872026374296
7,9,Undirected,0.2835485865917875
7,11,Undirected,0.2574441321048111
7,12,Undirected,0.2111618699711725
7,13,Undirected,0.19365115861392018
8,9,Undirected,0.7525148392921347
8,10,Undirected,0.21158064305562857
8,11,Undirected,0.34244569661298074
8,12,Undirected,0.39596290604379314
8,13,Undirected,0.19773142965490587
9,10,Undirected,0.741678712472588
9,11,Undirected,0.3149809523180137
10,11,Undirected,0.7524767005229729
11,12,Undirected,0.36321395942932605
11,13,Undirected,0.2931312938027073
12,13,Undirected,0.364095873714244
