Source,Target,Type,Weight
0,1,Undirected,0.7430272285392477
0,2,Undirected,0.31509379972049284
0,3,Undirected,0.35633946443698494
0,4,Undirected,0.3286192091036436
0,5,Undirected,0.35273430427192176
0,6,Undirected,0.3160366184091475
0,7,Undirected,0.23594024090486482
0,11,Undirected,0.3068278813029393
0,12,Undirected,0.3932222178263194
0,13,Undirected,0.20995147939491104
1,2,Undirected,0.7622933151685375
1,3,Undirected,0.2770762632480286
1,11,Undirected,0.32390631430211475
1,12,Undirected,0.21624007115504662
2,3,Undirected,0.7341236054478385
2,4,Undirected,0.29329919356259826
2,5,Undirected,0.1789701963255482
2,6,Undirected,0.1911547608760725
2,11,Undirected,0.24862271575911923
2,12,Undirected,0.38810522422648525
2,13,Undirected,0.2040932275447301
3,4,Undirected,0.7705772526245541
3,5,Undirected,0.3182648794740709
3,6,Undirected,0.18581549902597916
3,11,Undirected,0.17695763441751194
3,12,Undirected,0.19753979521402457
4,5,Undirected,0.7489000769379242
4,6,Undirected,0.3398085090179646
4,7,Undirected,0.19729257440622486
4,11,Undirected,0.20874335356878979
4,12,Undirected,0.37571441253014387
4,13,Undirected,0.29702254006822665
5,6,Undirected,0.7574673025030005
5,7,Undirected,0.212975211563401
5,12,Undirected,0.1826247218157416
6,7,Undirected,0.7433555230910006
6,8,Undirected,0.24340478299256618
6,11,Undirected,0.29757296252498394
6,12,Undirected,0.3323855405493648
6,13,Undirected,0.3491107061846214
7,8,Undirected,0.7495947138280192
7,9,Undirected,0.22006284085887753
7,11,Undirected,0.2754392096400151
7,12,Undirected,0.20283264221773922
7,13,Undirected,0.221477235860279
8,9,Undirected,0.7345422805797175
8,10,Undirected,0.31635899451895344
8,11,Undirected,0.34876250254963165
8,12,Undirected,0.19588900166246054
8,13,Undirected,0.26195413237043125
9,10,Undirected,0.736292785248669
9,11,Undirected,0.3029888908513595
10,11,Undirected,0.7418611884465882
11,12,Undirected,0.38954157604491085
11,13,Undirected,0.3562940291521513
12,13,Undirected,0.377154374174585
