Source,Target,Type,Weight
0,1,Undirected,0.7385355464903396
0,2,Undirected,0.32743974108997526
0,12,Undirected,0.3941527903271353
0,13,Undirected,0.31919616493133135
1,2,Undirected,0.7389193691100711
1,3,Undirected,0.22585222882331119
1,4,Undirected,0.1704896698634076
1,6,Undirected,0.26513349616516685
1,12,Undirected,0.21070555826495696
1,13,Undirected,0.22726484101446187
2,3,Undirected,0.7679141346011603
2,4,Undirected,0.2184384977186966
2,6,Undirected,0.2628731608595066
2,7,Undirected,0.26275327557983047
2,12,Undirected,0.37577537249595316
2,13,Undirected,0.29904740270773
3,4,Undirected,0.759977492236117
3,5,Undirected,0.30082163394840944
3,6,Undirected,0.34550398367533747
3,7,Undirected,0.2331255253837177
4,5,Undirected,0.7455008357393574
4,6,Undirected,0.30040720346321337
5,6,Undirected,0.7680499016797081
5,7,Undirected,0.2170504413711833
5,8,Undirected,0.2908587380558231
6,7,Undirected,0.7384338028169014
6,8,Undirected,0.3053578853176675
7,8,Undirected,0.7451286790504686
7,9,Undirected,0.21026928058125968
7,11,Undirected,0.17461744315977212
7,13,Undirected,0.18568069131605044
8,9,Undirected,0.7597152596515471
8,10,Undirected,0.24106395180357826
9,10,Undirected,0.7514550099371557
9,11,Undirected,0.2152709337862489
10,11,Undirected,0.7471435498253763
12,13,Undirected,0.38460954415426696
