Source,Target,Type,Weight
0,1,Undirected,0.7551096278861181
0,2,Undirected,0.3289828491881403
0,3,Undirected,0.3720302491712416
0,4,Undirected,0.22800168776426355
0,5,Undirected,0.1827932621203109
0,6,Undirected,0.20577180961766797
0,8,Undirected,0.19622750260822375
0,11,Undirected,0.30776369746365034
0,12,Undirected,0.3824726422849671
0,13,Undirected,0.32644031739155577
1,2,Undirected,0.7466626695634984
1,3,Undirected,0.24765447937519544
1,11,Undirected,0.3042818214437699
1,12,Undirected,0.22235836311150214
1,13,Undirected,0.17266450515485987
2,3,Undirected,0.7433567087954311
2,4,Undirected,0.3582945016885348
2,5,Undirected,0.20671703809458752
2,6,Undirected,0.2100076146025726
2,8,Undirected,0.3277382759621945
2,11,Undirected,0.3388875678564281
2,12,Undirected,0.4050995575424235
2,13,Undirected,0.26752542439475163
3,4,Undirected,0.7286472872233558
3,5,Undirected,0.33622944802164473
3,6,Undirected,0.17234046452291324
3,12,Undirected,0.20877464932731551
3,13,Undirected,0.23632531196455264
4,5,Undirected,0.7615846348998373
4,6,Undirected,0.34638343353417544
4,7,Undirected,0.1966146480327866
4,8,Undirected,0.3353043225780715
4,11,Undirected,0.20090164484083267
4,12,Undirected,0.3755516242191573
4,13,Undirected,0.33064482498339604
5,6,Undirected,0.7681175570540962
5,7,Undirected,0.21525036308677645
5,12,Undirected,0.19770000213994504
5,13,Undirected,0.31795943362141676
6,7,Undirected,0.7309205062189961
6,8,Undirected,0.3275872518593173
6,11,Undirected,0.29475457802763183
6,12,Undirected,0.35608809629608623
6,13,Undirected,0.35148922077286493
7,8,Undirected,0.7473283921888997
7,9,Undirected,0.21989068544720658
7,11,Undirected,0.28299566921162134
7,12,Undirected,0.20472568697475732
7,13,Undirected,0.22075472432975482
8,9,Undirected,0.7465808665228318
8,10,Undirected,0.28381977762430693
8,11,Undirected,0.33020589451166565
8,12,Undirected,0.3936764045551272
8,13,Undirected,0.21435191048119182
9,10,Undirected,0.7105079026417239
9,11,Undirected,0.35697015413031086
10,11,Undirected,0.7408209941294986
11,12,Undirected,0.39679750669535435
11,13,Undirected,0.2263692050526435
12,13,Undirected,0.3722101459403504
