Source,Target,Type,Weight
0,1,Undirected,0.7449848824677923
0,2,Undirected,0.2997776560044136
0,5,Undirected,0.23278867838784267
0,6,Undirected,0.17275358565390814
1,2,Undirected,0.7426986977862136
1,3,Undirected,0.24926263662245438
1,5,Undirected,0.17245659149655732
2,3,Undirected,0.7567951453143449
2,4,Undirected,0.3549339649808638
2,5,Undirected,0.3242903550636967
2,6,Undirected,0.36419308857812094
2,7,Undirected,0.20645955984673287
2,12,Undirected,0.39178041860114077
2,13,Undirected,0.33616285966177767
3,4,Undirected,0.7320350688148611
3,5,Undirected,0.2596759906951847
3,6,Undirected,0.1786247571982391
3,12,Undirected,0.20756326707230122
4,5,Undirected,0.7545076722058278
4,6,Undirected,0.31041287174224247
4,7,Undirected,0.20846733537716583
4,8,Undirected,0.2582255245002799
4,12,Undirected,0.22354160599751596
5,6,Undirected,0.762915811502878
5,7,Undirected,0.2225028622488815
5,8,Undirected,0.1852607446535787
5,12,Undirected,0.17422350299938458
6,7,Undirected,0.7614096057730779
6,8,Undirected,0.2781782831727933
6,12,Undirected,0.3962336910262502
6,13,Undirected,0.283897158431967
7,8,Undirected,0.7543575197644791
7,9,Undirected,0.31217434886892265
7,10,Undirected,0.2708892182150947
7,12,Undirected,0.21644561983798616
7,13,Undirected,0.19265910839931913
8,9,Undirected,0.7226265381297855
8,10,Undirected,0.30733761161613865
8,12,Undirected,0.16950152301881266
9,10,Undirected,0.7362293274144365
9,11,Undirected,0.2154957218927682
10,11,Undirected,0.7573788753377735
12,13,Undirected,0.3915303029864577
