Source,Target,Type,Weight
0,1,Undirected,0.732428469634929
0,2,Undirected,0.3037534587110272
0,3,Undirected,0.3212977465821691
0,4,Undirected,0.34872828577550297
0,5,Undirected,0.3606347158066502
0,6,Undirected,0.29187125110235346
0,7,Undirected,0.22874911662010755
0,11,Undirected,0.3182165867591739
0,12,Undirected,0.3916636777317799
0,13,Undirected,0.19630315959656774
1,2,Undirected,0.768592675773054
1,3,Undirected,0.27547374404669445
1,6,Undirected,0.1726116095569693
1,10,Undirected,0.1798837162225682
1,11,Undirected,0.34844871391950055
1,12,Undirected,0.2080923501885843
2,3,Undirected,0.7496586208425023
2,4,Undirected,0.31966665619987944
2,6,Undirected,0.18856567400374047
2,8,Undirected,0.16700426104736335
2,11,Undirected,0.3155407290749557
2,12,Undirected,0.3927969960793385
2,13,Undirected,0.21617647710659119
3,4,Undirected,0.753329568754571
3,5,Undirected,0.23798682054836043
3,11,Undirected,0.19922500724358883
3,12,Undirected,0.2095703868626779
4,5,Undirected,0.7314120539444431
4,6,Undirected,0.35704536326690023
4,7,Undirected,0.20448245312796476
4,8,Undirected,0.16831450974588358
4,11,Undirected,0.19630657738500587
4,12,Undirected,0.37985474009231956
4,13,Undirected,0.33182380531123273
5,6,Undirected,0.757011573189402
5,7,Undirected,0.20791764797443701
5,12,Undirected,0.1902179374940363
6,7,Undirected,0.7376719746824846
6,8,Undirected,0.2202056195509097
6,11,Undirected,0.2862241446210207
6,12,Undirected,0.3513578107153014
6,13,Undirected,0.3354911513623321
7,8,Undirected,0.7349569904343362
7,9,Undirected,0.2092027995829814
7,11,Undirected,0.2962407345842205
7,12,Undirected,0.21151254903669423
7,13,Undirected,0.22925105817329555
8,9,Undirected,0.7336099942132266
8,10,Undirected,0.32485867851584266
8,11,Undirected,0.3461159470400113
8,12,Undirected,0.20796045051460282
8,13,Undirected,0.3275274438577906
9,10,Undirected,0.756665716543331
9,11,Undirected,0.3086126109368679
10,11,Undirected,0.7681195967462952
11,12,Undirected,0.3771010350736085
11,13,Undirected,0.28171458926618936
12,13,Undirected,0.3669534190160832
