Source,Target,Type,Weight
0,1,Undirected,0.7389186531373667
0,2,Undirected,0.26324094145560434
0,3,Undirected,0.20437767269977272
0,8,Undirected,0.20248520261004496
0,9,Undirected,0.40669901276461395
0,11,Undirected,0.3104783129147322
0,12,Undirected,0.3722150015024185
0,13,Undirected,0.29570072855970836
1,2,Undirected,0.7579678897184247
1,3,Undirected,0.2191981045598472
1,8,Undirected,0.24948675716300464
2,3,Undirected,0.7683001876007646
2,4,Undirected,0.3541868454372742
2,5,Undirected,0.35516662237990454
2,6,Undirected,0.2066583713682325
2,7,Undirected,0.18193244228466296
2,8,Undirected,0.1957865713216895
3,4,Undirected,0.7306082552226474
3,5,Undirected,0.2377161138533449
4,5,Undirected,0.7349571192189622
4,6,Undirected,0.3474843262291719
4,7,Undirected,0.22695597903412068
4,8,Undirected,0.20716192922233473
4,9,Undirected,0.17709267499153022
5,6,Undirected,0.7508613513450615
5,7,Undirected,0.30396264936500034
5,8,Undirected,0.18640858992433712
6,7,Undirected,0.7527954299260442
6,8,Undirected,0.245368034150134
7,8,Undirected,0.7187558986963511
7,9,Undirected,0.21592789910586382
8,9,Undirected,0.7607907369467367
8,10,Undirected,0.20789425422722374
9,10,Undirected,0.7519441070293521
9,11,Undirected,0.2934610437710131
9,12,Undirected,0.22589081184357598
10,11,Undirected,0.7570109583562249
11,12,Undirected,0.40119561785338403
11,13,Undirected,0.20318287070677712
12,13,Undirected,0.38128729588085936
