Source,Target,Type,Weight
0,1,Undirected,0.7317811647876514
0,2,Undirected,0.36585614556704593
0,3,Undirected,0.256638290631405
0,8,Undirected,0.16835757295267104
1,2,Undirected,0.7341425586111884
1,3,Undirected,0.2665254281715514
1,4,Undirected,0.26847239780193755
1,8,Undirected,0.28826576039291474
1,11,Undirected,0.32241139479480935
1,12,Undirected,0.37471026605806124
1,13,Undirected,0.19493171517344643
2,3,Undirected,0.7536498337382814
2,4,Undirected,0.2930071172375944
2,8,Undirected,0.19432906059689817
2,11,Undirected,0.1891465526999232
2,12,Undirected,0.22128109831881815
3,4,Undirected,0.7772306096963703
3,5,Undirected,0.28688652866468584
3,7,Undirected,0.16765661106365493
3,8,Undirected,0.198794239650557
3,12,Undirected,0.17673197635148657
4,5,Undirected,0.7599779053435856
4,6,Undirected,0.2599226361706268
4,7,Undirected,0.290426192743569
4,8,Undirected,0.3287905929748328
4,11,Undirected,0.20116662430035637
4,12,Undirected,0.3761926928475651
4,13,Undirected,0.28325413395112564
5,6,Undirected,0.7404974178922211
5,7,Undirected,0.3070708218425008
5,8,Undirected,0.18483954895367863
6,7,Undirected,0.7487512122365715
6,8,Undirected,0.2127343902872741
7,8,Undirected,0.7385334658277389
7,9,Undirected,0.24428565021925291
8,9,Undirected,0.7570119147638209
8,10,Undirected,0.2668321406491529
8,11,Undirected,0.3200364055084696
8,12,Undirected,0.374605917504966
8,13,Undirected,0.295675797574182
9,10,Undirected,0.7483979707644552
9,11,Undirected,0.32384141660854054
10,11,Undirected,0.7363698281954603
11,12,Undirected,0.3820193240041394
11,13,Undirected,0.2966731165168885
12,13,Undirected,0.38563777188871307
