Source,Target,Type,Weight
0,1,Undirected,0.726758579773387
0,2,Undirected,0.2882405420453644
0,12,Undirected,0.4023614622831696
0,13,Undirected,0.32763297954816956
1,2,Undirected,0.7523681105861498
1,3,Undirected,0.2100260385370348
1,6,Undirected,0.21761713947490102
1,7,Undirected,0.17037081929182543
1,12,Undirected,0.20989119376597276
2,3,Undirected,0.7565995174637534
2,4,Undirected,0.21170676790705525
2,6,Undirected,0.2593067786744597
2,7,Undirected,0.2787743908250659
2,12,Undirected,0.38278794719697967
2,13,Undirected,0.32837222404072586
3,4,Undirected,0.7210692988659454
3,5,Undirected,0.28544299938151696
3,6,Undirected,0.3483116124936316
3,7,Undirected,0.2114160207452938
3,8,Undirected,0.1725035742337987
4,5,Undirected,0.7523471925707781
4,6,Undirected,0.3160301413940244
4,8,Undirected,0.1728836946384631
5,6,Undirected,0.7374901270697987
5,7,Undirected,0.21670161678481922
5,8,Undirected,0.2996713356706575
6,7,Undirected,0.7596268571838396
6,8,Undirected,0.3018696279701307
7,8,Undirected,0.7639598117778801
7,9,Undirected,0.20809817314557233
8,9,Undirected,0.742658457291115
8,10,Undirected,0.24264914319936262
9,10,Undirected,0.7478111305776333
9,11,Undirected,0.2158719989327617
10,11,Undirected,0.7673034604268232
12,13,Undirected,0.38173227635559287
