Source,Target,Type,Weight
0,1,Undirected,0.7512858164867521
0,2,Undirected,0.2939777479039658
0,3,Undirected,0.2677870428812564
1,2,Undirected,0.746788499151155
1,3,Undirected,0.2569845217566909
2,3,Undirected,0.7261264076443762
2,4,Undirected,0.23192362668200178
2,6,Undirected,0.22411233316088872
2,7,Undirected,0.3351615654922079
2,8,Undirected,0.23640930995128764
2,9,Undirected,0.17648085485606954
2,11,Undirected,0.3613384508611879
2,12,Undirected,0.37763864204000125
2,13,Undirected,0.30852863911437367
3,4,Undirected,0.7531360663271934
3,5,Undirected,0.20278802200472518
3,6,Undirected,0.3205821361864757
3,7,Undirected,0.2793374096056999
3,8,Undirected,0.1721948539557648
3,11,Undirected,0.19538827647235404
3,12,Undirected,0.36889087461433734
3,13,Undirected,0.25053597911371883
4,5,Undirected,0.7270081277222913
4,6,Undirected,0.31722363969213235
4,7,Undirected,0.2105365663061301
4,9,Undirected,0.16924424645567143
4,11,Undirected,0.20770599757367061
4,12,Undirected,0.37989303262912394
4,13,Undirected,0.31263283509999573
5,6,Undirected,0.7454386954879701
5,7,Undirected,0.25592602138444354
5,12,Undirected,0.17299530339832353
6,7,Undirected,0.748250707187494
6,8,Undirected,0.23252731554419478
6,9,Undirected,0.2742836037311637
6,10,Undirected,0.17507203353926667
6,11,Undirected,0.20885577935353813
6,12,Undirected,0.3851226004120164
6,13,Undirected,0.20055506788493047
7,8,Undirected,0.7400492730522138
7,9,Undirected,0.31659834077959825
7,10,Undirected,0.18131982620150477
7,11,Undirected,0.2931594037623031
7,12,Undirected,0.37578591037573267
7,13,Undirected,0.19828627645457308
8,9,Undirected,0.7445910992840443
8,10,Undirected,0.3035673380297215
8,11,Undirected,0.2659415792665312
8,12,Undirected,0.2059121265695366
9,10,Undirected,0.7393440551016419
9,11,Undirected,0.29722184330089335
9,12,Undirected,0.2163200347242243
10,11,Undirected,0.7447555052024788
10,12,Undirected,0.17641927304375973
10,13,Undirected,0.17708916075870407
11,12,Undirected,0.378156678412957
11,13,Undirected,0.32996129568627725
12,13,Undirected,0.3899887818940793
