Source,Target,Type,Weight
0,1,Undirected,0.7426568135727428
0,2,Undirected,0.32787400919888066
0,3,Undirected,0.3062221748799056
0,4,Undirected,0.30142119783173565
0,5,Undirected,0.1888409652000421
0,6,Undirected,0.29568205077086424
0,7,Undirected,0.3427976999402068
0,8,Undirected,0.24261989204717938
0,12,Undirected,0.3936856054138829
0,13,Undirected,0.21215506814570284
1,2,Undirected,0.7358339641006069
1,3,Undirected,0.2658094963414551
1,7,Undirected,0.1815876223192332
1,8,Undirected,0.19826222566259405
1,12,Undirected,0.18103517335300146
2,3,Undirected,0.7501849615629617
2,4,Undirected,0.338918374428046
2,5,Undirected,0.18699669145954295
2,6,Undirected,0.2020576981775466
2,7,Undirected,0.20325486603596643
2,12,Undirected,0.38608831502891267
2,13,Undirected,0.3834655846297215
3,4,Undirected,0.7407610706524282
3,5,Undirected,0.2313808973993326
3,6,Undirected,0.1836431601777698
3,12,Undirected,0.21320173053986452
3,13,Undirected,0.17426340201987972
4,5,Undirected,0.7508379632248534
4,6,Undirected,0.3327864257099425
4,7,Undirected,0.20735854935077352
4,12,Undirected,0.3576699246039715
4,13,Undirected,0.340029664911028
5,6,Undirected,0.7592121563610272
5,7,Undirected,0.24313365318298244
5,12,Undirected,0.19942407989621952
5,13,Undirected,0.2062687178736643
6,7,Undirected,0.7349554450223432
6,8,Undirected,0.24114600096336422
6,12,Undirected,0.3736423596700035
6,13,Undirected,0.22323997036456691
7,8,Undirected,0.7413705700397702
7,9,Undirected,0.250749158954178
7,12,Undirected,0.38228697681680474
7,13,Undirected,0.19710380847071407
8,9,Undirected,0.7566655800384655
8,10,Undirected,0.2573943819064251
8,12,Undirected,0.218957528659223
9,10,Undirected,0.7387973483430667
9,11,Undirected,0.2694792244906351
10,11,Undirected,0.7410281842379853
12,13,Undirected,0.37740149738532985
