Source,Target,Type,Weight
0,1,Undirected,0.7567735025058412
0,2,Undirected,0.33989004535509576
0,3,Undirected,0.32816707172098086
0,4,Undirected,0.2888231145862248
0,5,Undirected,0.21949028776157695
0,6,Undirected,0.30436795869023286
0,7,Undirected,0.3160698649151707
0,8,Undirected,0.24448406060806718
0,12,Undirected,0.37626383279379777
0,13,Undirected,0.3103290655451237
1,2,Undirected,0.7428636504762821
1,3,Undirected,0.24922081062789705
1,7,Undirected,0.2120048309740365
1,8,Undirected,0.24506997485205717
1,12,Undirected,0.19907910044032498
1,13,Undirected,0.2605539370300321
2,3,Undirected,0.7463112627270967
2,4,Undirected,0.34867775582188965
2,5,Undirected,0.1922603094754085
2,6,Undirected,0.20662127370959982
2,7,Undirected,0.20583890352057166
2,12,Undirected,0.39489791960182413
2,13,Undirected,0.38643841365353615
3,4,Undirected,0.7377917421511526
3,5,Undirected,0.2477541889515075
3,6,Undirected,0.18393117596035022
3,7,Undirected,0.16728209038799932
3,12,Undirected,0.22483424634579702
3,13,Undirected,0.17932385867396838
4,5,Undirected,0.751370336386726
4,6,Undirected,0.35011752795540924
4,7,Undirected,0.2104977675504222
4,12,Undirected,0.3832735954781014
4,13,Undirected,0.19977971524546928
5,6,Undirected,0.7430261096996587
5,7,Undirected,0.23131974730728364
5,12,Undirected,0.2064741952052822
6,7,Undirected,0.7478101972772517
6,8,Undirected,0.22852193853194505
6,12,Undirected,0.3945554912330179
6,13,Undirected,0.2185428220659939
7,8,Undirected,0.761740099458539
7,9,Undirected,0.2383921823034882
7,12,Undirected,0.3884292408045996
7,13,Undirected,0.3401081358446209
8,9,Undirected,0.7327249978774527
8,10,Undirected,0.22445682869234423
8,12,Undirected,0.21222553091498095
8,13,Undirected,0.26671068706153944
9,10,Undirected,0.7474557782929554
9,11,Undirected,0.2516896609372714
9,13,Undirected,0.1779886818606099
10,11,Undirected,0.7445078993503246
12,13,Undirected,0.39668477280660996
