Source,Target,Type,Weight
0,1,Undirected,0.7583599782742179
0,2,Undirected,0.3261966462353577
0,3,Undirected,0.3636527581157875
0,4,Undirected,0.22883770221261399
0,5,Undirected,0.19555994536281435
0,6,Undirected,0.19399452396019487
0,11,Undirected,0.296765791568203
0,12,Undirected,0.3665040935994446
0,13,Undirected,0.1994795075106153
1,2,Undirected,0.7444251804421341
1,3,Undirected,0.23479735724890735
1,10,Undirected,0.2250715384773066
1,11,Undirected,0.3183440387795996
1,12,Undirected,0.21086674328507982
2,3,Undirected,0.7436253683395814
2,4,Undirected,0.30388821202063915
2,5,Undirected,0.18998710953435152
2,6,Undirected,0.1983822752750451
2,8,Undirected,0.1776103827383012
2,11,Undirected,0.2916232664569736
2,12,Undirected,0.38118538426318316
2,13,Undirected,0.3587919425310689
3,4,Undirected,0.7402541372644792
3,5,Undirected,0.2945155682397321
3,6,Undirected,0.16921545957225723
3,11,Undirected,0.18852895682990814
3,12,Undirected,0.23403990331069363
3,13,Undirected,0.1751440135655367
4,5,Undirected,0.745066600822285
4,6,Undirected,0.34175087124267306
4,7,Undirected,0.20553821136107792
4,8,Undirected,0.17388157972195226
4,11,Undirected,0.21123101488592286
4,12,Undirected,0.376921359809256
4,13,Undirected,0.4008667422084188
5,6,Undirected,0.7754031980013277
5,7,Undirected,0.2111067098781619
5,12,Undirected,0.21927405785906165
5,13,Undirected,0.17368603038581262
6,7,Undirected,0.7435203722934115
6,8,Undirected,0.2453141606781363
6,11,Undirected,0.3085978064215182
6,12,Undirected,0.36380261538988634
6,13,Undirected,0.273698507511579
7,8,Undirected,0.7636921127283718
7,9,Undirected,0.2373422671073798
7,11,Undirected,0.28472815692882997
7,12,Undirected,0.2075775662230352
7,13,Undirected,0.2028597769826268
8,9,Undirected,0.7674169663886033
8,10,Undirected,0.33420541290659705
8,11,Undirected,0.33610828280989236
8,12,Undirected,0.19805334378964085
8,13,Undirected,0.2499234314895954
9,10,Undirected,0.7410266786487332
9,11,Undirected,0.30458817130354143
10,11,Undirected,0.7542271602078884
11,12,Undirected,0.3758069205643505
11,13,Undirected,0.31011366017466546
12,13,Undirected,0.37093049581163684
