Source,Target,Type,Weight
0,1,Undirected,0.7379107695847978
0,2,Undirected,0.3178513412293787
0,3,Undirected,0.31551561587546867
0,4,Undirected,0.3207893691653205
0,5,Undirected,0.29642147541611547
0,6,Undirected,0.2844298039943284
0,7,Undirected,0.2278543176621777
0,11,Undirected,0.2998034121216874
0,12,Undirected,0.3879299812162638
0,13,Undirected,0.19804015834887462
1,2,Undirected,0.7456443013589067
1,3,Undirected,0.2422807070849089
1,6,Undirected,0.1771462581431113
1,11,Undirected,0.33769565746326174
1,12,Undirected,0.21944198806518828
2,3,Undirected,0.7127978644805038
2,4,Undirected,0.3260477489294026
2,6,Undirected,0.19014093254421047
2,8,Undirected,0.16740180025711116
2,11,Undirected,0.29870858140230166
2,12,Undirected,0.396328229347235
2,13,Undirected,0.21218153450259786
3,4,Undirected,0.7458305245205576
3,5,Undirected,0.2763032097926776
3,6,Undirected,0.1691163917871033
3,11,Undirected,0.17675779077035525
3,12,Undirected,0.21288432377429847
4,5,Undirected,0.7290720301898075
4,6,Undirected,0.3824324331717216
4,7,Undirected,0.21188866921332258
4,8,Undirected,0.18535995806236605
4,11,Undirected,0.2034594130800853
4,12,Undirected,0.3820090598986684
4,13,Undirected,0.33046572277243325
5,6,Undirected,0.722706787024063
5,7,Undirected,0.2091067412044433
5,12,Undirected,0.18076389231872925
6,7,Undirected,0.7392407205047763
6,8,Undirected,0.23609485754672555
6,11,Undirected,0.3086215352035934
6,12,Undirected,0.350264537450912
6,13,Undirected,0.3579246313489896
7,8,Undirected,0.737411488245741
7,9,Undirected,0.23219527879461185
7,11,Undirected,0.29372158542417387
7,12,Undirected,0.20949972952818027
7,13,Undirected,0.28721580347590847
8,9,Undirected,0.7516653629067306
8,10,Undirected,0.3183974216688281
8,11,Undirected,0.34062859693847924
8,12,Undirected,0.21502319816288964
8,13,Undirected,0.3074523045486522
9,10,Undirected,0.7502669524295645
9,11,Undirected,0.29352933009060816
10,11,Undirected,0.7451924225784046
11,12,Undirected,0.3833583357348618
11,13,Undirected,0.2998105697653448
12,13,Undirected,0.37256453808632245
