Source,Target,Type,Weight
0,1,Undirected,0.748000038520815
0,2,Undirected,0.3226801219294719
0,3,Undirected,0.346604182169689
0,4,Undirected,0.22351456453683136
0,6,Undirected,0.19997675212279914
0,8,Undirected,0.19994645598903493
0,11,Undirected,0.30029368512544263
0,12,Undirected,0.3661311186886787
0,13,Undirected,0.3326686787142058
1,2,Undirected,0.7449844854992993
1,3,Undirected,0.2369955705268944
1,8,Undirected,0.16836403365848437
1,11,Undirected,0.3343268353962211
1,12,Undirected,0.2224805558449373
1,13,Undirected,0.17329178047497676
2,3,Undirected,0.734857260293629
2,4,Undirected,0.3552782955602919
2,5,Undirected,0.17614129522753
2,6,Undirected,0.20613437788150699
2,8,Undirected,0.2916928503572526
2,11,Undirected,0.28548374109604063
2,12,Undirected,0.39820091549192144
2,13,Undirected,0.24682263895125048
3,4,Undirected,0.7423523909439218
3,5,Undirected,0.3326924008933659
3,6,Undirected,0.17328880208275232
3,11,Undirected,0.1767662085266951
3,12,Undirected,0.22301769241166317
3,13,Undirected,0.27045321875648637
4,5,Undirected,0.7416568764680878
4,6,Undirected,0.3318673098549614
4,7,Undirected,0.19542443632942538
4,8,Undirected,0.36906134984656114
4,11,Undirected,0.20132132865518365
4,12,Undirected,0.38024994045993127
4,13,Undirected,0.30597903458720443
5,6,Undirected,0.7581416139871147
5,7,Undirected,0.21276551277388278
5,12,Undirected,0.1905565319443917
5,13,Undirected,0.29111740516448154
6,7,Undirected,0.7591876954621822
6,8,Undirected,0.3046178358173672
6,11,Undirected,0.27039479291155405
6,12,Undirected,0.36346119267116384
6,13,Undirected,0.3278244732698215
7,8,Undirected,0.7547637408915085
7,9,Undirected,0.21120733759866706
7,11,Undirected,0.2922456488759287
7,12,Undirected,0.2216680277245698
7,13,Undirected,0.1998548417592203
8,9,Undirected,0.7423703917277542
8,10,Undirected,0.3074876015014923
8,11,Undirected,0.3508577742071808
8,12,Undirected,0.4086772435012702
8,13,Undirected,0.20649962907595504
9,10,Undirected,0.7270102069584256
9,11,Undirected,0.3243557589158116
10,11,Undirected,0.7463114619188992
11,12,Undirected,0.37829402661647643
11,13,Undirected,0.20755722750562403
12,13,Undirected,0.3725697338433574
