Source,Target,Type,Weight
0,1,Undirected,0.7695489850588234
0,2,Undirected,0.3526683133418358
0,3,Undirected,0.3824380821637023
0,4,Undirected,0.33900655324753065
0,5,Undirected,0.35538624482083697
0,6,Undirected,0.3378625435709595
0,7,Undirected,0.2082226599733113
0,8,Undirected,0.20609440975281668
0,11,Undirected,0.354491643089131
0,12,Undirected,0.40295676195349345
0,13,Undirected,0.20862741664958903
1,2,Undirected,0.7567949404870111
1,3,Undirected,0.2844666105235115
1,6,Undirected,0.1721698603078719
1,11,Undirected,0.3565953411483323
1,12,Undirected,0.21024221415823044
2,3,Undirected,0.7502909089543073
2,4,Undirected,0.31701319930960525
2,5,Undirected,0.1740254946712393
2,6,Undirected,0.19781776691719252
2,8,Undirected,0.29953943971473684
2,11,Undirected,0.29859243165049704
2,12,Undirected,0.3943339614265168
2,13,Undirected,0.25248663856165526
3,4,Undirected,0.736349402488045
3,5,Undirected,0.2900257526137938
3,6,Undirected,0.1733705588691338
3,11,Undirected,0.17978343367299396
3,12,Undirected,0.17545702321461992
4,5,Undirected,0.7433342469266357
4,6,Undirected,0.25090943591583026
5,6,Undirected,0.7355923829790928
5,7,Undirected,0.2236106330718441
6,7,Undirected,0.7358120190935871
6,8,Undirected,0.2631816594879461
6,11,Undirected,0.31471898696944733
6,12,Undirected,0.37659295173961843
6,13,Undirected,0.30623930129346427
7,8,Undirected,0.7690246699864587
7,9,Undirected,0.22233641567301932
7,11,Undirected,0.2987629233735055
7,12,Undirected,0.2172214838746231
7,13,Undirected,0.22556735165907443
8,9,Undirected,0.7467472159911251
8,10,Undirected,0.29310028075909567
8,11,Undirected,0.3615109268540745
8,12,Undirected,0.3951411896166231
8,13,Undirected,0.374401806139084
9,10,Undirected,0.7352948188788426
9,11,Undirected,0.2881213247701877
10,11,Undirected,0.7301408552699894
11,12,Undirected,0.38787211616159095
11,13,Undirected,0.22732628062300447
12,13,Undirected,0.3827125381099404
