Source,Target,Type,Weight
0,1,Undirected,0.7266053583694314
0,2,Undirected,0.3303280437948271
0,3,Undirected,0.32462379378765865
0,4,Undirected,0.3021864421494317
0,5,Undirected,0.1996127013769613
0,6,Undirected,0.3156820356447978
0,7,Undirected,0.3233775127209837
0,8,Undirected,0.2665452450637257
0,9,Undirected,0.2677311645404093
0,10,Undirected,0.1899031374034797
0,12,Undirected,0.3902167453183897
0,13,Undirected,0.20202577573431096
1,2,Undirected,0.7336121755402848
1,3,Undirected,0.28622871524422533
1,7,Undirected,0.18952647932228003
1,8,Undirected,0.23152977315590847
1,9,Undirected,0.20005672155696763
1,10,Undirected,0.21964764452045032
1,11,Undirected,0.19602422149112866
1,12,Undirected,0.18622751534556242
2,3,Undirected,0.7565130666255911
2,4,Undirected,0.3405973403987948
2,5,Undirected,0.20660179361099967
2,6,Undirected,0.2074733057005911
2,7,Undirected,0.20600130546443443
2,8,Undirected,0.17249938844063137
2,9,Undirected,0.34977005578236237
2,10,Undirected,0.2533879727247678
2,12,Undirected,0.39147863007344125
2,13,Undirected,0.3294095028303289
3,4,Undirected,0.7689118156534626
3,5,Undirected,0.21176500049882846
3,6,Undirected,0.17029443861273605
3,12,Undirected,0.21457102819649804
4,5,Undirected,0.7261848039270004
4,6,Undirected,0.3218213430194997
4,7,Undirected,0.1984058108537804
4,9,Undirected,0.1786245746262294
4,12,Undirected,0.3452510959940029
4,13,Undirected,0.2566259015518807
5,6,Undirected,0.7454201481668419
5,7,Undirected,0.2271199219985711
5,12,Undirected,0.20433529683664728
5,13,Undirected,0.1790615464297613
6,7,Undirected,0.7542725299882075
6,8,Undirected,0.22790881917120884
6,9,Undirected,0.20980384212329709
6,12,Undirected,0.36102882486576665
6,13,Undirected,0.22138864699536576
7,8,Undirected,0.7672594569444342
7,9,Undirected,0.3342912626311534
7,10,Undirected,0.18755556612857832
7,12,Undirected,0.34030632164454216
7,13,Undirected,0.20012987936297083
8,9,Undirected,0.7647414471491469
8,10,Undirected,0.26546957049326547
8,11,Undirected,0.23093704420907044
8,12,Undirected,0.196934542087599
9,10,Undirected,0.7289170084557107
9,11,Undirected,0.27265665212559914
9,12,Undirected,0.3593456202807713
9,13,Undirected,0.3145899844779021
10,11,Undirected,0.7474981389643393
10,12,Undirected,0.2031651750721901
10,13,Undirected,0.20893039475816988
12,13,Undirected,0.3775658257299032
