Source,Target,Type,Weight
0,1,Undirected,0.741717863123184
0,2,Undirected,0.3329524318173718
0,3,Undirected,0.32967393492343494
0,4,Undirected,0.2086787136969387
0,5,Undirected,0.185487163485045
0,6,Undirected,0.20257480283472118
0,8,Undirected,0.1921805328724023
0,11,Undirected,0.3422605675695304
0,12,Undirected,0.36903641141709215
0,13,Undirected,0.3267015543682261
1,2,Undirected,0.7416365498116779
1,3,Undirected,0.24124841897108162
1,11,Undirected,0.2829004025339132
1,12,Undirected,0.19940236871323103
1,13,Undirected,0.168012902327487
2,3,Undirected,0.7505862299599815
2,4,Undirected,0.3367080638787001
2,5,Undirected,0.20283658543119865
2,6,Undirected,0.206146555744201
2,8,Undirected,0.3213573937030775
2,11,Undirected,0.32612103951827776
2,12,Undirected,0.3949607638593966
2,13,Undirected,0.2590064924775615
3,4,Undirected,0.740580181504918
3,5,Undirected,0.3435756059340725
3,6,Undirected,0.18309346510218225
3,11,Undirected,0.17930184222068515
3,12,Undirected,0.23080724292611116
3,13,Undirected,0.25441919712722466
4,5,Undirected,0.748754553857016
4,6,Undirected,0.35613127164631275
4,7,Undirected,0.2005748630867334
4,8,Undirected,0.32207649799062327
4,11,Undirected,0.1989047091663386
4,12,Undirected,0.3593358303392993
4,13,Undirected,0.3351083306574814
5,6,Undirected,0.7292278151908321
5,7,Undirected,0.20836766547063484
5,12,Undirected,0.19993217861563342
5,13,Undirected,0.3127551064158991
6,7,Undirected,0.7523049552210108
6,8,Undirected,0.31443918692849443
6,11,Undirected,0.3109762508176066
6,12,Undirected,0.357816599951305
6,13,Undirected,0.32122274524141925
7,8,Undirected,0.7567506321134185
7,9,Undirected,0.22440502202797785
7,11,Undirected,0.2927921664156404
7,12,Undirected,0.20699891878788165
7,13,Undirected,0.20198674284780857
8,9,Undirected,0.7675544539407835
8,10,Undirected,0.2969620379889863
8,11,Undirected,0.34391676735110216
8,12,Undirected,0.3816182863614742
8,13,Undirected,0.2021522204816735
9,10,Undirected,0.7474561778994974
9,11,Undirected,0.32175634009282084
10,11,Undirected,0.7523687853802057
11,12,Undirected,0.3847121307067917
11,13,Undirected,0.22626628457013548
12,13,Undirected,0.3686374656174239
