Source,Target,Type,Weight
0,1,Undirected,0.7705300417882129
0,2,Undirected,0.3146255705738245
0,3,Undirected,0.2487816277941419
1,2,Undirected,0.7641617708320333
1,3,Undirected,0.2545443709868851
2,3,Undirected,0.7336706912718319
2,4,Undirected,0.2415755342844215
2,6,Undirected,0.20527347208370558
2,7,Undirected,0.3315584044358888
2,8,Undirected,0.3511368172332223
2,10,Undirected,0.17790922858652414
2,11,Undirected,0.33121120306631646
2,12,Undirected,0.40606367709027763
2,13,Undirected,0.2264419946139433
3,4,Undirected,0.7374131736505891
3,5,Undirected,0.20259548806082253
3,6,Undirected,0.33412509026658366
3,7,Undirected,0.3065435358206045
3,8,Undirected,0.18728785405287618
3,11,Undirected,0.19797008989758316
3,12,Undirected,0.38511602317286525
3,13,Undirected,0.20754921637788043
4,5,Undirected,0.732427958035304
4,6,Undirected,0.3563740102713922
4,7,Undirected,0.2444336229570525
4,11,Undirected,0.21384414553073658
4,12,Undirected,0.389311039945764
4,13,Undirected,0.24334631821195077
5,6,Undirected,0.74399483675916
5,7,Undirected,0.2705210215846455
5,12,Undirected,0.16676161131727513
5,13,Undirected,0.1677129237953155
6,7,Undirected,0.7674375372346732
6,8,Undirected,0.24421197273920878
6,9,Undirected,0.22487414608704454
6,10,Undirected,0.22527489171583434
6,11,Undirected,0.1930340647754013
6,12,Undirected,0.33907227205044876
6,13,Undirected,0.36724670044787894
7,8,Undirected,0.7326643931960081
7,9,Undirected,0.25095216099981094
7,10,Undirected,0.2046993694701257
7,11,Undirected,0.2464735505567348
7,12,Undirected,0.3927324113998004
7,13,Undirected,0.3380959436102644
8,9,Undirected,0.750779230519595
8,10,Undirected,0.33992398216800834
8,11,Undirected,0.20843938421708408
8,12,Undirected,0.21774645123409267
8,13,Undirected,0.27402704582884496
9,10,Undirected,0.7463089388305898
9,11,Undirected,0.2222169241578912
9,13,Undirected,0.23880616050186426
10,11,Undirected,0.7423548216557206
10,12,Undirected,0.20484997219048162
10,13,Undirected,0.34740601190818843
11,12,Undirected,0.387427565810342
11,13,Undirected,0.3288190497394882
12,13,Undirected,0.37316828046839634
