Source,Target,Type,Weight
0,1,Undirected,0.7459991270628653
0,2,Undirected,0.3309371976590218
0,3,Undirected,0.216105927715591
0,12,Undirected,0.40805080165858587
0,13,Undirected,0.31366700027827144
1,2,Undirected,0.7675744702811546
1,3,Undirected,0.21302176646339815
1,12,Undirected,0.17243591699041624
1,13,Undirected,0.17119148391851355
2,3,Undirected,0.763804483138153
2,4,Undirected,0.22029560119322864
2,5,Undirected,0.21130712448372302
2,12,Undirected,0.38298137333338933
2,13,Undirected,0.3382142100311225
3,4,Undirected,0.7485855052831332
3,5,Undirected,0.2222008195935344
3,12,Undirected,0.3690508934801335
3,13,Undirected,0.20722948235910257
4,5,Undirected,0.7527116022424658
4,6,Undirected,0.2174426102502918
4,12,Undirected,0.204590354824885
5,6,Undirected,0.7557749798952118
5,7,Undirected,0.2529115889028943
5,12,Undirected,0.18867558886673388
5,13,Undirected,0.1906524696478176
6,7,Undirected,0.7450039374529799
6,8,Undirected,0.27309667885376987
7,8,Undirected,0.7496791886249344
7,9,Undirected,0.2057056270585011
7,11,Undirected,0.29382553646419557
8,9,Undirected,0.7206381016393758
8,10,Undirected,0.28406562862675533
8,11,Undirected,0.29020529187042643
9,10,Undirected,0.7511789152877918
9,11,Undirected,0.3010829875030185
10,11,Undirected,0.7596294023368774
12,13,Undirected,0.3916963771831825
