Source,Target,Type,Weight
0,1,Undirected,0.7301971659296312
0,2,Undirected,0.21262689138797783
1,2,Undirected,0.7535647325645458
1,3,Undirected,0.20851413771534583
1,11,Undirected,0.1869521826667683
1,12,Undirected,0.16720018822012156
2,3,Undirected,0.7522449809356306
2,4,Undirected,0.3493663716342398
2,5,Undirected,0.32063494878621634
2,6,Undirected,0.20502919621182
2,8,Undirected,0.2306162759523476
2,11,Undirected,0.28305959167057976
2,12,Undirected,0.3834347356635833
2,13,Undirected,0.3051304985801257
3,4,Undirected,0.7377922612714051
3,5,Undirected,0.26582972919529274
4,5,Undirected,0.7517744911685447
4,6,Undirected,0.343291924393183
4,7,Undirected,0.1953249652384948
4,8,Undirected,0.34101973283032366
4,11,Undirected,0.20749703593613908
4,12,Undirected,0.3750156133416843
4,13,Undirected,0.21106974005681461
5,6,Undirected,0.7578794141153031
5,7,Undirected,0.21979221132563664
5,12,Undirected,0.19974723376799894
6,7,Undirected,0.7701630280600699
6,8,Undirected,0.3294668169504597
6,11,Undirected,0.31469901003797573
6,12,Undirected,0.37945325418648457
6,13,Undirected,0.20110157703223971
7,8,Undirected,0.7544208166921764
7,9,Undirected,0.3054509280294272
7,10,Undirected,0.18473431721965494
7,11,Undirected,0.27998787207684545
7,12,Undirected,0.21090429953118678
8,9,Undirected,0.7758218602393664
8,10,Undirected,0.23544355327167038
8,11,Undirected,0.3405107372042717
8,12,Undirected,0.3614161038583241
8,13,Undirected,0.30994698842261204
9,10,Undirected,0.7670540337963945
9,11,Undirected,0.3176508927395525
10,11,Undirected,0.7697322970044738
11,12,Undirected,0.3911931037859693
11,13,Undirected,0.327665075879747
12,13,Undirected,0.3672180520905791
