Source,Target,Type,Weight
0,1,Undirected,0.73041575389455
0,2,Undirected,0.3378589783462913
0,3,Undirected,0.33494891480903544
0,4,Undirected,0.20742153269149743
0,5,Undirected,0.20142601588143907
0,7,Undirected,0.18523799900224283
0,12,Undirected,0.38422022779292014
0,13,Undirected,0.32554639941818814
1,2,Undirected,0.7656606552787919
1,3,Undirected,0.24356535248854763
1,12,Undirected,0.18659994518968284
2,3,Undirected,0.746810305947466
2,4,Undirected,0.34903880232945295
2,5,Undirected,0.3026068040183617
2,6,Undirected,0.18453898866940577
2,12,Undirected,0.38158464419628985
2,13,Undirected,0.20104934977184902
3,4,Undirected,0.7480593378157162
3,5,Undirected,0.24763851223614003
3,12,Undirected,0.2271971087282001
4,5,Undirected,0.7556292914299941
4,6,Undirected,0.2070005329112421
4,12,Undirected,0.21157929824929558
5,6,Undirected,0.7403358664258367
5,7,Undirected,0.2820126173009126
5,12,Undirected,0.36833248194454216
5,13,Undirected,0.3149610840243853
6,7,Undirected,0.7364475338038542
6,8,Undirected,0.2050158873352672
6,12,Undirected,0.2062747029741535
6,13,Undirected,0.22735555864649012
7,8,Undirected,0.7477517373182011
7,9,Undirected,0.2084815106606655
7,11,Undirected,0.18675413405125313
7,12,Undirected,0.19938928740086997
7,13,Undirected,0.39087888627907663
8,9,Undirected,0.7583160348622913
8,10,Undirected,0.2234896016663848
8,11,Undirected,0.26028443042240096
8,13,Undirected,0.22571712192673754
9,10,Undirected,0.7387966976736813
9,11,Undirected,0.2731057655975618
10,11,Undirected,0.7333715379272391
12,13,Undirected,0.3904076877002102
