Source,Target,Type,Weight
0,1,Undirected,0.7367086335326377
0,2,Undirected,0.35080377923947503
0,12,Undirected,0.39125273047840287
0,13,Undirected,0.3151286238667762
1,2,Undirected,0.7595421889762995
1,3,Undirected,0.37787523381249916
1,4,Undirected,0.2913207772575116
1,5,Undirected,0.20417761717358823
1,6,Undirected,0.26442547956427304
1,12,Undirected,0.19879344819734807
2,3,Undirected,0.748816780278374
2,4,Undirected,0.21125201616721323
2,6,Undirected,0.23926661256461412
2,7,Undirected,0.25763799203124604
2,12,Undirected,0.3787102950719493
2,13,Undirected,0.2807778764140717
3,4,Undirected,0.7340637969664395
3,5,Undirected,0.27591618387026956
3,6,Undirected,0.3218863228104702
3,7,Undirected,0.20955101677835417
4,5,Undirected,0.7529668585749241
4,6,Undirected,0.29034726241551273
5,6,Undirected,0.7637384197951603
5,7,Undirected,0.21623516597140294
5,8,Undirected,0.2527807178331525
6,7,Undirected,0.7272768257309022
6,8,Undirected,0.27478323899181123
7,8,Undirected,0.758597950704112
7,9,Undirected,0.21962057091345272
8,9,Undirected,0.7299849975808164
8,10,Undirected,0.24098481066884353
9,10,Undirected,0.7824429104318906
9,11,Undirected,0.21075603977804785
10,11,Undirected,0.7455612634872105
12,13,Undirected,0.38202151607101953
