Source,Target,Type,Weight
0,1,Undirected,0.7715626377362073
0,2,Undirected,0.3329618677537023
0,3,Undirected,0.20176146058167932
0,4,Undirected,0.3175225768004114
0,5,Undirected,0.20378269846068245
0,11,Undirected,0.2678990749018094
0,12,Undirected,0.3895268158722994
0,13,Undirected,0.3227447784772383
1,2,Undirected,0.7479791626040379
1,3,Undirected,0.28073410731083315
1,4,Undirected,0.259220190664448
1,5,Undirected,0.29494804818176373
1,6,Undirected,0.17817886025791496
1,7,Undirected,0.27758730973923973
1,11,Undirected,0.3159606730544252
1,12,Undirected,0.2190618231851098
1,13,Undirected,0.1768133180606477
2,3,Undirected,0.7170165929273509
2,4,Undirected,0.2641429180412092
2,5,Undirected,0.1880730509954908
2,11,Undirected,0.17769282128973438
2,12,Undirected,0.22506424383304813
2,13,Undirected,0.37264136401375136
3,4,Undirected,0.7494863513667575
3,5,Undirected,0.32303632755419537
3,6,Undirected,0.25702030031325523
3,11,Undirected,0.1720087774712228
3,12,Undirected,0.16964416298119797
3,13,Undirected,0.17434570438581928
4,5,Undirected,0.7486682159560263
4,6,Undirected,0.26216063081501734
4,11,Undirected,0.31760574429456656
4,12,Undirected,0.36399514118195425
4,13,Undirected,0.33942074934040695
5,6,Undirected,0.7251337268203963
5,7,Undirected,0.29430356187452306
5,8,Undirected,0.1715180034232414
5,9,Undirected,0.21718409590287097
5,11,Undirected,0.3278231152787639
5,12,Undirected,0.2447212253145
5,13,Undirected,0.19314336415513456
6,7,Undirected,0.7552164950087121
6,8,Undirected,0.24903684825088934
6,9,Undirected,0.1869599660090943
6,11,Undirected,0.17610604762445795
7,8,Undirected,0.7535859214336714
7,9,Undirected,0.25924784510439686
7,11,Undirected,0.2603697752589418
8,9,Undirected,0.7492997708048484
8,10,Undirected,0.20992834024384957
9,10,Undirected,0.7380115900243338
9,11,Undirected,0.33157476002494296
10,11,Undirected,0.7611224890131566
11,12,Undirected,0.38434803390081496
11,13,Undirected,0.20130780112461183
12,13,Undirected,0.3876724654653142
