Source,Target,Type,Weight
0,1,Undirected,0.7289377840037907
0,2,Undirected,0.30387266846793926
0,3,Undirected,0.33910152209489725
0,4,Undirected,0.32752189392323816
0,5,Undirected,0.32864331002725883
0,6,Undirected,0.2898878828943366
0,7,Undirected,0.2264582307713157
0,8,Undirected,0.1756620122539036
0,11,Undirected,0.282405728502126
0,12,Undirected,0.3777336990318236
0,13,Undirected,0.18335804888301774
1,2,Undirected,0.7590391087637418
1,3,Undirected,0.2829173858817324
1,11,Undirected,0.3281849946605339
1,12,Undirected,0.20429703824860865
2,3,Undirected,0.7366094623922179
2,4,Undirected,0.3500677341150334
2,5,Undirected,0.20333858336122532
2,6,Undirected,0.20221841728164283
2,8,Undirected,0.17721224195179264
2,11,Undirected,0.29687155170180574
2,12,Undirected,0.4019804680787483
2,13,Undirected,0.2616918618856271
3,4,Undirected,0.7550240608223747
3,5,Undirected,0.3075815407838302
3,6,Undirected,0.1794924728178909
3,11,Undirected,0.19250765316215193
3,12,Undirected,0.1995014252806207
4,5,Undirected,0.7505864314403128
4,6,Undirected,0.3590409354041948
4,7,Undirected,0.19502485526475472
4,8,Undirected,0.16688741637533117
4,11,Undirected,0.1960992816946687
4,12,Undirected,0.3968223963421568
4,13,Undirected,0.3738265180298507
5,6,Undirected,0.7283579705048558
5,7,Undirected,0.2169016056898776
5,12,Undirected,0.19436933298521777
6,7,Undirected,0.7497426409799216
6,8,Undirected,0.29261265887073934
6,11,Undirected,0.2858914870289718
6,12,Undirected,0.3759956124474393
6,13,Undirected,0.30680191403015233
7,8,Undirected,0.7496787866379173
7,9,Undirected,0.23680923084810065
7,11,Undirected,0.2627316485942652
7,12,Undirected,0.21828139126242432
7,13,Undirected,0.18685733465237744
8,9,Undirected,0.7531368777341093
8,10,Undirected,0.297264394821284
8,11,Undirected,0.37672564711233414
8,12,Undirected,0.21563294426935034
8,13,Undirected,0.3008635175698302
9,10,Undirected,0.7543345916655126
9,11,Undirected,0.3061355660389615
10,11,Undirected,0.7686603563748874
11,12,Undirected,0.3729825144882622
11,13,Undirected,0.24913779267559466
12,13,Undirected,0.32853020022519214
