Source,Target,Type,Weight
0,1,Undirected,0.75043830543488
0,2,Undirected,0.2675193669600917
0,3,Undirected,0.2970263472450891
0,9,Undirected,0.3406764056452016
0,11,Undirected,0.33492775818850595
0,12,Undirected,0.38984908059819745
0,13,Undirected,0.365467035894644
1,2,Undirected,0.7578803727185732
1,3,Undirected,0.3083911457422681
1,8,Undirected,0.25702412757081333
1,9,Undirected,0.21612202950362006
2,3,Undirected,0.7604820243528801
2,4,Undirected,0.3532926697168591
2,5,Undirected,0.33747228566913634
2,6,Undirected,0.2243048390929971
2,7,Undirected,0.22929758022756216
2,8,Undirected,0.21061230310507606
2,9,Undirected,0.26993727470253864
3,4,Undirected,0.7604387308301833
3,5,Undirected,0.2585257224619949
3,9,Undirected,0.2840884476497618
4,5,Undirected,0.7225724471086534
4,6,Undirected,0.34412910223602067
4,7,Undirected,0.22000994956188985
4,8,Undirected,0.21498116360244182
4,9,Undirected,0.24313926267246913
5,6,Undirected,0.7240661880419313
5,7,Undirected,0.32375180302558637
5,8,Undirected,0.18715891933687182
6,7,Undirected,0.7249995484205913
6,8,Undirected,0.2599218307978229
7,8,Undirected,0.7547638767110407
7,9,Undirected,0.21238059773969292
8,9,Undirected,0.770004460157957
8,10,Undirected,0.20545277402371695
9,10,Undirected,0.7410044882819712
9,11,Undirected,0.28457818785548494
10,11,Undirected,0.7598043020754975
11,12,Undirected,0.3932872218578333
11,13,Undirected,0.2082121994172864
12,13,Undirected,0.38107670625313
