Source,Target,Type,Weight
0,1,Undirected,0.731547021730203
0,2,Undirected,0.2999016774185614
0,12,Undirected,0.3972231248170411
0,13,Undirected,0.3105935453801374
1,2,Undirected,0.7608794795482655
1,3,Undirected,0.20532884207821983
1,12,Undirected,0.2092911343036739
1,13,Undirected,0.19469151754241174
2,3,Undirected,0.7497630123344415
2,4,Undirected,0.212311794477641
2,6,Undirected,0.21041252815957365
2,7,Undirected,0.30044533458832157
2,12,Undirected,0.37683845924671555
2,13,Undirected,0.2826833861478466
3,4,Undirected,0.7405578871158358
3,5,Undirected,0.2843434579339464
3,6,Undirected,0.29306243489283557
3,7,Undirected,0.24668432423568984
4,5,Undirected,0.7516036049629122
4,6,Undirected,0.31468342695874735
4,7,Undirected,0.17756773375135917
4,8,Undirected,0.2350540501069323
5,6,Undirected,0.7364493441133229
5,7,Undirected,0.2051645678199269
5,8,Undirected,0.19741693439652738
6,7,Undirected,0.7462888211315029
6,8,Undirected,0.3132826082345078
7,8,Undirected,0.7468302523031384
7,9,Undirected,0.22849280746534423
7,10,Undirected,0.2113248827645055
7,11,Undirected,0.1872583207833813
8,9,Undirected,0.7673936587762642
8,10,Undirected,0.26315246603797404
9,10,Undirected,0.7227430262679266
9,11,Undirected,0.20766253886830238
10,11,Undirected,0.7341439721066515
12,13,Undirected,0.34931312560952554
