Source,Target,Type,Weight
0,1,Undirected,0.759102300805515
0,2,Undirected,0.3757675957177066
0,3,Undirected,0.31476253885842387
0,4,Undirected,0.31754216857253864
0,5,Undirected,0.32068410096336647
0,6,Undirected,0.3325398622493605
0,7,Undirected,0.21874236947466522
0,11,Undirected,0.30432703686617824
0,12,Undirected,0.3782958349436498
0,13,Undirected,0.20866876786292102
1,2,Undirected,0.7367085041334537
1,3,Undirected,0.28956063221816847
1,11,Undirected,0.25938955849023954
1,12,Undirected,0.18209483666139553
2,3,Undirected,0.7421067084131887
2,4,Undirected,0.33647330934817793
2,5,Undirected,0.18651101077816767
2,6,Undirected,0.2147431752305301
2,11,Undirected,0.30294026492856757
2,12,Undirected,0.4019672156913407
2,13,Undirected,0.21713664836341878
3,4,Undirected,0.766019542127382
3,5,Undirected,0.2975005241701302
3,6,Undirected,0.17570762225917652
3,11,Undirected,0.18284070619697884
3,12,Undirected,0.198572558996252
4,5,Undirected,0.7590391087637418
4,6,Undirected,0.3830770751107272
4,7,Undirected,0.19450883031127597
4,11,Undirected,0.19924198527160264
4,12,Undirected,0.37804897064834664
4,13,Undirected,0.34471398784794566
5,6,Undirected,0.7567511099880749
5,7,Undirected,0.21471248273696494
5,12,Undirected,0.18938606427298948
5,13,Undirected,0.18072295490000764
6,7,Undirected,0.7309994865597517
6,8,Undirected,0.24293537333286533
6,11,Undirected,0.32941641051828746
6,12,Undirected,0.38373063439781435
6,13,Undirected,0.39196765650795773
7,8,Undirected,0.7491947053242645
7,9,Undirected,0.22147267492459438
7,11,Undirected,0.2797509663181305
7,12,Undirected,0.20729287906172422
7,13,Undirected,0.22399071034621093
8,9,Undirected,0.7587746406370712
8,10,Undirected,0.3309860855454159
8,11,Undirected,0.35873882251190664
8,12,Undirected,0.190292345711723
8,13,Undirected,0.2698580439823863
9,10,Undirected,0.7245233999864399
9,11,Undirected,0.2775796858692796
10,11,Undirected,0.754013337913893
11,12,Undirected,0.39869135294098634
11,13,Undirected,0.280017200382115
12,13,Undirected,0.3766246710609612
