Source,Target,Type,Weight
0,1,Undirected,0.7395873246671173
0,2,Undirected,0.31928995790915404
0,12,Undirected,0.39095339388477257
0,13,Undirected,0.32945201428338816
1,2,Undirected,0.7475611560157914
1,3,Undirected,0.20329484388775876
1,6,Undirected,0.21632014629072394
1,12,Undirected,0.2028952809223568
2,3,Undirected,0.7467254128790471
2,4,Undirected,0.21724871185616504
2,6,Undirected,0.2675550500544927
2,7,Undirected,0.2432795276380662
2,12,Undirected,0.3793652216407741
2,13,Undirected,0.3020651360501717
3,4,Undirected,0.7570977280230585
3,5,Undirected,0.3176850813204259
3,6,Undirected,0.33594560030064713
3,7,Undirected,0.23519394860784695
3,8,Undirected,0.20098599630699426
4,5,Undirected,0.757272010662426
4,6,Undirected,0.27166902152221817
5,6,Undirected,0.7400919083767691
5,7,Undirected,0.20751303022069198
5,8,Undirected,0.23982539872228184
6,7,Undirected,0.7257627267043849
6,8,Undirected,0.3547302008884189
7,8,Undirected,0.709615000857347
7,9,Undirected,0.21414408514004948
8,9,Undirected,0.7473303895449036
8,10,Undirected,0.22902248232766953
9,10,Undirected,0.7336697287665324
9,11,Undirected,0.2188225736323198
10,11,Undirected,0.750415212179104
12,13,Undirected,0.3880376496910495
