Source,Target,Type,Weight
0,1,Undirected,0.7826597998876105
0,2,Undirected,0.34025996930418795
0,3,Undirected,0.3491424113936374
0,4,Undirected,0.22939261304314773
0,5,Undirected,0.19457112608621874
0,6,Undirected,0.20174245906329405
0,7,Undirected,0.16768826220865177
0,8,Undirected,0.19722264437118278
0,11,Undirected,0.3158582165982683
0,12,Undirected,0.3638732182001848
0,13,Undirected,0.3718942453403761
1,2,Undirected,0.7419650601179876
1,3,Undirected,0.24585399113325082
1,8,Undirected,0.1674372453244123
1,11,Undirected,0.3619458989643523
1,12,Undirected,0.220444034819434
1,13,Undirected,0.1756105583449959
2,3,Undirected,0.754206681168299
2,4,Undirected,0.32076230971891356
2,5,Undirected,0.1931393441271706
2,6,Undirected,0.20218687288168682
2,8,Undirected,0.28539997772217923
2,11,Undirected,0.2734450391185824
2,12,Undirected,0.3783579427082746
2,13,Undirected,0.2525748543524333
3,4,Undirected,0.7449209098387791
3,5,Undirected,0.3299021746559894
3,6,Undirected,0.1797477611154833
3,11,Undirected,0.18406796170786188
3,12,Undirected,0.2189456417315017
3,13,Undirected,0.29493396566792746
4,5,Undirected,0.7589042426891779
4,6,Undirected,0.3452751117987941
4,7,Undirected,0.2024071872989768
4,8,Undirected,0.34130353038020034
4,11,Undirected,0.20540655110275832
4,12,Undirected,0.38040257896794666
4,13,Undirected,0.31580537257890684
5,6,Undirected,0.7460001221900187
5,7,Undirected,0.21187685239891468
5,12,Undirected,0.20963143128006048
5,13,Undirected,0.33920803817876116
6,7,Undirected,0.763668405127496
6,8,Undirected,0.2908022127376697
6,11,Undirected,0.29442212299045495
6,12,Undirected,0.37913399200604114
6,13,Undirected,0.3029152796393648
7,8,Undirected,0.7586000087538338
7,9,Undirected,0.23238614126014415
7,11,Undirected,0.28193815542593137
7,12,Undirected,0.21446822331835913
7,13,Undirected,0.19477936264861415
8,9,Undirected,0.7734752977475041
8,10,Undirected,0.2931391402825617
8,11,Undirected,0.3423309069919897
8,12,Undirected,0.3842885917256221
8,13,Undirected,0.1972724939014106
9,10,Undirected,0.7084550532713167
9,11,Undirected,0.30739421520740606
10,11,Undirected,0.7444882089975192
11,12,Undirected,0.37573134200002867
11,13,Undirected,0.20685972898703586
12,13,Undirected,0.3729320067258045
