Source,Target,Type,Weight
0,1,Undirected,0.7435185929549363
0,2,Undirected,0.32991426704993937
0,3,Undirected,0.193662514198118
0,4,Undirected,0.3525410576759579
0,12,Undirected,0.37954263269659433
0,13,Undirected,0.2692025065468141
1,2,Undirected,0.734699254073309
1,3,Undirected,0.21472824562229817
1,12,Undirected,0.19092589616914973
2,3,Undirected,0.7418815930301438
2,4,Undirected,0.3243454249576
2,12,Undirected,0.3974742409114445
2,13,Undirected,0.20666425690811685
3,4,Undirected,0.7295773376375392
3,5,Undirected,0.20970637136176568
3,12,Undirected,0.22804383561286334
3,13,Undirected,0.16694401086195773
4,5,Undirected,0.7182363763097467
4,6,Undirected,0.19869885841235865
4,8,Undirected,0.17559428118234627
4,12,Undirected,0.3877450386746256
4,13,Undirected,0.29970602499069826
5,6,Undirected,0.7383951930682497
5,7,Undirected,0.27754006686020716
5,8,Undirected,0.22539389215001482
6,7,Undirected,0.7439314958634891
6,8,Undirected,0.28815485641426825
6,9,Undirected,0.3197160968283855
6,10,Undirected,0.17672935511269958
7,8,Undirected,0.7429229276870796
7,9,Undirected,0.2616852004223595
7,10,Undirected,0.19809440757770957
7,11,Undirected,0.26897578316043774
8,9,Undirected,0.7296741164346051
8,10,Undirected,0.2727773025151574
8,11,Undirected,0.24045052369584538
9,10,Undirected,0.7553265208803652
9,11,Undirected,0.2552175861257371
10,11,Undirected,0.773474156651096
12,13,Undirected,0.36952999350241733
