Source,Target,Type,Weight
0,1,Undirected,0.731702717509865
0,2,Undirected,0.31018977963996486
0,3,Undirected,0.3159704082088496
0,4,Undirected,0.3304129279301422
0,5,Undirected,0.3242994819316271
0,6,Undirected,0.3152300862528458
0,7,Undirected,0.2324368298667991
0,11,Undirected,0.3062402851143035
0,12,Undirected,0.38641345675311295
0,13,Undirected,0.20539222762821785
1,2,Undirected,0.737431843265774
1,3,Undirected,0.2622965910418386
1,6,Undirected,0.17623203059374712
1,10,Undirected,0.17929988001372738
1,11,Undirected,0.3094090567809302
1,12,Undirected,0.21516798712984453
1,13,Undirected,0.16780868859533343
2,3,Undirected,0.7587745033702324
2,4,Undirected,0.3170434642341706
2,5,Undirected,0.17339330747036177
2,6,Undirected,0.19341779707655019
2,11,Undirected,0.31444694261121986
2,12,Undirected,0.3841131896044562
2,13,Undirected,0.37908639569828684
3,4,Undirected,0.7436851627655281
3,5,Undirected,0.3113693773561192
3,6,Undirected,0.17685296555530042
3,12,Undirected,0.17793932852923483
4,5,Undirected,0.7455839926861982
4,6,Undirected,0.3274185256118122
4,7,Undirected,0.19762577893733285
4,11,Undirected,0.1947213991292304
4,12,Undirected,0.36819868295554153
4,13,Undirected,0.2760014642678697
5,6,Undirected,0.7352543455571172
5,7,Undirected,0.21409504947462718
5,12,Undirected,0.1790449901387255
6,7,Undirected,0.7510307570822582
6,8,Undirected,0.22997256320223178
6,11,Undirected,0.28546499108003576
6,12,Undirected,0.3744737413741797
6,13,Undirected,0.2022185732734635
7,8,Undirected,0.7583812319854569
7,9,Undirected,0.2131571334974365
7,11,Undirected,0.29383055892343357
7,12,Undirected,0.22011963900056764
8,9,Undirected,0.7340842245462843
8,10,Undirected,0.3105575088014534
8,11,Undirected,0.3771112066558091
8,12,Undirected,0.21211850263485288
8,13,Undirected,0.263992807630035
9,10,Undirected,0.7451907014260911
9,11,Undirected,0.2905429982515345
10,11,Undirected,0.7289379106875946
11,12,Undirected,0.38195089545694416
11,13,Undirected,0.30686442696746274
12,13,Undirected,0.3892938763610956
