Source,Target,Type,Weight
0,1,Undirected,0.7386555945627689
0,2,Undirected,0.3191564774557478
0,3,Undirected,0.339707971130641
0,4,Undirected,0.3320116365047962
0,5,Undirected,0.33361909760109143
0,6,Undirected,0.2738913900182117
0,7,Undirected,0.21104463345955177
0,8,Undirected,0.19914857572082856
0,11,Undirected,0.30125542726831983
0,12,Undirected,0.39040245490801495
0,13,Undirected,0.19071799073288695
1,2,Undirected,0.7301410459234832
1,3,Undirected,0.25240129426624214
1,11,Undirected,0.3207420978438731
1,12,Undirected,0.20954814821624201
2,3,Undirected,0.7249043187875307
2,4,Undirected,0.3438049067420961
2,5,Undirected,0.19819316129107864
2,6,Undirected,0.20963625098787797
2,8,Undirected,0.29793325031490625
2,11,Undirected,0.321329179799681
2,12,Undirected,0.39147336853351583
2,13,Undirected,0.23300347824425216
3,4,Undirected,0.7665605701159727
3,5,Undirected,0.3071055815286087
3,6,Undirected,0.17578902554137546
3,11,Undirected,0.18250423789030298
3,12,Undirected,0.20256588033271328
4,5,Undirected,0.7421260760291454
4,6,Undirected,0.325871287063327
4,7,Undirected,0.19478896929737177
4,8,Undirected,0.19971708321056272
4,11,Undirected,0.18611496616183498
4,12,Undirected,0.34045929939301334
4,13,Undirected,0.3531054102368228
5,6,Undirected,0.7822769846881404
5,7,Undirected,0.2259801434207207
5,12,Undirected,0.18449145453886462
5,13,Undirected,0.17698759244019843
6,7,Undirected,0.762114913656858
6,8,Undirected,0.2591544749626048
6,11,Undirected,0.2836210248431035
6,12,Undirected,0.3814897906578703
6,13,Undirected,0.35114728263180967
7,8,Undirected,0.7397472448881509
7,9,Undirected,0.22086308765912416
7,11,Undirected,0.2916419216627586
7,12,Undirected,0.22076051062826393
7,13,Undirected,0.21755986482596212
8,9,Undirected,0.7563187437868338
8,10,Undirected,0.30239637888918697
8,11,Undirected,0.3342949128210262
8,12,Undirected,0.37193111455348576
8,13,Undirected,0.3974353726335642
9,10,Undirected,0.73668928885919
9,11,Undirected,0.2950415993275171
10,11,Undirected,0.7528795465674484
11,12,Undirected,0.3774492829163394
11,13,Undirected,0.21221584541444108
12,13,Undirected,0.3425581571608904
