Source,Target,Type,Weight
0,1,Undirected,0.732410947754718
0,2,Undirected,0.317703706486685
0,3,Undirected,0.3518140596987033
0,4,Undirected,0.22208147374317827
0,5,Undirected,0.16856112043787672
0,6,Undirected,0.2015628882051006
0,11,Undirected,0.3209085537353948
0,12,Undirected,0.3771150720009207
0,13,Undirected,0.3035616037023436
1,2,Undirected,0.7498490667165338
1,3,Undirected,0.23970410062041944
1,8,Undirected,0.17018178430579994
1,10,Undirected,0.21588395446856662
1,11,Undirected,0.3475722956397755
1,12,Undirected,0.21444828816815945
1,13,Undirected,0.19793126327527488
2,3,Undirected,0.741780565236853
2,4,Undirected,0.30868624589662513
2,5,Undirected,0.17845470110663678
2,6,Undirected,0.21012812277406331
2,8,Undirected,0.19253458784196856
2,11,Undirected,0.28401634742987897
2,12,Undirected,0.38782373514501883
2,13,Undirected,0.1961767483324548
3,4,Undirected,0.7431932490199118
3,5,Undirected,0.29760095951969523
3,6,Undirected,0.17388687095055164
3,11,Undirected,0.1831289589379884
3,12,Undirected,0.2257901247182
3,13,Undirected,0.1672609970122508
4,5,Undirected,0.7391201565608768
4,6,Undirected,0.3638428843553608
4,7,Undirected,0.20849365651583934
4,8,Undirected,0.17453216785032566
4,11,Undirected,0.20485247344119495
4,12,Undirected,0.3675927948971231
4,13,Undirected,0.2062363637686772
5,6,Undirected,0.7598899235916672
5,7,Undirected,0.2155723436925966
5,12,Undirected,0.19665203776570717
6,7,Undirected,0.7644075086568253
6,8,Undirected,0.25309947446140457
6,11,Undirected,0.30085143248411966
6,12,Undirected,0.3847686684134424
6,13,Undirected,0.30415322526258326
7,8,Undirected,0.7479162084288185
7,9,Undirected,0.2308656316298879
7,11,Undirected,0.29397912843398494
7,12,Undirected,0.21638445005033644
7,13,Undirected,0.24180477288256289
8,9,Undirected,0.7547653707291209
8,10,Undirected,0.32974399129551535
8,11,Undirected,0.34832431110863077
8,12,Undirected,0.2099645749256392
8,13,Undirected,0.19556508805386277
9,10,Undirected,0.7736397221370165
9,11,Undirected,0.2926155372611622
10,11,Undirected,0.732270163663788
11,12,Undirected,0.3821333796646344
11,13,Undirected,0.3614083183719641
12,13,Undirected,0.3686904789112728
