Source,Target,Type,Weight
0,1,Undirected,0.7426982374944587
0,2,Undirected,0.3336284917489806
0,12,Undirected,0.3925192048141041
0,13,Undirected,0.21094174185217365
1,2,Undirected,0.7506897379344857
1,3,Undirected,0.2126052494585143
1,4,Undirected,0.17430121871521967
1,6,Undirected,0.22386484624471256
1,12,Undirected,0.21509538075892293
2,3,Undirected,0.7643176626767949
2,4,Undirected,0.21928877789193957
2,6,Undirected,0.27662539109086776
2,7,Undirected,0.22856804054766905
2,12,Undirected,0.3826649468367836
2,13,Undirected,0.2940083286508505
3,4,Undirected,0.7374104510773561
3,5,Undirected,0.3301605893655693
3,6,Undirected,0.3640234468265297
3,7,Undirected,0.21744211425096518
3,8,Undirected,0.21258078903620808
4,5,Undirected,0.7386366678172174
4,6,Undirected,0.2877670871965071
4,8,Undirected,0.17377552034207017
5,6,Undirected,0.7837188876669732
5,7,Undirected,0.22468689680708454
5,8,Undirected,0.29394064329089864
6,7,Undirected,0.7495744185969624
6,8,Undirected,0.3131887328625787
7,8,Undirected,0.7517315770782218
7,9,Undirected,0.21678324425224918
7,13,Undirected,0.17089523626367134
8,9,Undirected,0.7439122318134934
8,10,Undirected,0.24042833267183075
9,10,Undirected,0.7470599115900688
9,11,Undirected,0.20762577873824553
10,11,Undirected,0.7374297039910798
12,13,Undirected,0.3701724089390246
