Source,Target,Type,Weight
0,1,Undirected,0.7638030226670436
0,2,Undirected,0.29442090363257756
0,3,Undirected,0.31047647430290165
0,4,Undirected,0.33414926020461616
0,5,Undirected,0.3346186043235111
0,6,Undirected,0.3215300840348503
0,7,Undirected,0.2753187055654918
0,8,Undirected,0.19323250589376317
0,11,Undirected,0.2967056039197954
0,12,Undirected,0.3862588741471195
0,13,Undirected,0.20361918767366938
1,2,Undirected,0.7501443082544142
1,3,Undirected,0.2909327401713618
1,4,Undirected,0.16743410384696883
1,6,Undirected,0.1727227818261693
1,11,Undirected,0.3491298855496341
1,12,Undirected,0.21833111339548048
2,3,Undirected,0.7336101866827394
2,4,Undirected,0.32827880105054125
2,5,Undirected,0.1712747142034841
2,6,Undirected,0.19684997167612125
2,8,Undirected,0.2624103136670829
2,11,Undirected,0.3178624458644235
2,12,Undirected,0.38679003950431756
2,13,Undirected,0.21489434717175168
3,4,Undirected,0.7401510705781009
3,5,Undirected,0.2922464226620744
3,6,Undirected,0.17461370662377437
3,11,Undirected,0.1866018711865951
3,12,Undirected,0.19419521547670915
4,5,Undirected,0.751773211085539
4,6,Undirected,0.36442750277688574
4,7,Undirected,0.20235320589832764
4,8,Undirected,0.21486055157273287
4,11,Undirected,0.20467719368378973
4,12,Undirected,0.3743195757804765
4,13,Undirected,0.3175866496673457
5,6,Undirected,0.7539291032659715
5,7,Undirected,0.21137868685191855
5,12,Undirected,0.18037875933867636
5,13,Undirected,0.174102527914989
6,7,Undirected,0.7410657604905592
6,8,Undirected,0.24417853384969218
6,11,Undirected,0.30326143651630644
6,12,Undirected,0.3655163699203748
6,13,Undirected,0.3745817295240817
7,8,Undirected,0.7483956338544363
7,9,Undirected,0.23054194426983743
7,11,Undirected,0.28758824407464767
7,12,Undirected,0.22513800915129875
7,13,Undirected,0.2718707010806434
8,9,Undirected,0.7387987147525067
8,10,Undirected,0.29740679925907537
8,11,Undirected,0.3547303808947979
8,12,Undirected,0.37706584563248435
8,13,Undirected,0.3630962052963707
9,10,Undirected,0.7320144357304661
9,11,Undirected,0.3167265803371149
10,11,Undirected,0.7617421054213528
11,12,Undirected,0.41137647144210643
11,13,Undirected,0.24631065826538456
12,13,Undirected,0.36725522186553006
