Source,Target,Type,Weight
0,1,Undirected,0.7468303187927724
0,2,Undirected,0.30946124297306804
0,3,Undirected,0.17523403160885853
0,4,Undirected,0.17591383212460407
0,5,Undirected,0.23369778035516367
0,6,Undirected,0.268611562037857
1,2,Undirected,0.7418413098192225
1,3,Undirected,0.25371489352126636
2,3,Undirected,0.7444064853444725
2,4,Undirected,0.3580252404011333
2,5,Undirected,0.3572224653308957
2,6,Undirected,0.22980616482405872
2,7,Undirected,0.1814822747418262
2,11,Undirected,0.27057796593145195
2,12,Undirected,0.3756271641326955
2,13,Undirected,0.1965385113525799
3,4,Undirected,0.7584465774685543
3,5,Undirected,0.2508835617380652
3,12,Undirected,0.18888448960931395
4,5,Undirected,0.7572058421580355
4,6,Undirected,0.21258654265568758
4,7,Undirected,0.17446349085709523
4,11,Undirected,0.20396537527784256
4,12,Undirected,0.3975743843399274
4,13,Undirected,0.3008925904938463
5,6,Undirected,0.7368687998649347
5,7,Undirected,0.27711474295539357
5,8,Undirected,0.2146511240629397
5,12,Undirected,0.20205156594992857
5,13,Undirected,0.1735648953240355
6,7,Undirected,0.7421884531880514
6,8,Undirected,0.24313847338191885
7,8,Undirected,0.7334926066278687
7,9,Undirected,0.28986011634890907
7,10,Undirected,0.2749765903315562
7,11,Undirected,0.181571365924633
7,12,Undirected,0.21127297905647713
7,13,Undirected,0.2427605979835546
8,9,Undirected,0.7139942084524727
8,10,Undirected,0.3047352453878169
8,13,Undirected,0.19352781730747845
9,10,Undirected,0.7502482982680877
9,11,Undirected,0.21358797720263822
10,11,Undirected,0.7432527764078826
10,12,Undirected,0.20174657349094013
10,13,Undirected,0.3208425691278037
11,12,Undirected,0.38123264285598724
11,13,Undirected,0.2604282175191658
12,13,Undirected,0.3828354642415241
