Source,Target,Type,Weight
0,1,Undirected,0.7193310054812
0,2,Undirected,0.34296888294038275
0,3,Undirected,0.32901477180235567
0,4,Undirected,0.3083105351497785
0,5,Undirected,0.19301795056484722
0,6,Undirected,0.2781073994944037
0,7,Undirected,0.3201428860384617
0,8,Undirected,0.2491211306167279
0,12,Undirected,0.40475245690287415
0,13,Undirected,0.3431186785538228
1,2,Undirected,0.7204323792504405
1,3,Undirected,0.24997726289610986
1,7,Undirected,0.2007574430429138
1,8,Undirected,0.24983684941993684
1,9,Undirected,0.17415125065084
1,10,Undirected,0.23356020182059065
1,11,Undirected,0.33159898184196285
1,12,Undirected,0.20281798893218217
1,13,Undirected,0.26835416830217124
2,3,Undirected,0.7319394509717694
2,4,Undirected,0.33119470025814574
2,5,Undirected,0.20581326856655413
2,6,Undirected,0.20137369733528068
2,7,Undirected,0.19708071040144226
2,12,Undirected,0.39011065820589075
2,13,Undirected,0.3277120287303079
3,4,Undirected,0.7445743124148679
3,5,Undirected,0.20619880922673284
3,6,Undirected,0.1696092726602633
3,12,Undirected,0.21624408465264974
3,13,Undirected,0.1954982906092859
4,5,Undirected,0.7624477525281973
4,6,Undirected,0.34772152790731414
4,7,Undirected,0.21938787999630927
4,12,Undirected,0.3890493423325778
4,13,Undirected,0.20362887545292488
5,6,Undirected,0.7423489091412385
5,7,Undirected,0.23019927533646778
5,12,Undirected,0.21189010359028174
6,7,Undirected,0.720020792226399
6,8,Undirected,0.2282606223019825
6,9,Undirected,0.329323504385676
6,10,Undirected,0.19582419529979425
6,12,Undirected,0.37339956822683673
6,13,Undirected,0.2005346054420975
7,8,Undirected,0.7629151176571218
7,9,Undirected,0.26337501481926523
7,12,Undirected,0.3659735574039051
7,13,Undirected,0.2525470236895301
8,9,Undirected,0.7307057532809907
8,10,Undirected,0.3008265100607842
8,11,Undirected,0.2292890063179467
8,12,Undirected,0.2084396328229765
8,13,Undirected,0.250078941468836
9,10,Undirected,0.7522208320117965
9,11,Undirected,0.23426269791640836
9,12,Undirected,0.1999511266005061
9,13,Undirected,0.2503749382465187
10,11,Undirected,0.7409864227701308
10,13,Undirected,0.21610926813826034
12,13,Undirected,0.3878855674394315
