Source,Target,Type,Weight
0,1,Undirected,0.7418815930301438
0,2,Undirected,0.35285499064337444
0,3,Undirected,0.32493065510924946
0,4,Undirected,0.26903996512612144
0,5,Undirected,0.2667863153246753
0,6,Undirected,0.20112178887789847
0,11,Undirected,0.17404230556393752
0,12,Undirected,0.1973865356750069
1,2,Undirected,0.7724145348155718
1,3,Undirected,0.25112877014617463
2,3,Undirected,0.7354336736527802
2,4,Undirected,0.2418572552840308
2,5,Undirected,0.17062517675552202
2,11,Undirected,0.21317890960537722
2,12,Undirected,0.39751179820298643
2,13,Undirected,0.3103467462864679
3,4,Undirected,0.7490254579657789
3,5,Undirected,0.2823437925353012
3,6,Undirected,0.1756156612024036
4,5,Undirected,0.7550217503048264
4,6,Undirected,0.2038876426210759
5,6,Undirected,0.7473327863862014
5,7,Undirected,0.20905100315278297
6,7,Undirected,0.7306683292782786
6,8,Undirected,0.2549584889704405
7,8,Undirected,0.7269501029294712
7,9,Undirected,0.20539075918263733
8,9,Undirected,0.7422095324719679
8,10,Undirected,0.3103600885431485
8,11,Undirected,0.2679107453038216
9,10,Undirected,0.7422683112540444
9,11,Undirected,0.3452606166529994
10,11,Undirected,0.7500166747700983
11,12,Undirected,0.3704156983406244
11,13,Undirected,0.24533998943839347
12,13,Undirected,0.37929434480927554
