Source,Target,Type,Weight
0,1,Undirected,0.7471231209385139
0,2,Undirected,0.3521801849609641
0,3,Undirected,0.1944580234779222
0,12,Undirected,0.375937613578664
0,13,Undirected,0.2979916294150843
1,2,Undirected,0.7442011653161034
1,3,Undirected,0.22929437120385143
1,12,Undirected,0.17708666349504387
2,3,Undirected,0.7556469889001449
2,4,Undirected,0.2208151352170928
2,7,Undirected,0.16965392057002174
2,11,Undirected,0.17607795431221607
2,12,Undirected,0.3967319751403099
2,13,Undirected,0.2840383506599519
3,4,Undirected,0.7642278378146927
3,5,Undirected,0.24200512039718736
3,12,Undirected,0.32320001849365343
3,13,Undirected,0.23290731893462566
4,5,Undirected,0.7408214520973274
4,6,Undirected,0.22727920022594056
4,12,Undirected,0.19517214294090166
4,13,Undirected,0.1674533823450973
5,6,Undirected,0.7347977827673677
5,7,Undirected,0.2844424189959042
6,7,Undirected,0.7605071203075315
6,8,Undirected,0.2849555850711488
6,9,Undirected,0.21242099742307538
7,8,Undirected,0.7625369514549692
7,9,Undirected,0.2156158733598908
7,10,Undirected,0.2397358044565222
7,11,Undirected,0.217693424546876
8,9,Undirected,0.7105611654120372
8,10,Undirected,0.2417618446071649
9,10,Undirected,0.7288585519113339
9,11,Undirected,0.21739696524637367
10,11,Undirected,0.7330582787155072
12,13,Undirected,0.3811520261978043
