Source,Target,Type,Weight
0,1,Undirected,0.7452314816336586
0,2,Undirected,0.3162562319225236
0,3,Undirected,0.2876681869315382
0,4,Undirected,0.2958618181387253
0,5,Undirected,0.31475571241337624
0,6,Undirected,0.33514011421105233
0,7,Undirected,0.2739963813410883
0,11,Undirected,0.2819720261535981
0,12,Undirected,0.39733390652378964
0,13,Undirected,0.19817190454910938
1,2,Undirected,0.7506695177154741
1,3,Undirected,0.2654836852034778
1,6,Undirected,0.1752642876633164
1,7,Undirected,0.16707809087799824
1,10,Undirected,0.16800257889700881
1,11,Undirected,0.34948153164803347
1,12,Undirected,0.22354632403276053
1,13,Undirected,0.16871621495510558
2,3,Undirected,0.751033043237853
2,4,Undirected,0.31773460886628935
2,5,Undirected,0.18951973108042003
2,6,Undirected,0.2076254087359905
2,11,Undirected,0.28169018246545935
2,12,Undirected,0.39538815130032645
2,13,Undirected,0.3601295582516282
3,4,Undirected,0.7556068304500814
3,5,Undirected,0.3056951454916696
3,6,Undirected,0.17361620651496232
3,11,Undirected,0.17792297910222515
3,12,Undirected,0.1931151207756827
4,5,Undirected,0.7488340932270152
4,6,Undirected,0.31222716996857336
4,7,Undirected,0.19023357029922652
4,11,Undirected,0.20059590936438568
4,12,Undirected,0.37418883675941694
4,13,Undirected,0.2664761527800235
5,6,Undirected,0.7455031546059522
5,7,Undirected,0.2090178537345853
5,12,Undirected,0.18647230375657106
6,7,Undirected,0.7455876374388699
6,8,Undirected,0.22596792005302158
6,11,Undirected,0.28364910509580543
6,12,Undirected,0.3780290718797129
6,13,Undirected,0.20674579287524994
7,8,Undirected,0.7365290065419722
7,9,Undirected,0.21353595615631368
7,11,Undirected,0.2624161911943163
7,12,Undirected,0.2124059156583772
7,13,Undirected,0.16979148331945898
8,9,Undirected,0.7467257452340043
8,10,Undirected,0.31161271293663667
8,11,Undirected,0.35396478921675567
8,12,Undirected,0.20890487886536913
8,13,Undirected,0.2764215168734076
9,10,Undirected,0.7529874055198558
9,11,Undirected,0.30038463491409617
10,11,Undirected,0.7569215449211837
11,12,Undirected,0.39935969970022583
11,13,Undirected,0.3386728442661934
12,13,Undirected,0.37891279963921876
