Source,Target,Type,Weight
0,1,Undirected,0.7373501706778638
0,2,Undirected,0.27886209639897713
0,3,Undirected,0.16881178399550062
0,8,Undirected,0.1789810562667292
0,9,Undirected,0.3550074470830516
0,10,Undirected,0.2099645118613842
0,11,Undirected,0.2776343665516803
0,12,Undirected,0.1918322521559669
1,2,Undirected,0.7464763628057112
1,3,Undirected,0.2800713682838492
1,6,Undirected,0.17742037959794904
1,8,Undirected,0.1734715612045118
1,9,Undirected,0.286838225528776
1,12,Undirected,0.16683151055739404
2,3,Undirected,0.763958907308302
2,4,Undirected,0.21859136467215026
2,6,Undirected,0.3218745894362799
2,7,Undirected,0.2846819303673943
2,8,Undirected,0.3143145356039576
2,9,Undirected,0.2649130198975428
2,10,Undirected,0.2010099996424831
2,11,Undirected,0.29428817803635465
2,12,Undirected,0.36819745470573423
2,13,Undirected,0.31045413690864126
3,4,Undirected,0.7434787907203059
3,5,Undirected,0.2121206696053921
3,6,Undirected,0.2910691414679481
3,7,Undirected,0.26097208852571974
3,8,Undirected,0.21506562410299676
3,9,Undirected,0.17703773433112233
4,5,Undirected,0.7485024121570538
4,6,Undirected,0.30191517244844385
4,7,Undirected,0.24105888100232764
5,6,Undirected,0.7505864314403128
5,7,Undirected,0.23957195011141516
6,7,Undirected,0.7403348210148771
6,8,Undirected,0.29294793287271065
6,9,Undirected,0.1778791086502185
6,13,Undirected,0.25695051616722797
7,8,Undirected,0.7308228871771573
7,9,Undirected,0.2094485092132188
8,9,Undirected,0.7358911563575536
8,10,Undirected,0.23601578411376645
9,10,Undirected,0.7471425516453357
9,11,Undirected,0.23055560533280328
10,11,Undirected,0.7630023439610486
11,12,Undirected,0.37218735621933324
11,13,Undirected,0.29503531093018864
12,13,Undirected,0.38177369360303254
