Source,Target,Type,Weight
0,1,Undirected,0.7435815339928994
0,2,Undirected,0.29071493709707724
0,3,Undirected,0.25190772941521283
0,4,Undirected,0.1677624431992899
1,2,Undirected,0.7389185880490079
1,3,Undirected,0.2538531251993486
2,3,Undirected,0.7620056008984256
2,4,Undirected,0.2320688361224761
2,6,Undirected,0.2211932728367347
2,7,Undirected,0.3245860608826383
2,8,Undirected,0.21098180818727147
2,11,Undirected,0.3290843675384704
2,12,Undirected,0.4028983524822657
2,13,Undirected,0.22490477361977784
3,4,Undirected,0.739181703741444
3,5,Undirected,0.21200373795042726
3,6,Undirected,0.34323784527723733
3,7,Undirected,0.2888849216582143
3,11,Undirected,0.19797758418016032
3,12,Undirected,0.3814099669914236
3,13,Undirected,0.2000181214537984
4,5,Undirected,0.7521135971439686
4,6,Undirected,0.30906319228379525
4,7,Undirected,0.21855837795373734
4,11,Undirected,0.22363555144455216
4,12,Undirected,0.3507627365772939
4,13,Undirected,0.27012664762735994
5,6,Undirected,0.7419631569641613
5,7,Undirected,0.24780202419610792
6,7,Undirected,0.7400902759997862
6,8,Undirected,0.22960362688315797
6,9,Undirected,0.21867371543717237
6,10,Undirected,0.1754662717943728
6,11,Undirected,0.19946645401932392
6,12,Undirected,0.3820687734067343
6,13,Undirected,0.2966455036214438
7,8,Undirected,0.7649452845699342
7,9,Undirected,0.2948098529923421
7,10,Undirected,0.17342093777459425
7,11,Undirected,0.2522977188441367
7,12,Undirected,0.3692679032869945
7,13,Undirected,0.31675069064241734
8,9,Undirected,0.7160072701734596
8,10,Undirected,0.25319699918709976
8,11,Undirected,0.20470576338197435
8,12,Undirected,0.20227523371850614
8,13,Undirected,0.20163994369874697
9,10,Undirected,0.7382124690431724
9,11,Undirected,0.2820248670884361
9,12,Undirected,0.20165698680718488
9,13,Undirected,0.3815434067864866
10,11,Undirected,0.7414719449490796
10,12,Undirected,0.18147805018953866
10,13,Undirected,0.301066800330446
11,12,Undirected,0.3787148429747529
11,13,Undirected,0.3522504603111203
12,13,Undirected,0.38186333433572023
