Source,Target,Type,Weight
0,1,Undirected,0.7612090986387613
0,2,Undirected,0.29452956946114056
1,2,Undirected,0.745396766609356
1,3,Undirected,0.2113692915277798
2,3,Undirected,0.7610356229216606
2,4,Undirected,0.35479057327006663
2,5,Undirected,0.1982796773711968
2,6,Undirected,0.30319990058886925
2,12,Undirected,0.3965411337172337
2,13,Undirected,0.21271298537417682
3,4,Undirected,0.7607900469609602
3,5,Undirected,0.20370993302926382
3,6,Undirected,0.24924255128385076
3,12,Undirected,0.1941463696427077
4,5,Undirected,0.7775349109931649
4,6,Undirected,0.35779636276966176
4,7,Undirected,0.1709349349137216
4,8,Undirected,0.17422964012098985
4,12,Undirected,0.3781565420352201
4,13,Undirected,0.3412891446102641
5,6,Undirected,0.7480019727701718
5,7,Undirected,0.261223090646811
5,8,Undirected,0.34267489103050164
5,12,Undirected,0.22772775984791452
5,13,Undirected,0.16718736534599815
6,7,Undirected,0.7526246870459334
6,8,Undirected,0.28204276962064095
6,12,Undirected,0.1975339713554115
7,8,Undirected,0.730354576770261
7,9,Undirected,0.21581814877468017
8,9,Undirected,0.7405781546868058
8,10,Undirected,0.23156034856747187
9,10,Undirected,0.7358910272453818
9,11,Undirected,0.21224436755712092
10,11,Undirected,0.7725279217567346
12,13,Undirected,0.3866860210781157
