Source,Target,Type,Weight
0,1,Undirected,0.7515172147500992
0,2,Undirected,0.3665688929145813
0,3,Undirected,0.19975834516445054
0,12,Undirected,0.3526722869283091
0,13,Undirected,0.32011881851593627
1,2,Undirected,0.7736380811145188
1,3,Undirected,0.21673433655007715
1,12,Undirected,0.17711051748246315
1,13,Undirected,0.1711957881541591
2,3,Undirected,0.751964328565949
2,4,Undirected,0.22283979543153087
2,12,Undirected,0.39936027007518266
2,13,Undirected,0.2737163866834948
3,4,Undirected,0.7537550689229757
3,5,Undirected,0.22528353105534515
3,12,Undirected,0.35848608129522896
3,13,Undirected,0.2045971411353567
4,5,Undirected,0.7587737484035066
4,6,Undirected,0.2252795622008508
4,12,Undirected,0.22994464952539115
4,13,Undirected,0.1715907824545309
5,6,Undirected,0.7438284579952261
5,7,Undirected,0.25698003439263645
5,8,Undirected,0.18277130944190725
6,7,Undirected,0.7439096589508335
6,8,Undirected,0.2532417148595078
7,8,Undirected,0.7334314901534255
7,9,Undirected,0.268365105697732
7,11,Undirected,0.24004970511624799
8,9,Undirected,0.7450042682773034
8,10,Undirected,0.24051996257014513
8,11,Undirected,0.32509196319921874
9,10,Undirected,0.7365081193520252
9,11,Undirected,0.28806008137897293
10,11,Undirected,0.7585569292426555
12,13,Undirected,0.37892344575630627
