Source,Target,Type,Weight
0,1,Undirected,0.7237457772693173
0,2,Undirected,0.33673866469594355
0,12,Undirected,0.3853222168183438
0,13,Undirected,0.3418988241945744
1,2,Undirected,0.7489871370693547
1,3,Undirected,0.23086082831088722
1,6,Undirected,0.2555641339968095
1,12,Undirected,0.20557703703304336
1,13,Undirected,0.1877264112274636
2,3,Undirected,0.7321716086559314
2,4,Undirected,0.21576479165185555
2,6,Undirected,0.2622206831610319
2,7,Undirected,0.25981723919157473
2,12,Undirected,0.39207449959907353
2,13,Undirected,0.2030632539278321
3,4,Undirected,0.7786399312158424
3,5,Undirected,0.24824809563002564
3,6,Undirected,0.33124599250225256
3,7,Undirected,0.21975858486986405
4,5,Undirected,0.7640710082756519
4,6,Undirected,0.3132534781573815
4,7,Undirected,0.1838499241115156
4,8,Undirected,0.2835681784654435
5,6,Undirected,0.7505864986004473
5,7,Undirected,0.21563997294875903
5,8,Undirected,0.2780041728092917
6,7,Undirected,0.756146194614931
6,8,Undirected,0.3016188365073287
7,8,Undirected,0.7414738455837949
7,9,Undirected,0.20682861708846653
8,9,Undirected,0.7396854078265177
8,10,Undirected,0.23056762029573624
8,11,Undirected,0.17203351268530098
9,10,Undirected,0.7604399027236878
9,11,Undirected,0.22859360267708725
10,11,Undirected,0.7673942905904593
12,13,Undirected,0.3854598964204454
