Source,Target,Type,Weight
0,1,Undirected,0.7695948754641156
0,2,Undirected,0.34224713429598935
0,3,Undirected,0.34520148338638684
0,4,Undirected,0.22671719884770714
0,5,Undirected,0.17277544667289668
0,6,Undirected,0.21457601185413286
0,8,Undirected,0.20502101826373176
0,11,Undirected,0.2985460140376212
0,12,Undirected,0.3816851022194008
0,13,Undirected,0.3500466402923888
1,2,Undirected,0.7270665398812769
1,3,Undirected,0.24100519347510507
1,8,Undirected,0.16825463352673056
1,11,Undirected,0.33946915372524206
1,12,Undirected,0.22197785611182894
1,13,Undirected,0.1727543541115316
2,3,Undirected,0.7645634311061432
2,4,Undirected,0.3269386665735445
2,5,Undirected,0.19254621944950462
2,6,Undirected,0.21243819023479152
2,8,Undirected,0.29396763128113146
2,11,Undirected,0.29017471416506896
2,12,Undirected,0.39108790737352406
2,13,Undirected,0.2714185938805044
3,4,Undirected,0.7454993781734527
3,5,Undirected,0.3246785748649961
3,6,Undirected,0.18405306733317658
3,11,Undirected,0.18161470180932116
3,12,Undirected,0.22142646803713065
3,13,Undirected,0.3127229266179573
4,5,Undirected,0.7521132599756272
4,6,Undirected,0.35540386128391144
4,7,Undirected,0.21128566522102132
4,8,Undirected,0.37103041052326624
4,11,Undirected,0.19735339761550008
4,12,Undirected,0.36092394307246206
4,13,Undirected,0.3337393773498415
5,6,Undirected,0.7405969849081194
5,7,Undirected,0.2049760311736466
5,12,Undirected,0.1971389197532605
5,13,Undirected,0.32269109483291597
6,7,Undirected,0.7466205364330734
6,8,Undirected,0.30347622959923276
6,11,Undirected,0.26965146762957537
6,12,Undirected,0.3889813304348874
6,13,Undirected,0.3063882879622017
7,8,Undirected,0.7598913003009904
7,9,Undirected,0.21271311482642924
7,11,Undirected,0.26280141416261615
7,12,Undirected,0.22488207950554834
7,13,Undirected,0.18684676308104284
8,9,Undirected,0.7483995064561284
8,10,Undirected,0.29712875694702423
8,11,Undirected,0.31475046877085944
8,12,Undirected,0.41095925576499065
8,13,Undirected,0.20312865189788512
9,10,Undirected,0.7328623074421107
9,11,Undirected,0.3179204868302987
10,11,Undirected,0.7157299173728029
11,12,Undirected,0.3907260251436424
11,13,Undirected,0.20382668775606483
12,13,Undirected,0.3571315508646104
