Source,Target,Type,Weight
0,1,Undirected,0.7232342332268247
0,2,Undirected,0.2485395360765669
0,4,Undirected,0.19246214290742142
0,5,Undirected,0.3142306813456849
0,6,Undirected,0.3508165428540195
0,7,Undirected,0.17284361284056665
1,2,Undirected,0.750101512997464
1,3,Undirected,0.2822461531608033
1,4,Undirected,0.16821911145035914
1,5,Undirected,0.1770729671816468
1,6,Undirected,0.21421381872144152
2,3,Undirected,0.7433350373505873
2,4,Undirected,0.35082332115103865
2,5,Undirected,0.35645687490375344
2,6,Undirected,0.306878481856192
2,7,Undirected,0.28561986424574276
2,8,Undirected,0.1944932445623046
2,10,Undirected,0.22368619219192312
2,11,Undirected,0.2801769034600008
2,12,Undirected,0.3789482319605843
2,13,Undirected,0.2137386810537603
3,4,Undirected,0.7472473751141545
3,5,Undirected,0.25192591632461325
3,11,Undirected,0.2063400544611678
3,12,Undirected,0.20601178789259125
4,5,Undirected,0.7636028518881689
4,6,Undirected,0.21305208568157047
4,11,Undirected,0.2004036067359017
4,12,Undirected,0.37353757369574125
4,13,Undirected,0.31911932493427103
5,6,Undirected,0.7643398784379476
5,7,Undirected,0.28777958532279546
5,8,Undirected,0.22819217110582704
5,12,Undirected,0.2031240874243921
5,13,Undirected,0.17560999954865555
6,7,Undirected,0.7323505228837712
6,8,Undirected,0.2438053288703645
7,8,Undirected,0.768117697722176
7,9,Undirected,0.33776456810137484
7,10,Undirected,0.26214231245886355
7,11,Undirected,0.1764404239546831
7,12,Undirected,0.21660756611061327
7,13,Undirected,0.18337016938345835
8,9,Undirected,0.7375904434621364
8,10,Undirected,0.3653773833505744
8,12,Undirected,0.18373259934398986
8,13,Undirected,0.2041640807270713
9,10,Undirected,0.7243717450213198
9,11,Undirected,0.23748675911936282
10,11,Undirected,0.744013445196889
10,12,Undirected,0.20454176602039925
10,13,Undirected,0.20608701744910674
11,12,Undirected,0.38420358052883063
11,13,Undirected,0.23190313543046154
12,13,Undirected,0.3922051647263861
