Source,Target,Type,Weight
0,1,Undirected,0.737911937983296
0,2,Undirected,0.267803816061867
0,3,Undirected,0.25256960711893583
0,4,Undirected,0.1822094927132346
1,2,Undirected,0.7486291298789893
1,3,Undirected,0.2406427230933143
2,3,Undirected,0.7462477923546104
2,4,Undirected,0.2268308585288062
2,5,Undirected,0.185974792442965
2,8,Undirected,0.2782752141432647
2,11,Undirected,0.20028008529384125
2,12,Undirected,0.3881964979698443
2,13,Undirected,0.28907080053437695
3,4,Undirected,0.7346188932771918
3,5,Undirected,0.22853095323845862
3,13,Undirected,0.1784839073993537
4,5,Undirected,0.7528820467070754
4,6,Undirected,0.22598730274015338
5,6,Undirected,0.7422878186726187
5,7,Undirected,0.2086361339153896
5,13,Undirected,0.1769866813039319
6,7,Undirected,0.7559064200170562
6,8,Undirected,0.2398386187211753
6,11,Undirected,0.2783864763625264
6,12,Undirected,0.20064586638719242
6,13,Undirected,0.3528807588422446
7,8,Undirected,0.7126341869032291
7,9,Undirected,0.2513865715598467
7,10,Undirected,0.17183778705359623
7,11,Undirected,0.32044524756230197
7,12,Undirected,0.1774515005284236
7,13,Undirected,0.2089993146475378
8,9,Undirected,0.7409827574114547
8,10,Undirected,0.26740168536281433
8,11,Undirected,0.3666419196937564
8,12,Undirected,0.37910736538483614
8,13,Undirected,0.30909758448239194
9,10,Undirected,0.740801825412518
9,11,Undirected,0.3633290832513361
9,12,Undirected,0.1791824098518063
10,11,Undirected,0.7537365118078625
10,12,Undirected,0.19945907424028672
11,12,Undirected,0.36462626951421984
11,13,Undirected,0.33842756036911587
12,13,Undirected,0.38131856293141264
