Source,Target,Type,Weight
0,1,Undirected,0.7382761392681457
0,2,Undirected,0.25088834895908324
0,3,Undirected,0.198709025037607
0,8,Undirected,0.2767874942826804
0,9,Undirected,0.28714999028525745
0,10,Undirected,0.17516474273655655
0,11,Undirected,0.3189274352002239
0,12,Undirected,0.3815502443600336
0,13,Undirected,0.3102667168304609
1,2,Undirected,0.7546135544067254
1,3,Undirected,0.2155481041364147
1,8,Undirected,0.31035976702949886
2,3,Undirected,0.7643813188102905
2,4,Undirected,0.3363723071615242
2,5,Undirected,0.3717368255036585
2,6,Undirected,0.19786304529631452
2,7,Undirected,0.18860247332821917
2,8,Undirected,0.34885303539196044
2,9,Undirected,0.1676723882221123
3,4,Undirected,0.7495937090877539
3,5,Undirected,0.2385710617781459
3,8,Undirected,0.18248581617152668
4,5,Undirected,0.7461618324434833
4,6,Undirected,0.37027354999504747
4,7,Undirected,0.22699091073907407
4,8,Undirected,0.21839184238021314
4,9,Undirected,0.17895280178219636
5,6,Undirected,0.7354961560660928
5,7,Undirected,0.31749551288121586
5,8,Undirected,0.18203910336658524
6,7,Undirected,0.7324466318846674
6,8,Undirected,0.25100814897480717
7,8,Undirected,0.7532012549212002
7,9,Undirected,0.21230947314520318
8,9,Undirected,0.742023997092977
8,10,Undirected,0.21389297905622406
9,10,Undirected,0.7423285445344492
9,11,Undirected,0.2873933170753868
9,12,Undirected,0.18292882273030744
10,11,Undirected,0.7648749787208202
11,12,Undirected,0.38933608342735726
11,13,Undirected,0.33470528080208534
12,13,Undirected,0.39256115891678195
