Source,Target,Type,Weight
0,1,Undirected,0.7419827796049838
0,2,Undirected,0.26652173611901436
0,3,Undirected,0.17354257558898828
0,8,Undirected,0.18000257152416366
0,9,Undirected,0.29455503151875584
0,10,Undirected,0.34837311827572953
0,11,Undirected,0.3237552266778437
1,2,Undirected,0.7381540710144615
1,3,Undirected,0.273430457345463
1,9,Undirected,0.3078164821650744
1,10,Undirected,0.19722748536818255
1,11,Undirected,0.29264548812994806
1,12,Undirected,0.18596417208091773
2,3,Undirected,0.7541205728743396
2,4,Undirected,0.204513960064839
2,6,Undirected,0.29788832795624925
2,8,Undirected,0.2860987828722877
2,9,Undirected,0.3526074159885869
2,10,Undirected,0.28619004534766773
2,11,Undirected,0.31037641771950697
2,12,Undirected,0.39572295438137534
2,13,Undirected,0.33049939219783264
3,4,Undirected,0.7574441165855688
3,5,Undirected,0.2797830257788631
3,6,Undirected,0.27220171735542426
3,8,Undirected,0.17579888388793008
3,9,Undirected,0.20296831010690536
4,5,Undirected,0.7240863754827
4,6,Undirected,0.261284520898786
4,12,Undirected,0.17830491671842405
5,6,Undirected,0.7628028700332861
5,7,Undirected,0.21341409306093206
6,7,Undirected,0.7672130727729523
6,8,Undirected,0.2933070695446811
6,9,Undirected,0.20735949248561714
6,12,Undirected,0.19583213145443984
6,13,Undirected,0.2098960464336072
7,8,Undirected,0.7459975348649422
7,9,Undirected,0.22618760648624955
8,9,Undirected,0.7493631589460222
8,10,Undirected,0.24755046677055872
8,11,Undirected,0.16827258921852878
9,10,Undirected,0.7397446355205131
9,11,Undirected,0.2372071264207643
10,11,Undirected,0.7371864262776489
11,12,Undirected,0.3889661798295684
11,13,Undirected,0.24482973308722158
12,13,Undirected,0.37116663713949494
