Source,Target,Type,Weight
0,1,Undirected,0.7514344119117191
0,2,Undirected,0.3244955828783968
0,3,Undirected,0.31719808999181726
0,4,Undirected,0.37262073938090096
0,5,Undirected,0.3179345846596387
0,6,Undirected,0.301121484954027
0,7,Undirected,0.2607518783156575
0,8,Undirected,0.18012965990515062
0,11,Undirected,0.3061771098172728
0,12,Undirected,0.3983840116926826
0,13,Undirected,0.20548355388471964
1,2,Undirected,0.7712675306296426
1,3,Undirected,0.2825876060831029
1,4,Undirected,0.17055965047972016
1,7,Undirected,0.18222893542307633
1,11,Undirected,0.30050797499244125
1,12,Undirected,0.2047174532847058
2,3,Undirected,0.7607914269337648
2,4,Undirected,0.31356293138411107
2,5,Undirected,0.18850452054469455
2,6,Undirected,0.21118962033436436
2,11,Undirected,0.27704130760360524
2,12,Undirected,0.38858779789340275
2,13,Undirected,0.20138139351585468
3,4,Undirected,0.7336891076929967
3,5,Undirected,0.3076850170531267
3,6,Undirected,0.18039664945897402
3,12,Undirected,0.18353069256155097
4,5,Undirected,0.7360506444758392
4,6,Undirected,0.3128700750125113
4,7,Undirected,0.18728101341243872
4,11,Undirected,0.1927140972412454
4,12,Undirected,0.3617847409152594
4,13,Undirected,0.2532025935145716
5,6,Undirected,0.7620062238715213
5,7,Undirected,0.2184984669229071
5,12,Undirected,0.18318331355032882
6,7,Undirected,0.7506057068921781
6,8,Undirected,0.23658394387196108
6,11,Undirected,0.28349327620801357
6,12,Undirected,0.3772187199164243
6,13,Undirected,0.3094419050914407
7,8,Undirected,0.7350367811577848
7,9,Undirected,0.21892267161505305
7,11,Undirected,0.2816576655562342
7,12,Undirected,0.22002855442589406
7,13,Undirected,0.23613813654010526
8,9,Undirected,0.7466017973571607
8,10,Undirected,0.30397357578336737
8,11,Undirected,0.33893412217212743
8,12,Undirected,0.20283766444667245
8,13,Undirected,0.3721510965905214
9,10,Undirected,0.738394543107039
9,11,Undirected,0.3141718617243639
10,11,Undirected,0.7347988769639204
11,12,Undirected,0.38885539984954964
11,13,Undirected,0.35150165136815076
12,13,Undirected,0.3772672057221009
