Source,Target,Type,Weight
0,1,Undirected,0.7413717494203703
0,2,Undirected,0.3040016223841466
0,3,Undirected,0.3427052139873076
0,4,Undirected,0.3068382290382094
0,5,Undirected,0.32641262647475244
0,6,Undirected,0.34326377303348626
0,7,Undirected,0.24558146419413604
0,11,Undirected,0.31221643233645946
0,12,Undirected,0.3857789060272436
0,13,Undirected,0.19821554666617014
1,2,Undirected,0.7548730235062733
1,3,Undirected,0.291979831322515
1,11,Undirected,0.21707463803849136
1,12,Undirected,0.17516759575886257
2,3,Undirected,0.7553028537717926
2,4,Undirected,0.3258972908973399
2,5,Undirected,0.1786326690105004
2,6,Undirected,0.20289215984576284
2,11,Undirected,0.30748300297190034
2,12,Undirected,0.38412427067240595
2,13,Undirected,0.31868603282273816
3,4,Undirected,0.7308623646667425
3,5,Undirected,0.29227114524983366
3,6,Undirected,0.1773760515028211
3,11,Undirected,0.16717760954939853
3,12,Undirected,0.19524008087957986
4,5,Undirected,0.7502674221506394
4,6,Undirected,0.32066166805069723
4,7,Undirected,0.19239720087408235
4,11,Undirected,0.20003771539338425
4,12,Undirected,0.3844871328065673
4,13,Undirected,0.30302187870351294
5,6,Undirected,0.7404155877077325
5,7,Undirected,0.21846091119619046
5,12,Undirected,0.18184264961521868
6,7,Undirected,0.7441810290528933
6,8,Undirected,0.2545320133339863
6,11,Undirected,0.2996026017392835
6,12,Undirected,0.3924254833903029
6,13,Undirected,0.21799345796762912
7,8,Undirected,0.7573598658519288
7,9,Undirected,0.2282355816881048
7,11,Undirected,0.26042550094901884
7,12,Undirected,0.21512819100357464
8,9,Undirected,0.7549593037310178
8,10,Undirected,0.2878380822945881
8,11,Undirected,0.3755764757164963
8,12,Undirected,0.2071684983664313
8,13,Undirected,0.19519319700956284
9,10,Undirected,0.7397492019259599
9,11,Undirected,0.27691484554764556
10,11,Undirected,0.7358116318405106
11,12,Undirected,0.3875641042226087
11,13,Undirected,0.258684419248081
12,13,Undirected,0.375462770873756
