Source,Target,Type,Weight
0,1,Undirected,0.7587305805324459
0,2,Undirected,0.31819674270264037
0,3,Undirected,0.31602568860012803
0,4,Undirected,0.33513856104137596
0,5,Undirected,0.33656861947376165
0,6,Undirected,0.3054437209757557
0,7,Undirected,0.240641894702418
0,11,Undirected,0.31589604113189534
0,12,Undirected,0.3940164197306566
0,13,Undirected,0.19213771198436477
1,2,Undirected,0.7725064368568265
1,3,Undirected,0.3054382714233324
1,6,Undirected,0.18037560992769758
1,10,Undirected,0.21696073388451367
1,11,Undirected,0.34965896133305613
1,12,Undirected,0.21702126426575966
2,3,Undirected,0.7546144368832545
2,4,Undirected,0.33271633759963115
2,6,Undirected,0.19747032204161794
2,11,Undirected,0.31927824292466295
2,12,Undirected,0.39908291797718254
2,13,Undirected,0.21122846182334865
3,4,Undirected,0.7282029993920797
3,5,Undirected,0.24892824394861554
3,11,Undirected,0.20766299125521942
3,12,Undirected,0.2201017348364097
4,5,Undirected,0.7583404396229654
4,6,Undirected,0.3112213968271965
4,7,Undirected,0.1905590079946295
4,11,Undirected,0.20055869287671363
4,12,Undirected,0.37501095267336426
4,13,Undirected,0.28947847544656446
5,6,Undirected,0.7602414216897978
5,7,Undirected,0.21218265082821625
5,12,Undirected,0.18332293092626878
6,7,Undirected,0.7630681411941241
6,8,Undirected,0.24788573638594844
6,11,Undirected,0.31157646263180866
6,12,Undirected,0.36905014661948965
6,13,Undirected,0.2899674456666732
7,8,Undirected,0.7376089274810986
7,9,Undirected,0.2307888786971553
7,11,Undirected,0.2815818030509601
7,12,Undirected,0.21221878747965497
7,13,Undirected,0.2362030315818971
8,9,Undirected,0.7574671657087647
8,10,Undirected,0.3272013402268946
8,11,Undirected,0.34471101314598324
8,12,Undirected,0.21072353317861298
8,13,Undirected,0.2881332598740659
9,10,Undirected,0.773590280470705
9,11,Undirected,0.31179151832430374
10,11,Undirected,0.7438734428495559
11,12,Undirected,0.4009602464397999
11,13,Undirected,0.3105304236308222
12,13,Undirected,0.3575308056015578
