Source,Target,Type,Weight
0,1,Undirected,0.753391272359406
0,2,Undirected,0.3031050259394726
0,3,Undirected,0.17785450418869156
0,5,Undirected,0.2411624174981299
0,6,Undirected,0.2073469453937957
1,2,Undirected,0.7400902759997862
1,3,Undirected,0.262231536164666
2,3,Undirected,0.749614876185341
2,4,Undirected,0.3576404331893553
2,5,Undirected,0.3322460996786461
2,6,Undirected,0.28414345155752707
2,7,Undirected,0.1737607045241456
2,12,Undirected,0.37224103211744003
2,13,Undirected,0.1940218583966981
3,4,Undirected,0.7670324314711042
3,5,Undirected,0.3074010414819145
3,6,Undirected,0.18702532497865462
3,12,Undirected,0.19558358209289295
4,5,Undirected,0.7528156297176571
4,6,Undirected,0.31255166900479703
4,7,Undirected,0.2659244990200372
4,8,Undirected,0.23853247531561178
4,10,Undirected,0.18543946764249508
4,11,Undirected,0.17955743370833888
4,12,Undirected,0.3873386563758165
4,13,Undirected,0.2656974375295198
5,6,Undirected,0.7414752219115681
5,7,Undirected,0.21598896671961462
5,8,Undirected,0.16781050134334694
6,7,Undirected,0.7580557694499099
6,8,Undirected,0.2657843485529997
6,12,Undirected,0.22261500490471187
7,8,Undirected,0.7370897171223425
7,9,Undirected,0.285308267388071
7,10,Undirected,0.266942848267228
7,11,Undirected,0.16753783488261978
7,12,Undirected,0.18089783170371757
8,9,Undirected,0.7549588281166681
8,10,Undirected,0.3143925901673161
9,10,Undirected,0.7285114891604427
9,11,Undirected,0.21960601327111648
10,11,Undirected,0.7427813622851852
11,12,Undirected,0.20098946352928593
11,13,Undirected,0.29846498784095943
12,13,Undirected,0.38164037051191063
