Source,Target,Type,Weight
0,1,Undirected,0.7382166267634996
0,2,Undirected,0.30619441001365655
0,3,Undirected,0.32533126079608077
0,4,Undirected,0.32139691626914496
0,5,Undirected,0.3455410435357573
0,6,Undirected,0.30766745773675125
0,7,Undirected,0.26672374675315674
0,11,Undirected,0.3176973053434571
0,12,Undirected,0.4049982860756927
0,13,Undirected,0.20107140182822691
1,2,Undirected,0.7432536983671931
1,3,Undirected,0.2409184242940292
1,6,Undirected,0.18418112131913658
1,7,Undirected,0.17524350563888882
1,11,Undirected,0.34774877179542346
1,12,Undirected,0.2374041169705038
2,3,Undirected,0.7530495262945422
2,4,Undirected,0.3526617304329387
2,5,Undirected,0.1750892226576918
2,6,Undirected,0.2038849071938837
2,11,Undirected,0.29387191840453547
2,12,Undirected,0.3915227741177211
2,13,Undirected,0.33706819181245645
3,4,Undirected,0.763892956375658
3,5,Undirected,0.2846855243694934
3,12,Undirected,0.18687719912322895
4,5,Undirected,0.738980296960807
4,6,Undirected,0.3498952309082752
4,7,Undirected,0.19592282115887844
4,11,Undirected,0.19956170025283596
4,12,Undirected,0.3717456883639093
4,13,Undirected,0.24974720436188735
5,6,Undirected,0.7536088040426726
5,7,Undirected,0.20432508385538653
5,12,Undirected,0.17692301462390092
6,7,Undirected,0.7272201450000303
6,8,Undirected,0.22545602082516514
6,11,Undirected,0.27658412892766004
6,12,Undirected,0.35963777823069837
6,13,Undirected,0.19926148423558734
7,8,Undirected,0.7572707801508329
7,9,Undirected,0.22260723063346008
7,11,Undirected,0.27893815131144967
7,12,Undirected,0.22606864399690577
7,13,Undirected,0.17128387685410343
8,9,Undirected,0.7361296392857638
8,10,Undirected,0.3143322493878497
8,11,Undirected,0.33906086946399366
8,12,Undirected,0.21465701227079706
8,13,Undirected,0.2351234908677345
9,10,Undirected,0.7364726203136349
9,11,Undirected,0.283108025422797
10,11,Undirected,0.7462904809666128
11,12,Undirected,0.39162626660065963
11,13,Undirected,0.29792870033088004
12,13,Undirected,0.36625884537452275
