Source,Target,Type,Weight
0,1,Undirected,0.7367664795197628
0,2,Undirected,0.254624307634776
0,3,Undirected,0.23771735335591315
0,8,Undirected,0.24179654842861506
0,11,Undirected,0.19813015347880278
0,12,Undirected,0.3917890552870128
0,13,Undirected,0.2606800696066024
1,2,Undirected,0.7513071465464901
1,3,Undirected,0.2725211276281049
1,7,Undirected,0.23445369930949056
1,8,Undirected,0.26002826377998767
2,3,Undirected,0.7485023453693567
2,4,Undirected,0.30193162485821434
2,5,Undirected,0.32764895014245915
2,6,Undirected,0.21455967861555708
2,7,Undirected,0.2314982858557072
2,8,Undirected,0.197085785214807
3,4,Undirected,0.7515184939614562
3,5,Undirected,0.2921858353920353
3,6,Undirected,0.17294049356789631
4,5,Undirected,0.7453971640173427
4,6,Undirected,0.34624240709691007
4,7,Undirected,0.23327125823648143
4,8,Undirected,0.2032141950088901
5,6,Undirected,0.717994779423049
5,7,Undirected,0.31692382811097997
5,8,Undirected,0.18113255523667482
6,7,Undirected,0.7418611884465882
6,8,Undirected,0.2697847943612504
7,8,Undirected,0.7665380149438493
7,9,Undirected,0.24857633099006574
8,9,Undirected,0.7699823379514851
8,10,Undirected,0.2105300354492026
9,10,Undirected,0.7520285054445052
9,11,Undirected,0.24426735471222452
10,11,Undirected,0.7288404405185757
11,12,Undirected,0.22019472959012626
11,13,Undirected,0.3639347220968895
12,13,Undirected,0.3686322817616006
