Source,Target,Type,Weight
0,1,Undirected,0.7365298472276683
0,2,Undirected,0.34410414458743066
0,3,Undirected,0.20258145608899106
0,4,Undirected,0.2798528617084613
0,5,Undirected,0.19546988271631807
0,11,Undirected,0.2415707758559619
0,12,Undirected,0.37640474092011816
0,13,Undirected,0.21803209985874167
1,2,Undirected,0.745811427229177
1,3,Undirected,0.2787549370075454
1,4,Undirected,0.23690173515401958
1,5,Undirected,0.2501817175394258
1,7,Undirected,0.19444500590710226
1,11,Undirected,0.27984315240945573
1,12,Undirected,0.22533392830645513
2,3,Undirected,0.7528148865623039
2,4,Undirected,0.24638531823814722
2,5,Undirected,0.1823288584710699
2,11,Undirected,0.16753203967817007
2,12,Undirected,0.20261901603472698
3,4,Undirected,0.7767585643971645
3,5,Undirected,0.25686569886229116
3,6,Undirected,0.19121679193938768
3,12,Undirected,0.18015649198451916
3,13,Undirected,0.1672724302691224
4,5,Undirected,0.7516240102273668
4,6,Undirected,0.22201507962797754
4,11,Undirected,0.29593352321847916
4,12,Undirected,0.3781971869542789
4,13,Undirected,0.3785353350751556
5,6,Undirected,0.7474123569278625
5,7,Undirected,0.3033449566155579
5,8,Undirected,0.17660563476829116
5,9,Undirected,0.19297827168782372
5,11,Undirected,0.3281616798156544
5,12,Undirected,0.25518612696055926
5,13,Undirected,0.29802842973778454
6,7,Undirected,0.7333734613758848
6,8,Undirected,0.31609499496010474
6,9,Undirected,0.21703161798332113
6,11,Undirected,0.18136484580738133
7,8,Undirected,0.756253287182508
7,9,Undirected,0.24914581375080666
7,11,Undirected,0.26582123809721786
8,9,Undirected,0.7761975203637611
8,10,Undirected,0.2177058764907152
8,11,Undirected,0.1690403139585421
9,10,Undirected,0.7474753595160046
9,11,Undirected,0.3308230255067046
10,11,Undirected,0.7584035153812849
11,12,Undirected,0.39591723192168016
11,13,Undirected,0.3178645175308067
12,13,Undirected,0.4061927017091106
