Source,Target,Type,Weight
0,1,Undirected,0.7493215906440563
0,2,Undirected,0.3109898317254703
0,6,Undirected,0.22735671710721742
1,2,Undirected,0.7859157025031868
1,3,Undirected,0.3015662477351816
2,3,Undirected,0.7582296710788976
2,4,Undirected,0.3386524177053125
2,5,Undirected,0.33397599544347706
2,6,Undirected,0.2099038826000692
2,11,Undirected,0.23104479322053317
2,12,Undirected,0.36689143626011994
2,13,Undirected,0.30028659039052324
3,4,Undirected,0.7636929470402579
3,5,Undirected,0.3149250436613352
3,6,Undirected,0.17011670847621926
3,11,Undirected,0.1668265603636094
3,12,Undirected,0.1960127338289532
4,5,Undirected,0.7565780223159909
4,6,Undirected,0.30602209882673764
4,7,Undirected,0.2399053443536129
4,8,Undirected,0.21914544486906096
4,10,Undirected,0.23385437336755663
4,11,Undirected,0.3654648067825491
4,12,Undirected,0.3496761311648982
4,13,Undirected,0.1944988544226409
5,6,Undirected,0.7557111832193828
5,7,Undirected,0.22389168570106274
5,8,Undirected,0.1818440056264371
6,7,Undirected,0.7351343696329135
6,8,Undirected,0.2504071806845818
7,8,Undirected,0.7412904464678718
7,9,Undirected,0.33033186810711584
7,10,Undirected,0.34950107213390935
7,11,Undirected,0.19234680302335885
8,9,Undirected,0.7372506971646733
8,10,Undirected,0.317652769191399
9,10,Undirected,0.7441989865858718
9,11,Undirected,0.21367328391117052
10,11,Undirected,0.747789531937115
11,12,Undirected,0.401373451309819
11,13,Undirected,0.21064587560760953
12,13,Undirected,0.38144066444803243
