Source,Target,Type,Weight
0,1,Undirected,0.7550447881563409
0,2,Undirected,0.3596401218503438
0,3,Undirected,0.2046206372226845
0,4,Undirected,0.20648214388743924
0,12,Undirected,0.38272308451353115
0,13,Undirected,0.34933875732535846
1,2,Undirected,0.7320745495990812
1,3,Undirected,0.2062992150770679
1,12,Undirected,0.17588990107014998
1,13,Undirected,0.17362559266033414
2,3,Undirected,0.7157296731038421
2,4,Undirected,0.24251639064165048
2,12,Undirected,0.40010031354182257
2,13,Undirected,0.28991094559137826
3,4,Undirected,0.7786892253578457
3,5,Undirected,0.2615428111557072
3,12,Undirected,0.3697878264690529
3,13,Undirected,0.21561676009382402
4,5,Undirected,0.7567510417202299
4,6,Undirected,0.2090069798487824
4,7,Undirected,0.16995533829358406
4,12,Undirected,0.39419853986060255
4,13,Undirected,0.3233148454429632
5,6,Undirected,0.7331362480582649
5,7,Undirected,0.25030457782484855
5,11,Undirected,0.18026120422260275
6,7,Undirected,0.7558432140867142
6,8,Undirected,0.2903578148011387
6,9,Undirected,0.21093073052077205
6,10,Undirected,0.1700807131420771
6,11,Undirected,0.18202352437966332
7,8,Undirected,0.7641392173861319
7,9,Undirected,0.22577702253881587
7,10,Undirected,0.23442746499324937
7,11,Undirected,0.21235978004888276
8,9,Undirected,0.7438285899076658
8,10,Undirected,0.2359290396685308
9,10,Undirected,0.7416360908355258
9,11,Undirected,0.2206880759625491
10,11,Undirected,0.7418791654163619
12,13,Undirected,0.37060091312839427
