Source,Target,Type,Weight
0,1,Undirected,0.7109021158398325
0,2,Undirected,0.3167830587575633
0,3,Undirected,0.22912574814186148
0,4,Undirected,0.1841714649940625
1,2,Undirected,0.748063140228487
1,3,Undirected,0.24667837588471955
2,3,Undirected,0.7503131892242514
2,4,Undirected,0.25612826736045485
2,6,Undirected,0.2216265405864741
2,7,Undirected,0.35595817989725487
2,8,Undirected,0.21363767313380594
2,10,Undirected,0.1922813746397507
2,11,Undirected,0.34296888294038275
2,12,Undirected,0.38941235398675406
2,13,Undirected,0.21376273322479145
3,4,Undirected,0.7439311000168055
3,5,Undirected,0.2078748424448671
3,6,Undirected,0.3144200704507785
3,7,Undirected,0.27850298695048453
3,8,Undirected,0.1735135857413114
3,11,Undirected,0.19162110855512987
3,12,Undirected,0.3718834959444673
3,13,Undirected,0.21001362936733098
4,5,Undirected,0.7733352533176194
4,6,Undirected,0.2954521072259854
4,7,Undirected,0.27025638732446366
4,11,Undirected,0.20546310005180782
4,12,Undirected,0.3657071111101423
4,13,Undirected,0.35479066330387166
5,6,Undirected,0.7818949081899327
5,7,Undirected,0.29111960761531464
5,12,Undirected,0.1745322840517184
6,7,Undirected,0.7382132486121664
6,8,Undirected,0.2621343993276246
6,9,Undirected,0.2671257448838523
6,10,Undirected,0.20159214530116232
6,11,Undirected,0.2034258228084833
6,12,Undirected,0.37688586523452033
6,13,Undirected,0.2407764448840436
7,8,Undirected,0.7373297553575149
7,9,Undirected,0.2578536377843162
7,10,Undirected,0.19978557711745454
7,11,Undirected,0.2287107732742967
7,12,Undirected,0.33189459462496335
7,13,Undirected,0.1869926898023255
8,9,Undirected,0.7729241125169894
8,10,Undirected,0.3449139771726916
8,11,Undirected,0.19281573034307037
8,12,Undirected,0.20426671227675713
9,10,Undirected,0.7429225987086412
9,11,Undirected,0.22639686837126008
10,11,Undirected,0.752306641925213
10,12,Undirected,0.20804051545866087
10,13,Undirected,0.21105646382762455
11,12,Undirected,0.3688427338323342
11,13,Undirected,0.3453927380058218
12,13,Undirected,0.38556339792231875
