Source,Target,Type,Weight
0,1,Undirected,0.7372089716434157
0,2,Undirected,0.3135520782420946
0,3,Undirected,0.26194892990626045
0,4,Undirected,0.19225329465444402
0,8,Undirected,0.19213901464108615
0,12,Undirected,0.20935172353759404
0,13,Undirected,0.3808400319032558
1,2,Undirected,0.7617399611166654
1,3,Undirected,0.2069771816547618
2,3,Undirected,0.7405778277816976
2,4,Undirected,0.20656347515247112
2,5,Undirected,0.19933332256105268
2,7,Undirected,0.17983952136826603
3,4,Undirected,0.7436431012953238
3,5,Undirected,0.3572385299737516
3,6,Undirected,0.17678055780718305
4,5,Undirected,0.7614313763417689
4,6,Undirected,0.3456754023459884
4,7,Undirected,0.2339913327947943
4,8,Undirected,0.21510945682695826
4,9,Undirected,0.20613210862188017
5,6,Undirected,0.7678465853395319
5,7,Undirected,0.2871251829828296
5,8,Undirected,0.17197722323904027
6,7,Undirected,0.7360903658300519
6,8,Undirected,0.2545551385701617
7,8,Undirected,0.7319381736813656
7,9,Undirected,0.20779739627034177
8,9,Undirected,0.7321738453430642
8,10,Undirected,0.2131300116730276
8,11,Undirected,0.20759172350113456
8,12,Undirected,0.236188772892855
8,13,Undirected,0.18282293369701155
9,10,Undirected,0.7155648295862734
9,11,Undirected,0.3157323903500386
9,12,Undirected,0.20740661914429065
9,13,Undirected,0.17728364002786287
10,11,Undirected,0.7322516266496181
11,12,Undirected,0.3873953247156282
11,13,Undirected,0.28153232158192243
12,13,Undirected,0.3859853840487871
