Source,Target,Type,Weight
0,1,Undirected,0.7416138639560764
0,2,Undirected,0.3419486628281621
0,3,Undirected,0.21350134749595426
0,4,Undirected,0.3264921298058548
0,5,Undirected,0.20501229984644254
0,11,Undirected,0.2653818577003374
0,12,Undirected,0.39463771938135755
0,13,Undirected,0.2989338868744822
1,2,Undirected,0.7496406668279987
1,3,Undirected,0.27529317188521857
1,4,Undirected,0.2552018711013651
1,5,Undirected,0.2899623138532279
1,6,Undirected,0.18508823002725464
1,7,Undirected,0.28808261671050667
1,11,Undirected,0.3032298652684113
1,12,Undirected,0.22240559662154646
1,13,Undirected,0.172879661394755
2,3,Undirected,0.7775331813354397
2,4,Undirected,0.2493330200945233
2,5,Undirected,0.1829951614943958
2,11,Undirected,0.17199149667437497
2,12,Undirected,0.22341408007530544
2,13,Undirected,0.36982806181377026
3,4,Undirected,0.7379105099411896
3,5,Undirected,0.3142139676489449
3,6,Undirected,0.21097934604563626
3,11,Undirected,0.169798961912894
3,12,Undirected,0.17035530519211348
3,13,Undirected,0.1797625215193658
4,5,Undirected,0.742127848708899
4,6,Undirected,0.22453844206027193
4,11,Undirected,0.3264748995271205
4,12,Undirected,0.3604096445298611
4,13,Undirected,0.3725871423402693
5,6,Undirected,0.7311557140715483
5,7,Undirected,0.2669581055724325
5,9,Undirected,0.18780902397700533
5,11,Undirected,0.320854227380269
5,12,Undirected,0.23183648056827105
5,13,Undirected,0.18932398451790522
6,7,Undirected,0.723839765847732
6,8,Undirected,0.34507558368175706
6,9,Undirected,0.22794528361913918
6,11,Undirected,0.16736047999688447
7,8,Undirected,0.7345615769827434
7,9,Undirected,0.2474012949817158
7,11,Undirected,0.2556525191681302
8,9,Undirected,0.7530083591514135
8,10,Undirected,0.20671652869149543
9,10,Undirected,0.7351334032833754
9,11,Undirected,0.3462756517667199
10,11,Undirected,0.7641399830677104
11,12,Undirected,0.39643244223153173
11,13,Undirected,0.20289555573873203
12,13,Undirected,0.36723711834492256
