Source,Target,Type,Weight
0,1,Undirected,0.7377904443537177
0,2,Undirected,0.34247793651503905
0,3,Undirected,0.3554561487973631
0,4,Undirected,0.23868928674635223
0,5,Undirected,0.2570923285629838
0,6,Undirected,0.21432045361105834
0,11,Undirected,0.20746798972252153
0,12,Undirected,0.3728387542150215
0,13,Undirected,0.1954595529641152
1,2,Undirected,0.7353335562783493
1,3,Undirected,0.24933553981868664
1,12,Undirected,0.20734081591249645
2,3,Undirected,0.7401504175220469
2,4,Undirected,0.23848945337789515
2,5,Undirected,0.1732054343416457
2,6,Undirected,0.17765695006388663
2,9,Undirected,0.17035750550352144
2,11,Undirected,0.2947674419013244
2,12,Undirected,0.3936125646588938
2,13,Undirected,0.3030389336345874
3,4,Undirected,0.7448382975409775
3,5,Undirected,0.28010234146982566
3,6,Undirected,0.18379802438017578
3,12,Undirected,0.18747636042592042
4,5,Undirected,0.733452139071612
4,6,Undirected,0.1972985139710057
5,6,Undirected,0.7562961736152728
5,7,Undirected,0.20711567050788846
6,7,Undirected,0.7540145578620185
6,8,Undirected,0.2602665509679334
6,11,Undirected,0.16779202657594658
6,12,Undirected,0.21244824038847757
6,13,Undirected,0.24258478313601564
7,8,Undirected,0.7349170049904677
7,9,Undirected,0.2128677068785594
7,11,Undirected,0.18689775072338535
7,12,Undirected,0.17919101420060624
7,13,Undirected,0.2044763921473496
8,9,Undirected,0.7339862082192797
8,10,Undirected,0.28933040731167864
8,11,Undirected,0.293223306361401
8,12,Undirected,0.2062267304949663
8,13,Undirected,0.32900942942965083
9,10,Undirected,0.7691404488216216
9,11,Undirected,0.29415454056762663
9,13,Undirected,0.28741541338119864
10,11,Undirected,0.7474964071446495
10,13,Undirected,0.17344441683024975
11,12,Undirected,0.3928431304874283
11,13,Undirected,0.3534561188308512
12,13,Undirected,0.3729215619817575
