Source,Target,Type,Weight
0,1,Undirected,0.7394249316403246
0,2,Undirected,0.3342146803158315
0,3,Undirected,0.3497181154444721
0,4,Undirected,0.227389503975504
0,5,Undirected,0.17078925465706993
0,6,Undirected,0.204449401222123
0,7,Undirected,0.1750226920461499
0,11,Undirected,0.3039221007161361
0,12,Undirected,0.37256658989662694
0,13,Undirected,0.32782462700536713
1,2,Undirected,0.755649575522908
1,3,Undirected,0.24920775028650277
1,10,Undirected,0.18593561526086508
1,11,Undirected,0.36396346050883505
1,12,Undirected,0.22067470003253584
1,13,Undirected,0.2080035182479855
2,3,Undirected,0.7500791782274628
2,4,Undirected,0.3011488347160237
2,5,Undirected,0.16716281809547837
2,6,Undirected,0.20157552002858956
2,8,Undirected,0.17207417968329486
2,11,Undirected,0.32756402186350897
2,12,Undirected,0.39037175141916
2,13,Undirected,0.20303801076284866
3,4,Undirected,0.7538423131540263
3,5,Undirected,0.30701734866327574
3,6,Undirected,0.17658225854989404
3,11,Undirected,0.18794262904704936
3,12,Undirected,0.23770544388755907
3,13,Undirected,0.18272210235250944
4,5,Undirected,0.7477248101497801
4,6,Undirected,0.3309772574974251
4,7,Undirected,0.1953848905849383
4,11,Undirected,0.19653591431167888
4,12,Undirected,0.37688430741969775
4,13,Undirected,0.21663345435485873
5,6,Undirected,0.7454400865742624
5,7,Undirected,0.20841746779502748
5,12,Undirected,0.19575924907079437
5,13,Undirected,0.1705149544273475
6,7,Undirected,0.7547673401256271
6,8,Undirected,0.2555774797597185
6,11,Undirected,0.27161775570109864
6,12,Undirected,0.3768194324831463
6,13,Undirected,0.32518143793586
7,8,Undirected,0.7407407930685533
7,9,Undirected,0.22160817969736454
7,11,Undirected,0.2840162128052234
7,12,Undirected,0.22699494012238222
7,13,Undirected,0.2674360581481427
8,9,Undirected,0.7427611054792193
8,10,Undirected,0.3539399675586984
8,11,Undirected,0.3615462645685516
8,12,Undirected,0.2170997615491911
8,13,Undirected,0.20195900481199625
9,10,Undirected,0.7543582659686331
9,11,Undirected,0.33062400008071874
10,11,Undirected,0.7389183276956871
11,12,Undirected,0.36719824843196963
11,13,Undirected,0.3144902305899586
12,13,Undirected,0.38057985677115824
