Source,Target,Type,Weight
0,1,Undirected,0.7560781101508297
0,2,Undirected,0.337587398938375
0,3,Undirected,0.3461282004222557
0,4,Undirected,0.3357878602192598
0,5,Undirected,0.3501947305608003
0,6,Undirected,0.3013559243365495
0,7,Undirected,0.24955370370590735
0,11,Undirected,0.30570078246148114
0,12,Undirected,0.37123753160689416
0,13,Undirected,0.20066264585858778
1,2,Undirected,0.7400902759997862
1,3,Undirected,0.2671596383529611
1,4,Undirected,0.168872288656792
1,6,Undirected,0.1844524292787905
1,10,Undirected,0.1788629049955424
1,11,Undirected,0.33248658715206086
1,12,Undirected,0.21529608354812618
2,3,Undirected,0.7637149874394014
2,4,Undirected,0.2993016017183833
2,5,Undirected,0.16753903947890747
2,6,Undirected,0.1967431748575756
2,10,Undirected,0.19424151315490282
2,11,Undirected,0.2832805918500799
2,12,Undirected,0.3871182583636034
2,13,Undirected,0.3823254128250032
3,4,Undirected,0.7605493183386266
3,5,Undirected,0.28842370814076396
3,6,Undirected,0.1726843813563132
3,11,Undirected,0.18507511369336557
3,12,Undirected,0.2055997509060635
4,5,Undirected,0.7021712914285982
4,6,Undirected,0.32928730794634214
4,7,Undirected,0.19903188493165455
4,11,Undirected,0.20538560973118372
4,12,Undirected,0.38923954101274943
4,13,Undirected,0.28529767130580747
5,6,Undirected,0.7546151835957758
5,7,Undirected,0.2160425238118883
5,12,Undirected,0.18398815472378818
6,7,Undirected,0.7617394077496736
6,8,Undirected,0.24780296117845932
6,11,Undirected,0.3188758623526209
6,12,Undirected,0.37001641045872535
6,13,Undirected,0.20007252461109606
7,8,Undirected,0.7327245498652009
7,9,Undirected,0.22390093640820172
7,11,Undirected,0.282769165239496
7,12,Undirected,0.21812884395619392
7,13,Undirected,0.16971036093652614
8,9,Undirected,0.7562772184394574
8,10,Undirected,0.3091182690395756
8,11,Undirected,0.3335636722841642
8,12,Undirected,0.22005187265575699
8,13,Undirected,0.2718912327202114
9,10,Undirected,0.744161025909706
9,11,Undirected,0.31125509305622706
10,11,Undirected,0.7396621237645086
10,13,Undirected,0.20642954352749035
11,12,Undirected,0.3861317849411049
11,13,Undirected,0.2771870448702503
12,13,Undirected,0.3776779514013952
