Source,Target,Type,Weight
0,1,Undirected,0.7653235397023866
0,2,Undirected,0.32102003803589774
0,3,Undirected,0.3153683402910096
0,4,Undirected,0.22559008723367752
0,5,Undirected,0.1969859298179764
0,6,Undirected,0.20307218097271207
0,11,Undirected,0.3192136801079068
0,12,Undirected,0.39148038395151297
0,13,Undirected,0.3370325749632196
1,2,Undirected,0.7454172999099931
1,3,Undirected,0.24296047839702659
1,10,Undirected,0.2492076910590476
1,11,Undirected,0.35222197411901973
1,12,Undirected,0.22199094401872507
1,13,Undirected,0.20734520286224398
2,3,Undirected,0.7407001104258965
2,4,Undirected,0.34755325822064637
2,5,Undirected,0.1988982763588453
2,6,Undirected,0.21271484087151787
2,11,Undirected,0.27478010668085234
2,12,Undirected,0.37615494020924145
2,13,Undirected,0.19728726622283227
3,4,Undirected,0.741188400800475
3,5,Undirected,0.2869680255677231
3,6,Undirected,0.16917448110880712
3,11,Undirected,0.18269539193205234
3,12,Undirected,0.22605356013941655
3,13,Undirected,0.17334252910653983
4,5,Undirected,0.7587537766475083
4,6,Undirected,0.355754686838548
4,7,Undirected,0.20015211221525606
4,11,Undirected,0.20587545800778834
4,12,Undirected,0.3729138697189923
4,13,Undirected,0.2114585062169538
5,6,Undirected,0.7473310553326108
5,7,Undirected,0.21231566347784298
5,12,Undirected,0.21090012124118146
5,13,Undirected,0.1802489644815807
6,7,Undirected,0.7475594239040912
6,8,Undirected,0.2542784214807377
6,11,Undirected,0.331067519065589
6,12,Undirected,0.3906458554631272
6,13,Undirected,0.29192132531862985
7,8,Undirected,0.7460825279300405
7,9,Undirected,0.2226423254956246
7,11,Undirected,0.2968862401502529
7,12,Undirected,0.2133088352788259
7,13,Undirected,0.2462829761275496
8,9,Undirected,0.7462479915125336
8,10,Undirected,0.3093826736131345
8,11,Undirected,0.3320847408699546
8,12,Undirected,0.19483368615153412
8,13,Undirected,0.17432214009180966
9,10,Undirected,0.7466441277420138
9,11,Undirected,0.3053582854756164
10,11,Undirected,0.755196710072926
11,12,Undirected,0.3811352627702636
11,13,Undirected,0.30619859007010225
12,13,Undirected,0.3772402638547725
