Source,Target,Type,Weight
0,1,Undirected,0.7664924883606756
0,2,Undirected,0.3252294721529848
0,3,Undirected,0.3422929402260618
0,4,Undirected,0.24308095353618903
0,5,Undirected,0.19531095823675207
0,6,Undirected,0.20754925745900926
0,8,Undirected,0.19709404623639684
0,11,Undirected,0.33793566087576843
0,12,Undirected,0.3718576801486188
0,13,Undirected,0.34970598561707
1,2,Undirected,0.7414746320561825
1,3,Undirected,0.23387369817513673
1,11,Undirected,0.3438169124839529
1,12,Undirected,0.20705317938855516
1,13,Undirected,0.1726115101062599
2,3,Undirected,0.7489012803962426
2,4,Undirected,0.35951419558143305
2,5,Undirected,0.20330524977152842
2,6,Undirected,0.20154857276087307
2,8,Undirected,0.33605706242356337
2,11,Undirected,0.3245863623091694
2,12,Undirected,0.38187685882888295
2,13,Undirected,0.250058620008975
3,4,Undirected,0.7408022833566473
3,5,Undirected,0.3336042113484818
3,6,Undirected,0.17714320563560068
3,11,Undirected,0.1800294430248111
3,12,Undirected,0.20991928352744538
3,13,Undirected,0.22976540209536994
4,5,Undirected,0.7427597243735921
4,6,Undirected,0.349487879882206
4,7,Undirected,0.19982820022344452
4,8,Undirected,0.3194510896727288
4,11,Undirected,0.20216342566689816
4,12,Undirected,0.37863026302153574
4,13,Undirected,0.31410247865358804
5,6,Undirected,0.735331751450286
5,7,Undirected,0.21129445703073915
5,12,Undirected,0.20198337730832594
5,13,Undirected,0.323263911903481
6,7,Undirected,0.7344598320390745
6,8,Undirected,0.31418271074633736
6,11,Undirected,0.3051874245408932
6,12,Undirected,0.36331693501576556
6,13,Undirected,0.34821023034587456
7,8,Undirected,0.7397263704624718
7,9,Undirected,0.22256855638827874
7,11,Undirected,0.2819542084161466
7,12,Undirected,0.2093347550162335
7,13,Undirected,0.21803001443343492
8,9,Undirected,0.7774147180963802
8,10,Undirected,0.30693170452273605
8,11,Undirected,0.3445325400294959
8,12,Undirected,0.40577340619956315
8,13,Undirected,0.21006081305572058
9,10,Undirected,0.7330190120235066
9,11,Undirected,0.3105081704221317
10,11,Undirected,0.7451292085467978
11,12,Undirected,0.38036852989603287
11,13,Undirected,0.24549812254958656
12,13,Undirected,0.3737280889497487
