Source,Target,Type,Weight
0,1,Undirected,0.7564905530755361
0,2,Undirected,0.3432069786579845
0,3,Undirected,0.3292657748402973
0,4,Undirected,0.3475362386328713
0,5,Undirected,0.3509134298908382
0,6,Undirected,0.25252712016343115
0,7,Undirected,0.1730170971732854
0,8,Undirected,0.2012167308844048
0,11,Undirected,0.3272332754488131
0,12,Undirected,0.3915447402194657
0,13,Undirected,0.19461180589078883
1,2,Undirected,0.741005797411261
1,3,Undirected,0.2541708510312868
1,8,Undirected,0.16888860827834046
1,11,Undirected,0.35722334763173574
1,12,Undirected,0.21691946416811209
2,3,Undirected,0.7431902860694258
2,4,Undirected,0.3156019622186971
2,5,Undirected,0.17905306152140016
2,6,Undirected,0.19819836848350772
2,8,Undirected,0.2488567303806057
2,11,Undirected,0.2846302524692294
2,12,Undirected,0.3915276715042749
2,13,Undirected,0.23645462384678942
3,4,Undirected,0.7450635567402759
3,5,Undirected,0.2776813106349398
3,11,Undirected,0.17799437707544266
3,12,Undirected,0.1925208014343734
4,5,Undirected,0.7671255125001852
4,6,Undirected,0.3265170127244437
4,7,Undirected,0.19308901900302025
4,8,Undirected,0.20945788099319984
4,11,Undirected,0.2028743185532482
4,12,Undirected,0.3791937013204459
4,13,Undirected,0.32682522437216355
5,6,Undirected,0.738958489364015
5,7,Undirected,0.22122705977318116
5,12,Undirected,0.1926433221684242
5,13,Undirected,0.1675968670847787
6,7,Undirected,0.7450652111295863
6,8,Undirected,0.25997610798106613
6,11,Undirected,0.29890180433384755
6,12,Undirected,0.361576497196649
6,13,Undirected,0.3470369913461337
7,8,Undirected,0.7625372980338454
7,9,Undirected,0.22031726328011295
7,11,Undirected,0.29431746033528144
7,12,Undirected,0.21803092113518818
7,13,Undirected,0.22583987336653524
8,9,Undirected,0.748417067204641
8,10,Undirected,0.2981556916739127
8,11,Undirected,0.3342838559215081
8,12,Undirected,0.3768327036173138
8,13,Undirected,0.36100766341169344
9,10,Undirected,0.7417796469285757
9,11,Undirected,0.30207455587311655
10,11,Undirected,0.7418615820935306
11,12,Undirected,0.3935126347429772
11,13,Undirected,0.22878889552065557
12,13,Undirected,0.3651843468292864
