Source,Target,Type,Weight
0,1,Undirected,0.7627370491853362
0,2,Undirected,0.27654920616877615
0,3,Undirected,0.22629936815580354
1,2,Undirected,0.7579901488301747
1,3,Undirected,0.24186367074233733
1,13,Undirected,0.1756674123963118
2,3,Undirected,0.7285486925418192
2,4,Undirected,0.24570268217117475
2,6,Undirected,0.21460756575500367
2,7,Undirected,0.3477255925974471
2,8,Undirected,0.37436076997769263
2,9,Undirected,0.17670457633366685
2,10,Undirected,0.1806933693786313
2,11,Undirected,0.33764156029326803
2,12,Undirected,0.3922618353437088
2,13,Undirected,0.31558712067488315
3,4,Undirected,0.7463923425767284
3,5,Undirected,0.22463012355475132
3,6,Undirected,0.3337917796401772
3,7,Undirected,0.2934661359097522
3,8,Undirected,0.1790109546422362
3,11,Undirected,0.19882422529351942
3,12,Undirected,0.38921385983451906
3,13,Undirected,0.29091863490117215
4,5,Undirected,0.7521758435989346
4,6,Undirected,0.286447181438366
4,7,Undirected,0.1996095474788343
4,11,Undirected,0.21164557697850556
4,12,Undirected,0.3634793983040764
4,13,Undirected,0.3777586020090005
5,6,Undirected,0.745498450634481
5,7,Undirected,0.28927601062532954
5,12,Undirected,0.1753702661822327
6,7,Undirected,0.7341441006065089
6,8,Undirected,0.24913720073478862
6,9,Undirected,0.31102453875452674
6,10,Undirected,0.1836890675175254
6,11,Undirected,0.2008191332960324
6,12,Undirected,0.3705604767143828
6,13,Undirected,0.1960515627785551
7,8,Undirected,0.7521974265737075
7,9,Undirected,0.2615658414033082
7,10,Undirected,0.19647382679571979
7,11,Undirected,0.24514672142654997
7,12,Undirected,0.37687259035570814
7,13,Undirected,0.19939855789289126
8,9,Undirected,0.7498261437595353
8,10,Undirected,0.3375490643993555
8,11,Undirected,0.2162997761557559
8,12,Undirected,0.22234905083345163
9,10,Undirected,0.7378335336691751
9,11,Undirected,0.22210297099706416
9,12,Undirected,0.1723906574159519
10,11,Undirected,0.7403980083430841
10,12,Undirected,0.21964642525954
11,12,Undirected,0.37967370342771445
11,13,Undirected,0.29844878363184707
12,13,Undirected,0.36927268238758604
