Source,Target,Type,Weight
0,1,Undirected,0.7414698477082879
0,2,Undirected,0.2866727801778978
1,2,Undirected,0.7505862299599815
1,3,Undirected,0.29188270672987227
2,3,Undirected,0.7648763038107738
2,4,Undirected,0.34670841414550463
2,5,Undirected,0.3384914704556456
2,6,Undirected,0.3437960861562351
2,7,Undirected,0.2060604905338427
2,8,Undirected,0.17701067270828308
2,12,Undirected,0.3879263574172451
2,13,Undirected,0.2787487308846826
3,4,Undirected,0.752922659408688
3,5,Undirected,0.26031966352801666
3,6,Undirected,0.17164651009907306
3,12,Undirected,0.20983045987160748
4,5,Undirected,0.7349161035974374
4,6,Undirected,0.3141206860965013
4,7,Undirected,0.3047617276078127
4,8,Undirected,0.3814428498791048
4,9,Undirected,0.21185775989739433
4,10,Undirected,0.2886260140402181
4,12,Undirected,0.35879224945152133
4,13,Undirected,0.19676787389754175
5,6,Undirected,0.7610597887622443
5,7,Undirected,0.22226993972967915
5,8,Undirected,0.2531872784847339
5,12,Undirected,0.18264188316696012
6,7,Undirected,0.7607018770781081
6,8,Undirected,0.29256134728616356
6,12,Undirected,0.36044730726533136
6,13,Undirected,0.28929185259655105
7,8,Undirected,0.7632481004342775
7,9,Undirected,0.3378845081031222
7,10,Undirected,0.3160493827160494
7,11,Undirected,0.17153420706105332
7,12,Undirected,0.20848534495013912
7,13,Undirected,0.20846464146233162
8,9,Undirected,0.7550420017927798
8,10,Undirected,0.3179322228848067
8,12,Undirected,0.1760132111966839
9,10,Undirected,0.7692081553995956
9,11,Undirected,0.24542178768563433
10,11,Undirected,0.7697552524555505
12,13,Undirected,0.3805835172823116
