Source,Target,Type,Weight
0,1,Undirected,0.7421055923440919
0,2,Undirected,0.33420168478348344
0,3,Undirected,0.3411815675091142
0,4,Undirected,0.3371961766300754
0,5,Undirected,0.3396138722778407
0,6,Undirected,0.3038135470449501
0,7,Undirected,0.2869346714073358
0,11,Undirected,0.2938904917551264
0,12,Undirected,0.3908612927848638
0,13,Undirected,0.19318921498273214
1,2,Undirected,0.7545084187070706
1,3,Undirected,0.2540814708857611
1,6,Undirected,0.17881757878765012
1,7,Undirected,0.1815042958528885
1,11,Undirected,0.36070096127492784
1,12,Undirected,0.22942854989238864
2,3,Undirected,0.7330158093793707
2,4,Undirected,0.33241272618911755
2,5,Undirected,0.19529233385547198
2,6,Undirected,0.21069209496752644
2,11,Undirected,0.28597009926820416
2,12,Undirected,0.39126382582204455
2,13,Undirected,0.21336506548316816
3,4,Undirected,0.7254559953493926
3,5,Undirected,0.3118896368459372
3,6,Undirected,0.1786656475142228
3,11,Undirected,0.17306384313844583
3,12,Undirected,0.20094514987869427
4,5,Undirected,0.7731312671235749
4,6,Undirected,0.3250236427100637
4,7,Undirected,0.19483678144047062
4,11,Undirected,0.1990491701238315
4,12,Undirected,0.38209975105190525
4,13,Undirected,0.2948302030455425
5,6,Undirected,0.7601977422096027
5,7,Undirected,0.21143168700780415
5,12,Undirected,0.1938574833871926
6,7,Undirected,0.729829968380677
6,8,Undirected,0.22877232345691054
6,11,Undirected,0.2837509618352175
6,12,Undirected,0.38436014996473744
6,13,Undirected,0.30862907468098316
7,8,Undirected,0.7311544395150396
7,9,Undirected,0.21492165561511048
7,11,Undirected,0.2884061762856403
7,12,Undirected,0.21627356612871357
7,13,Undirected,0.23300353001983443
8,9,Undirected,0.725456559993884
8,10,Undirected,0.30143309044119593
8,11,Undirected,0.3277633748084669
8,12,Undirected,0.1883072290368276
8,13,Undirected,0.24510531986088097
9,10,Undirected,0.730177716796709
9,11,Undirected,0.30721377811792977
10,11,Undirected,0.7622489840142858
11,12,Undirected,0.37948041008780165
11,13,Undirected,0.3459562183473828
12,13,Undirected,0.3604097993769676
