Source,Target,Type,Weight
0,1,Undirected,0.736790422910589
0,2,Undirected,0.35381650840135204
0,3,Undirected,0.33835769657548587
0,4,Undirected,0.2974849097992399
0,5,Undirected,0.195416496765099
0,6,Undirected,0.3417750430875059
0,7,Undirected,0.3110919455573668
0,8,Undirected,0.23349529480402068
0,12,Undirected,0.3679800866489059
0,13,Undirected,0.1992771997700829
1,2,Undirected,0.7626046789515182
1,3,Undirected,0.2563016519014658
1,7,Undirected,0.19478084609936205
1,8,Undirected,0.19948798940098297
1,12,Undirected,0.20625449704498167
2,3,Undirected,0.7459577984599773
2,4,Undirected,0.33764917090757046
2,5,Undirected,0.19908894691194318
2,6,Undirected,0.20790511569125722
2,7,Undirected,0.19106735132516148
2,12,Undirected,0.3947448715591029
2,13,Undirected,0.27459005151300003
3,4,Undirected,0.7652991023349145
3,5,Undirected,0.21445344156465015
3,12,Undirected,0.21000622662886229
4,5,Undirected,0.753906268957508
4,6,Undirected,0.3364676950248105
4,7,Undirected,0.1947720000018575
4,12,Undirected,0.34465203965561286
4,13,Undirected,0.1971094032040692
5,6,Undirected,0.7297316881981936
5,7,Undirected,0.23707532875849924
5,12,Undirected,0.21072308853245073
5,13,Undirected,0.17228619616857357
6,7,Undirected,0.7346192792758237
6,8,Undirected,0.21728299281329275
6,12,Undirected,0.36845996916369955
6,13,Undirected,0.25853834346875243
7,8,Undirected,0.7272775823743858
7,9,Undirected,0.2597674846953292
7,12,Undirected,0.33995373754636843
7,13,Undirected,0.3374550444545085
8,9,Undirected,0.7448205075386745
8,10,Undirected,0.2470861383294606
8,11,Undirected,0.17108295739143914
8,12,Undirected,0.19269635433344712
8,13,Undirected,0.21772151688470462
9,10,Undirected,0.7666499632924846
9,11,Undirected,0.2779611904438912
9,13,Undirected,0.24501082198736224
10,11,Undirected,0.7492997708048484
12,13,Undirected,0.3722428160746121
