Source,Target,Type,Weight
0,1,Undirected,0.7624483069248248
0,2,Undirected,0.32304147770674735
0,3,Undirected,0.32875356016102897
0,4,Undirected,0.3595634766565146
0,5,Undirected,0.34910867213314245
0,6,Undirected,0.3020792333706956
0,7,Undirected,0.24210505535745888
0,11,Undirected,0.3052727644448365
0,12,Undirected,0.3935395510014781
0,13,Undirected,0.1933512994718029
1,2,Undirected,0.7547220466060167
1,3,Undirected,0.29400068286768255
1,4,Undirected,0.16979864570902475
1,6,Undirected,0.1849592708987725
1,10,Undirected,0.17981279903393424
1,11,Undirected,0.3466253214667254
1,12,Undirected,0.21639407323392104
2,3,Undirected,0.7439929891636601
2,4,Undirected,0.2940084110873373
2,6,Undirected,0.20725035085227878
2,8,Undirected,0.18615354148530883
2,11,Undirected,0.31473634487320473
2,12,Undirected,0.38313047341775114
2,13,Undirected,0.3572587649606171
3,4,Undirected,0.7406984753648633
3,5,Undirected,0.2622026842382661
3,11,Undirected,0.16796690755129126
3,12,Undirected,0.18452918112641753
4,5,Undirected,0.7342821997003036
4,6,Undirected,0.34124313495261016
4,7,Undirected,0.19922018124207677
4,11,Undirected,0.19784803730481257
4,12,Undirected,0.37843785966585114
4,13,Undirected,0.29214916135794516
5,6,Undirected,0.7356936031920543
5,7,Undirected,0.2187346580023286
5,12,Undirected,0.18182177590152615
6,7,Undirected,0.7339466494106629
6,8,Undirected,0.2877117767726964
6,11,Undirected,0.2931519045140514
6,12,Undirected,0.3763732612730383
6,13,Undirected,0.3110198338263019
7,8,Undirected,0.7562524690466519
7,9,Undirected,0.2584739446150327
7,11,Undirected,0.2802837918298586
7,12,Undirected,0.21720350814687153
7,13,Undirected,0.16815850753423003
8,9,Undirected,0.7497654248049973
8,10,Undirected,0.32223028038302215
8,11,Undirected,0.35102620437450394
8,12,Undirected,0.21227446587031892
8,13,Undirected,0.2768766954910459
9,10,Undirected,0.7314492990567621
9,11,Undirected,0.31296182120132066
10,11,Undirected,0.7278167756027957
11,12,Undirected,0.3844305368604035
11,13,Undirected,0.3052968957253744
12,13,Undirected,0.3582777910606005
