Source,Target,Type,Weight
0,1,Undirected,0.7642276985677326
0,2,Undirected,0.3269108910489805
0,3,Undirected,0.33384196633789254
0,4,Undirected,0.21733890545613768
0,5,Undirected,0.1710716810991648
0,6,Undirected,0.21552723678344443
0,8,Undirected,0.1945852979889856
0,11,Undirected,0.3157183445484008
0,12,Undirected,0.38583107269638106
0,13,Undirected,0.3696215980137407
1,2,Undirected,0.759387070226716
1,3,Undirected,0.24031118788085187
1,11,Undirected,0.34501637187206596
1,12,Undirected,0.21323830190016432
1,13,Undirected,0.17185038971647068
2,3,Undirected,0.7347183656731667
2,4,Undirected,0.35741414863754895
2,5,Undirected,0.2013781448050701
2,6,Undirected,0.2141484804269507
2,8,Undirected,0.31580639504516556
2,11,Undirected,0.2890474131580228
2,12,Undirected,0.38864101513014176
2,13,Undirected,0.2923004145431008
3,4,Undirected,0.7505865657605938
3,5,Undirected,0.29560196732319755
3,6,Undirected,0.17180684444587174
3,11,Undirected,0.17230912827102746
3,12,Undirected,0.2138826608705301
3,13,Undirected,0.2739248038826843
4,5,Undirected,0.724447877386843
4,6,Undirected,0.35884513968621723
4,7,Undirected,0.2058585431238463
4,8,Undirected,0.3427290449330644
4,11,Undirected,0.19857302905224375
4,12,Undirected,0.36766252394037985
4,13,Undirected,0.3281058455008833
5,6,Undirected,0.7369702421950773
5,7,Undirected,0.224681793501435
5,12,Undirected,0.1927086606937744
5,13,Undirected,0.30634657498457607
6,7,Undirected,0.7418617789171584
6,8,Undirected,0.31514077033184984
6,11,Undirected,0.29378484852475223
6,12,Undirected,0.3854572750568586
6,13,Undirected,0.2882694454541849
7,8,Undirected,0.7358113736720194
7,9,Undirected,0.2177450269062263
7,11,Undirected,0.28439183072142143
7,12,Undirected,0.21943576554197858
7,13,Undirected,0.19129594475605696
8,9,Undirected,0.7435197791796402
8,10,Undirected,0.2830896816970273
8,11,Undirected,0.3513793277932129
8,12,Undirected,0.3773976261664264
8,13,Undirected,0.19472452701247187
9,10,Undirected,0.7279903455412434
9,11,Undirected,0.3408130165860064
10,11,Undirected,0.7311349393545387
11,12,Undirected,0.37645555180084667
11,13,Undirected,0.20405307408438428
12,13,Undirected,0.3554041323200615
