Source,Target,Type,Weight
0,1,Undirected,0.748501610705474
0,2,Undirected,0.3516551621273545
0,3,Undirected,0.30459367904267787
0,4,Undirected,0.3053084072012331
0,5,Undirected,0.19521948918197513
0,6,Undirected,0.34369739973330554
0,7,Undirected,0.35763360236617936
0,8,Undirected,0.29541225757912765
0,12,Undirected,0.38446168723732876
0,13,Undirected,0.2009970147828963
1,2,Undirected,0.7337090010333107
1,3,Undirected,0.23791662313119374
1,7,Undirected,0.2294906126320556
1,8,Undirected,0.3450203735640103
1,9,Undirected,0.3770685574945619
1,10,Undirected,0.21686313918543546
1,12,Undirected,0.20055211428480715
2,3,Undirected,0.7453361006269414
2,4,Undirected,0.3596982595605139
2,5,Undirected,0.20150316035327853
2,6,Undirected,0.20479338021397941
2,7,Undirected,0.2001437838672516
2,8,Undirected,0.19723861499809595
2,12,Undirected,0.3819650174908903
2,13,Undirected,0.290485569544193
3,4,Undirected,0.7249227988979345
3,5,Undirected,0.2139293296866994
3,6,Undirected,0.16879519391125736
3,7,Undirected,0.16928012085902183
3,12,Undirected,0.21685784690345924
4,5,Undirected,0.7393020922988954
4,6,Undirected,0.3118900079216105
4,7,Undirected,0.2038441025429677
4,12,Undirected,0.36776658667987044
4,13,Undirected,0.3472308607414588
5,6,Undirected,0.745646024607202
5,7,Undirected,0.22273208631522579
5,12,Undirected,0.20988676143880008
5,13,Undirected,0.25834374733028725
6,7,Undirected,0.7360710536117998
6,8,Undirected,0.24039294577508782
6,12,Undirected,0.3736255180738711
6,13,Undirected,0.2642788278539777
7,8,Undirected,0.7648532200056439
7,9,Undirected,0.20953223645113087
7,12,Undirected,0.36901472291941456
7,13,Undirected,0.19739773900432153
8,9,Undirected,0.7267010354825827
8,10,Undirected,0.23004370184460396
8,11,Undirected,0.2243195705014083
8,12,Undirected,0.21543075014597277
9,10,Undirected,0.762382062235786
9,11,Undirected,0.22354198724549293
10,11,Undirected,0.7394438336237976
12,13,Undirected,0.3713693069134231
