Source,Target,Type,Weight
0,1,Undirected,0.7337086801644235
0,2,Undirected,0.33468789384220504
1,2,Undirected,0.7538864171071283
1,3,Undirected,0.2154388501063145
1,4,Undirected,0.25151935101436984
2,3,Undirected,0.7510312949999696
2,4,Undirected,0.3462800829657986
2,5,Undirected,0.19759881603828297
2,6,Undirected,0.22659141106839886
2,7,Undirected,0.174584822927045
2,12,Undirected,0.38410158155229895
2,13,Undirected,0.19820022290947234
3,4,Undirected,0.7580557694499099
3,5,Undirected,0.22323398207359865
3,6,Undirected,0.2602278286479898
3,12,Undirected,0.17478011554820222
4,5,Undirected,0.7476045946722507
4,6,Undirected,0.33686074484198286
4,7,Undirected,0.17367370359948064
4,12,Undirected,0.3880050557261242
4,13,Undirected,0.3076649752187736
5,6,Undirected,0.7673709843554752
5,7,Undirected,0.2147633191994425
5,12,Undirected,0.21523854389413946
5,13,Undirected,0.20268677266503543
6,7,Undirected,0.7673716161323341
6,8,Undirected,0.2693444698835436
6,12,Undirected,0.22754980261458232
6,13,Undirected,0.175557312210612
7,8,Undirected,0.7442410449352204
7,9,Undirected,0.21214880132981456
8,9,Undirected,0.737311026105581
8,10,Undirected,0.23962502829415686
9,10,Undirected,0.7489006118078104
9,11,Undirected,0.21598122572253975
10,11,Undirected,0.7569238670808813
12,13,Undirected,0.38623575432987334
