Source,Target,Type,Weight
0,1,Undirected,0.7332959543843951
0,2,Undirected,0.33908246924367375
0,3,Undirected,0.3155221904950902
0,4,Undirected,0.3388429972392841
0,5,Undirected,0.34365836901923946
0,6,Undirected,0.35524931756673717
0,7,Undirected,0.25267759194141004
0,11,Undirected,0.2912026784816679
0,12,Undirected,0.3941956501021883
0,13,Undirected,0.20515511468826655
1,2,Undirected,0.7469132405796296
1,3,Undirected,0.28391422323408877
1,6,Undirected,0.18101535955486397
1,7,Undirected,0.16693275533308313
1,10,Undirected,0.17172621799067375
1,11,Undirected,0.33422365527958203
1,12,Undirected,0.2154204379631024
1,13,Undirected,0.17610193656943862
2,3,Undirected,0.7513485989591334
2,4,Undirected,0.33601180650615586
2,5,Undirected,0.1784161081819168
2,6,Undirected,0.21398907540971296
2,11,Undirected,0.31367232517251104
2,12,Undirected,0.3994248470529887
2,13,Undirected,0.3671561084693466
3,4,Undirected,0.7335507825548593
3,5,Undirected,0.2902881229547556
3,6,Undirected,0.17887724579372538
3,11,Undirected,0.1973720085414381
3,12,Undirected,0.20968743738329046
4,5,Undirected,0.7454172999099931
4,6,Undirected,0.2907319043770696
4,7,Undirected,0.18710154586242922
4,11,Undirected,0.19800668830766027
4,12,Undirected,0.3844024917447437
4,13,Undirected,0.22904654517558307
5,6,Undirected,0.7628030087615052
5,7,Undirected,0.21440419837810942
5,12,Undirected,0.1835353505297372
6,7,Undirected,0.7361705966621629
6,8,Undirected,0.229784988556507
6,11,Undirected,0.30233576010956537
6,12,Undirected,0.38150734871428427
6,13,Undirected,0.1983276244588233
7,8,Undirected,0.7556260242953812
7,9,Undirected,0.20744697477777976
7,11,Undirected,0.29090935320917244
7,12,Undirected,0.22509170990539965
8,9,Undirected,0.768117697722176
8,10,Undirected,0.292902537564437
8,11,Undirected,0.31471962457285385
8,12,Undirected,0.20506885247504664
8,13,Undirected,0.23109230085353602
9,10,Undirected,0.7379111590505527
9,11,Undirected,0.312606621577759
10,11,Undirected,0.7501009093375429
11,12,Undirected,0.39798951107011943
11,13,Undirected,0.36120660441744157
12,13,Undirected,0.37896744007526034
