Source,Target,Type,Weight
0,1,Undirected,0.7511592068090136
0,2,Undirected,0.27443758603770096
0,3,Undirected,0.24164595867496816
1,2,Undirected,0.7530718354939189
1,3,Undirected,0.253669044072074
2,3,Undirected,0.7494049996556096
2,4,Undirected,0.2179398126497773
2,6,Undirected,0.20046803072549732
2,7,Undirected,0.3188563238256823
2,8,Undirected,0.34430362456320773
2,10,Undirected,0.1796250417017661
2,11,Undirected,0.35316981032939243
2,12,Undirected,0.39270589958056357
2,13,Undirected,0.22024814926722125
3,4,Undirected,0.7545070614331825
3,5,Undirected,0.20691710142090539
3,6,Undirected,0.3197958578534958
3,7,Undirected,0.29535561259278575
3,8,Undirected,0.18196287705754122
3,11,Undirected,0.191247953375724
3,12,Undirected,0.37537537053772874
3,13,Undirected,0.207966245468856
4,5,Undirected,0.7309806316372117
4,6,Undirected,0.3069652195703442
4,7,Undirected,0.25763538083538084
4,11,Undirected,0.20578125909181585
4,12,Undirected,0.37492624258615637
4,13,Undirected,0.23861365162565243
5,6,Undirected,0.74380893547003
5,7,Undirected,0.25834110589696285
6,7,Undirected,0.7444058908161365
6,8,Undirected,0.26464108713796203
6,9,Undirected,0.26611750018939034
6,10,Undirected,0.18806831164740923
6,11,Undirected,0.19412306102751506
6,12,Undirected,0.3513293215672508
6,13,Undirected,0.352591261263041
7,8,Undirected,0.7492993692246251
7,9,Undirected,0.25082591933535114
7,10,Undirected,0.19793262699378836
7,11,Undirected,0.2418169851378084
7,12,Undirected,0.3836035191654329
7,13,Undirected,0.3067570820169052
8,9,Undirected,0.7378327549019487
8,10,Undirected,0.35202515194357265
8,11,Undirected,0.20791061899140223
8,12,Undirected,0.2197482226255945
8,13,Undirected,0.25663971961358756
9,10,Undirected,0.7454400865742624
9,11,Undirected,0.2221382364455713
9,12,Undirected,0.16900251180614972
9,13,Undirected,0.25052807777777514
10,11,Undirected,0.7583160348622913
10,12,Undirected,0.21168898812528011
10,13,Undirected,0.34835763852898416
11,12,Undirected,0.36887166869880234
11,13,Undirected,0.3119846842540677
12,13,Undirected,0.383175310096906
