Source,Target,Type,Weight
0,1,Undirected,0.7464768942191299
0,2,Undirected,0.2316043340554845
0,8,Undirected,0.18096560979307647
0,9,Undirected,0.3550969524747253
0,10,Undirected,0.34070443863305055
0,11,Undirected,0.34897041221617425
1,2,Undirected,0.7759404844614565
1,3,Undirected,0.27053302624405856
1,7,Undirected,0.1712283564306121
1,9,Undirected,0.2801348931410263
1,10,Undirected,0.19530444657460178
1,11,Undirected,0.2704284574825271
1,12,Undirected,0.169747504924911
2,3,Undirected,0.7374111641303073
2,4,Undirected,0.19584405518162357
2,5,Undirected,0.17290977987467793
2,6,Undirected,0.30547602190673867
2,7,Undirected,0.2761377099151205
2,8,Undirected,0.2596458338375962
2,9,Undirected,0.34826305389449275
2,10,Undirected,0.19410417742631147
2,11,Undirected,0.3225455783698187
2,12,Undirected,0.3937517607942732
2,13,Undirected,0.34291818576560995
3,4,Undirected,0.7468512636167168
3,5,Undirected,0.2273120879318603
3,6,Undirected,0.33606804844669935
3,7,Undirected,0.24840443992234518
3,8,Undirected,0.21179701641343254
3,9,Undirected,0.20367910851541318
4,5,Undirected,0.7490695351890719
4,6,Undirected,0.31661798596489055
4,7,Undirected,0.200128962650359
5,6,Undirected,0.7683906908355717
5,7,Undirected,0.2171528816335423
6,7,Undirected,0.744983890047353
6,8,Undirected,0.3011775086540969
6,9,Undirected,0.19147007408177033
6,12,Undirected,0.1867394004131833
6,13,Undirected,0.2244210874612709
7,8,Undirected,0.7369497184235585
7,9,Undirected,0.32830691230864434
8,9,Undirected,0.729131788493747
8,10,Undirected,0.2570496927945626
8,13,Undirected,0.21662472728902907
9,10,Undirected,0.7540778650320028
9,11,Undirected,0.3102571463633715
9,13,Undirected,0.16708551871911342
10,11,Undirected,0.736210395576458
11,12,Undirected,0.39149485404526096
11,13,Undirected,0.2308651487475125
12,13,Undirected,0.37287229720515397
