Source,Target,Type,Weight
0,1,Undirected,0.7602642968586086
0,2,Undirected,0.3360514081328161
0,3,Undirected,0.3125088897268547
0,4,Undirected,0.35348724786467123
0,5,Undirected,0.3117793042012524
0,6,Undirected,0.32887445661041886
0,7,Undirected,0.2583754328275645
0,11,Undirected,0.29993262373969853
0,12,Undirected,0.4093041338672963
0,13,Undirected,0.20806485041300907
1,2,Undirected,0.7327228858244906
1,3,Undirected,0.26926805868719444
1,6,Undirected,0.17765776276385284
1,10,Undirected,0.18068297003352773
1,11,Undirected,0.32469566632375074
1,12,Undirected,0.21058191303768048
2,3,Undirected,0.757010548467995
2,4,Undirected,0.3182922438014726
2,6,Undirected,0.19553593148216403
2,11,Undirected,0.3293839960508198
2,12,Undirected,0.4072955187727873
2,13,Undirected,0.3865095638517927
3,4,Undirected,0.7658163902955784
3,5,Undirected,0.2570083310252872
3,6,Undirected,0.16871279456631325
3,11,Undirected,0.18974540672060825
3,12,Undirected,0.20705491701520523
4,5,Undirected,0.7291514988418561
4,6,Undirected,0.37270686153006494
4,7,Undirected,0.21012774379940136
4,11,Undirected,0.20802580166212176
4,12,Undirected,0.39749906484555664
4,13,Undirected,0.31577643715107784
5,6,Undirected,0.7420440824327516
5,7,Undirected,0.20115751669332907
5,12,Undirected,0.1750626657214914
6,7,Undirected,0.752219010787122
6,8,Undirected,0.2250118425760862
6,11,Undirected,0.2969608395523735
6,12,Undirected,0.33998261626437093
6,13,Undirected,0.18710778911545203
7,8,Undirected,0.741779056588741
7,9,Undirected,0.224919077364517
7,11,Undirected,0.2984928343071365
7,12,Undirected,0.21938218837800127
8,9,Undirected,0.7188860507650336
8,10,Undirected,0.30585203332743405
8,11,Undirected,0.3405637667552496
8,12,Undirected,0.197582917335396
8,13,Undirected,0.22930309594693238
9,10,Undirected,0.7436840419436478
9,11,Undirected,0.2841170054531067
10,11,Undirected,0.7814168180233748
11,12,Undirected,0.3831419528482722
11,13,Undirected,0.3045075245441485
12,13,Undirected,0.3797368145631641
