Source,Target,Type,Weight
0,1,Undirected,0.7597813169475924
0,2,Undirected,0.3130106343513452
0,3,Undirected,0.3092272959642201
0,4,Undirected,0.34054410684612924
0,5,Undirected,0.33261319944124396
0,6,Undirected,0.2876440001700776
0,7,Undirected,0.20737872610657504
0,11,Undirected,0.3031653619719268
0,12,Undirected,0.3860891324430914
0,13,Undirected,0.19191282865778375
1,2,Undirected,0.7557777035789445
1,3,Undirected,0.26004738421770623
1,6,Undirected,0.18359227714699194
1,10,Undirected,0.20617428043804484
1,11,Undirected,0.33260415250848935
1,12,Undirected,0.21462735480672607
2,3,Undirected,0.7312329604908285
2,4,Undirected,0.33622640232882034
2,6,Undirected,0.18451573804289184
2,11,Undirected,0.280941873427645
2,12,Undirected,0.38166002616647654
2,13,Undirected,0.2235454185358058
3,4,Undirected,0.7448398847943719
3,5,Undirected,0.25101547972200466
3,11,Undirected,0.1781454861485996
3,12,Undirected,0.20078977331261688
4,5,Undirected,0.73099891325385
4,6,Undirected,0.33515170988097703
4,7,Undirected,0.2008011163617973
4,11,Undirected,0.2055529380030818
4,12,Undirected,0.3927372655463386
4,13,Undirected,0.351881591114367
5,6,Undirected,0.7632482393244887
5,7,Undirected,0.2179165775632229
5,12,Undirected,0.19032396653953307
6,7,Undirected,0.7471204592765587
6,8,Undirected,0.2473182012767157
6,11,Undirected,0.3214305365692314
6,12,Undirected,0.3479383863531765
6,13,Undirected,0.26839287386020483
7,8,Undirected,0.7568167893608005
7,9,Undirected,0.2287180817167816
7,11,Undirected,0.2943404689934019
7,12,Undirected,0.20758422339630292
7,13,Undirected,0.21446537207965508
8,9,Undirected,0.755388279975521
8,10,Undirected,0.27879827641503635
8,11,Undirected,0.35487333361648943
8,12,Undirected,0.20973906830597322
8,13,Undirected,0.22828370527346123
9,10,Undirected,0.7691867842235344
9,11,Undirected,0.32286775697841086
10,11,Undirected,0.7214240711478291
11,12,Undirected,0.37003028399839116
11,13,Undirected,0.24859692793452026
12,13,Undirected,0.36065375578528297
