Source,Target,Type,Weight
0,1,Undirected,0.7358321568152741
0,2,Undirected,0.24531857988032785
0,3,Undirected,0.2916083845586684
0,4,Undirected,0.16729849112803902
1,2,Undirected,0.784584206121558
1,3,Undirected,0.228670098977427
1,7,Undirected,0.20288265980108106
2,3,Undirected,0.7640719130106879
2,4,Undirected,0.3473958546436767
2,5,Undirected,0.32963807592396305
2,6,Undirected,0.34147964602346303
2,7,Undirected,0.25366573029630657
2,12,Undirected,0.3681748305171112
2,13,Undirected,0.19592633554245986
3,4,Undirected,0.7436448153061294
3,5,Undirected,0.289816233618347
3,6,Undirected,0.18641120789707577
3,12,Undirected,0.17412040902793305
4,5,Undirected,0.7588603734791552
4,6,Undirected,0.2845389588636959
4,12,Undirected,0.39200597555495575
4,13,Undirected,0.2433478712607848
5,6,Undirected,0.7612115853305522
5,7,Undirected,0.22883602920901472
5,12,Undirected,0.18728397372606118
6,7,Undirected,0.7447575549502989
6,8,Undirected,0.2219188504653662
6,12,Undirected,0.371029557164885
6,13,Undirected,0.21129850193469707
7,8,Undirected,0.7200222136674996
7,9,Undirected,0.20856612578659137
7,11,Undirected,0.2797960345355619
7,12,Undirected,0.21076328365696936
7,13,Undirected,0.1837211390585872
8,9,Undirected,0.7627369798332156
8,10,Undirected,0.26999802311914206
8,11,Undirected,0.3173259756971946
8,13,Undirected,0.18501238355077698
9,10,Undirected,0.7433140916838238
9,11,Undirected,0.3081460444673794
10,11,Undirected,0.7446320782854464
12,13,Undirected,0.3783432670558972
