Source,Target,Type,Weight
0,1,Undirected,0.7451918267940116
0,2,Undirected,0.3105333434517122
0,3,Undirected,0.3303808115121097
0,4,Undirected,0.2323316396251279
0,5,Undirected,0.20710102588061674
0,6,Undirected,0.20345343233175273
0,11,Undirected,0.3072561327549171
0,12,Undirected,0.37312130714295816
0,13,Undirected,0.35676535098351736
1,2,Undirected,0.7495101910987373
1,3,Undirected,0.24975877456765805
1,10,Undirected,0.23467725655426103
1,11,Undirected,0.34584066047645207
1,12,Undirected,0.22529367162964362
1,13,Undirected,0.16806026908049007
2,3,Undirected,0.7635151407694998
2,4,Undirected,0.3525745449037211
2,5,Undirected,0.1930984774133051
2,6,Undirected,0.20400100932811394
2,8,Undirected,0.2056061407171536
2,11,Undirected,0.297152986210026
2,12,Undirected,0.3977346132240113
2,13,Undirected,0.2328353807742764
3,4,Undirected,0.7413141607165377
3,5,Undirected,0.2940859424557453
3,6,Undirected,0.17116208674636293
3,11,Undirected,0.18735225415238363
3,12,Undirected,0.22233148929249855
3,13,Undirected,0.23220638540100144
4,5,Undirected,0.7275835845170888
4,6,Undirected,0.3448789232992736
4,7,Undirected,0.2019868984824053
4,8,Undirected,0.16851791242894656
4,11,Undirected,0.21512869857083652
4,12,Undirected,0.38801962900278136
4,13,Undirected,0.33243886231402525
5,6,Undirected,0.7655035864638332
5,7,Undirected,0.21145298405889118
5,12,Undirected,0.21001455474633543
5,13,Undirected,0.3245350776177633
6,7,Undirected,0.754359215685146
6,8,Undirected,0.24050903942238894
6,11,Undirected,0.30293444486952986
6,12,Undirected,0.37048732069457185
6,13,Undirected,0.34216524486128547
7,8,Undirected,0.7659758956054542
7,9,Undirected,0.2143727480737495
7,11,Undirected,0.28228038290167107
7,12,Undirected,0.21265198774637376
7,13,Undirected,0.19900166667236016
8,9,Undirected,0.7355520703834081
8,10,Undirected,0.3121998857434214
8,11,Undirected,0.338259597440575
8,12,Undirected,0.20259149550278513
9,10,Undirected,0.7609006676628046
9,11,Undirected,0.2844986214280172
10,11,Undirected,0.7397062799403693
11,12,Undirected,0.3949636276540757
11,13,Undirected,0.20947698277518806
12,13,Undirected,0.374466352699596
