Source,Target,Type,Weight
0,1,Undirected,0.7472468426031665
0,2,Undirected,0.31780490769171554
0,7,Undirected,0.20615920117084435
0,11,Undirected,0.2716299106710631
0,12,Undirected,0.37154968394876425
0,13,Undirected,0.30221287516551515
1,2,Undirected,0.7382344275331275
1,3,Undirected,0.3180957019466668
1,4,Undirected,0.2180143750151388
1,6,Undirected,0.23619076794165147
1,7,Undirected,0.3159655048531541
1,8,Undirected,0.24755122652329173
1,12,Undirected,0.175113038671542
1,13,Undirected,0.26511040314782197
2,3,Undirected,0.7294614906945183
2,4,Undirected,0.2451375803623612
2,7,Undirected,0.22650306345600693
2,8,Undirected,0.27022567298002265
2,9,Undirected,0.18448048360820135
2,10,Undirected,0.1998589366921941
2,11,Undirected,0.2029931429685397
2,12,Undirected,0.3949456273488216
2,13,Undirected,0.36535080804271003
3,4,Undirected,0.7412459699659854
3,5,Undirected,0.2090179787283558
3,6,Undirected,0.18246074637654175
3,7,Undirected,0.17110626830161801
3,8,Undirected,0.2772880706479324
3,13,Undirected,0.20541121873386925
4,5,Undirected,0.7385371720161537
4,6,Undirected,0.2577619343452839
4,8,Undirected,0.2996201514736543
5,6,Undirected,0.7461228085342863
5,7,Undirected,0.22795313788393515
5,8,Undirected,0.22806699876991948
6,7,Undirected,0.7374903864176565
6,8,Undirected,0.2954793943069179
7,8,Undirected,0.7552592639276847
7,9,Undirected,0.218837712657378
7,13,Undirected,0.21536382706541995
8,9,Undirected,0.7498656230571437
8,10,Undirected,0.23907090805705183
8,13,Undirected,0.17381815330644554
9,10,Undirected,0.7495759591205112
9,11,Undirected,0.20989835730658574
10,11,Undirected,0.7242362227239668
10,12,Undirected,0.2019513616573102
10,13,Undirected,0.22745490873287624
11,12,Undirected,0.3841070337318422
11,13,Undirected,0.3197044723977988
12,13,Undirected,0.37317050494032505
