Source,Target,Type,Weight
0,1,Undirected,0.7607042914740824
0,2,Undirected,0.33714232065714356
0,3,Undirected,0.3070954181155446
0,4,Undirected,0.3307325059995133
0,5,Undirected,0.321283102821372
0,6,Undirected,0.31352104662095304
0,7,Undirected,0.2930726736107884
0,11,Undirected,0.27663814435559925
0,12,Undirected,0.3909740570135699
0,13,Undirected,0.203499826887278
1,2,Undirected,0.7720223476355722
1,3,Undirected,0.2925415744752053
1,4,Undirected,0.17085307838720193
1,6,Undirected,0.17898023141482194
1,10,Undirected,0.16697099310205799
1,11,Undirected,0.3377279065342554
1,12,Undirected,0.22455418998241816
1,13,Undirected,0.17108749344803603
2,3,Undirected,0.7451701144128089
2,4,Undirected,0.30214508179981564
2,5,Undirected,0.1773048188328879
2,6,Undirected,0.20752871892316926
2,11,Undirected,0.29093631210916937
2,12,Undirected,0.39942203230893863
2,13,Undirected,0.35353590354580755
3,4,Undirected,0.7538848588150056
3,5,Undirected,0.30267364714000267
3,6,Undirected,0.16873467659036798
3,11,Undirected,0.17982297509739492
3,12,Undirected,0.19397152090305558
4,5,Undirected,0.7673025480226789
4,6,Undirected,0.3378976283061962
4,7,Undirected,0.19718043946331695
4,11,Undirected,0.19785731436418297
4,12,Undirected,0.37641335483119437
4,13,Undirected,0.2323339303930579
5,6,Undirected,0.7693886234307348
5,7,Undirected,0.21543066162518068
5,12,Undirected,0.18635134430265174
6,7,Undirected,0.7430896256332812
6,8,Undirected,0.23762687669985233
6,11,Undirected,0.28671655884130065
6,12,Undirected,0.38213313595774356
6,13,Undirected,0.20407608790847778
7,8,Undirected,0.7576399762139244
7,9,Undirected,0.2254093241972323
7,11,Undirected,0.2907555046828069
7,12,Undirected,0.22062810594136725
7,13,Undirected,0.17120777966625148
8,9,Undirected,0.7550443803945353
8,10,Undirected,0.3128653140834908
8,11,Undirected,0.3514486948909063
8,12,Undirected,0.21722254136303118
8,13,Undirected,0.24481284206525347
9,10,Undirected,0.7432749699207222
9,11,Undirected,0.3121009449112556
10,11,Undirected,0.7516456962442482
11,12,Undirected,0.39324411695436223
11,13,Undirected,0.30957999446280215
12,13,Undirected,0.38368591336242575
