Source,Target,Type,Weight
0,1,Undirected,0.7519647330077744
0,2,Undirected,0.3262958682221206
0,3,Undirected,0.31737846530560976
0,4,Undirected,0.30258754924446607
0,5,Undirected,0.2888968206157919
0,6,Undirected,0.3033745549979144
0,7,Undirected,0.21938418500079557
0,11,Undirected,0.3332849149048769
0,12,Undirected,0.3858729581909261
0,13,Undirected,0.19564828402676
1,2,Undirected,0.7314095668203375
1,3,Undirected,0.28583781072556924
1,10,Undirected,0.17867510045166507
1,11,Undirected,0.3245143372870819
1,12,Undirected,0.20101156025040565
2,3,Undirected,0.7562318798771077
2,4,Undirected,0.3570492537326138
2,5,Undirected,0.1743703334164796
2,6,Undirected,0.20255328059409777
2,8,Undirected,0.19820162780073003
2,11,Undirected,0.3193697982435782
2,12,Undirected,0.39379837857711825
2,13,Undirected,0.3699517571655317
3,4,Undirected,0.7291298238550719
3,5,Undirected,0.2919710305537998
3,6,Undirected,0.16671734602042262
3,11,Undirected,0.17964544482753275
3,12,Undirected,0.18522546673522838
4,5,Undirected,0.7276805294160101
4,6,Undirected,0.32020102953125096
4,7,Undirected,0.192864618299199
4,11,Undirected,0.20132304871434262
4,12,Undirected,0.39138167968207255
4,13,Undirected,0.28963271515892947
5,6,Undirected,0.7620049779263485
5,7,Undirected,0.21157492241049602
5,12,Undirected,0.19514255866111946
6,7,Undirected,0.7448400170657934
6,8,Undirected,0.23568515913720084
6,11,Undirected,0.2651168547106915
6,12,Undirected,0.384737927062315
6,13,Undirected,0.20301326518570978
7,8,Undirected,0.7336093526489135
7,9,Undirected,0.22329338016653263
7,11,Undirected,0.2833360489469769
7,12,Undirected,0.22134083987113978
7,13,Undirected,0.17207927676473708
8,9,Undirected,0.7593864515288017
8,10,Undirected,0.3475001891062693
8,11,Undirected,0.35885871009483483
8,12,Undirected,0.2153267883662553
8,13,Undirected,0.3033113719708394
9,10,Undirected,0.745460754753634
9,11,Undirected,0.31277374107999495
10,11,Undirected,0.7283385559850581
11,12,Undirected,0.3818850643867638
11,13,Undirected,0.3182874855001494
12,13,Undirected,0.3642537200210477
