Source,Target,Type,Weight
0,1,Undirected,0.7384326977679699
0,2,Undirected,0.36034257727473606
0,3,Undirected,0.20989419777185983
0,4,Undirected,0.29332066891566844
0,5,Undirected,0.18343532046941693
0,11,Undirected,0.2359173617868573
0,12,Undirected,0.3866079281510733
0,13,Undirected,0.36342018943095766
1,2,Undirected,0.7352138766907467
1,3,Undirected,0.300870380604291
1,4,Undirected,0.2852464486024719
1,5,Undirected,0.2935873522160109
1,6,Undirected,0.1762616545306804
1,7,Undirected,0.23713411681802424
1,11,Undirected,0.2884516960954559
1,12,Undirected,0.23042815656551782
1,13,Undirected,0.19376418362819633
2,3,Undirected,0.7600654254010168
2,4,Undirected,0.24998054059827202
2,5,Undirected,0.18668354678727728
2,12,Undirected,0.2142525986844189
2,13,Undirected,0.3930646823805548
3,4,Undirected,0.729751430993815
3,5,Undirected,0.2759673421520682
3,6,Undirected,0.19202321765101116
3,12,Undirected,0.17314127080774827
3,13,Undirected,0.19740768000472916
4,5,Undirected,0.7405593908007437
4,6,Undirected,0.20299850719309906
4,7,Undirected,0.16796075977793945
4,11,Undirected,0.3027522108007432
4,12,Undirected,0.3551328815327352
4,13,Undirected,0.310909931236363
5,6,Undirected,0.7432121466155245
5,7,Undirected,0.3149611549781169
5,8,Undirected,0.195159937657573
5,9,Undirected,0.18378711965637368
5,11,Undirected,0.25693883669418544
5,12,Undirected,0.2057122655950132
5,13,Undirected,0.17745605023309197
6,7,Undirected,0.722931504015995
6,8,Undirected,0.25324494111364876
7,8,Undirected,0.7594499764431853
7,9,Undirected,0.23144031744644372
7,11,Undirected,0.27420334306399174
8,9,Undirected,0.7430075506168208
8,10,Undirected,0.21926403927856172
8,11,Undirected,0.17415652937920645
9,10,Undirected,0.7385961509321195
9,11,Undirected,0.37696926098708455
10,11,Undirected,0.7535857860377538
11,12,Undirected,0.3829172141678595
11,13,Undirected,0.2170652463051383
12,13,Undirected,0.39439202772768045
