Source,Target,Type,Weight
0,1,Undirected,0.7652325009767684
0,2,Undirected,0.3257412542210685
0,3,Undirected,0.19497883605606764
0,4,Undirected,0.16802570406640804
0,12,Undirected,0.37128317726672355
0,13,Undirected,0.2839555485387978
1,2,Undirected,0.7700272197927814
1,3,Undirected,0.2093777249828726
1,12,Undirected,0.17366665639813803
2,3,Undirected,0.7402524388482231
2,4,Undirected,0.2246494699267366
2,5,Undirected,0.2043593501512364
2,12,Undirected,0.3922713737565529
2,13,Undirected,0.2994174489754762
3,4,Undirected,0.7539072852919737
3,5,Undirected,0.25539294294616116
3,6,Undirected,0.167063210559669
3,12,Undirected,0.35823657205601955
3,13,Undirected,0.3401205743031338
4,5,Undirected,0.7391213939164533
4,6,Undirected,0.23294291657160426
4,12,Undirected,0.2137269837206264
4,13,Undirected,0.38799952821788936
5,6,Undirected,0.7640050379875518
5,7,Undirected,0.2772369896439594
5,8,Undirected,0.17545151857049418
5,12,Undirected,0.18432895543509073
5,13,Undirected,0.18159199349052443
6,7,Undirected,0.7448374377815469
6,8,Undirected,0.26502925757693996
7,8,Undirected,0.7425972501283383
7,9,Undirected,0.2068191935602532
7,11,Undirected,0.2685012022783947
8,9,Undirected,0.7546144368832545
8,10,Undirected,0.2535467985417461
8,11,Undirected,0.2828236403466894
9,10,Undirected,0.7417995878482438
9,11,Undirected,0.2982950268207817
10,11,Undirected,0.7478958706266018
12,13,Undirected,0.3910846619209052
