Source,Target,Type,Weight
0,1,Undirected,0.7358513274013349
0,2,Undirected,0.3390454388194249
0,3,Undirected,0.3599449909355188
0,4,Undirected,0.2458315696362695
0,5,Undirected,0.2743257073610759
0,6,Undirected,0.21950632345916055
0,11,Undirected,0.2125745185921309
0,12,Undirected,0.3843369399192218
0,13,Undirected,0.33099300727334796
1,2,Undirected,0.7612298215667965
1,3,Undirected,0.2504369790628604
1,12,Undirected,0.21705819180550345
1,13,Undirected,0.20932411974707654
2,3,Undirected,0.768322213252396
2,4,Undirected,0.22253060396391977
2,5,Undirected,0.16927838553219463
2,11,Undirected,0.2124511243340616
2,12,Undirected,0.3857095142876901
2,13,Undirected,0.20499101799743472
3,4,Undirected,0.7494057360939387
3,5,Undirected,0.2746404134525023
3,6,Undirected,0.17639121324219298
3,12,Undirected,0.18010633146816127
4,5,Undirected,0.759805816114777
4,6,Undirected,0.20809767756207773
5,6,Undirected,0.7449837577248275
5,7,Undirected,0.20273948182693607
5,13,Undirected,0.168486285752436
6,7,Undirected,0.7416197647676224
6,8,Undirected,0.24914495538228743
6,11,Undirected,0.20426796573105344
6,12,Undirected,0.19743802947591677
6,13,Undirected,0.27260683785403905
7,8,Undirected,0.7401113668649124
7,9,Undirected,0.20678020315249412
7,11,Undirected,0.2109568710472973
7,13,Undirected,0.22216901758196775
8,9,Undirected,0.7449848163063474
8,10,Undirected,0.32910936310262506
8,11,Undirected,0.3107060323567174
8,13,Undirected,0.17854099585622507
9,10,Undirected,0.7400328862022542
9,11,Undirected,0.31009596012842394
10,11,Undirected,0.7645187658528401
11,12,Undirected,0.3940000231084837
11,13,Undirected,0.39411382824892244
12,13,Undirected,0.37400712274097214
