Source,Target,Type,Weight
0,1,Undirected,0.7523062371155147
0,2,Undirected,0.3294285449487357
0,3,Undirected,0.3290025646063923
0,4,Undirected,0.2835499092455922
0,5,Undirected,0.2713287143948922
0,6,Undirected,0.18674630131989878
1,2,Undirected,0.7513274011312085
1,3,Undirected,0.27275828643214967
1,4,Undirected,0.17156036380595566
2,3,Undirected,0.7542928769538776
2,4,Undirected,0.2059304859705418
2,12,Undirected,0.35576084256111257
2,13,Undirected,0.35560360651217826
3,4,Undirected,0.7673255693444004
3,5,Undirected,0.21084569134327524
3,13,Undirected,0.1861696867409386
4,5,Undirected,0.7564689959016745
4,6,Undirected,0.2078125925898033
4,13,Undirected,0.17681646356449476
5,6,Undirected,0.770828055409221
5,7,Undirected,0.20586646468281536
6,7,Undirected,0.7633151902908395
6,8,Undirected,0.25128104202781204
6,13,Undirected,0.17733696392540954
7,8,Undirected,0.7712403722610792
7,9,Undirected,0.217501718004207
7,11,Undirected,0.2449310137622099
8,9,Undirected,0.7478322637884284
8,10,Undirected,0.31652671147677836
8,11,Undirected,0.3467081562100486
9,10,Undirected,0.7336097375873667
9,11,Undirected,0.29393069400738797
10,11,Undirected,0.7292663597501966
12,13,Undirected,0.38888644217040763
