Source,Target,Type,Weight
0,1,Undirected,0.7333535221147586
0,2,Undirected,0.35163372917345737
0,3,Undirected,0.31446254943016977
0,4,Undirected,0.1782486760236614
0,8,Undirected,0.1764898106612822
1,2,Undirected,0.7295196633390759
1,3,Undirected,0.2627832531110994
1,4,Undirected,0.28099545844027335
1,8,Undirected,0.28177854000118774
1,11,Undirected,0.3115068097998851
1,12,Undirected,0.3908462139074697
1,13,Undirected,0.3062503025590637
2,3,Undirected,0.7489413978869027
2,4,Undirected,0.28959975850484004
2,8,Undirected,0.1957720045973681
2,11,Undirected,0.1835128820293706
2,12,Undirected,0.2309987554288208
2,13,Undirected,0.38306280075876376
3,4,Undirected,0.7604386618953838
3,5,Undirected,0.25417330005443667
3,8,Undirected,0.17755155776018477
3,12,Undirected,0.17504229673570196
3,13,Undirected,0.19182760220162245
4,5,Undirected,0.7508391057141177
4,6,Undirected,0.2274689959018416
4,7,Undirected,0.2924811707101547
4,8,Undirected,0.31401671564867567
4,11,Undirected,0.19945698751234864
4,12,Undirected,0.38526848897517557
4,13,Undirected,0.34763109151566446
5,6,Undirected,0.7731299845320695
5,7,Undirected,0.3500251984855372
5,8,Undirected,0.19672315066672308
6,7,Undirected,0.7428430602738738
6,8,Undirected,0.21779043370075665
7,8,Undirected,0.7977308351878026
7,9,Undirected,0.25687150367889394
8,9,Undirected,0.7462272796578492
8,10,Undirected,0.2960529835728619
8,11,Undirected,0.34019108528744507
8,12,Undirected,0.3900831568367535
8,13,Undirected,0.2084879979464874
9,10,Undirected,0.7344595748183027
9,11,Undirected,0.31039141635309714
10,11,Undirected,0.7322354554692925
11,12,Undirected,0.38173213738666956
11,13,Undirected,0.2038911313883445
12,13,Undirected,0.37023331570571427
