Source,Target,Type,Weight
0,1,Undirected,0.7503116456689145
0,2,Undirected,0.2853031245025923
0,3,Undirected,0.27217130105194304
0,4,Undirected,0.3188757896241355
0,5,Undirected,0.3604990753963462
0,6,Undirected,0.3086477887106529
0,7,Undirected,0.25013979141022336
0,11,Undirected,0.28396950575419716
0,12,Undirected,0.37794793112835234
0,13,Undirected,0.19405591606954303
1,2,Undirected,0.741289660386162
1,3,Undirected,0.2777797535754266
1,6,Undirected,0.1825275244525202
1,10,Undirected,0.1897407200486758
1,11,Undirected,0.3117412773583499
1,12,Undirected,0.2135772534000572
2,3,Undirected,0.7232537507231582
2,4,Undirected,0.2992933364464054
2,6,Undirected,0.2083634214668914
2,8,Undirected,0.17348413198497042
2,11,Undirected,0.3147440916032528
2,12,Undirected,0.397976973662362
2,13,Undirected,0.3544649501068008
3,4,Undirected,0.757206115557815
3,5,Undirected,0.2516216089261725
3,11,Undirected,0.16821254043084796
3,12,Undirected,0.19456879739777297
4,5,Undirected,0.7526673655043309
4,6,Undirected,0.3264624735079804
4,7,Undirected,0.19402406630719768
4,8,Undirected,0.18884839643582366
4,11,Undirected,0.20407479709069012
4,12,Undirected,0.3936328448817033
4,13,Undirected,0.29636035938260896
5,6,Undirected,0.7632683094914198
5,7,Undirected,0.2138207944564375
5,12,Undirected,0.1917577922587952
6,7,Undirected,0.751985697171455
6,8,Undirected,0.34797400721350763
6,11,Undirected,0.3207368245333499
6,12,Undirected,0.3811184661865928
6,13,Undirected,0.2966223849228873
7,8,Undirected,0.7686414102393061
7,9,Undirected,0.23722196450570518
7,11,Undirected,0.3031737986615059
7,12,Undirected,0.21645464525273092
8,9,Undirected,0.7722275262221193
8,10,Undirected,0.30868049828931715
8,11,Undirected,0.361794134218828
8,12,Undirected,0.23423493658523617
8,13,Undirected,0.3101252396660325
9,10,Undirected,0.7444280871847758
9,11,Undirected,0.2997976262523631
10,11,Undirected,0.746476628512326
11,12,Undirected,0.3866981423884578
11,13,Undirected,0.3120495594609597
12,13,Undirected,0.3717248333098031
