Source,Target,Type,Weight
0,1,Undirected,0.728781109847623
0,2,Undirected,0.3126682827726821
0,3,Undirected,0.33827994935685496
0,4,Undirected,0.3188636201914685
0,5,Undirected,0.3482589477131325
0,6,Undirected,0.350523566028789
0,7,Undirected,0.22737527873679148
0,11,Undirected,0.31173974813640487
0,12,Undirected,0.3835414661579365
0,13,Undirected,0.2041946346953047
1,2,Undirected,0.7463079428793744
1,3,Undirected,0.2532877923408038
1,6,Undirected,0.19361195185108046
1,11,Undirected,0.3486121148474808
1,12,Undirected,0.2198512206781452
2,3,Undirected,0.7422703473339843
2,4,Undirected,0.32385534428756024
2,5,Undirected,0.18774056152829258
2,6,Undirected,0.19904661966077397
2,11,Undirected,0.31822426432095074
2,12,Undirected,0.37990727818428716
2,13,Undirected,0.20989831529025924
3,4,Undirected,0.7782621926328368
3,5,Undirected,0.29060286578508737
3,6,Undirected,0.18039736327546213
3,11,Undirected,0.1832413668727815
3,12,Undirected,0.21195385663376584
4,5,Undirected,0.7583599782742179
4,6,Undirected,0.33765118234152736
4,7,Undirected,0.2027440094309252
4,11,Undirected,0.19358875350248397
4,12,Undirected,0.3506097400418043
4,13,Undirected,0.282024677455133
5,6,Undirected,0.737009091580009
5,7,Undirected,0.20884113718852487
5,12,Undirected,0.1856195051160268
5,13,Undirected,0.16874445203305832
6,7,Undirected,0.7464730414889865
6,8,Undirected,0.2266866883053712
6,11,Undirected,0.2769945796472742
6,12,Undirected,0.3665832139955767
6,13,Undirected,0.34022052868741826
7,8,Undirected,0.7424525888811888
7,9,Undirected,0.2119592121793427
7,11,Undirected,0.271909317230346
7,12,Undirected,0.21825349497699503
7,13,Undirected,0.2969120903057017
8,9,Undirected,0.73670928052924
8,10,Undirected,0.29887002682723435
8,11,Undirected,0.33304604833851925
8,12,Undirected,0.19333957039502578
8,13,Undirected,0.2740022881517756
9,10,Undirected,0.7517948383363918
9,11,Undirected,0.3105037109685
10,11,Undirected,0.7516906212602451
11,12,Undirected,0.3842197350413414
11,13,Undirected,0.3779988869938244
12,13,Undirected,0.37277861070664514
