Source,Target,Type,Weight
0,1,Undirected,0.767846163633293
0,2,Undirected,0.3502721134792711
0,3,Undirected,0.34242165345668546
0,4,Undirected,0.2378243225956876
0,5,Undirected,0.18076060480166042
0,6,Undirected,0.20605763575384214
0,8,Undirected,0.19653497497336145
0,11,Undirected,0.3128468785194121
0,12,Undirected,0.3778835066164913
0,13,Undirected,0.32422084224057934
1,2,Undirected,0.7331770652475923
1,3,Undirected,0.24039019022346528
1,11,Undirected,0.30408341228489144
1,12,Undirected,0.21360116047200295
1,13,Undirected,0.20580226103079538
2,3,Undirected,0.764807265762385
2,4,Undirected,0.3591872303721917
2,5,Undirected,0.2049894350609357
2,6,Undirected,0.21574838791978898
2,8,Undirected,0.3048157248514367
2,11,Undirected,0.31567573946612065
2,12,Undirected,0.40205749561449755
2,13,Undirected,0.2127611956576325
3,4,Undirected,0.736209943291896
3,5,Undirected,0.3417548253888972
3,6,Undirected,0.18222108184209468
3,12,Undirected,0.20380935517236387
4,5,Undirected,0.7470795386111847
4,6,Undirected,0.3676195684946395
4,7,Undirected,0.20415678649940977
4,8,Undirected,0.362807316135806
4,11,Undirected,0.20220474943276856
4,12,Undirected,0.359851759370825
4,13,Undirected,0.20731273563185668
5,6,Undirected,0.7037713301589293
5,7,Undirected,0.20602710872668364
5,12,Undirected,0.19263566005402594
6,7,Undirected,0.7320955694235585
6,8,Undirected,0.32858494347087774
6,11,Undirected,0.30563620370801514
6,12,Undirected,0.38766386599669944
6,13,Undirected,0.33504834123949634
7,8,Undirected,0.7536073145998049
7,9,Undirected,0.22532574508705677
7,11,Undirected,0.29546906999784717
7,12,Undirected,0.21419961896271777
7,13,Undirected,0.2459826046485114
8,9,Undirected,0.7411883353116362
8,10,Undirected,0.28416778478201427
8,11,Undirected,0.3498921369235415
8,12,Undirected,0.38045923743679766
8,13,Undirected,0.21798910736344393
9,10,Undirected,0.7510943711938759
9,11,Undirected,0.2982417668057792
10,11,Undirected,0.7536921545237254
11,12,Undirected,0.3699902004691672
11,13,Undirected,0.3657290822312845
12,13,Undirected,0.3811413237567233
