Source,Target,Type,Weight
0,1,Undirected,0.7427608424110848
0,2,Undirected,0.32389608399868536
0,3,Undirected,0.33541589596175414
0,4,Undirected,0.3350711459305627
0,5,Undirected,0.34895772451459994
0,6,Undirected,0.3090274871594166
0,7,Undirected,0.244884966705882
0,11,Undirected,0.2983759395244201
0,12,Undirected,0.38649246832009687
0,13,Undirected,0.20544768184230794
1,2,Undirected,0.7622038962078561
1,3,Undirected,0.27120983278416355
1,6,Undirected,0.18315379681655136
1,11,Undirected,0.3551236505284516
1,12,Undirected,0.21953320803644763
1,13,Undirected,0.16790250607351498
2,3,Undirected,0.7647410985637711
2,4,Undirected,0.3010110554337636
2,6,Undirected,0.19722852408049688
2,11,Undirected,0.32861166541703
2,12,Undirected,0.38009849220401454
2,13,Undirected,0.37188834298777945
3,4,Undirected,0.7398901358660179
3,5,Undirected,0.309094418258153
3,6,Undirected,0.17837674299169276
3,11,Undirected,0.19159260844159617
3,12,Undirected,0.2113776215804437
4,5,Undirected,0.7607274704552526
4,6,Undirected,0.38236828349140206
4,7,Undirected,0.2044789042207159
4,8,Undirected,0.17142642276887965
4,11,Undirected,0.1966257270382033
4,12,Undirected,0.35863250698786775
4,13,Undirected,0.3236179625042388
5,6,Undirected,0.7620056701176081
5,7,Undirected,0.20815865204758377
5,12,Undirected,0.19098558723401698
6,7,Undirected,0.7366896123403603
6,8,Undirected,0.23773567794535083
6,11,Undirected,0.30130152248965925
6,12,Undirected,0.37917165946994846
6,13,Undirected,0.20067220795674137
7,8,Undirected,0.7704860920715582
7,9,Undirected,0.23179648041948034
7,11,Undirected,0.2963805889730952
7,12,Undirected,0.21813592284310465
8,9,Undirected,0.7418609260155254
8,10,Undirected,0.3011488130936964
8,11,Undirected,0.3309949401849318
8,12,Undirected,0.2112263130435133
8,13,Undirected,0.2581825120802684
9,10,Undirected,0.7329974267433619
9,11,Undirected,0.29754117142137615
10,11,Undirected,0.7440160847669846
11,12,Undirected,0.3855692106782612
11,13,Undirected,0.28762494560277746
12,13,Undirected,0.3828441303861279
