Source,Target,Type,Weight
0,1,Undirected,0.7373313107707086
0,2,Undirected,0.2916121353026734
0,3,Undirected,0.29888578694436946
0,4,Undirected,0.34779712939735785
0,5,Undirected,0.342217004031406
0,6,Undirected,0.28554066685320095
0,7,Undirected,0.2149464374262168
0,11,Undirected,0.328257296875779
0,12,Undirected,0.3974363141202185
0,13,Undirected,0.20514656547227586
1,2,Undirected,0.768026836875251
1,3,Undirected,0.2606260649304578
1,6,Undirected,0.16790796396125185
1,8,Undirected,0.1927901347879522
1,10,Undirected,0.1806770703385076
1,11,Undirected,0.33518382309458533
1,12,Undirected,0.2141092353719983
2,3,Undirected,0.7225545222967024
2,4,Undirected,0.3401104524730498
2,6,Undirected,0.18977349726934192
2,11,Undirected,0.2736226586457678
2,12,Undirected,0.39633276083117636
2,13,Undirected,0.22897682184426862
3,4,Undirected,0.7542924700038063
3,5,Undirected,0.26632882482446685
3,11,Undirected,0.17616067780573297
3,12,Undirected,0.20741982993597946
4,5,Undirected,0.7475606896772363
4,6,Undirected,0.3511907677517038
4,7,Undirected,0.1867039893266831
4,11,Undirected,0.19774041610733065
4,12,Undirected,0.3864892630762629
4,13,Undirected,0.32359761385273905
5,6,Undirected,0.7622042424840461
5,7,Undirected,0.22188607266945784
5,12,Undirected,0.17956642774161022
5,13,Undirected,0.16702803008261832
6,7,Undirected,0.7646067077252949
6,8,Undirected,0.2537729195880101
6,11,Undirected,0.30432862671538863
6,12,Undirected,0.36008049284698807
6,13,Undirected,0.3501283710978208
7,8,Undirected,0.7521130576747673
7,9,Undirected,0.22612109982851838
7,11,Undirected,0.2563683730614387
7,12,Undirected,0.20086100582981478
7,13,Undirected,0.21278042975893532
8,9,Undirected,0.7423321575283157
8,10,Undirected,0.32539978641853046
8,11,Undirected,0.36813259536611354
8,12,Undirected,0.2043477210205849
8,13,Undirected,0.2888964425401896
9,10,Undirected,0.7382333230808359
9,11,Undirected,0.2764551318619789
10,11,Undirected,0.753713689163797
11,12,Undirected,0.37737728659304653
11,13,Undirected,0.2798913694471131
12,13,Undirected,0.3857956900896234
