Source,Target,Type,Weight
0,1,Undirected,0.748502211793998
0,2,Undirected,0.3198547778485888
0,3,Undirected,0.33874004780944195
0,4,Undirected,0.34882190489362325
0,5,Undirected,0.350903360070276
0,6,Undirected,0.30123755563944205
0,7,Undirected,0.24999675158906898
0,11,Undirected,0.2812787612506703
0,12,Undirected,0.38380725304699276
0,13,Undirected,0.20150436075909656
1,2,Undirected,0.764585243024873
1,3,Undirected,0.2762409921931023
1,6,Undirected,0.17186648720199676
1,10,Undirected,0.17488505705909851
1,11,Undirected,0.31399238507618665
1,12,Undirected,0.21117826413173105
2,3,Undirected,0.7250765648867102
2,4,Undirected,0.24694366077275165
2,6,Undirected,0.19378901777342486
2,8,Undirected,0.17993588328987845
2,11,Undirected,0.32596144468013755
2,12,Undirected,0.3907561655158176
2,13,Undirected,0.33715736173631333
3,4,Undirected,0.7438495645807136
3,5,Undirected,0.262261394756828
3,6,Undirected,0.17093391784094727
3,11,Undirected,0.18833837957392452
3,12,Undirected,0.20953596293730342
4,5,Undirected,0.748732967514949
4,6,Undirected,0.34999704184648195
4,7,Undirected,0.2126941301790487
4,11,Undirected,0.19948318860039535
4,12,Undirected,0.3865704789762468
4,13,Undirected,0.2976546034689222
5,6,Undirected,0.7429454963035207
5,7,Undirected,0.2190902240502678
5,12,Undirected,0.18076429742389466
6,7,Undirected,0.7436842397354988
6,8,Undirected,0.23696611347695956
6,11,Undirected,0.2756998334154873
6,12,Undirected,0.3601554103074091
6,13,Undirected,0.19826130723671279
7,8,Undirected,0.7452723987298593
7,9,Undirected,0.22820344434910964
7,11,Undirected,0.29019555368778677
7,12,Undirected,0.21727783759881567
8,9,Undirected,0.7379900992625033
8,10,Undirected,0.3239418377323491
8,11,Undirected,0.3582781583103959
8,12,Undirected,0.2111514521777128
8,13,Undirected,0.29559682162715456
9,10,Undirected,0.755130495869993
9,11,Undirected,0.3092671519120158
10,11,Undirected,0.7163716373943144
11,12,Undirected,0.3734747768752346
11,13,Undirected,0.29717054489575023
12,13,Undirected,0.38407562426537356
