Source,Target,Type,Weight
0,1,Undirected,0.7381539411070116
0,2,Undirected,0.31798640793819716
0,3,Undirected,0.33966169911669253
0,4,Undirected,0.33641647297786564
0,5,Undirected,0.3366505807403593
0,6,Undirected,0.31173861281466486
0,7,Undirected,0.22345231066719387
0,11,Undirected,0.28059141225056
0,12,Undirected,0.3938808462509187
0,13,Undirected,0.19506184230695392
1,2,Undirected,0.7757806050224731
1,3,Undirected,0.2735020263374969
1,11,Undirected,0.2569497133662304
1,12,Undirected,0.19099164014500833
2,3,Undirected,0.7426612845037354
2,4,Undirected,0.3176573882442416
2,5,Undirected,0.1775614193520638
2,6,Undirected,0.19527058565663194
2,11,Undirected,0.3338197537410133
2,12,Undirected,0.37262361940917405
2,13,Undirected,0.28755799848635066
3,4,Undirected,0.7489226758564044
3,5,Undirected,0.32417450856032276
3,6,Undirected,0.17897317465926943
3,12,Undirected,0.1883942802000554
4,5,Undirected,0.7360711181994696
4,6,Undirected,0.33411558828599497
4,7,Undirected,0.19472421964377057
4,11,Undirected,0.19961139040720247
4,12,Undirected,0.3686019591259371
4,13,Undirected,0.21890779503698823
5,6,Undirected,0.7477464717045093
5,7,Undirected,0.22476381146930433
5,12,Undirected,0.1819551095399689
6,7,Undirected,0.7345588754252873
6,8,Undirected,0.2520810656546652
6,11,Undirected,0.293335787645318
6,12,Undirected,0.36606283186767535
6,13,Undirected,0.20837269639168762
7,8,Undirected,0.7599121580575198
7,9,Undirected,0.2162089493089135
7,11,Undirected,0.2520144826323594
7,12,Undirected,0.203361712373513
8,9,Undirected,0.7293068739667706
8,10,Undirected,0.3083206431658192
8,11,Undirected,0.36510977003494755
8,12,Undirected,0.199294773809224
8,13,Undirected,0.24152514898441832
9,10,Undirected,0.7525386695474213
9,11,Undirected,0.27502126932722043
10,11,Undirected,0.7413718149416247
11,12,Undirected,0.3840337764081912
11,13,Undirected,0.3374955573145251
12,13,Undirected,0.37467354667751
