Source,Target,Type,Weight
0,1,Undirected,0.7616972158842856
0,2,Undirected,0.32905214745488687
0,3,Undirected,0.3233268086796395
0,4,Undirected,0.3403251809154863
0,5,Undirected,0.3374778249529464
0,6,Undirected,0.31626259897287706
0,7,Undirected,0.23669996667027465
0,11,Undirected,0.2556080852837882
0,12,Undirected,0.4015932348795882
0,13,Undirected,0.20860770171161305
1,2,Undirected,0.7382140281828068
1,3,Undirected,0.2878607607099227
1,11,Undirected,0.21428589674906795
1,12,Undirected,0.1927601696828337
2,3,Undirected,0.7562748320638009
2,4,Undirected,0.31139788062847623
2,5,Undirected,0.17988350020886246
2,6,Undirected,0.20131607202734014
2,11,Undirected,0.28428941710049743
2,12,Undirected,0.39260992070397327
2,13,Undirected,0.2244670391314986
3,4,Undirected,0.7241418811217516
3,5,Undirected,0.27539754108963116
3,12,Undirected,0.19034918783879382
4,5,Undirected,0.7568596714431324
4,6,Undirected,0.3399493290134638
4,7,Undirected,0.20251017160841292
4,11,Undirected,0.2014446675832359
4,12,Undirected,0.3940519936185866
4,13,Undirected,0.3295288628762752
5,6,Undirected,0.7412918876220032
5,7,Undirected,0.21448673628133547
5,12,Undirected,0.19118792392530226
5,13,Undirected,0.17085427545073703
6,7,Undirected,0.7570121197086201
6,8,Undirected,0.2201331094723329
6,11,Undirected,0.2925126036665478
6,12,Undirected,0.3798768958391279
6,13,Undirected,0.3305714412492835
7,8,Undirected,0.7276640545351098
7,9,Undirected,0.21151449031476058
7,11,Undirected,0.2687300012801231
7,12,Undirected,0.21957621407055894
7,13,Undirected,0.2640194954886405
8,9,Undirected,0.7434391904083798
8,10,Undirected,0.3033591736499072
8,11,Undirected,0.3261621483833787
8,12,Undirected,0.17650062418788875
8,13,Undirected,0.22678435095930288
9,10,Undirected,0.7596066341415356
9,11,Undirected,0.29058237035537504
10,11,Undirected,0.7192014938553368
11,12,Undirected,0.37630960876506364
11,13,Undirected,0.3950967469428614
12,13,Undirected,0.3815096737164435
