Source,Target,Type,Weight
0,1,Undirected,0.7611451409831163
0,2,Undirected,0.26799417892892907
0,9,Undirected,0.204615386566749
0,10,Undirected,0.2674561982945132
0,11,Undirected,0.2724349404119367
0,12,Undirected,0.17246490239991738
1,2,Undirected,0.7430878483558689
1,3,Undirected,0.21837751538970898
1,11,Undirected,0.17237654435148128
2,3,Undirected,0.7221405697799533
2,4,Undirected,0.2003637815163143
2,6,Undirected,0.31787673127569677
2,7,Undirected,0.23189810934358904
2,8,Undirected,0.20257288521315459
2,9,Undirected,0.17944969838463337
2,11,Undirected,0.2847373769808485
2,12,Undirected,0.37849946757629904
2,13,Undirected,0.3656795632459913
3,4,Undirected,0.7582060272829539
3,5,Undirected,0.21811409775067547
3,6,Undirected,0.17385099206428156
3,7,Undirected,0.2887969833437361
4,5,Undirected,0.7609895049481598
4,6,Undirected,0.2397034978629416
4,7,Undirected,0.239670652164348
5,6,Undirected,0.7709210681096341
5,7,Undirected,0.251700127935291
6,7,Undirected,0.7575545188852474
6,8,Undirected,0.2169421280283707
6,11,Undirected,0.17155421681523395
6,12,Undirected,0.20430292937670982
6,13,Undirected,0.34679111657323114
7,8,Undirected,0.7549337572943292
7,9,Undirected,0.2406026907228973
7,11,Undirected,0.16750521029645474
7,13,Undirected,0.25539452915640304
8,9,Undirected,0.756359796313401
8,10,Undirected,0.22362028977254975
8,11,Undirected,0.29849321667464085
8,12,Undirected,0.19000385778630474
8,13,Undirected,0.2612460646201425
9,10,Undirected,0.7590839602923257
9,11,Undirected,0.2949454970522707
9,13,Undirected,0.17395606140261963
10,11,Undirected,0.7311741956402933
11,12,Undirected,0.3870930349530566
11,13,Undirected,0.3012247914884094
12,13,Undirected,0.3657296881486621
