Source,Target,Type,Weight
0,1,Undirected,0.7329602799796205
0,2,Undirected,0.32359746405620465
0,3,Undirected,0.34446313185288435
0,4,Undirected,0.30164979113308826
0,5,Undirected,0.36757249982275597
0,6,Undirected,0.35201888846468027
0,7,Undirected,0.24568184246386618
0,8,Undirected,0.20169449566854716
0,11,Undirected,0.3277984171782056
0,12,Undirected,0.38386412231583433
0,13,Undirected,0.2001181728101769
1,2,Undirected,0.7379723751953334
1,3,Undirected,0.2587333766292729
1,6,Undirected,0.17832085121160107
1,7,Undirected,0.1718177110984394
1,11,Undirected,0.30411441181763565
1,12,Undirected,0.22119457932198913
1,13,Undirected,0.16752467914199712
2,3,Undirected,0.756403717903864
2,4,Undirected,0.364381469495906
2,5,Undirected,0.18699784196769176
2,6,Undirected,0.2081306390060552
2,8,Undirected,0.21462192947606776
2,11,Undirected,0.27929031309078123
2,12,Undirected,0.39396035114971445
2,13,Undirected,0.3566222346774937
3,4,Undirected,0.764518208441153
3,5,Undirected,0.35540395162924887
3,6,Undirected,0.1848002623145203
3,12,Undirected,0.1786147010792588
4,5,Undirected,0.7308620462828321
4,6,Undirected,0.26570016421031134
5,6,Undirected,0.7545292534740414
5,7,Undirected,0.231854550503979
6,7,Undirected,0.7598891664036658
6,8,Undirected,0.28334517905962026
6,11,Undirected,0.3173930194790576
6,12,Undirected,0.3820599335169165
6,13,Undirected,0.199841358235745
7,8,Undirected,0.748986000209108
7,9,Undirected,0.2297086252677823
7,11,Undirected,0.31801165078694976
7,12,Undirected,0.218153327060016
8,9,Undirected,0.7500795806439845
8,10,Undirected,0.30953834454891854
8,11,Undirected,0.35283750722301255
8,12,Undirected,0.3904658756256171
8,13,Undirected,0.33337908948958306
9,10,Undirected,0.7499327943351101
9,11,Undirected,0.334029908561759
10,11,Undirected,0.7534790414982547
11,12,Undirected,0.38704445521027986
11,13,Undirected,0.28271133820144856
12,13,Undirected,0.36573922363916767
