Source,Target,Type,Weight
0,1,Undirected,0.7441173264138158
0,2,Undirected,0.3315679450000743
0,3,Undirected,0.34611157716251656
0,4,Undirected,0.3095779379780387
0,5,Undirected,0.3628576925792069
0,6,Undirected,0.29686001629993003
0,7,Undirected,0.248604147986156
0,11,Undirected,0.31248446631163934
0,12,Undirected,0.37720325051171455
0,13,Undirected,0.19714305240494742
1,2,Undirected,0.7350362659078735
1,3,Undirected,0.29247660217306776
1,11,Undirected,0.22446677484959837
1,12,Undirected,0.16892411434842305
2,3,Undirected,0.7455011670051306
2,4,Undirected,0.2991868471187556
2,5,Undirected,0.18181222351936943
2,6,Undirected,0.1981238642595622
2,8,Undirected,0.18079632205724233
2,11,Undirected,0.32060318561991785
2,12,Undirected,0.38116182863719167
2,13,Undirected,0.31438455438844604
3,4,Undirected,0.7467274734845504
3,5,Undirected,0.2925403706442438
3,6,Undirected,0.17061103203081482
3,11,Undirected,0.17781731625201153
3,12,Undirected,0.205287035472634
4,5,Undirected,0.7440141710767982
4,6,Undirected,0.3128408815953997
4,7,Undirected,0.19320795656904122
4,11,Undirected,0.19020241076099392
4,12,Undirected,0.3644413086960828
4,13,Undirected,0.27085239543314227
5,6,Undirected,0.7592329768509556
5,7,Undirected,0.21034735691172682
5,12,Undirected,0.19300434352540827
6,7,Undirected,0.751454942621508
6,8,Undirected,0.2272693234551493
6,11,Undirected,0.27975996014009663
6,12,Undirected,0.3876611429111722
6,13,Undirected,0.20661716161699856
7,8,Undirected,0.7662219619213094
7,9,Undirected,0.21583634019146394
7,11,Undirected,0.29044628400430056
7,12,Undirected,0.22354360756390304
8,9,Undirected,0.7273152904355348
8,10,Undirected,0.30781056359522513
8,11,Undirected,0.36998745891641754
8,12,Undirected,0.20216512116833524
8,13,Undirected,0.21927398907850015
9,10,Undirected,0.7318592457841969
9,11,Undirected,0.3194091009612954
10,11,Undirected,0.7519659463358614
11,12,Undirected,0.36764753834249086
11,13,Undirected,0.2770379772118763
12,13,Undirected,0.37066032318459863
