Source,Target,Type,Weight
0,1,Undirected,0.7528808304208584
0,2,Undirected,0.3097922105240767
0,3,Undirected,0.203901122609683
0,4,Undirected,0.18462850630077246
0,12,Undirected,0.3895623072937144
0,13,Undirected,0.3367439906714063
1,2,Undirected,0.7817744565230054
1,3,Undirected,0.271869626118853
1,4,Undirected,0.3228410415602699
1,5,Undirected,0.2573108498967488
1,6,Undirected,0.21807581229952025
1,12,Undirected,0.22456508258566718
1,13,Undirected,0.311313356935717
2,3,Undirected,0.7463088060369408
2,4,Undirected,0.30566714196867145
2,12,Undirected,0.3699400103812073
2,13,Undirected,0.273210831626975
3,4,Undirected,0.7414727314174352
3,5,Undirected,0.20413995412683736
3,12,Undirected,0.219282999699488
3,13,Undirected,0.19931540074603374
4,5,Undirected,0.7474786897580565
4,6,Undirected,0.2037399157508588
4,12,Undirected,0.21090402380136353
4,13,Undirected,0.36023233903015717
5,6,Undirected,0.7538400776071895
5,7,Undirected,0.2073024687568793
5,8,Undirected,0.16910560504535202
5,13,Undirected,0.23402000262904704
6,7,Undirected,0.7535632432958798
6,8,Undirected,0.269283496512826
7,8,Undirected,0.7461224103521695
7,9,Undirected,0.21622413012181804
7,11,Undirected,0.16920479670916086
8,9,Undirected,0.7696140098497581
8,10,Undirected,0.24242578372586626
9,10,Undirected,0.7520295167224791
9,11,Undirected,0.20957352829487266
10,11,Undirected,0.7747490029339137
12,13,Undirected,0.3842262465034877
