Source,Target,Type,Weight
0,1,Undirected,0.7496785186468121
0,2,Undirected,0.31315952671391645
0,12,Undirected,0.3804566491364514
0,13,Undirected,0.32027428274717995
1,2,Undirected,0.7517718636344531
1,3,Undirected,0.20738945173249115
1,12,Undirected,0.20685460763106994
2,3,Undirected,0.7499741622766378
2,4,Undirected,0.3215764044736209
2,5,Undirected,0.21470485494702693
2,12,Undirected,0.38970734300736004
2,13,Undirected,0.21779208480252715
3,4,Undirected,0.7573559683414204
3,5,Undirected,0.2132059354995601
4,5,Undirected,0.7377506690767589
4,6,Undirected,0.20177782532945035
5,6,Undirected,0.7215749907917258
5,7,Undirected,0.2205244484160037
6,7,Undirected,0.7539067432465844
6,8,Undirected,0.25584730987573456
7,8,Undirected,0.749762610257525
7,9,Undirected,0.20499326220247097
7,11,Undirected,0.3241514343666039
8,9,Undirected,0.7472676776616386
8,10,Undirected,0.27740025095165066
8,11,Undirected,0.33288409671415464
9,10,Undirected,0.7218944759368308
9,11,Undirected,0.2973844051548283
10,11,Undirected,0.7523688528596779
12,13,Undirected,0.3746736136160494
