Source,Target,Type,Weight
0,1,Undirected,0.7444880768510188
0,2,Undirected,0.3346259724811228
0,3,Undirected,0.28720032571661697
0,4,Undirected,0.292365125166979
0,5,Undirected,0.30087454605776387
0,6,Undirected,0.2242164433146646
0,11,Undirected,0.1925424186936783
0,12,Undirected,0.36985030260891344
0,13,Undirected,0.33472323052658903
1,2,Undirected,0.7556051289151051
1,3,Undirected,0.24404043958540103
1,12,Undirected,0.20830747888841994
1,13,Undirected,0.19467409536946872
2,3,Undirected,0.7271213688931281
2,4,Undirected,0.20539675379121508
2,6,Undirected,0.17674097255774868
2,11,Undirected,0.2938226136366263
2,12,Undirected,0.3952283173285633
2,13,Undirected,0.388151304737953
3,4,Undirected,0.7483119153344832
3,5,Undirected,0.22058867768934068
3,13,Undirected,0.21010227141462717
4,5,Undirected,0.7553246165753824
4,6,Undirected,0.2068497925635344
5,6,Undirected,0.7588835775311474
5,7,Undirected,0.20695963592744404
5,13,Undirected,0.1898541406658373
6,7,Undirected,0.732509503246455
6,8,Undirected,0.23305656029448568
6,11,Undirected,0.19043445420601263
6,12,Undirected,0.21489335627002504
6,13,Undirected,0.3152532820907249
7,8,Undirected,0.736790422910589
7,9,Undirected,0.21483666988983682
7,13,Undirected,0.18720685214899585
8,9,Undirected,0.739361649619452
8,10,Undirected,0.3401655092632017
8,11,Undirected,0.284310306342148
9,10,Undirected,0.7493191810288421
9,11,Undirected,0.2979545206881526
10,11,Undirected,0.7624705527547206
11,12,Undirected,0.3720330210812302
11,13,Undirected,0.2829774927757925
12,13,Undirected,0.40434809476098676
