Source,Target,Type,Weight
0,1,Undirected,0.7441800387729797
0,2,Undirected,0.3171979460615023
0,9,Undirected,0.23351089415830825
0,11,Undirected,0.332814627674157
0,12,Undirected,0.3559575455069006
0,13,Undirected,0.1921751968278454
1,2,Undirected,0.7425164668620721
1,3,Undirected,0.2733064859907672
1,5,Undirected,0.16782755651985606
1,9,Undirected,0.22625019796806015
1,11,Undirected,0.19857945964167387
1,12,Undirected,0.23011665201795592
1,13,Undirected,0.18709727264600604
2,3,Undirected,0.7468085108277159
2,4,Undirected,0.1995019187230824
2,5,Undirected,0.26120260947030594
2,6,Undirected,0.2795020373048867
2,7,Undirected,0.2808391083971101
2,8,Undirected,0.20371672042377778
2,9,Undirected,0.25159548202296417
2,11,Undirected,0.2997058964969178
2,12,Undirected,0.39760826669485305
2,13,Undirected,0.2693372574695537
3,4,Undirected,0.7327424067777778
3,5,Undirected,0.2618698876950552
3,6,Undirected,0.1995463765166257
3,7,Undirected,0.278661948226715
3,9,Undirected,0.1688101941409963
4,5,Undirected,0.7670561379840194
4,6,Undirected,0.2431304398232012
4,7,Undirected,0.3287998460381275
5,6,Undirected,0.7423504858025582
5,7,Undirected,0.29402504359408
5,8,Undirected,0.16866840995661828
6,7,Undirected,0.7392016355016655
6,8,Undirected,0.34239177196042386
6,9,Undirected,0.25141016855848
7,8,Undirected,0.7444674625714339
7,9,Undirected,0.32987464570932146
8,9,Undirected,0.7588410149712786
8,10,Undirected,0.26317789435798533
9,10,Undirected,0.7456436385732217
9,11,Undirected,0.2749295650567694
10,11,Undirected,0.7418010309827161
11,12,Undirected,0.3892677906106393
11,13,Undirected,0.2113689506700424
12,13,Undirected,0.39431861342278346
