Source,Target,Type,Weight
0,1,Undirected,0.7511173045045058
0,2,Undirected,0.3535293776032867
0,3,Undirected,0.22139773876073549
0,4,Undirected,0.270497521360758
0,5,Undirected,0.20128467325908575
0,11,Undirected,0.25231530943622144
0,12,Undirected,0.4070796442999053
0,13,Undirected,0.32810851484708586
1,2,Undirected,0.7449412846233169
1,3,Undirected,0.28792144501651584
1,4,Undirected,0.21683147904331415
1,5,Undirected,0.24451473231483287
1,6,Undirected,0.18469585606709654
1,7,Undirected,0.22389751809920622
1,11,Undirected,0.284825045620314
1,12,Undirected,0.21094356657689056
1,13,Undirected,0.18963868355983432
2,3,Undirected,0.7368100964828036
2,4,Undirected,0.21148456446009897
2,5,Undirected,0.17375258497269208
2,11,Undirected,0.16824866714514178
2,12,Undirected,0.20864615967169017
2,13,Undirected,0.38300130726020687
3,4,Undirected,0.7392820248161491
3,5,Undirected,0.26187279798358826
3,11,Undirected,0.17620774639485084
3,12,Undirected,0.17899981606263943
3,13,Undirected,0.23109983869364553
4,5,Undirected,0.7462469957239801
4,6,Undirected,0.20784054067527125
4,11,Undirected,0.31853759766088535
4,12,Undirected,0.3644493204086298
4,13,Undirected,0.3570218703032023
5,6,Undirected,0.727066098761841
5,7,Undirected,0.2523152335440159
5,9,Undirected,0.1946976630361016
5,11,Undirected,0.35523162616283555
5,12,Undirected,0.24080727169175228
5,13,Undirected,0.19924340497025436
6,7,Undirected,0.7389568619830287
6,8,Undirected,0.3508860401565571
6,9,Undirected,0.30599325404543515
6,11,Undirected,0.1995021464665803
7,8,Undirected,0.7745182394227247
7,9,Undirected,0.27628850360173335
7,11,Undirected,0.27032437024432937
8,9,Undirected,0.7474124235211853
8,10,Undirected,0.2079589863601882
9,10,Undirected,0.7566616896705035
9,11,Undirected,0.3477700509437077
10,11,Undirected,0.7523903794291217
11,12,Undirected,0.3877391959737211
11,13,Undirected,0.20613770081610655
12,13,Undirected,0.3631374184168841
