Source,Target,Type,Weight
0,1,Undirected,0.745977301274997
0,2,Undirected,0.35213713445962036
0,3,Undirected,0.3545096503904099
0,4,Undirected,0.32136261357207346
0,5,Undirected,0.2316366433434199
0,6,Undirected,0.33892875408105205
0,7,Undirected,0.27163680659352174
0,8,Undirected,0.19227428776799668
0,11,Undirected,0.28605774837717984
0,12,Undirected,0.3929978738988026
0,13,Undirected,0.2126689160411118
1,2,Undirected,0.7523037407986684
1,3,Undirected,0.24690057456439687
1,6,Undirected,0.17241643814443372
1,7,Undirected,0.18267952537428078
1,10,Undirected,0.22957645611751185
1,11,Undirected,0.2473709453037252
1,12,Undirected,0.2131920424238697
2,3,Undirected,0.7453357695078475
2,4,Undirected,0.2735684046567438
2,6,Undirected,0.19860121767720085
2,11,Undirected,0.29595534432338955
2,12,Undirected,0.37918561101232867
2,13,Undirected,0.35297798751824305
3,4,Undirected,0.7676200552467027
3,5,Undirected,0.3360818627745962
3,6,Undirected,0.18210429226132824
3,12,Undirected,0.2100534280298136
3,13,Undirected,0.1696361354269623
4,5,Undirected,0.7442620428760751
4,6,Undirected,0.3343430121835042
4,7,Undirected,0.1982562091906127
4,11,Undirected,0.20551867311003164
4,12,Undirected,0.38889325700179656
4,13,Undirected,0.32204664930678994
5,6,Undirected,0.7337684307905685
5,7,Undirected,0.21507565971240816
5,12,Undirected,0.17779835126660487
6,7,Undirected,0.7713118532237773
6,8,Undirected,0.2365197730070988
6,11,Undirected,0.2831226065588422
6,12,Undirected,0.3783914962088714
6,13,Undirected,0.20555908312198973
7,8,Undirected,0.7621826354525163
7,9,Undirected,0.21816335787016425
7,11,Undirected,0.28021535066636516
7,12,Undirected,0.22129524840622516
8,9,Undirected,0.7225726338301248
8,10,Undirected,0.32664779297420155
8,11,Undirected,0.3368396976886071
8,12,Undirected,0.1958380016969529
9,10,Undirected,0.7609655506617281
9,11,Undirected,0.2912037298036316
10,11,Undirected,0.7342231365405507
11,12,Undirected,0.3806466203680007
11,13,Undirected,0.32873766206242616
12,13,Undirected,0.3732570143026989
