Source,Target,Type,Weight
0,1,Undirected,0.7514550099371557
0,2,Undirected,0.25397597394300914
0,3,Undirected,0.19167152970122156
1,2,Undirected,0.7380741216252361
1,3,Undirected,0.20153503404272943
1,11,Undirected,0.18159054689255458
1,12,Undirected,0.20285222246855486
1,13,Undirected,0.3654479301018658
2,3,Undirected,0.7495111956151234
2,4,Undirected,0.23834614990329325
2,5,Undirected,0.2391853460836381
2,6,Undirected,0.19956756832885741
2,12,Undirected,0.19376905326886043
2,13,Undirected,0.2531238524178848
3,4,Undirected,0.7621165061580419
3,5,Undirected,0.2563395591706959
4,5,Undirected,0.7548732272945903
4,6,Undirected,0.21443037381901855
5,6,Undirected,0.7804868608494092
5,7,Undirected,0.2139641427393465
5,12,Undirected,0.1747718130582167
6,7,Undirected,0.7392418279734108
6,8,Undirected,0.2594533551957769
6,11,Undirected,0.32786165584869364
6,12,Undirected,0.3798004281636106
6,13,Undirected,0.23182161663352643
7,8,Undirected,0.7352746461089847
7,9,Undirected,0.2653753260719573
7,10,Undirected,0.1684395579541081
7,11,Undirected,0.2845861817029098
7,12,Undirected,0.23377085183513538
8,9,Undirected,0.74335519372933
8,10,Undirected,0.28369046838000406
8,11,Undirected,0.3271208788603354
8,12,Undirected,0.3729062109278139
8,13,Undirected,0.2774903616468104
9,10,Undirected,0.7396047351374513
9,11,Undirected,0.3342481857552059
10,11,Undirected,0.7337127873073739
11,12,Undirected,0.37031925315710923
11,13,Undirected,0.3493987636312079
12,13,Undirected,0.3804784264683484
