Source,Target,Type,Weight
0,1,Undirected,0.7548507433139181
0,2,Undirected,0.29956517630818325
0,3,Undirected,0.24235173932839804
0,13,Undirected,0.17457126382348953
1,2,Undirected,0.7631587350641929
1,3,Undirected,0.26784537335762626
1,13,Undirected,0.20428195373295532
2,3,Undirected,0.750332047956589
2,4,Undirected,0.23406756617844923
2,6,Undirected,0.2437711228293069
2,7,Undirected,0.2838421345763554
2,8,Undirected,0.23202031009695356
2,9,Undirected,0.16747677117008106
2,11,Undirected,0.31436907312216317
2,12,Undirected,0.3928152425242909
2,13,Undirected,0.3493400957475632
3,4,Undirected,0.7325655401274997
3,5,Undirected,0.20350561288352376
3,6,Undirected,0.290563991353265
3,7,Undirected,0.2934365711182656
3,8,Undirected,0.16673753359553567
3,11,Undirected,0.18678510555087413
3,12,Undirected,0.3502648007050886
3,13,Undirected,0.28228541738735985
4,5,Undirected,0.7614757506886871
4,6,Undirected,0.3072983865000137
4,7,Undirected,0.2317832611121629
4,11,Undirected,0.2010981059408149
4,12,Undirected,0.40564547163119846
4,13,Undirected,0.29279185983141465
5,6,Undirected,0.739423171849658
5,7,Undirected,0.2382321344245248
6,7,Undirected,0.7551316514598064
6,8,Undirected,0.22463710133955203
6,9,Undirected,0.25142847962674747
6,10,Undirected,0.17184568638362174
6,11,Undirected,0.231456001052458
6,12,Undirected,0.3926850897586463
6,13,Undirected,0.19962389281973394
7,8,Undirected,0.76125655581059
7,9,Undirected,0.34447939909538416
7,10,Undirected,0.1945999956201936
7,11,Undirected,0.3078526084470571
7,12,Undirected,0.2979066507491589
7,13,Undirected,0.1802164520281303
8,9,Undirected,0.7372485589408506
8,10,Undirected,0.31382508819050453
8,11,Undirected,0.2503348597838443
8,12,Undirected,0.19321812090615956
9,10,Undirected,0.7407407930685533
9,11,Undirected,0.2830182784572506
9,12,Undirected,0.18833366067069043
10,11,Undirected,0.7785686753513908
10,12,Undirected,0.17263836596005863
11,12,Undirected,0.36426514009469513
11,13,Undirected,0.2670848017475275
12,13,Undirected,0.3934053017136183
