Source,Target,Type,Weight
0,1,Undirected,0.7377296476611277
0,2,Undirected,0.2711885622843103
1,2,Undirected,0.7402728856848413
1,3,Undirected,0.2749225369801037
2,3,Undirected,0.7394206951214288
2,4,Undirected,0.32982683773326144
2,5,Undirected,0.3422770464137776
2,6,Undirected,0.21088309164986613
2,11,Undirected,0.29743993269295954
2,12,Undirected,0.3855377033876509
2,13,Undirected,0.32326595491653115
3,4,Undirected,0.755972770370899
3,5,Undirected,0.24802481534903326
3,11,Undirected,0.16746413317200873
3,12,Undirected,0.19238089279730258
4,5,Undirected,0.7280653447701089
4,6,Undirected,0.225972107990245
4,11,Undirected,0.21215011046281487
4,12,Undirected,0.3733813524754707
4,13,Undirected,0.21887098933892707
5,6,Undirected,0.7497422389248539
5,7,Undirected,0.25751473802782937
5,8,Undirected,0.17415333317942738
5,12,Undirected,0.28125739093734203
5,13,Undirected,0.29356567341947093
6,7,Undirected,0.7430060369736514
6,8,Undirected,0.2664089238107282
6,10,Undirected,0.1726535879870133
6,12,Undirected,0.21570265266233585
6,13,Undirected,0.36504078343179613
7,8,Undirected,0.7331971230828827
7,9,Undirected,0.3232032561485271
7,10,Undirected,0.34394141578625875
7,11,Undirected,0.19911822749199004
7,12,Undirected,0.1802644426093626
7,13,Undirected,0.21443763129135063
8,9,Undirected,0.7533081913544304
8,10,Undirected,0.2877249016976871
9,10,Undirected,0.7568573496773078
9,11,Undirected,0.21433679425884755
10,11,Undirected,0.7472676110941064
10,12,Undirected,0.18694493324133848
10,13,Undirected,0.1855820704431577
11,12,Undirected,0.3861804913988536
11,13,Undirected,0.23540097767949847
12,13,Undirected,0.3902268017258423
