Source,Target,Type,Weight
0,1,Undirected,0.7345797165260225
0,2,Undirected,0.29983566707814235
0,8,Undirected,0.2033445179256484
0,12,Undirected,0.23145607768767304
1,2,Undirected,0.761142792850422
1,3,Undirected,0.24690493483277082
1,4,Undirected,0.22619297359860313
2,3,Undirected,0.7405606983578013
2,4,Undirected,0.25590444193263284
2,8,Undirected,0.33270559600553773
2,12,Undirected,0.37883671956959897
2,13,Undirected,0.19608364170401446
3,4,Undirected,0.7452320774814616
3,5,Undirected,0.2085646945753142
4,5,Undirected,0.7502482311684618
4,6,Undirected,0.21640459049921654
4,7,Undirected,0.21731638381488513
5,6,Undirected,0.7288568420560579
5,7,Undirected,0.34533503798245424
5,8,Undirected,0.19423196042808324
6,7,Undirected,0.7749151147009256
6,8,Undirected,0.21078817504744402
7,8,Undirected,0.7757062132264413
7,9,Undirected,0.27704560795312944
8,9,Undirected,0.7256658526729999
8,10,Undirected,0.291281427328329
8,11,Undirected,0.3081185181528451
8,12,Undirected,0.36036486832943726
8,13,Undirected,0.321926618024527
9,10,Undirected,0.7450648802511365
9,11,Undirected,0.2988806540750642
10,11,Undirected,0.7416167487855447
11,12,Undirected,0.20565640629661133
11,13,Undirected,0.38790558466794534
12,13,Undirected,0.3818600315844732
