Source,Target,Type,Weight
0,1,Undirected,0.7309215888986041
0,2,Undirected,0.3338572192823673
0,3,Undirected,0.3197224820954285
0,4,Undirected,0.32937954699695005
0,5,Undirected,0.34384385799933614
0,6,Undirected,0.28207863841619146
0,7,Undirected,0.24719413151566286
0,11,Undirected,0.30337505969053935
0,12,Undirected,0.3776239881351472
0,13,Undirected,0.20110063211214868
1,2,Undirected,0.7530314770914768
1,3,Undirected,0.27898923022645844
1,11,Undirected,0.3082402506427453
1,12,Undirected,0.2021368665234815
2,3,Undirected,0.7432517885968737
2,4,Undirected,0.2953298871758243
2,6,Undirected,0.1946704089193243
2,11,Undirected,0.33293985140083776
2,12,Undirected,0.3901502481190614
2,13,Undirected,0.3242303912807672
3,4,Undirected,0.7354923513638063
3,5,Undirected,0.3069074713235366
3,6,Undirected,0.1739711414657827
3,11,Undirected,0.17731763649086352
3,12,Undirected,0.19014301853057392
4,5,Undirected,0.7570980013447715
4,6,Undirected,0.3437375661292407
4,7,Undirected,0.20457454845904685
4,8,Undirected,0.18002069615833463
4,11,Undirected,0.19931545757544855
4,12,Undirected,0.3762350765969501
4,13,Undirected,0.27491628409601343
5,6,Undirected,0.7517079999931896
5,7,Undirected,0.21680287627045858
5,12,Undirected,0.18790785458831988
6,7,Undirected,0.7491530219006889
6,8,Undirected,0.2563773209435982
6,11,Undirected,0.3028941700636884
6,12,Undirected,0.3668518373230608
6,13,Undirected,0.2015662591196835
7,8,Undirected,0.7691181646803958
7,9,Undirected,0.226186362328388
7,11,Undirected,0.2885151701273481
7,12,Undirected,0.20991650993302577
8,9,Undirected,0.750333121791939
8,10,Undirected,0.29130254751103
8,11,Undirected,0.34032302704236017
8,12,Undirected,0.2291024445217896
8,13,Undirected,0.28277139569458154
9,10,Undirected,0.749950293020854
9,11,Undirected,0.3035983862533897
10,11,Undirected,0.749007400510356
11,12,Undirected,0.37828802172951137
11,13,Undirected,0.3050209026713502
12,13,Undirected,0.3774419122193497
