Source,Target,Type,Weight
0,1,Undirected,0.7638707665863725
0,2,Undirected,0.2491094122798119
0,8,Undirected,0.21239059942471333
0,11,Undirected,0.195843872291408
0,12,Undirected,0.3130612619619323
0,13,Undirected,0.29145100114570716
1,2,Undirected,0.7442612504794361
1,3,Undirected,0.25144525581051824
1,4,Undirected,0.1812583935049721
1,8,Undirected,0.17087125885673496
1,12,Undirected,0.21385779660650528
1,13,Undirected,0.204416499475447
2,3,Undirected,0.7409254254492087
2,4,Undirected,0.24110829576612558
2,8,Undirected,0.26084348330041723
2,11,Undirected,0.30969083369759115
2,12,Undirected,0.3907621723050567
2,13,Undirected,0.3290792810962677
3,4,Undirected,0.7228376265725082
3,5,Undirected,0.20321045369816704
4,5,Undirected,0.7368695118707504
4,6,Undirected,0.21352797690847541
4,7,Undirected,0.2318171578247598
5,6,Undirected,0.7654809537449591
5,7,Undirected,0.28608001052021526
5,8,Undirected,0.18113920441515755
6,7,Undirected,0.7611662748293443
6,8,Undirected,0.2416411417862888
6,9,Undirected,0.19677186176788722
7,8,Undirected,0.7686612720110471
7,9,Undirected,0.2678453391487874
8,9,Undirected,0.7384557094695503
8,10,Undirected,0.2974176601379453
8,11,Undirected,0.3639517435313655
8,12,Undirected,0.3875557244225755
8,13,Undirected,0.20125728221212266
9,10,Undirected,0.7369498479074926
9,11,Undirected,0.30433827657323104
10,11,Undirected,0.7421914738219073
11,12,Undirected,0.3898818763987416
11,13,Undirected,0.3001525199570142
12,13,Undirected,0.3720380040232896
