Source,Target,Type,Weight
0,1,Undirected,0.7395034137844976
0,2,Undirected,0.35580867736990085
0,3,Undirected,0.20443527070697795
0,4,Undirected,0.3163384986896737
0,5,Undirected,0.20206928228979068
0,11,Undirected,0.25623092687171556
0,12,Undirected,0.39828013187681366
0,13,Undirected,0.20927509447631631
1,2,Undirected,0.7414725348001899
1,3,Undirected,0.3174858757789156
1,4,Undirected,0.2386260595588867
1,5,Undirected,0.27080886825076866
1,7,Undirected,0.2741352587553854
1,11,Undirected,0.24646164549702435
1,12,Undirected,0.20934570483097334
2,3,Undirected,0.7532433224314922
2,4,Undirected,0.27025253894295875
2,5,Undirected,0.18586813270572303
2,11,Undirected,0.17626569897059718
2,12,Undirected,0.19288597576858157
3,4,Undirected,0.7264327626873397
3,5,Undirected,0.27681199056821937
3,6,Undirected,0.2727277101571029
3,11,Undirected,0.17580284816856803
3,12,Undirected,0.1700355508270126
4,5,Undirected,0.7620266441091152
4,6,Undirected,0.25498094772600716
4,11,Undirected,0.335360998263909
4,12,Undirected,0.36794541678860443
4,13,Undirected,0.3340713326799476
5,6,Undirected,0.7425965927484873
5,7,Undirected,0.3334424587921545
5,8,Undirected,0.1850731537533151
5,9,Undirected,0.20417815389788932
5,10,Undirected,0.1739317223574143
5,11,Undirected,0.34374024234471223
5,12,Undirected,0.24293464164872206
5,13,Undirected,0.297669158252776
6,7,Undirected,0.7266051695579351
6,8,Undirected,0.28018240596717214
6,9,Undirected,0.18501489716316938
6,11,Undirected,0.17536492828537473
7,8,Undirected,0.7585777824077691
7,9,Undirected,0.2525051827838864
7,10,Undirected,0.16794609841520666
7,11,Undirected,0.28201823007455995
8,9,Undirected,0.7347982333184948
8,10,Undirected,0.21029300104968413
9,10,Undirected,0.7520713860178474
9,11,Undirected,0.3395669386162687
10,11,Undirected,0.7378309377848135
10,13,Undirected,0.22119455599175997
11,12,Undirected,0.38935874459193537
11,13,Undirected,0.3205044805861643
12,13,Undirected,0.3846549393625444
