Source,Target,Type,Weight
0,1,Undirected,0.7669403546869478
0,2,Undirected,0.3589513970190537
0,3,Undirected,0.3263570047951706
0,4,Undirected,0.3003041988491178
0,5,Undirected,0.2067149801215124
0,6,Undirected,0.2921419985814657
0,7,Undirected,0.329111299900905
0,8,Undirected,0.30968504861976054
0,9,Undirected,0.18191172152609142
0,12,Undirected,0.3799973182867476
0,13,Undirected,0.197747687901142
1,2,Undirected,0.7359905216064417
1,3,Undirected,0.2541001269742146
1,7,Undirected,0.192864618299199
1,8,Undirected,0.19550428665917458
1,9,Undirected,0.3106099221346849
1,10,Undirected,0.22928963304400327
1,12,Undirected,0.20345996577424683
1,13,Undirected,0.1794348971900581
2,3,Undirected,0.7505006777546268
2,4,Undirected,0.3596259372511085
2,5,Undirected,0.2172323067425181
2,6,Undirected,0.21028931084754487
2,7,Undirected,0.20228067713299255
2,9,Undirected,0.18668942979103426
2,12,Undirected,0.382640370212849
2,13,Undirected,0.2928036331267451
3,4,Undirected,0.7455629863517114
3,5,Undirected,0.21099707050242336
3,6,Undirected,0.16829364140901562
3,12,Undirected,0.2126258781714648
4,5,Undirected,0.747603328750421
4,6,Undirected,0.3563369517234958
4,7,Undirected,0.2103896249818418
4,12,Undirected,0.3770544901336918
4,13,Undirected,0.32868992547492215
5,6,Undirected,0.75720782431091
5,7,Undirected,0.25840755594481596
5,12,Undirected,0.2124175764070505
5,13,Undirected,0.23991440126819377
6,7,Undirected,0.729541044276053
6,8,Undirected,0.22228306210299725
6,9,Undirected,0.16988261856574702
6,12,Undirected,0.3904721643036931
6,13,Undirected,0.2997128567353474
7,8,Undirected,0.7543349308284178
7,9,Undirected,0.28659779570748073
7,12,Undirected,0.35820493747240423
7,13,Undirected,0.21130065218352867
8,9,Undirected,0.7349569904343362
8,10,Undirected,0.2737959156709645
8,12,Undirected,0.19767641010970388
9,10,Undirected,0.7455020282975187
9,11,Undirected,0.21331430291303968
9,12,Undirected,0.1913682127495283
10,11,Undirected,0.7367691973398833
12,13,Undirected,0.38568145958357697
