Source,Target,Type,Weight
0,1,Undirected,0.7382928382776212
0,2,Undirected,0.2511754656844266
0,3,Undirected,0.22123354767274322
0,4,Undirected,0.23735043309636228
0,9,Undirected,0.24261346447624682
1,2,Undirected,0.7538202969825919
1,3,Undirected,0.2590063645243564
1,4,Undirected,0.16969518658118274
1,8,Undirected,0.1946785229083439
2,3,Undirected,0.7501001044591596
2,4,Undirected,0.27986615707227036
2,5,Undirected,0.20650796608039854
3,4,Undirected,0.7244671476061326
3,5,Undirected,0.24261349254350184
4,5,Undirected,0.7273554620193281
4,6,Undirected,0.36377131526756545
4,7,Undirected,0.22523789766992872
4,8,Undirected,0.212971534766581
5,6,Undirected,0.741147538014411
5,7,Undirected,0.29928054432859164
5,8,Undirected,0.17703416250001056
6,7,Undirected,0.7585556945517259
6,8,Undirected,0.26098821369564884
7,8,Undirected,0.7479984377702916
7,9,Undirected,0.21155603367138823
8,9,Undirected,0.7413714873354682
8,10,Undirected,0.214194171481005
9,10,Undirected,0.7417799093021372
9,11,Undirected,0.3080775547025725
10,11,Undirected,0.7569240719780093
11,12,Undirected,0.3812686143590225
11,13,Undirected,0.2907862250807889
12,13,Undirected,0.3796657988271947
