Source,Target,Type,Weight
0,1,Undirected,0.7271207386276218
0,2,Undirected,0.2994669816958541
0,3,Undirected,0.3268706631307342
0,4,Undirected,0.3539937970332845
0,5,Undirected,0.3565136242678252
0,6,Undirected,0.26562962514485394
0,7,Undirected,0.23186626542816083
0,11,Undirected,0.31907722919845605
0,12,Undirected,0.37645615999286275
0,13,Undirected,0.19916368710452087
1,2,Undirected,0.7223267430531248
1,3,Undirected,0.2746177024440186
1,10,Undirected,0.1796577874292697
1,11,Undirected,0.3382669085710009
1,12,Undirected,0.20168594148915758
2,3,Undirected,0.7419027861170935
2,4,Undirected,0.3037018602454333
2,6,Undirected,0.18746392564273254
2,11,Undirected,0.3126265434537288
2,12,Undirected,0.39094435673016364
2,13,Undirected,0.3379242801542125
3,4,Undirected,0.7345413801056689
3,5,Undirected,0.27426839434948663
3,11,Undirected,0.17353082915411136
3,12,Undirected,0.18517399752147956
4,5,Undirected,0.7444902572742733
4,6,Undirected,0.33855327315475203
4,7,Undirected,0.19491838047485072
4,11,Undirected,0.20635934309078896
4,12,Undirected,0.37711402089045865
4,13,Undirected,0.26305236915300456
5,6,Undirected,0.74976167207973
5,7,Undirected,0.21345592978714786
5,12,Undirected,0.18984594262903903
6,7,Undirected,0.7637818812346985
6,8,Undirected,0.2578186728082975
6,11,Undirected,0.33255473276557335
6,12,Undirected,0.35752379611266655
6,13,Undirected,0.21443197436736927
7,8,Undirected,0.7519667552234282
7,9,Undirected,0.25275331395296635
7,11,Undirected,0.29824719586892867
7,12,Undirected,0.20978933955259788
7,13,Undirected,0.19043896769037977
8,9,Undirected,0.7413707010818739
8,10,Undirected,0.30192443078340614
8,11,Undirected,0.34437556976109013
8,12,Undirected,0.21723016908438994
8,13,Undirected,0.2912259306438154
9,10,Undirected,0.7305492089991774
9,11,Undirected,0.3272696090238717
10,11,Undirected,0.7381327668038202
10,13,Undirected,0.17214990452816656
11,12,Undirected,0.39011062192184665
11,13,Undirected,0.3063955396601155
12,13,Undirected,0.38348837398542723
