Source,Target,Type,Weight
0,1,Undirected,0.7956569460900867
0,2,Undirected,0.21908246514574353
1,2,Undirected,0.7517951078426944
1,3,Undirected,0.2097758252134867
1,11,Undirected,0.18192347796517247
2,3,Undirected,0.73086032701451
2,4,Undirected,0.3453987394600905
2,5,Undirected,0.301877970968555
2,6,Undirected,0.20461820152368532
2,8,Undirected,0.2248039753867672
2,11,Undirected,0.2943649067227749
2,12,Undirected,0.3732462191981839
2,13,Undirected,0.298761987009283
3,4,Undirected,0.7455007032331306
3,5,Undirected,0.26544608290987814
4,5,Undirected,0.7452546541946543
4,6,Undirected,0.3255598423951271
4,7,Undirected,0.2048313848088638
4,8,Undirected,0.342138561784408
4,11,Undirected,0.19792614482821172
4,12,Undirected,0.36861961432738344
4,13,Undirected,0.23380108370152197
5,6,Undirected,0.7299826471996691
5,7,Undirected,0.20863003175284078
5,8,Undirected,0.1668518850907443
5,12,Undirected,0.20228815011104304
6,7,Undirected,0.7508447510062228
6,8,Undirected,0.34203111800922636
6,11,Undirected,0.3046730656932557
6,12,Undirected,0.3845527711372714
6,13,Undirected,0.2039027879084396
7,8,Undirected,0.7621369323068308
7,9,Undirected,0.2515438328339505
7,11,Undirected,0.2975969897911906
7,12,Undirected,0.2334527191764002
7,13,Undirected,0.1788336202962897
8,9,Undirected,0.7454589661158894
8,10,Undirected,0.20367536984746917
8,11,Undirected,0.3713068096309687
8,12,Undirected,0.3948859479936936
8,13,Undirected,0.33688498749624
9,10,Undirected,0.7198531633442805
9,11,Undirected,0.3128456417808563
9,13,Undirected,0.18198754174259055
10,11,Undirected,0.7447337521224883
11,12,Undirected,0.3945809170453281
11,13,Undirected,0.34263805151925764
12,13,Undirected,0.38016202030683033
