Source,Target,Type,Weight
0,1,Undirected,0.7663111361292162
0,2,Undirected,0.2555831953493323
0,3,Undirected,0.20246852745281965
0,8,Undirected,0.25219318209012226
0,9,Undirected,0.1704859970171584
0,11,Undirected,0.32801670402141697
0,12,Undirected,0.3948504464056669
0,13,Undirected,0.31850083093532144
1,2,Undirected,0.7388183005099133
1,3,Undirected,0.26311146084151427
1,8,Undirected,0.24983917098959163
2,3,Undirected,0.7485011431928452
2,4,Undirected,0.34839186941883493
2,5,Undirected,0.2919210611904742
2,6,Undirected,0.2034045336622228
2,7,Undirected,0.16911761919004742
2,8,Undirected,0.23349893446693284
3,4,Undirected,0.7479784956610495
3,5,Undirected,0.24680152170295536
4,5,Undirected,0.7658840722906373
4,6,Undirected,0.353303829463488
4,7,Undirected,0.2263922003230362
4,8,Undirected,0.21962489488196935
5,6,Undirected,0.7464137941650653
5,7,Undirected,0.3336245111132499
5,8,Undirected,0.19756017211830104
6,7,Undirected,0.7515194365410321
6,8,Undirected,0.2549313081641456
7,8,Undirected,0.7701207463276863
7,9,Undirected,0.23064234902489458
8,9,Undirected,0.7333751283728723
8,10,Undirected,0.2088608130719665
8,11,Undirected,0.1672044940545052
9,10,Undirected,0.7403149587675867
9,11,Undirected,0.3014321372648619
10,11,Undirected,0.7464144583206056
11,12,Undirected,0.38954215489800287
11,13,Undirected,0.28610053924746826
12,13,Undirected,0.3875616690296913
