Source,Target,Type,Weight
0,1,Undirected,0.7562301755258993
0,2,Undirected,0.3319603170758964
0,3,Undirected,0.32560341335579013
0,4,Undirected,0.221701116121313
0,5,Undirected,0.18178998580545894
0,6,Undirected,0.21098467368308374
0,11,Undirected,0.32714897076830834
0,12,Undirected,0.40233046990212584
0,13,Undirected,0.21371533122609188
1,2,Undirected,0.7521140017463775
1,3,Undirected,0.2536030456763784
1,10,Undirected,0.19284913531777292
1,11,Undirected,0.35279177356615343
1,12,Undirected,0.22350789452172512
1,13,Undirected,0.17452012731972408
2,3,Undirected,0.7497637494765754
2,4,Undirected,0.3168541339215283
2,5,Undirected,0.1965633801127144
2,6,Undirected,0.20871329270967648
2,8,Undirected,0.18095608470132804
2,11,Undirected,0.31433964642575485
2,12,Undirected,0.3967942033268697
2,13,Undirected,0.3779372716456579
3,4,Undirected,0.7341436508572046
3,5,Undirected,0.31371242015928164
3,6,Undirected,0.1749467106062244
3,11,Undirected,0.19254319651056587
3,12,Undirected,0.22951354316303868
3,13,Undirected,0.1711651461523607
4,5,Undirected,0.756166779118942
4,6,Undirected,0.35198609747294146
4,7,Undirected,0.19608446672911245
4,8,Undirected,0.17989865328553312
4,11,Undirected,0.20562515124168196
4,12,Undirected,0.38219483853848496
4,13,Undirected,0.3597566629284077
5,6,Undirected,0.7479164751614417
5,7,Undirected,0.21051027626241553
5,12,Undirected,0.21236922062398203
5,13,Undirected,0.16830724238499037
6,7,Undirected,0.7273719229294836
6,8,Undirected,0.26058186060477323
6,11,Undirected,0.3045471681344476
6,12,Undirected,0.3921481805044863
6,13,Undirected,0.28396950575419716
7,8,Undirected,0.7609460155734077
7,9,Undirected,0.21681255912288774
7,11,Undirected,0.27749429040974083
7,12,Undirected,0.2136357144501607
7,13,Undirected,0.2070198430474903
8,9,Undirected,0.7294404949957644
8,10,Undirected,0.3166173167457209
8,11,Undirected,0.33946330161030236
8,12,Undirected,0.2065970310109517
8,13,Undirected,0.2843813218813397
9,10,Undirected,0.7576830885071925
9,11,Undirected,0.30769605471868394
10,11,Undirected,0.7534326843935055
11,12,Undirected,0.3839061440393097
11,13,Undirected,0.3227333052635726
12,13,Undirected,0.37989647348661537
