Source,Target,Type,Weight
0,1,Undirected,0.7446530982975595
0,2,Undirected,0.3513856862850887
0,3,Undirected,0.3413346388938825
0,4,Undirected,0.26693623957503065
0,5,Undirected,0.22752148658295523
0,6,Undirected,0.3393417716029711
0,7,Undirected,0.29132478365632225
0,11,Undirected,0.3323840128062383
0,12,Undirected,0.38282714790715333
0,13,Undirected,0.19311969108982519
1,2,Undirected,0.7352161320039752
1,3,Undirected,0.24001885218874575
1,7,Undirected,0.19426080137286209
1,10,Undirected,0.17832990375730115
1,11,Undirected,0.32434392006715923
1,12,Undirected,0.21949361876669435
2,3,Undirected,0.755303533840422
2,4,Undirected,0.3483622678417656
2,5,Undirected,0.2004616113727767
2,6,Undirected,0.20749742601130597
2,11,Undirected,0.295837319042008
2,12,Undirected,0.3949576025758334
2,13,Undirected,0.3210209225567517
3,4,Undirected,0.7561658248456387
3,5,Undirected,0.30507505837210686
3,6,Undirected,0.17818038925812407
3,11,Undirected,0.17782880575455384
3,12,Undirected,0.22069783026715026
4,5,Undirected,0.7601544810477627
4,6,Undirected,0.31879818299726403
4,7,Undirected,0.18796360098174958
4,11,Undirected,0.20011740897178595
4,12,Undirected,0.36535300393958575
4,13,Undirected,0.3413665865726015
5,6,Undirected,0.7445913636502428
5,7,Undirected,0.20473194262376063
5,12,Undirected,0.19039987521858764
6,7,Undirected,0.7560144666960471
6,8,Undirected,0.2155142576447037
6,11,Undirected,0.29670463842927997
6,12,Undirected,0.3697670927084552
6,13,Undirected,0.2573102026959296
7,8,Undirected,0.7383344266427521
7,9,Undirected,0.20567603126009856
7,11,Undirected,0.2964100587526394
7,12,Undirected,0.22195598371975075
7,13,Undirected,0.18119337037577835
8,9,Undirected,0.7571219177587638
8,10,Undirected,0.3319091185697764
8,11,Undirected,0.3626782217223148
8,12,Undirected,0.16818417085439225
8,13,Undirected,0.17243712215820045
9,10,Undirected,0.762848098105995
9,11,Undirected,0.3002947816143849
10,11,Undirected,0.7563181982683119
11,12,Undirected,0.3923472573462728
11,13,Undirected,0.3218496928146624
12,13,Undirected,0.37173461809119157
