Source,Target,Type,Weight
0,1,Undirected,0.7516050864959669
0,2,Undirected,0.3429367468192551
0,3,Undirected,0.296431908292283
0,4,Undirected,0.30930117896119796
0,5,Undirected,0.2397522214057036
0,6,Undirected,0.3129367665842973
0,7,Undirected,0.24682792609069262
0,8,Undirected,0.17466143580949542
0,11,Undirected,0.33115874500090364
0,12,Undirected,0.38366875083526975
0,13,Undirected,0.20109147263273425
1,2,Undirected,0.7174196589698453
1,3,Undirected,0.265548262336083
1,11,Undirected,0.2703977737445256
1,12,Undirected,0.19884085228181547
2,3,Undirected,0.751009509948991
2,4,Undirected,0.31307995649743114
2,5,Undirected,0.1706273979263236
2,6,Undirected,0.20239730287743324
2,11,Undirected,0.2918365647216875
2,12,Undirected,0.38499707050764437
2,13,Undirected,0.20628527411870096
3,4,Undirected,0.7504362242983263
3,5,Undirected,0.3070360475480476
3,6,Undirected,0.18084003723810277
3,11,Undirected,0.16722986698733347
3,12,Undirected,0.19784910122922653
4,5,Undirected,0.7593005310554761
4,6,Undirected,0.30585484352837566
4,7,Undirected,0.18654872162454458
4,11,Undirected,0.19533404357617393
4,12,Undirected,0.3724245058163359
4,13,Undirected,0.22628737881635352
5,6,Undirected,0.7289178951927143
5,7,Undirected,0.21443734624540467
5,12,Undirected,0.17493824635325655
6,7,Undirected,0.7681192450744535
6,8,Undirected,0.2590066364250684
6,11,Undirected,0.2880936383451903
6,12,Undirected,0.3813548280395318
6,13,Undirected,0.3101849852358507
7,8,Undirected,0.7445095512729143
7,9,Undirected,0.21172098105825155
7,11,Undirected,0.2897466813836812
7,12,Undirected,0.22052236141826084
7,13,Undirected,0.2233138048189266
8,9,Undirected,0.7466649292032618
8,10,Undirected,0.3097204484492024
8,11,Undirected,0.3224128818055781
8,12,Undirected,0.2037341164239084
8,13,Undirected,0.35929153598248664
9,10,Undirected,0.7600857417506819
9,11,Undirected,0.2943036031755822
10,11,Undirected,0.7347988125993271
11,12,Undirected,0.3883852161335785
11,13,Undirected,0.33177808138905746
12,13,Undirected,0.37075268566278463
