Source,Target,Type,Weight
0,1,Undirected,0.7662899256255709
0,2,Undirected,0.24327216203048513
0,3,Undirected,0.1671947095997727
0,9,Undirected,0.24679603239113193
0,10,Undirected,0.32092561890388815
0,11,Undirected,0.3601138509204088
1,2,Undirected,0.7386941014514181
1,3,Undirected,0.24653115136750217
1,4,Undirected,0.16775754496268286
1,9,Undirected,0.22830738942727086
1,10,Undirected,0.19031108207194453
1,11,Undirected,0.2535998102915848
1,12,Undirected,0.17163074876323514
2,3,Undirected,0.7241413185219127
2,4,Undirected,0.20569555909287476
2,5,Undirected,0.1709113224415484
2,6,Undirected,0.2311459932197681
2,7,Undirected,0.17859807521508353
2,8,Undirected,0.25643205608570835
2,9,Undirected,0.294635397209835
2,10,Undirected,0.22479118016355723
2,11,Undirected,0.30332144000275385
2,12,Undirected,0.38799977946484704
2,13,Undirected,0.2190006067245126
3,4,Undirected,0.7371297450276566
3,5,Undirected,0.25870153945865476
3,6,Undirected,0.2731161689722929
3,7,Undirected,0.17571869350513025
3,8,Undirected,0.19300091542248998
3,9,Undirected,0.1895459388726567
4,5,Undirected,0.7287637620423436
4,6,Undirected,0.2744190379882525
4,7,Undirected,0.17223726645350326
5,6,Undirected,0.7240673130090136
5,7,Undirected,0.25506720813538525
6,7,Undirected,0.7359692129578045
6,8,Undirected,0.3120585443085064
6,9,Undirected,0.18404095329638914
6,12,Undirected,0.170742505907979
7,8,Undirected,0.7736380811145188
7,9,Undirected,0.22210929866208176
8,9,Undirected,0.7509682966278077
8,10,Undirected,0.23833155004855497
9,10,Undirected,0.7434984936117652
9,11,Undirected,0.24039721700495031
10,11,Undirected,0.7495087847803205
11,12,Undirected,0.36211701713525074
11,13,Undirected,0.2730763914574302
12,13,Undirected,0.3733577876531499
