Source,Target,Type,Weight
0,1,Undirected,0.7752871741878767
0,2,Undirected,0.2617395142980916
0,3,Undirected,0.24575937600158437
0,4,Undirected,0.21874748033579738
0,5,Undirected,0.2284622651704508
0,6,Undirected,0.17560591162044206
0,11,Undirected,0.1864494419902431
0,12,Undirected,0.2231552611770124
0,13,Undirected,0.38438205943835163
1,2,Undirected,0.7390409744202697
1,3,Undirected,0.2566176114290693
1,4,Undirected,0.16711767371208788
1,12,Undirected,0.2159605635369243
1,13,Undirected,0.22375845995344626
2,3,Undirected,0.7558214213890969
2,4,Undirected,0.22188445281461772
2,5,Undirected,0.19315910791091784
2,6,Undirected,0.22127591507630195
2,8,Undirected,0.3260062888071125
2,11,Undirected,0.2120463956646581
2,12,Undirected,0.3807929743068713
2,13,Undirected,0.3375434684479687
3,4,Undirected,0.7594276315116448
3,5,Undirected,0.27688833864382606
3,6,Undirected,0.21120650803256716
3,12,Undirected,0.20842695467852299
3,13,Undirected,0.2054002541607187
4,5,Undirected,0.7604413503618271
4,6,Undirected,0.3028607288940904
4,13,Undirected,0.18263682508413792
5,6,Undirected,0.7387564885295849
5,7,Undirected,0.2258690130067212
5,13,Undirected,0.22065580000711266
6,7,Undirected,0.7469751613141927
6,8,Undirected,0.25723849407284266
6,11,Undirected,0.3405360333918714
6,12,Undirected,0.3564593893088121
6,13,Undirected,0.32186302981153425
7,8,Undirected,0.7506302223988002
7,9,Undirected,0.248542746728054
7,11,Undirected,0.28147571706345337
7,12,Undirected,0.20711869786791842
7,13,Undirected,0.1932526092970713
8,9,Undirected,0.7239526468484754
8,10,Undirected,0.24853108273956448
8,11,Undirected,0.34386993377909114
8,12,Undirected,0.3970909374586394
8,13,Undirected,0.1978863271213608
9,10,Undirected,0.7333535221147586
9,11,Undirected,0.3428622063586602
10,11,Undirected,0.7342238434427526
11,12,Undirected,0.4063766474186247
11,13,Undirected,0.2791815979278958
12,13,Undirected,0.38127426367994993
