Source,Target,Type,Weight
0,1,Undirected,0.713122595999764
0,2,Undirected,0.3083657747032966
0,3,Undirected,0.3158409725690837
0,4,Undirected,0.3234807647783515
0,5,Undirected,0.3463529424199827
0,6,Undirected,0.3195414052296619
0,7,Undirected,0.27378258316750803
0,11,Undirected,0.3138454474831853
0,12,Undirected,0.3729094269186951
0,13,Undirected,0.19871857131608206
1,2,Undirected,0.7715155899141857
1,3,Undirected,0.24929365972229486
1,6,Undirected,0.19416896475260065
1,7,Undirected,0.18376091817369783
1,11,Undirected,0.3447539104827594
1,12,Undirected,0.2330737329826552
2,3,Undirected,0.729673545205732
2,4,Undirected,0.3468359385627231
2,5,Undirected,0.1941733154093274
2,6,Undirected,0.20405587359066188
2,11,Undirected,0.29455461780270314
2,12,Undirected,0.3829171442513412
2,13,Undirected,0.21363147075880332
3,4,Undirected,0.7418002438177624
3,5,Undirected,0.3124666808311935
3,6,Undirected,0.1780687655634364
3,11,Undirected,0.16696539656104875
3,12,Undirected,0.19818846006820326
4,5,Undirected,0.7484176681573862
4,6,Undirected,0.2751625056657128
4,7,Undirected,0.18263469377464617
4,11,Undirected,0.19732270282964898
4,12,Undirected,0.36319156611503767
4,13,Undirected,0.32445567107251827
5,6,Undirected,0.7494460415624729
5,7,Undirected,0.2125706186056054
5,12,Undirected,0.18645250868915073
5,13,Undirected,0.17678492414605035
6,7,Undirected,0.7589498335959337
6,8,Undirected,0.22756283973933628
6,11,Undirected,0.28056151313503297
6,12,Undirected,0.35976811134745096
6,13,Undirected,0.3161555140226366
7,8,Undirected,0.7597380343592616
7,9,Undirected,0.23115282117166697
7,10,Undirected,0.16742485388310488
7,11,Undirected,0.25494446394243947
7,12,Undirected,0.21576996411708227
7,13,Undirected,0.2468587528803986
8,9,Undirected,0.7449030497430945
8,10,Undirected,0.32270517202578225
8,11,Undirected,0.3137603411286729
8,12,Undirected,0.18110513448952995
8,13,Undirected,0.21911892990781687
9,10,Undirected,0.7386157259508108
9,11,Undirected,0.2881560046252763
10,11,Undirected,0.7672140551329741
11,12,Undirected,0.3829171092930917
11,13,Undirected,0.3188906511672004
12,13,Undirected,0.37544663856839344
