Source,Target,Type,Weight
0,1,Undirected,0.7331366325003845
0,2,Undirected,0.28182892235396506
0,3,Undirected,0.31798134538512035
0,4,Undirected,0.35441582875030153
0,5,Undirected,0.318560460200677
0,6,Undirected,0.3131235234279897
0,7,Undirected,0.2768723089998432
0,11,Undirected,0.31570263659584924
0,12,Undirected,0.3818471340189029
0,13,Undirected,0.20068791635298494
1,2,Undirected,0.7358119545513794
1,3,Undirected,0.29406940614695126
1,6,Undirected,0.18331948557130212
1,10,Undirected,0.1914510389186183
1,11,Undirected,0.3098637082663636
1,12,Undirected,0.21320329112410683
2,3,Undirected,0.7488580920357376
2,4,Undirected,0.2989204011429135
2,6,Undirected,0.19613645731030457
2,8,Undirected,0.17920934329962443
2,11,Undirected,0.29113090327679
2,12,Undirected,0.3783078112826411
2,13,Undirected,0.36272812315119574
3,4,Undirected,0.7571834923938271
3,5,Undirected,0.26468186901582463
3,11,Undirected,0.18689761747317052
3,12,Undirected,0.20835234646652778
4,5,Undirected,0.7432122783094581
4,6,Undirected,0.35656763323156504
4,7,Undirected,0.20114765748063027
4,11,Undirected,0.19193427446003064
4,12,Undirected,0.37908697815825526
4,13,Undirected,0.28365729621691216
5,6,Undirected,0.7195548004456662
5,7,Undirected,0.20627715798022775
5,12,Undirected,0.18631020417301056
6,7,Undirected,0.7397266966163131
6,8,Undirected,0.2994145207087886
6,11,Undirected,0.30581465810554626
6,12,Undirected,0.3643062076613758
6,13,Undirected,0.259319844815061
7,8,Undirected,0.7738698909769418
7,9,Undirected,0.22112316521669448
7,11,Undirected,0.306361007642839
7,12,Undirected,0.21892310583126293
8,9,Undirected,0.7218004328595707
8,10,Undirected,0.31740245879023793
8,11,Undirected,0.3692023088171955
8,12,Undirected,0.21910544591674305
8,13,Undirected,0.3196421243153132
9,10,Undirected,0.7250954925114336
9,11,Undirected,0.3219845956046838
10,11,Undirected,0.7646749428130596
10,13,Undirected,0.16772979816217617
11,12,Undirected,0.3691645814281603
11,13,Undirected,0.3030521804447391
12,13,Undirected,0.363857403566776
