Source,Target,Type,Weight
0,1,Undirected,0.7502490363647649
0,2,Undirected,0.33337583023959033
0,3,Undirected,0.32765629611482794
0,4,Undirected,0.32897397286028096
0,5,Undirected,0.20443178322170497
0,6,Undirected,0.3010504636408144
0,7,Undirected,0.3183845878413989
0,8,Undirected,0.24219967424945774
0,12,Undirected,0.38195200848575017
0,13,Undirected,0.2009838967694252
1,2,Undirected,0.7680956837945938
1,3,Undirected,0.2524342126723864
1,7,Undirected,0.20394895129989798
1,8,Undirected,0.2314034412505164
1,12,Undirected,0.1930325722768065
2,3,Undirected,0.7329200632460326
2,4,Undirected,0.34615396677393856
2,5,Undirected,0.20068703293047957
2,6,Undirected,0.20370635152524882
2,7,Undirected,0.19699214699865658
2,12,Undirected,0.3777785063392655
2,13,Undirected,0.3133654889465982
3,4,Undirected,0.7493404664994142
3,5,Undirected,0.22430587070842894
3,6,Undirected,0.17269095089246012
3,12,Undirected,0.21214573244201493
3,13,Undirected,0.1690726124315878
4,5,Undirected,0.7573795591500087
4,6,Undirected,0.3396446185210642
4,7,Undirected,0.2137113021544655
4,12,Undirected,0.3824269935593896
4,13,Undirected,0.3730462739522998
5,6,Undirected,0.7418611884465882
5,7,Undirected,0.2352026532794429
5,12,Undirected,0.20754845637993044
5,13,Undirected,0.24684207466025482
6,7,Undirected,0.7637809076442936
6,8,Undirected,0.2373209414836361
6,12,Undirected,0.38910131439732865
6,13,Undirected,0.251336875644064
7,8,Undirected,0.7461677394793127
7,9,Undirected,0.2410527298248776
7,12,Undirected,0.3653969592534385
7,13,Undirected,0.19670938524658976
8,9,Undirected,0.7591015451863438
8,10,Undirected,0.23009132877492214
8,12,Undirected,0.205288502435434
9,10,Undirected,0.7380921103513787
9,11,Undirected,0.2772435501259536
10,11,Undirected,0.7436409917544099
12,13,Undirected,0.3830376133207794
