Source,Target,Type,Weight
0,1,Undirected,0.7214238229767326
0,2,Undirected,0.28880509664801735
0,3,Undirected,0.3278880808500582
0,4,Undirected,0.3529820274982861
0,5,Undirected,0.3590044263732208
0,6,Undirected,0.31215729563068023
0,7,Undirected,0.1973218302197415
0,11,Undirected,0.30706356062491763
0,12,Undirected,0.3878971542213173
0,13,Undirected,0.20434638694125373
1,2,Undirected,0.7372499844220209
1,3,Undirected,0.2969398369441286
1,6,Undirected,0.16805916471914076
1,11,Undirected,0.3555997173382145
1,12,Undirected,0.20910941003911668
1,13,Undirected,0.17590205758617633
2,3,Undirected,0.7281461110068043
2,4,Undirected,0.3299320439594325
2,5,Undirected,0.17197829507483137
2,6,Undirected,0.2060088130410532
2,11,Undirected,0.2874038724625033
2,12,Undirected,0.4046197004835019
2,13,Undirected,0.3383441039262254
3,4,Undirected,0.7566838038736191
3,5,Undirected,0.2801426580191636
3,11,Undirected,0.1875611855011134
3,12,Undirected,0.19400265349012027
4,5,Undirected,0.7120925829829509
4,6,Undirected,0.35085795030491645
4,7,Undirected,0.18535047260502918
4,11,Undirected,0.1901040129888648
4,12,Undirected,0.3687296978200459
4,13,Undirected,0.20934194331506922
5,6,Undirected,0.7454618809373583
5,7,Undirected,0.21528485603907244
5,12,Undirected,0.18740817374633065
6,7,Undirected,0.7416153719323171
6,8,Undirected,0.24829432857294742
6,11,Undirected,0.306578736453568
6,12,Undirected,0.3892792794715912
6,13,Undirected,0.20301868943460635
7,8,Undirected,0.7408814507788495
7,9,Undirected,0.21832779485129383
7,11,Undirected,0.29899120948290886
7,12,Undirected,0.22070698151773516
7,13,Undirected,0.182600663183313
8,9,Undirected,0.7161544032406626
8,10,Undirected,0.3095783949722916
8,11,Undirected,0.3468086081017681
8,12,Undirected,0.22859791342402538
8,13,Undirected,0.28617606426036013
9,10,Undirected,0.7408605122942313
9,11,Undirected,0.3067300275927321
10,11,Undirected,0.7215761080310726
10,13,Undirected,0.19816568757989952
11,12,Undirected,0.3742569833040303
11,13,Undirected,0.3235141986523224
12,13,Undirected,0.37138801745060696
