Source,Target,Type,Weight
0,1,Undirected,0.7476848895261556
0,2,Undirected,0.2696672788711777
0,3,Undirected,0.3039682446504669
0,4,Undirected,0.18358793771978948
0,8,Undirected,0.33283660105615986
0,9,Undirected,0.37570078255470196
0,11,Undirected,0.18269749282635447
0,12,Undirected,0.3828194259201809
0,13,Undirected,0.3158086777844246
1,2,Undirected,0.7398480458023413
1,3,Undirected,0.2827016772551913
1,7,Undirected,0.1752493633569361
1,8,Undirected,0.25954775997866836
2,3,Undirected,0.7678249383510004
2,4,Undirected,0.3379749547606494
2,5,Undirected,0.31859728909613344
2,6,Undirected,0.2122409737076074
2,7,Undirected,0.2173675822599449
2,8,Undirected,0.22012710185415038
3,4,Undirected,0.753542055702017
3,5,Undirected,0.2722966839731971
3,6,Undirected,0.1685129835186641
3,8,Undirected,0.18271487480538398
4,5,Undirected,0.7584275143489998
4,6,Undirected,0.31951168380356193
4,7,Undirected,0.2248917981031961
4,8,Undirected,0.22801289261284163
4,9,Undirected,0.19594515428277778
5,6,Undirected,0.7568586471329245
5,7,Undirected,0.2998612187867382
5,8,Undirected,0.18316705817206935
6,7,Undirected,0.7361302206677361
6,8,Undirected,0.24789942041604604
7,8,Undirected,0.7706702756067372
7,9,Undirected,0.22543512975017427
8,9,Undirected,0.7380928896661902
8,10,Undirected,0.20557943515531935
9,10,Undirected,0.744178586367207
9,11,Undirected,0.2950304339749135
9,12,Undirected,0.22808324554704362
9,13,Undirected,0.18394627649375567
10,11,Undirected,0.7252655093808213
11,12,Undirected,0.20644452011231265
11,13,Undirected,0.186422475960844
12,13,Undirected,0.3824990461015648
