Source,Target,Type,Weight
0,1,Undirected,0.7573579512803504
0,2,Undirected,0.3513403281904043
0,3,Undirected,0.3222571919265135
0,4,Undirected,0.3180443012548418
0,5,Undirected,0.2152723259305003
0,6,Undirected,0.3128177827525343
0,7,Undirected,0.321566690620141
0,8,Undirected,0.24988763616518794
0,12,Undirected,0.38316109842881535
0,13,Undirected,0.22478332543736856
1,2,Undirected,0.7245237128717147
1,3,Undirected,0.26518559591464225
1,7,Undirected,0.20780818584018182
1,8,Undirected,0.2541274849552165
1,12,Undirected,0.18956953208374153
2,3,Undirected,0.7303755615312919
2,4,Undirected,0.3459628386626775
2,5,Undirected,0.18864624421486303
2,6,Undirected,0.2046697628735465
2,7,Undirected,0.22151934567695716
2,8,Undirected,0.17549218769089772
2,12,Undirected,0.40487838263485293
2,13,Undirected,0.291804403923476
3,4,Undirected,0.747978762438102
3,5,Undirected,0.2132961653308907
3,6,Undirected,0.16772364090515895
3,12,Undirected,0.21953711489050948
4,5,Undirected,0.7568791338638803
4,6,Undirected,0.31911136133660994
4,7,Undirected,0.20586294840537475
4,12,Undirected,0.37007641691760157
4,13,Undirected,0.20735328025526828
5,6,Undirected,0.7367688090786385
5,7,Undirected,0.252901097151843
5,12,Undirected,0.20953569077371417
5,13,Undirected,0.1695439485160563
6,7,Undirected,0.7435400114837937
6,8,Undirected,0.2368033213747102
6,12,Undirected,0.37955393247832203
6,13,Undirected,0.2880993374745012
7,8,Undirected,0.74276182891755
7,9,Undirected,0.2386961601044587
7,12,Undirected,0.35872280673665785
7,13,Undirected,0.34172508799760926
8,9,Undirected,0.77619795129313
8,10,Undirected,0.24700703818920805
8,12,Undirected,0.20297844683864866
8,13,Undirected,0.25048424040396583
9,10,Undirected,0.7240301909409225
9,11,Undirected,0.27867925969974716
9,13,Undirected,0.1810795357308702
10,11,Undirected,0.7507772818802368
12,13,Undirected,0.3790435041541296
