Source,Target,Type,Weight
0,1,Undirected,0.7455011670051306
0,2,Undirected,0.20970999919202005
1,2,Undirected,0.731878848454476
1,3,Undirected,0.20941356070715741
1,11,Undirected,0.1702922122741173
2,3,Undirected,0.751731509713015
2,4,Undirected,0.3300239175248647
2,5,Undirected,0.3245351780616503
2,6,Undirected,0.20244747727892085
2,8,Undirected,0.23768521130519846
2,11,Undirected,0.27599263783447947
2,12,Undirected,0.38013459450807857
2,13,Undirected,0.33993814287438284
3,4,Undirected,0.7567713178116243
3,5,Undirected,0.2837510194237647
4,5,Undirected,0.7502492376641107
4,6,Undirected,0.3366622811703279
4,7,Undirected,0.20500706915197645
4,8,Undirected,0.37499499327668584
4,11,Undirected,0.20043909898211654
4,12,Undirected,0.3805999213810511
4,13,Undirected,0.2379424023701294
5,6,Undirected,0.7443042404343696
5,7,Undirected,0.20852852671303412
5,12,Undirected,0.2072218241234174
6,7,Undirected,0.7543752933918708
6,8,Undirected,0.324425379797313
6,11,Undirected,0.29049516624483046
6,12,Undirected,0.3872743521727019
6,13,Undirected,0.20499977468276948
7,8,Undirected,0.7400306665253994
7,9,Undirected,0.2518573886743726
7,11,Undirected,0.2847328152033316
7,12,Undirected,0.2121154989865316
8,9,Undirected,0.7322332823216362
8,10,Undirected,0.20992022908775002
8,11,Undirected,0.3386252408008835
8,12,Undirected,0.37802658468092054
8,13,Undirected,0.35080832708757437
9,10,Undirected,0.7468104389196427
9,11,Undirected,0.34700896887809973
9,13,Undirected,0.1849198844391805
10,11,Undirected,0.7336696645996023
11,12,Undirected,0.38124362765286657
11,13,Undirected,0.3170449740373046
12,13,Undirected,0.37610744810044083
