Source,Target,Type,Weight
0,1,Undirected,0.7419430760050022
0,2,Undirected,0.30718956785427526
0,3,Undirected,0.1721374698381114
1,2,Undirected,0.7370087678182107
1,3,Undirected,0.29959994805596296
2,3,Undirected,0.7321930175076413
2,4,Undirected,0.3084761090287664
2,8,Undirected,0.2926919067342103
2,11,Undirected,0.19790419828469036
2,12,Undirected,0.391015900160758
2,13,Undirected,0.3000177751581971
3,4,Undirected,0.7656816911831955
3,5,Undirected,0.28903066183568854
3,7,Undirected,0.16847982919616925
4,5,Undirected,0.732388950668693
4,6,Undirected,0.24925807418176596
4,7,Undirected,0.3586326603116731
4,8,Undirected,0.2555872914195681
4,9,Undirected,0.25798300818492337
4,13,Undirected,0.1853999911594395
5,6,Undirected,0.7345399007602392
5,7,Undirected,0.30414133759264705
5,8,Undirected,0.180861996344041
6,7,Undirected,0.7663555909938368
6,8,Undirected,0.21103004379084322
7,8,Undirected,0.7523901769791571
7,9,Undirected,0.274417960734251
8,9,Undirected,0.744611852601683
8,10,Undirected,0.29446042423518676
8,11,Undirected,0.32387389971740693
8,12,Undirected,0.39218374786413734
8,13,Undirected,0.30760949011371924
9,10,Undirected,0.7353333629034902
9,11,Undirected,0.31118406004333854
10,11,Undirected,0.7370500821213555
11,12,Undirected,0.376862431641355
11,13,Undirected,0.29631226760441687
12,13,Undirected,0.37911987291998583
