Source,Target,Type,Weight
0,1,Undirected,0.7397492671607319
0,2,Undirected,0.3360139869103438
0,3,Undirected,0.3207879952302879
0,4,Undirected,0.32850506099224835
0,5,Undirected,0.32699453770034564
0,6,Undirected,0.30267751319589853
0,7,Undirected,0.26553256058027513
0,11,Undirected,0.31327949608828615
0,12,Undirected,0.4006993483327711
0,13,Undirected,0.19321956286896894
1,2,Undirected,0.742967539861863
1,3,Undirected,0.25987804213870447
1,6,Undirected,0.18182226458172596
1,7,Undirected,0.19156392432229696
1,10,Undirected,0.23063375034655792
1,11,Undirected,0.3176971850236858
1,12,Undirected,0.22953992019550962
2,3,Undirected,0.7383739399296941
2,4,Undirected,0.3374665293511843
2,5,Undirected,0.1910168647378003
2,6,Undirected,0.21172371704171625
2,11,Undirected,0.21768517676582094
2,12,Undirected,0.3742250605194231
2,13,Undirected,0.20652966578201168
3,4,Undirected,0.7727118016909077
3,5,Undirected,0.34870126506865984
3,6,Undirected,0.1887308406409112
3,12,Undirected,0.20171471046755177
4,5,Undirected,0.7517735479490653
4,6,Undirected,0.33502556641296616
4,7,Undirected,0.20340605275856133
4,11,Undirected,0.20094848090797218
4,12,Undirected,0.38646992589971674
4,13,Undirected,0.28905990321950387
5,6,Undirected,0.7701655735968037
5,7,Undirected,0.2091406488095903
5,12,Undirected,0.18463227736959717
6,7,Undirected,0.7540777972456222
6,8,Undirected,0.2210451801730204
6,11,Undirected,0.27737862208632197
6,12,Undirected,0.39631965351662374
6,13,Undirected,0.31336068951687973
7,8,Undirected,0.7451274214997028
7,9,Undirected,0.2229024665659905
7,11,Undirected,0.28234495192170145
7,12,Undirected,0.22494882436556587
7,13,Undirected,0.26038736176072175
8,9,Undirected,0.7329211518574552
8,10,Undirected,0.301947948637726
8,11,Undirected,0.30594932755111076
8,12,Undirected,0.18584116986557045
8,13,Undirected,0.2524566847568806
9,10,Undirected,0.7587531589810941
9,11,Undirected,0.28041925590520883
10,11,Undirected,0.7784501853510711
11,12,Undirected,0.37868742043535963
11,13,Undirected,0.3607943851594021
12,13,Undirected,0.3573438073884381
