Source,Target,Type,Weight
0,1,Undirected,0.7789009286244007
0,2,Undirected,0.30848028355182316
0,3,Undirected,0.1675088762486674
0,13,Undirected,0.1850490335572732
1,2,Undirected,0.7421053953910703
1,3,Undirected,0.32462045223766006
2,3,Undirected,0.7509443640509205
2,4,Undirected,0.29978155556481534
2,7,Undirected,0.17091590511912677
2,8,Undirected,0.29753355185401964
2,11,Undirected,0.19595458331834426
2,12,Undirected,0.3867408938986779
2,13,Undirected,0.2890474330775166
3,4,Undirected,0.754958692226964
3,5,Undirected,0.27614080053301715
3,7,Undirected,0.17105517406029042
4,5,Undirected,0.7478943370011201
4,6,Undirected,0.255137664592622
4,7,Undirected,0.30981161509915617
4,8,Undirected,0.290814370985125
4,9,Undirected,0.28690544626638165
5,6,Undirected,0.7468086437992534
5,7,Undirected,0.28558157256752725
6,7,Undirected,0.739991106283267
6,8,Undirected,0.21513487784261107
7,8,Undirected,0.7550226337363369
7,9,Undirected,0.2632108428982999
8,9,Undirected,0.7464543762387726
8,10,Undirected,0.282388996649146
8,11,Undirected,0.3490595134126841
8,12,Undirected,0.3823788109300266
8,13,Undirected,0.31053366532509163
9,10,Undirected,0.7553240724900081
9,11,Undirected,0.31055019671936457
10,11,Undirected,0.7358912209136566
11,12,Undirected,0.3683147572078075
11,13,Undirected,0.28903436647935005
12,13,Undirected,0.3754043314617583
