Source,Target,Type,Weight
0,1,Undirected,0.7466855324319578
0,2,Undirected,0.27345887363190824
0,3,Undirected,0.21554792690196722
1,2,Undirected,0.7562311299616296
1,3,Undirected,0.21013366017086427
1,11,Undirected,0.20050358413618188
1,12,Undirected,0.16956523778082763
1,13,Undirected,0.177278634595282
2,3,Undirected,0.7442395262621744
2,4,Undirected,0.30999000846165564
2,5,Undirected,0.28328501154704616
2,6,Undirected,0.19881161552070553
2,8,Undirected,0.22562389576565733
2,11,Undirected,0.23484568442140827
2,12,Undirected,0.38091975554243934
2,13,Undirected,0.38087596393727463
3,4,Undirected,0.7564268401693415
3,5,Undirected,0.26761138420792546
4,5,Undirected,0.7490696020780263
4,6,Undirected,0.33596599764296164
4,7,Undirected,0.20509458311801756
4,8,Undirected,0.3330759342206032
4,11,Undirected,0.19925972349277643
4,12,Undirected,0.38850472461235247
4,13,Undirected,0.2198305027359419
5,6,Undirected,0.7504171589394122
5,7,Undirected,0.21331521421265995
5,12,Undirected,0.21414533154636545
6,7,Undirected,0.7279327323666565
6,8,Undirected,0.34502241701697667
6,11,Undirected,0.27885877770708933
6,12,Undirected,0.3692241168797489
6,13,Undirected,0.19217672892912446
7,8,Undirected,0.761740860339742
7,9,Undirected,0.2773479915516165
7,11,Undirected,0.2681272769429364
7,12,Undirected,0.21175009725965557
8,9,Undirected,0.7495941779662092
8,10,Undirected,0.21414268568358233
8,11,Undirected,0.3281476616909818
8,12,Undirected,0.38797045755273507
8,13,Undirected,0.2927947621878155
9,10,Undirected,0.7452516085758135
9,11,Undirected,0.3339070535101007
10,11,Undirected,0.7447566953772587
11,12,Undirected,0.39271943082468663
11,13,Undirected,0.30372798720061084
12,13,Undirected,0.3678608355448844
