Source,Target,Type,Weight
0,1,Undirected,0.7519672944827727
0,2,Undirected,0.32704532766100786
0,3,Undirected,0.34459823899565356
0,4,Undirected,0.354293803154473
0,5,Undirected,0.36571906894011064
0,6,Undirected,0.27190803043619277
0,7,Undirected,0.2531905644877135
0,11,Undirected,0.2900084666101304
0,12,Undirected,0.39068457152767927
0,13,Undirected,0.20422157827785228
1,2,Undirected,0.7332736477160461
1,3,Undirected,0.24858301946618383
1,8,Undirected,0.21161292353698735
1,10,Undirected,0.18002794394317265
1,11,Undirected,0.31623100470783627
1,12,Undirected,0.19935319946299263
2,3,Undirected,0.742513509305486
2,4,Undirected,0.3554765438929166
2,6,Undirected,0.18916549066936908
2,8,Undirected,0.18596935018044458
2,11,Undirected,0.29092035006126643
2,12,Undirected,0.3855808367159609
2,13,Undirected,0.2378386445835636
3,4,Undirected,0.7540570551855509
3,5,Undirected,0.2511604851273649
3,11,Undirected,0.19005057226269303
3,12,Undirected,0.21369473011150145
4,5,Undirected,0.7409648893071801
4,6,Undirected,0.3972322664843231
4,7,Undirected,0.20450540437305595
4,11,Undirected,0.1984087766577687
4,12,Undirected,0.35830524505824046
4,13,Undirected,0.35036641711481886
5,6,Undirected,0.7334909390967715
5,7,Undirected,0.21351884607588034
5,12,Undirected,0.18473540751113024
6,7,Undirected,0.7459981982799175
6,8,Undirected,0.24088449776523171
6,11,Undirected,0.3107479971209366
6,12,Undirected,0.3647691580374372
6,13,Undirected,0.3017374182673873
7,8,Undirected,0.7412491139321935
7,9,Undirected,0.2244179174178379
7,11,Undirected,0.29942157429507177
7,12,Undirected,0.21136884415222493
7,13,Undirected,0.2212947346750258
8,9,Undirected,0.750501013478694
8,10,Undirected,0.3153133133163234
8,11,Undirected,0.34570640114646856
8,12,Undirected,0.20379580809676381
8,13,Undirected,0.2822010896989939
9,10,Undirected,0.735414202459549
9,11,Undirected,0.292916201729072
10,11,Undirected,0.7662412089145721
11,12,Undirected,0.3788804884006296
11,13,Undirected,0.26548390365721564
12,13,Undirected,0.38397130292599896
