Source,Target,Type,Weight
0,1,Undirected,0.7362887137964957
0,2,Undirected,0.27723711791856415
0,3,Undirected,0.22309956774799172
0,4,Undirected,0.16961400526776285
1,2,Undirected,0.7440977227186161
1,3,Undirected,0.24323195537011316
1,12,Undirected,0.17257658158223727
2,3,Undirected,0.7398494813535371
2,4,Undirected,0.2830502698365459
2,7,Undirected,0.3051708596485318
2,8,Undirected,0.3862415518086517
2,9,Undirected,0.17317920262744266
2,11,Undirected,0.330687681972465
2,12,Undirected,0.39354848697954664
2,13,Undirected,0.19565553053465132
3,4,Undirected,0.7369297784407439
3,5,Undirected,0.22080539378898495
3,6,Undirected,0.20946894830437338
3,7,Undirected,0.3286328813091334
3,8,Undirected,0.19510419781331678
3,11,Undirected,0.20700294392719393
3,12,Undirected,0.3938195284273149
3,13,Undirected,0.29065750083157776
4,5,Undirected,0.7430275576103563
4,6,Undirected,0.22780244040524822
4,7,Undirected,0.2009990953300186
4,11,Undirected,0.3086123384482943
4,12,Undirected,0.39769362004010594
4,13,Undirected,0.3064616712845695
5,6,Undirected,0.7622935229829652
5,7,Undirected,0.2923002312098687
5,13,Undirected,0.22371351384507068
6,7,Undirected,0.7728521188138078
6,8,Undirected,0.276481938613593
6,9,Undirected,0.30176774589860517
6,11,Undirected,0.16769593213708778
6,12,Undirected,0.17323114455359703
6,13,Undirected,0.2704877874973922
7,8,Undirected,0.7479360138434812
7,9,Undirected,0.26385596345488616
7,11,Undirected,0.33095545058086207
7,12,Undirected,0.35802554601127073
7,13,Undirected,0.28617983277091996
8,9,Undirected,0.7514310463286189
8,10,Undirected,0.34007099136319585
8,11,Undirected,0.2841037265150491
8,12,Undirected,0.20023518529339537
8,13,Undirected,0.1923273462143881
9,10,Undirected,0.7519631826498058
9,11,Undirected,0.32252313228310986
9,13,Undirected,0.18716454837397747
10,11,Undirected,0.7387342387485051
11,12,Undirected,0.3882299506121028
11,13,Undirected,0.27990892741321033
12,13,Undirected,0.35870222150916486
