Source,Target,Type,Weight
0,1,Undirected,0.7547661856505666
0,2,Undirected,0.3200626099038539
0,3,Undirected,0.3168829320290045
0,4,Undirected,0.3288387970923161
0,5,Undirected,0.35075634194508476
0,6,Undirected,0.2683417381846225
0,7,Undirected,0.24830047270757546
0,11,Undirected,0.2818459098682597
0,12,Undirected,0.3652239364037436
0,13,Undirected,0.19135501191068957
1,2,Undirected,0.7388779751489694
1,3,Undirected,0.26547419121528937
1,11,Undirected,0.22198899365826483
1,12,Undirected,0.18464866380231046
2,3,Undirected,0.7608341395673918
2,4,Undirected,0.3453498237312072
2,5,Undirected,0.18437979379093955
2,6,Undirected,0.19868157753675816
2,11,Undirected,0.27989620700728157
2,12,Undirected,0.3860428651398002
2,13,Undirected,0.32199651003805485
3,4,Undirected,0.7435839727606319
3,5,Undirected,0.30909266433451515
3,6,Undirected,0.17355466832357846
3,12,Undirected,0.18962856653545238
4,5,Undirected,0.7260674551561638
4,6,Undirected,0.32054391611009253
4,7,Undirected,0.19490492080203184
4,11,Undirected,0.20194064665625164
4,12,Undirected,0.39220483465425593
4,13,Undirected,0.25837535324601324
5,6,Undirected,0.7345402866758638
5,7,Undirected,0.21958354815431258
5,12,Undirected,0.18073527467616085
6,7,Undirected,0.7649211503514616
6,8,Undirected,0.22024662263103698
6,11,Undirected,0.30288968602495053
6,12,Undirected,0.37809957883805456
6,13,Undirected,0.20688195167185397
7,8,Undirected,0.7592093391547231
7,9,Undirected,0.21241280007843613
7,11,Undirected,0.25502893188989556
7,12,Undirected,0.20841663928725682
8,9,Undirected,0.7333540350082107
8,10,Undirected,0.3145262186670154
8,11,Undirected,0.327395881761359
9,10,Undirected,0.7453560345383685
9,11,Undirected,0.2827186176937886
10,11,Undirected,0.736830224152138
11,12,Undirected,0.37923192926725025
11,13,Undirected,0.2723300458064375
12,13,Undirected,0.35799761539998554
