Source,Target,Type,Weight
0,1,Undirected,0.7291501045056785
0,2,Undirected,0.21427827734386534
1,2,Undirected,0.7451696510526091
1,3,Undirected,0.22025941464605292
1,13,Undirected,0.17967652002858167
2,3,Undirected,0.7643848710512947
2,4,Undirected,0.34387827886392297
2,5,Undirected,0.31313530541021856
2,6,Undirected,0.19925464969827983
2,8,Undirected,0.22678547908177246
2,11,Undirected,0.28852467677122323
2,12,Undirected,0.36769375591848485
2,13,Undirected,0.3627158582338661
3,4,Undirected,0.7598235032933263
3,5,Undirected,0.2675281034040452
3,13,Undirected,0.2026617992705477
4,5,Undirected,0.7599359083823607
4,6,Undirected,0.33271649595755753
4,7,Undirected,0.1966473540517296
4,8,Undirected,0.3550094903562322
4,11,Undirected,0.20602308096827562
4,12,Undirected,0.3953278164876887
4,13,Undirected,0.3125535555680912
5,6,Undirected,0.7563404287854493
5,7,Undirected,0.21761671042379055
5,12,Undirected,0.21285219435518732
5,13,Undirected,0.3106877583228877
6,7,Undirected,0.7785459860593941
6,8,Undirected,0.3848834536427533
6,11,Undirected,0.30202626645974257
6,12,Undirected,0.3832998297756689
6,13,Undirected,0.3089632705833701
7,8,Undirected,0.7561028481324992
7,9,Undirected,0.3042298888625913
7,10,Undirected,0.18791344457743686
7,11,Undirected,0.28335691317111505
7,12,Undirected,0.2116305410487072
7,13,Undirected,0.19499672983408534
8,9,Undirected,0.7734055544158966
8,10,Undirected,0.2171976593651287
8,11,Undirected,0.35253892419205807
8,12,Undirected,0.387521421156286
8,13,Undirected,0.19944522677142695
9,10,Undirected,0.7234595279691105
9,11,Undirected,0.30644022127267223
10,11,Undirected,0.7532444722525675
11,12,Undirected,0.3822312356884416
11,13,Undirected,0.32427054851869197
12,13,Undirected,0.3714961414233081
