Source,Target,Type,Weight
0,1,Undirected,0.7391998767737021
0,2,Undirected,0.31052617044666997
0,3,Undirected,0.3303446424723425
0,4,Undirected,0.20042168648215955
0,7,Undirected,0.16849308123710433
1,2,Undirected,0.745936505734616
1,3,Undirected,0.3201483597669391
1,4,Undirected,0.1727682586831383
2,3,Undirected,0.7770649434885557
2,4,Undirected,0.3486334997880838
2,8,Undirected,0.22012504547556686
2,11,Undirected,0.20063907092378458
2,12,Undirected,0.37487641325940263
2,13,Undirected,0.31553275318332846
3,4,Undirected,0.7445690914563339
3,5,Undirected,0.2734393702249368
4,5,Undirected,0.7322502204316699
4,6,Undirected,0.21608913808836488
4,7,Undirected,0.310084130654097
4,8,Undirected,0.34173488851361067
4,11,Undirected,0.20415599151971972
4,12,Undirected,0.37311350706435753
4,13,Undirected,0.20305291212154483
5,6,Undirected,0.7479777620251359
5,7,Undirected,0.30427663400996
5,8,Undirected,0.17008258910359753
6,7,Undirected,0.7551984097689736
6,8,Undirected,0.23603150955464408
6,9,Undirected,0.18569530768598003
7,8,Undirected,0.7214441115274508
7,9,Undirected,0.24999901652723008
8,9,Undirected,0.741779056588741
8,10,Undirected,0.3216364017553296
8,11,Undirected,0.33099893668182545
8,12,Undirected,0.3933568217421837
8,13,Undirected,0.20306500388138804
9,10,Undirected,0.7329200632460326
9,11,Undirected,0.3111012445447188
10,11,Undirected,0.7510316311989305
11,12,Undirected,0.3762666681498549
11,13,Undirected,0.3172268546877308
12,13,Undirected,0.3860023637019895
