Source,Target,Type,Weight
0,1,Undirected,0.7708296137006595
0,2,Undirected,0.33613548820581735
0,3,Undirected,0.17325183844714157
1,2,Undirected,0.7142863954823042
1,3,Undirected,0.21680498311380103
2,3,Undirected,0.7518382987243606
2,4,Undirected,0.33605846256304445
2,5,Undirected,0.19096550058064057
2,6,Undirected,0.23617956950411853
2,12,Undirected,0.39802070696411734
2,13,Undirected,0.32747438190567374
3,4,Undirected,0.7540779328183957
3,5,Undirected,0.21249844082843863
3,6,Undirected,0.23526724623997944
3,12,Undirected,0.1818214133340431
4,5,Undirected,0.7576404552124514
4,6,Undirected,0.3374412256032552
4,7,Undirected,0.16719857525567092
4,12,Undirected,0.39231022923885545
4,13,Undirected,0.20711560914339755
5,6,Undirected,0.7201156084647454
5,7,Undirected,0.2098946809416732
5,8,Undirected,0.18750871199613817
5,12,Undirected,0.21991180676176122
6,7,Undirected,0.7673043026479592
6,8,Undirected,0.28233398564764906
6,12,Undirected,0.21822145031097684
6,13,Undirected,0.18915620888439388
7,8,Undirected,0.7507575272798871
7,9,Undirected,0.20959158288441476
8,9,Undirected,0.7400512316884119
8,10,Undirected,0.24242581174971356
9,10,Undirected,0.7516892067475794
9,11,Undirected,0.21605928393644053
10,11,Undirected,0.7537147049790982
12,13,Undirected,0.38750982100819903
