Source,Target,Type,Weight
0,1,Undirected,0.7708515721135525
0,2,Undirected,0.2595838703031273
0,8,Undirected,0.21606789871734824
0,9,Undirected,0.17127566539489206
0,10,Undirected,0.1719617959250878
0,11,Undirected,0.2945944433007554
1,2,Undirected,0.7683443809180464
1,3,Undirected,0.267894540489095
1,6,Undirected,0.1708899027277495
1,8,Undirected,0.17316666169856668
1,11,Undirected,0.18690744518625665
1,12,Undirected,0.1715321726700757
2,3,Undirected,0.7341633760945795
2,4,Undirected,0.20014217940276824
2,5,Undirected,0.17001935339929747
2,6,Undirected,0.3392481224414162
2,7,Undirected,0.265457658173671
2,8,Undirected,0.2863507110493119
2,9,Undirected,0.17387094056946606
2,11,Undirected,0.29856052861741544
2,12,Undirected,0.38260623349366235
2,13,Undirected,0.295960523393017
3,4,Undirected,0.7395240800433597
3,5,Undirected,0.2356426285159276
3,6,Undirected,0.337368294939223
3,7,Undirected,0.20673427777532974
4,5,Undirected,0.7422899205432163
4,6,Undirected,0.2751212636661863
4,7,Undirected,0.18583056475903015
5,6,Undirected,0.7415538121483665
5,7,Undirected,0.245507635413051
6,7,Undirected,0.749004859160595
6,8,Undirected,0.33886659520875423
6,9,Undirected,0.17880823273363733
6,11,Undirected,0.16846346668187576
6,12,Undirected,0.19514842395337026
6,13,Undirected,0.23919069301991322
7,8,Undirected,0.7366094623922179
7,9,Undirected,0.2666275420909153
8,9,Undirected,0.74672587817607
8,10,Undirected,0.2163806099468642
8,11,Undirected,0.18250414259598155
8,13,Undirected,0.18207614971843186
9,10,Undirected,0.7620251904289015
9,11,Undirected,0.27935992184350333
10,11,Undirected,0.7523464503399888
11,12,Undirected,0.38889011998625167
11,13,Undirected,0.3442301838444967
12,13,Undirected,0.37108115958261795
