Source,Target,Type,Weight
0,1,Undirected,0.753076229885982
0,2,Undirected,0.23536208904683803
1,2,Undirected,0.7505873716832894
1,3,Undirected,0.24035013163860378
1,4,Undirected,0.22464701535169493
1,6,Undirected,0.17614033360761752
2,3,Undirected,0.7657037766322465
2,4,Undirected,0.22654549107764968
2,6,Undirected,0.1676108915046299
2,7,Undirected,0.27431680837148464
2,8,Undirected,0.22333183107326968
2,11,Undirected,0.3093028896338463
2,12,Undirected,0.38929055222069336
2,13,Undirected,0.2749642061098728
3,4,Undirected,0.7773937529985364
3,5,Undirected,0.3048542743736731
3,6,Undirected,0.30182959234010004
3,7,Undirected,0.26263326936625
3,8,Undirected,0.3009507747952119
3,11,Undirected,0.18586923642173855
3,12,Undirected,0.17056393687363267
4,5,Undirected,0.7477522705490393
4,6,Undirected,0.3381006585068916
4,7,Undirected,0.1797756353519408
4,8,Undirected,0.2385597993194315
5,6,Undirected,0.7341241194190198
5,7,Undirected,0.22975384815280667
5,8,Undirected,0.2934918867690446
6,7,Undirected,0.7429453647041152
6,8,Undirected,0.2848040806737023
7,8,Undirected,0.7399869285508308
7,9,Undirected,0.20987228940862235
8,9,Undirected,0.7610323779113752
8,10,Undirected,0.23825584369004627
9,10,Undirected,0.7479362139035259
9,11,Undirected,0.2142500377234585
10,11,Undirected,0.7697523564616384
10,12,Undirected,0.16997358994756487
11,12,Undirected,0.38240324937148273
11,13,Undirected,0.3070195735313849
12,13,Undirected,0.3828075465484972
