Source,Target,Type,Weight
0,1,Undirected,0.7393430776529832
0,2,Undirected,0.3126372394030627
0,3,Undirected,0.31677786697366367
0,4,Undirected,0.3584784828074848
0,5,Undirected,0.3366851169153466
0,6,Undirected,0.2708982811283743
0,7,Undirected,0.26026406386717543
0,11,Undirected,0.2903091998020725
0,12,Undirected,0.39636980304381253
0,13,Undirected,0.2000135240162399
1,2,Undirected,0.7479781621900012
1,3,Undirected,0.2646038399852024
1,7,Undirected,0.17606478311431914
1,11,Undirected,0.35796330399566995
1,12,Undirected,0.22577036264467848
2,3,Undirected,0.7389375292452883
2,4,Undirected,0.35373716383067727
2,6,Undirected,0.1941377428258482
2,11,Undirected,0.2761565455780988
2,12,Undirected,0.3903448307953607
2,13,Undirected,0.2178777502474972
3,4,Undirected,0.739705301533719
3,5,Undirected,0.25262659309907176
3,11,Undirected,0.1851683567830544
3,12,Undirected,0.21210775425724632
4,5,Undirected,0.7756359235796942
4,6,Undirected,0.37791840617571587
4,7,Undirected,0.20305509443023548
4,11,Undirected,0.19634247135030763
4,12,Undirected,0.38759436762888266
4,13,Undirected,0.33596233777915835
5,6,Undirected,0.7363501134904696
5,7,Undirected,0.21266589678470849
5,12,Undirected,0.18742833977428186
5,13,Undirected,0.17038745753215598
6,7,Undirected,0.7441997128278648
6,8,Undirected,0.25645149801392897
6,11,Undirected,0.29719282256954244
6,12,Undirected,0.37835391532288143
6,13,Undirected,0.35384089483368997
7,8,Undirected,0.7425351328738824
7,9,Undirected,0.23727607350024274
7,10,Undirected,0.16831364519422726
7,11,Undirected,0.2823248255656554
7,12,Undirected,0.21435900926910306
7,13,Undirected,0.23242686039118252
8,9,Undirected,0.7354132353741792
8,10,Undirected,0.3097995327196684
8,11,Undirected,0.3419148780070269
8,12,Undirected,0.20079067686447247
8,13,Undirected,0.2798464385583095
9,10,Undirected,0.7498055679128643
9,11,Undirected,0.2814836131232457
10,11,Undirected,0.7448593291974793
11,12,Undirected,0.3767927237740863
11,13,Undirected,0.277437370936315
12,13,Undirected,0.3637782879132019
