Source,Target,Type,Weight
0,1,Undirected,0.7186813273428144
0,2,Undirected,0.33356327437097977
0,3,Undirected,0.18094787206661575
0,4,Undirected,0.1695244049352681
0,5,Undirected,0.2796383685903934
0,6,Undirected,0.3434623077028901
0,7,Undirected,0.17566121771056062
1,2,Undirected,0.7515390292661487
1,3,Undirected,0.2649353087374878
1,6,Undirected,0.16932378901895723
2,3,Undirected,0.7487957919084143
2,4,Undirected,0.36229515050311667
2,5,Undirected,0.30730696473135194
2,6,Undirected,0.27894149044382066
2,7,Undirected,0.1984241139070557
2,10,Undirected,0.1866782956055981
2,11,Undirected,0.2927519684816787
2,12,Undirected,0.3914681436720224
2,13,Undirected,0.2106683055479601
3,4,Undirected,0.7438294473396635
3,5,Undirected,0.28107192822342647
3,11,Undirected,0.18331072053111327
3,12,Undirected,0.19155437068993944
4,5,Undirected,0.7367694561809406
4,6,Undirected,0.21846564478269037
4,8,Undirected,0.17419253450124408
4,11,Undirected,0.20806937127322875
4,12,Undirected,0.3922383214688438
4,13,Undirected,0.2710505166905644
5,6,Undirected,0.7487540191957405
5,7,Undirected,0.2564701117184527
5,8,Undirected,0.1978983902694271
5,12,Undirected,0.20126516265211597
5,13,Undirected,0.17964529094046017
6,7,Undirected,0.7396865166279406
6,8,Undirected,0.25336034520231054
6,12,Undirected,0.18188256580319617
7,8,Undirected,0.7506927609844173
7,9,Undirected,0.32560171983498143
7,10,Undirected,0.29885258614866644
7,11,Undirected,0.1883530113685302
7,12,Undirected,0.20959579327657032
7,13,Undirected,0.2655314511046042
8,9,Undirected,0.7293055424421062
8,10,Undirected,0.3014127934205077
8,12,Undirected,0.17492765259767504
8,13,Undirected,0.25158672898815243
9,10,Undirected,0.7856006871728423
9,11,Undirected,0.20915512440786063
9,13,Undirected,0.18141891140798294
10,11,Undirected,0.7582064384668058
10,12,Undirected,0.18872727393807656
10,13,Undirected,0.2700119977321666
11,12,Undirected,0.38494293868589785
11,13,Undirected,0.24154036529958048
12,13,Undirected,0.3805034165260596
