Source,Target,Type,Weight
0,1,Undirected,0.7461847973998927
0,2,Undirected,0.33813134942922907
0,3,Undirected,0.2084093279917366
0,4,Undirected,0.3238384661947646
0,5,Undirected,0.20167347036903474
0,11,Undirected,0.22842414232243352
0,12,Undirected,0.3771434881104107
0,13,Undirected,0.286692943353471
1,2,Undirected,0.7308232055269509
1,3,Undirected,0.2350937594025083
1,4,Undirected,0.2672783502894732
1,5,Undirected,0.25097989655518854
1,7,Undirected,0.2348543370319744
1,11,Undirected,0.2708416216335241
1,12,Undirected,0.22807285230378754
2,3,Undirected,0.7472261418267464
2,4,Undirected,0.25881143078718327
2,5,Undirected,0.19126785527481155
2,12,Undirected,0.19166305134890574
3,4,Undirected,0.7558842831167172
3,5,Undirected,0.2732186801328395
3,6,Undirected,0.21556356896413845
3,12,Undirected,0.17957691423079433
4,5,Undirected,0.7562298346565796
4,6,Undirected,0.22433423185321624
4,11,Undirected,0.3204762203478787
4,12,Undirected,0.37549977958668296
4,13,Undirected,0.32409174732442786
5,6,Undirected,0.7373097299987809
5,7,Undirected,0.2996296548708007
5,8,Undirected,0.18183955924661277
5,9,Undirected,0.19509396112134522
5,11,Undirected,0.32372596553301586
5,12,Undirected,0.23853239392276707
5,13,Undirected,0.1803075753784938
6,7,Undirected,0.7577286696954346
6,8,Undirected,0.36708981627147275
6,9,Undirected,0.26141388735099663
7,8,Undirected,0.7270864538304529
7,9,Undirected,0.25768319784647997
7,11,Undirected,0.2470183267953409
8,9,Undirected,0.7533710416647396
8,10,Undirected,0.2104382025324407
9,10,Undirected,0.7350351710042107
9,11,Undirected,0.3730850312482766
10,11,Undirected,0.7490687994113611
10,13,Undirected,0.17271168660297523
11,12,Undirected,0.3908368903528524
11,13,Undirected,0.3881746544579748
12,13,Undirected,0.3793655647682669
