Source,Target,Type,Weight
0,1,Undirected,0.762069010940094
0,2,Undirected,0.3010056116899982
0,9,Undirected,0.20988295944948798
0,10,Undirected,0.1758444175624062
0,11,Undirected,0.31228821651604977
0,12,Undirected,0.35496481414529585
0,13,Undirected,0.3385765848074084
1,2,Undirected,0.7350953955500158
1,3,Undirected,0.24276363296243467
1,7,Undirected,0.22182871135533655
1,8,Undirected,0.17409612514354417
1,9,Undirected,0.18600964696561936
1,11,Undirected,0.20054509503876686
1,12,Undirected,0.2036344117406878
1,13,Undirected,0.2882084757522167
2,3,Undirected,0.7299071254411276
2,4,Undirected,0.19909845412252505
2,6,Undirected,0.2675662467125196
2,7,Undirected,0.2623829652856339
2,8,Undirected,0.23597438203835133
2,9,Undirected,0.17770944467832261
2,11,Undirected,0.276851420242537
2,12,Undirected,0.3971666664772828
2,13,Undirected,0.27416909058415745
3,4,Undirected,0.7307045439420552
3,5,Undirected,0.2589039145977768
3,6,Undirected,0.29995154209973174
3,7,Undirected,0.26972792315742206
3,8,Undirected,0.1670219774478534
4,5,Undirected,0.7460827269997623
4,6,Undirected,0.33516485975238275
4,7,Undirected,0.17984154167141894
5,6,Undirected,0.7693909521485988
5,7,Undirected,0.2169292920725176
6,7,Undirected,0.7645618980468445
6,8,Undirected,0.2247469743608759
7,8,Undirected,0.7682118865671018
7,9,Undirected,0.24501299748228544
8,9,Undirected,0.7284530343800917
8,10,Undirected,0.25309218947977935
8,11,Undirected,0.18662601593458863
9,10,Undirected,0.7702315512934922
9,11,Undirected,0.3469581609870104
10,11,Undirected,0.756468586600132
11,12,Undirected,0.39331392287573597
11,13,Undirected,0.2096394153513505
12,13,Undirected,0.38311906466533585
