Source,Target,Type,Weight
0,1,Undirected,0.7372492716807467
0,2,Undirected,0.33698886996956634
0,12,Undirected,0.35057524777120014
0,13,Undirected,0.3094153565417867
1,2,Undirected,0.7535857183398132
1,3,Undirected,0.20323483376702137
1,6,Undirected,0.16778049533500825
1,12,Undirected,0.19526069510190017
1,13,Undirected,0.1964693356267147
2,3,Undirected,0.7472470422946981
2,4,Undirected,0.21219323503741394
2,6,Undirected,0.2769306789882423
2,7,Undirected,0.3176220510960347
2,12,Undirected,0.38867857842171055
2,13,Undirected,0.32049637423683225
3,4,Undirected,0.7573368916318443
3,5,Undirected,0.3280364320857382
3,6,Undirected,0.3605856676640084
3,7,Undirected,0.2519771170416162
4,5,Undirected,0.7558858496854939
4,6,Undirected,0.30035998334891717
4,7,Undirected,0.17343502157649857
4,8,Undirected,0.21832709024188202
5,6,Undirected,0.7466016644592723
5,7,Undirected,0.21726304866857551
5,8,Undirected,0.25373682671073167
6,7,Undirected,0.720450941430931
6,8,Undirected,0.2650860073489358
7,8,Undirected,0.7558852366795471
7,9,Undirected,0.23083544265899633
7,10,Undirected,0.21819969891248286
7,11,Undirected,0.18004346141906202
8,9,Undirected,0.767100468886811
8,10,Undirected,0.27288815233368174
9,10,Undirected,0.7455833962755174
9,11,Undirected,0.2064023798821771
10,11,Undirected,0.7279324796973797
12,13,Undirected,0.36870263263959735
