Source,Target,Type,Weight
0,1,Undirected,0.7489006786665999
0,2,Undirected,0.31094747889098395
0,3,Undirected,0.3030402473160954
0,4,Undirected,0.3078086886759124
0,5,Undirected,0.3307816203796552
0,6,Undirected,0.28586465609921036
0,7,Undirected,0.2505280927419555
0,11,Undirected,0.34944740656167006
0,12,Undirected,0.39004492259043594
0,13,Undirected,0.19670713424856334
1,2,Undirected,0.7510312277602135
1,3,Undirected,0.2870708459893039
1,6,Undirected,0.1711923922619137
1,10,Undirected,0.18513249299690215
1,11,Undirected,0.3134980815517284
1,12,Undirected,0.2098410416726911
2,3,Undirected,0.7784514856553241
2,4,Undirected,0.3369216557286186
2,5,Undirected,0.16923678933063993
2,6,Undirected,0.19928460397122527
2,10,Undirected,0.16702938699719894
2,11,Undirected,0.3255033236726748
2,12,Undirected,0.3986689945068649
2,13,Undirected,0.22383703368796712
3,4,Undirected,0.7249989218280852
3,5,Undirected,0.25899620864195483
3,11,Undirected,0.20097270639632414
3,12,Undirected,0.21221434220092925
4,5,Undirected,0.7457914026476699
4,6,Undirected,0.3529848198914831
4,7,Undirected,0.20134923976248847
4,11,Undirected,0.20652783526556304
4,12,Undirected,0.3873119020890334
4,13,Undirected,0.3000503553021186
5,6,Undirected,0.7253042633178968
5,7,Undirected,0.2051473681852504
5,12,Undirected,0.19170152526496906
6,7,Undirected,0.7306869135079392
6,8,Undirected,0.23832085184722207
6,11,Undirected,0.30314007662947123
6,12,Undirected,0.3773073202659887
6,13,Undirected,0.30515753798350304
7,8,Undirected,0.7820139389381621
7,9,Undirected,0.22083999254021403
7,11,Undirected,0.28920450392680086
7,12,Undirected,0.2148938627297658
7,13,Undirected,0.2539001478373864
8,9,Undirected,0.7442409128764486
8,10,Undirected,0.30646597060434233
8,11,Undirected,0.2934014501403384
8,12,Undirected,0.1989144817932458
8,13,Undirected,0.3024777216496548
9,10,Undirected,0.7208251113554551
9,11,Undirected,0.2945754498499172
10,11,Undirected,0.7610575792502184
11,12,Undirected,0.4044773574672642
11,13,Undirected,0.3084040029026404
12,13,Undirected,0.38413014565664916
