Source,Target,Type,Weight
0,1,Undirected,0.7424535745690023
0,2,Undirected,0.27742577331459356
1,2,Undirected,0.7317630993591256
1,3,Undirected,0.26926700420825994
2,3,Undirected,0.7540799664158493
2,4,Undirected,0.34980266854904796
2,5,Undirected,0.35580876792116783
2,6,Undirected,0.3213619487680141
2,7,Undirected,0.19236245247010525
2,12,Undirected,0.3823588371773534
2,13,Undirected,0.20548301027546348
3,4,Undirected,0.7629131748957186
3,5,Undirected,0.2672987051737542
3,6,Undirected,0.1721066028339972
3,12,Undirected,0.19102880090156873
4,5,Undirected,0.7515198405044314
4,6,Undirected,0.3459062317327904
4,7,Undirected,0.22327802252825882
4,8,Undirected,0.28168910412298753
4,12,Undirected,0.19353197854156307
4,13,Undirected,0.18881325201897142
5,6,Undirected,0.7317806540919084
5,7,Undirected,0.22444162286608624
5,8,Undirected,0.1968729047979622
5,12,Undirected,0.16750702987311683
6,7,Undirected,0.803479268997967
6,8,Undirected,0.29212069546709457
6,12,Undirected,0.35161114927267706
6,13,Undirected,0.20252454575066797
7,8,Undirected,0.7487302275419749
7,9,Undirected,0.32126090591766576
7,10,Undirected,0.28025053142848055
7,11,Undirected,0.17776347711013984
7,12,Undirected,0.20278917894030848
7,13,Undirected,0.16927137626703195
8,9,Undirected,0.7498263448320124
8,10,Undirected,0.3063191454943347
9,10,Undirected,0.7377310101239822
9,11,Undirected,0.21758582318931552
10,11,Undirected,0.7689359909017669
11,13,Undirected,0.21171433376803808
12,13,Undirected,0.3921929890999945
