Source,Target,Type,Weight
0,1,Undirected,0.7637352907623953
0,2,Undirected,0.31642278957093567
0,3,Undirected,0.29480193753913186
0,4,Undirected,0.31436919093426163
0,5,Undirected,0.3584178902679847
0,6,Undirected,0.2882978592514188
0,7,Undirected,0.2706361915665964
0,11,Undirected,0.2758968546815033
0,12,Undirected,0.38662514081435934
0,13,Undirected,0.19067561101103211
1,2,Undirected,0.7275266666724485
1,3,Undirected,0.2801295608836572
1,11,Undirected,0.2307248172818296
1,12,Undirected,0.18745998774670833
2,3,Undirected,0.7341270747672786
2,4,Undirected,0.30989186784165834
2,5,Undirected,0.18179250717213513
2,6,Undirected,0.1943447821327706
2,11,Undirected,0.3243095120493051
2,12,Undirected,0.39698228256597035
2,13,Undirected,0.30227368429852475
3,4,Undirected,0.7677551562078133
3,5,Undirected,0.2872495181180425
3,6,Undirected,0.16855335761761753
3,12,Undirected,0.19262219532054758
4,5,Undirected,0.7498270820986843
4,6,Undirected,0.3343975770768818
4,7,Undirected,0.19650753552246414
4,11,Undirected,0.18504402087307623
4,12,Undirected,0.338090874561739
4,13,Undirected,0.23502833976336368
5,6,Undirected,0.7391173562451331
5,7,Undirected,0.2134608835072552
5,12,Undirected,0.18191643969963497
6,7,Undirected,0.7547871025699142
6,8,Undirected,0.22703302977489634
6,11,Undirected,0.28666460990262177
6,12,Undirected,0.3612551059975198
6,13,Undirected,0.1997105977503951
7,8,Undirected,0.7730576675071876
7,9,Undirected,0.22042862640034822
7,11,Undirected,0.29209170624835257
7,12,Undirected,0.2081990735266714
8,9,Undirected,0.7299082686313245
8,10,Undirected,0.3064745696057864
8,11,Undirected,0.32894585044965613
8,12,Undirected,0.17398857698859632
8,13,Undirected,0.16997119290299725
9,10,Undirected,0.733513002429389
9,11,Undirected,0.30393346469978816
10,11,Undirected,0.7510933624293763
11,12,Undirected,0.3842570821536882
11,13,Undirected,0.28169139324579323
12,13,Undirected,0.35473080091039283
