Source,Target,Type,Weight
0,1,Undirected,0.7240851879550236
0,2,Undirected,0.3401681301459981
0,3,Undirected,0.19785695969199574
0,4,Undirected,0.27707534806636697
0,5,Undirected,0.17428162034757064
0,6,Undirected,0.26542189403586947
0,12,Undirected,0.3784491962011291
0,13,Undirected,0.25067589131710655
1,2,Undirected,0.7495071105986097
1,3,Undirected,0.2080020947476583
1,4,Undirected,0.287673474628339
1,5,Undirected,0.34828202455268437
1,6,Undirected,0.3538649860788603
1,12,Undirected,0.17668133765290842
2,3,Undirected,0.7652577718253933
2,4,Undirected,0.292621743345239
2,5,Undirected,0.1790734113616705
2,12,Undirected,0.39145301793628307
2,13,Undirected,0.21297616322561264
3,4,Undirected,0.7577911645316566
3,5,Undirected,0.22152421273233533
3,12,Undirected,0.2311083957567298
4,5,Undirected,0.7510307570822582
4,6,Undirected,0.2983098776868791
4,7,Undirected,0.17200681645512675
4,8,Undirected,0.2123904488547293
5,6,Undirected,0.7349780473202888
5,7,Undirected,0.20423098535038609
5,8,Undirected,0.1847630108179404
6,7,Undirected,0.7661788521649605
6,8,Undirected,0.31183968884312663
7,8,Undirected,0.7595631651241987
7,9,Undirected,0.21074460308824483
8,9,Undirected,0.7681636989474411
8,10,Undirected,0.24589922122314095
9,10,Undirected,0.7439924612809171
9,11,Undirected,0.206414325316698
10,11,Undirected,0.7429676714691245
12,13,Undirected,0.3863477511474452
