Source,Target,Type,Weight
0,1,Undirected,0.7376500496391598
0,2,Undirected,0.3021846568900133
0,3,Undirected,0.28650836712518574
0,4,Undirected,0.33709203086684075
0,5,Undirected,0.34080080434210835
0,6,Undirected,0.3202882232355548
0,7,Undirected,0.26103954169907123
0,11,Undirected,0.31921693556752756
0,12,Undirected,0.3948686610827335
0,13,Undirected,0.2025946464791274
1,2,Undirected,0.7651217338291731
1,3,Undirected,0.257222197930094
1,6,Undirected,0.18387070188451618
1,10,Undirected,0.19886019737980618
1,11,Undirected,0.3412332515756284
1,12,Undirected,0.22245211871611684
1,13,Undirected,0.1684308999870855
2,3,Undirected,0.7654103398821601
2,4,Undirected,0.33565360881503015
2,6,Undirected,0.19295787023810673
2,8,Undirected,0.17794983722630847
2,11,Undirected,0.3045867999295885
2,12,Undirected,0.3757739585123297
2,13,Undirected,0.3631355949078816
3,4,Undirected,0.7223467714137087
3,5,Undirected,0.25268811082576814
3,11,Undirected,0.1739847085411506
3,12,Undirected,0.19767329846919396
4,5,Undirected,0.7358919310315364
4,6,Undirected,0.32701197584808783
4,7,Undirected,0.20108204406129443
4,11,Undirected,0.2073629780583946
4,12,Undirected,0.3996688915576018
4,13,Undirected,0.2995784207176104
5,6,Undirected,0.7581849204442562
5,7,Undirected,0.21374083768512925
5,12,Undirected,0.1833615758474787
6,7,Undirected,0.7459366383958083
6,8,Undirected,0.23739269569469687
6,11,Undirected,0.27467255334034
6,12,Undirected,0.37422599541896356
6,13,Undirected,0.19588658643090992
7,8,Undirected,0.7458528722456769
7,9,Undirected,0.21919379738010802
7,11,Undirected,0.2824622511916228
7,12,Undirected,0.21582236873249722
8,9,Undirected,0.7097030732281299
8,10,Undirected,0.3428138943173357
8,11,Undirected,0.3635858968369886
8,12,Undirected,0.20729671073519462
8,13,Undirected,0.28304473051289875
9,10,Undirected,0.7662887356320999
9,11,Undirected,0.2881602610045333
10,11,Undirected,0.7584465088944644
11,12,Undirected,0.39914178365190356
11,13,Undirected,0.3217261558674026
12,13,Undirected,0.3711834220294757
