Source,Target,Type,Weight
0,1,Undirected,0.7387372313311084
0,2,Undirected,0.3158946374181786
0,3,Undirected,0.32392162344485065
0,4,Undirected,0.3041889600320035
0,5,Undirected,0.2305690145180885
0,6,Undirected,0.35639133112455834
0,7,Undirected,0.2651475248749017
0,8,Undirected,0.20047082854218562
0,11,Undirected,0.3156583490624257
0,12,Undirected,0.3697029501373505
0,13,Undirected,0.20493230541710084
1,2,Undirected,0.7628477512445394
1,3,Undirected,0.2576865699242712
1,6,Undirected,0.1693706531248882
1,7,Undirected,0.18477217576771812
1,10,Undirected,0.19420623930067854
1,11,Undirected,0.27253518756456324
1,12,Undirected,0.19937321300823055
2,3,Undirected,0.7347984907765297
2,4,Undirected,0.28442748943663093
2,5,Undirected,0.17213513853370863
2,6,Undirected,0.20241549017772084
2,11,Undirected,0.3174075269472248
2,12,Undirected,0.3879699192481662
2,13,Undirected,0.21474198782192963
3,4,Undirected,0.7723683786503684
3,5,Undirected,0.3195555741454241
3,6,Undirected,0.18410150710881418
3,11,Undirected,0.17250971849474506
3,12,Undirected,0.20210908724340776
4,5,Undirected,0.7679819769854644
4,6,Undirected,0.3059864455057139
4,7,Undirected,0.1887431213203609
4,11,Undirected,0.20171422542013298
4,12,Undirected,0.3986092832547577
4,13,Undirected,0.3447085767616689
5,6,Undirected,0.7554761068278184
5,7,Undirected,0.212946362932594
5,12,Undirected,0.1853131627315142
6,7,Undirected,0.7575322853511569
6,8,Undirected,0.22749070984214895
6,11,Undirected,0.24404691458965444
6,12,Undirected,0.35810505292808636
6,13,Undirected,0.27552435829286603
7,8,Undirected,0.7491948391468979
7,9,Undirected,0.212343438440611
7,11,Undirected,0.24978620231954404
7,12,Undirected,0.21843922580000041
7,13,Undirected,0.2102143539835339
8,9,Undirected,0.7506918876563806
8,10,Undirected,0.29345714265524203
8,11,Undirected,0.36812267619655553
8,12,Undirected,0.18813914002691712
8,13,Undirected,0.2134889371983873
9,10,Undirected,0.7249811270530676
9,11,Undirected,0.2997911120593563
10,11,Undirected,0.751285547345471
11,12,Undirected,0.3871606382352219
11,13,Undirected,0.30271117608192094
12,13,Undirected,0.3876956501001798
