Source,Target,Type,Weight
0,1,Undirected,0.7638057349749778
0,2,Undirected,0.2531279158671999
0,3,Undirected,0.28533978859309994
0,4,Undirected,0.2040059308212234
0,9,Undirected,0.17892186953573866
1,2,Undirected,0.7475798766582608
1,3,Undirected,0.31892971478009663
2,3,Undirected,0.753650375414307
2,4,Undirected,0.26396147373219886
2,5,Undirected,0.2279537573284756
3,4,Undirected,0.7295569697645428
3,5,Undirected,0.2702297991611371
4,5,Undirected,0.7297720636741744
4,6,Undirected,0.34130308601394294
4,7,Undirected,0.2175775384125689
4,8,Undirected,0.2439147846540918
4,9,Undirected,0.20460616363345624
5,6,Undirected,0.7340631546081526
5,7,Undirected,0.31555466411512745
5,8,Undirected,0.188341373409329
6,7,Undirected,0.7340658525205126
6,8,Undirected,0.2638268525573939
7,8,Undirected,0.7195724532837207
7,9,Undirected,0.20444128938999317
8,9,Undirected,0.7530732552149775
8,10,Undirected,0.21257074788463343
9,10,Undirected,0.7491306766781659
9,11,Undirected,0.3140351247611402
10,11,Undirected,0.7900291756556423
11,12,Undirected,0.40291580774681585
11,13,Undirected,0.34799788362264267
12,13,Undirected,0.3939334512981768
