Source,Target,Type,Weight
0,1,Undirected,0.7485008760430337
0,2,Undirected,0.34541523742323427
0,3,Undirected,0.3307164680842709
0,4,Undirected,0.3395905275521629
0,5,Undirected,0.361051107668242
0,6,Undirected,0.33050655401995754
0,7,Undirected,0.23578359984767933
0,8,Undirected,0.20260550929178905
0,11,Undirected,0.29646821958856956
0,12,Undirected,0.3886687457176794
0,13,Undirected,0.20323625185087127
1,2,Undirected,0.767397168868291
1,3,Undirected,0.2919003387788914
1,6,Undirected,0.1777456986666818
1,11,Undirected,0.3186425262433698
1,12,Undirected,0.2154984898730244
2,3,Undirected,0.7559725659884765
2,4,Undirected,0.35130789888794905
2,5,Undirected,0.2003039968305169
2,6,Undirected,0.20031029129615052
2,8,Undirected,0.238094600151543
2,11,Undirected,0.27181759755934043
2,12,Undirected,0.39334944379880876
2,13,Undirected,0.21283845534527315
3,4,Undirected,0.7501850957395919
3,5,Undirected,0.3249171130208958
3,6,Undirected,0.18404996598789009
3,11,Undirected,0.17173561183849834
3,12,Undirected,0.1905970398980575
4,5,Undirected,0.7501427653938474
4,6,Undirected,0.2558685362952555
4,12,Undirected,0.1715359889465869
5,6,Undirected,0.7595401258112198
5,7,Undirected,0.21664853817257548
5,13,Undirected,0.16966241648756458
6,7,Undirected,0.732093652672223
6,8,Undirected,0.2425824541272465
6,11,Undirected,0.2920992123782033
6,12,Undirected,0.34118128997852193
6,13,Undirected,0.3254736446758963
7,8,Undirected,0.7567937798008806
7,9,Undirected,0.22416723951479486
7,11,Undirected,0.3001962800689843
7,12,Undirected,0.22062183917949352
7,13,Undirected,0.2674676595795425
8,9,Undirected,0.7311381255841796
8,10,Undirected,0.28322827388390387
8,11,Undirected,0.350497643003161
8,12,Undirected,0.39473157187019564
8,13,Undirected,0.3598787449258973
9,10,Undirected,0.7293841107171436
9,11,Undirected,0.32455072250247147
10,11,Undirected,0.73978834485678
11,12,Undirected,0.36918703495729527
11,13,Undirected,0.2345323850427272
12,13,Undirected,0.36722480382607553
