Source,Target,Type,Weight
0,1,Undirected,0.7239518346292122
0,2,Undirected,0.3248175956907248
0,3,Undirected,0.30409048914637316
0,4,Undirected,0.21466008832873185
0,5,Undirected,0.20462484992094168
0,6,Undirected,0.20900077265882036
0,8,Undirected,0.191484934277583
0,11,Undirected,0.3018888783963996
0,12,Undirected,0.3722829926755923
0,13,Undirected,0.38900467189129284
1,2,Undirected,0.7634924170073903
1,3,Undirected,0.23730697715681356
1,11,Undirected,0.3105724329557592
1,12,Undirected,0.22182345550086
1,13,Undirected,0.179486973202834
2,3,Undirected,0.7278171544863014
2,4,Undirected,0.3275271880963038
2,5,Undirected,0.20430720861858687
2,6,Undirected,0.1976540159357721
2,8,Undirected,0.26382655384716025
2,11,Undirected,0.27424163854106437
2,12,Undirected,0.38495201848370003
2,13,Undirected,0.28701772763718114
3,4,Undirected,0.7334529727480066
3,5,Undirected,0.32085894000908194
3,6,Undirected,0.17885050358502322
3,11,Undirected,0.1732187534819856
3,12,Undirected,0.21514048363194008
3,13,Undirected,0.2712607166571564
4,5,Undirected,0.7418617133092709
4,6,Undirected,0.31814900157454895
4,7,Undirected,0.1950994967876968
4,8,Undirected,0.34809004205990635
4,11,Undirected,0.20608711870995866
4,12,Undirected,0.390226293447325
4,13,Undirected,0.34266304889514293
5,6,Undirected,0.7334528444899764
5,7,Undirected,0.21807358997878382
5,12,Undirected,0.21149821454792483
5,13,Undirected,0.34832425325407107
6,7,Undirected,0.7894861023153663
6,8,Undirected,0.30579775751441335
6,11,Undirected,0.2968706481680254
6,12,Undirected,0.3709660258134371
6,13,Undirected,0.30702899024942504
7,8,Undirected,0.7502471575760795
7,9,Undirected,0.22027808486446318
7,11,Undirected,0.2698821799365958
7,12,Undirected,0.2060375532961949
7,13,Undirected,0.1921930552494365
8,9,Undirected,0.7260482882323962
8,10,Undirected,0.29110893917291353
8,11,Undirected,0.33850903630137325
8,12,Undirected,0.37583921484150845
8,13,Undirected,0.2074003220455211
9,10,Undirected,0.7461237376275447
9,11,Undirected,0.318785050323193
10,11,Undirected,0.7393624967840327
11,12,Undirected,0.3877195184787558
11,13,Undirected,0.20551005328958843
12,13,Undirected,0.39501332296365094
