Source,Target,Type,Weight
0,1,Undirected,0.7428629268395927
0,2,Undirected,0.30087059642806263
0,3,Undirected,0.3370979911573245
0,4,Undirected,0.3502975643138632
0,5,Undirected,0.34771285112079525
0,6,Undirected,0.29492098356964797
0,7,Undirected,0.2797777815576836
0,11,Undirected,0.2930007719878033
0,12,Undirected,0.3771327722248987
0,13,Undirected,0.1874784889166853
1,2,Undirected,0.7115843352517064
1,3,Undirected,0.24626209570646088
1,6,Undirected,0.1741277822618913
1,7,Undirected,0.16866675497504724
1,8,Undirected,0.18525974634593464
1,10,Undirected,0.2113588532582481
1,11,Undirected,0.3250079270150503
1,12,Undirected,0.20735194764708192
1,13,Undirected,0.23865533327559893
2,3,Undirected,0.7471223224379361
2,4,Undirected,0.3106339383639991
2,6,Undirected,0.19677980106506737
2,8,Undirected,0.16807264700121466
2,11,Undirected,0.30506940007657457
2,12,Undirected,0.3900388652904891
2,13,Undirected,0.3351219055405043
3,4,Undirected,0.7303150905349214
3,5,Undirected,0.2777079512008343
3,12,Undirected,0.1821921276117742
4,5,Undirected,0.7468105054057488
4,6,Undirected,0.3827823227982736
4,7,Undirected,0.2169309974616672
4,8,Undirected,0.17348698792991998
4,11,Undirected,0.19514842395337026
4,12,Undirected,0.38973102517290387
4,13,Undirected,0.3096762685193327
5,6,Undirected,0.741147079643328
5,7,Undirected,0.2157327190248477
5,12,Undirected,0.18175389065535513
6,7,Undirected,0.7731758754536019
6,8,Undirected,0.24807425174718795
6,11,Undirected,0.2944438457869115
6,12,Undirected,0.3865010515125987
6,13,Undirected,0.19897870693139574
7,8,Undirected,0.7537566944072396
7,9,Undirected,0.22551769873771935
7,10,Undirected,0.16766229425182266
7,11,Undirected,0.2891031187926429
7,12,Undirected,0.21730460685534428
8,9,Undirected,0.7467267423006507
8,10,Undirected,0.3244102990097463
8,11,Undirected,0.3643647876773359
8,12,Undirected,0.20961936202768094
8,13,Undirected,0.2908709413736421
9,10,Undirected,0.7421702642387626
9,11,Undirected,0.3048815307810624
10,11,Undirected,0.7571635359212766
11,12,Undirected,0.3712523183885454
11,13,Undirected,0.2628404944552446
12,13,Undirected,0.3431488835870384
