Source,Target,Type,Weight
0,1,Undirected,0.7236326486494506
0,2,Undirected,0.33217268750042567
0,3,Undirected,0.33411210170036715
0,4,Undirected,0.24224731924311574
0,5,Undirected,0.1803179005467097
0,6,Undirected,0.20210565919398935
0,8,Undirected,0.19388261032318174
0,11,Undirected,0.31171229420416197
0,12,Undirected,0.37530144301625284
0,13,Undirected,0.33208905295605134
1,2,Undirected,0.7399105626925994
1,3,Undirected,0.24568541144461922
1,11,Undirected,0.3278636036180261
1,12,Undirected,0.21466501020480547
1,13,Undirected,0.17033780159464262
2,3,Undirected,0.7604158451634332
2,4,Undirected,0.36270757753112454
2,5,Undirected,0.19983991096000062
2,6,Undirected,0.1961606372766309
2,8,Undirected,0.2918867692251163
2,11,Undirected,0.31481260062821353
2,12,Undirected,0.39429700219686664
2,13,Undirected,0.25858026297691855
3,4,Undirected,0.7517311728871616
3,5,Undirected,0.28874958530537737
3,6,Undirected,0.1703030817832437
3,11,Undirected,0.17237352649604978
3,12,Undirected,0.21044848670708216
3,13,Undirected,0.22587864679523834
4,5,Undirected,0.7403344943245577
4,6,Undirected,0.32282088987741236
4,7,Undirected,0.19479564566221447
4,8,Undirected,0.3388815714950316
4,11,Undirected,0.2068111373285192
4,12,Undirected,0.3851338812538514
4,13,Undirected,0.33656302897610485
5,6,Undirected,0.7479576876372394
5,7,Undirected,0.20734114390231845
5,12,Undirected,0.19538920488133876
5,13,Undirected,0.30393716478483
6,7,Undirected,0.7498261437595353
6,8,Undirected,0.30765163801254136
6,11,Undirected,0.29321969854529806
6,12,Undirected,0.3365475277946525
6,13,Undirected,0.35799749317494045
7,8,Undirected,0.7542291267967051
7,9,Undirected,0.22617609245002998
7,11,Undirected,0.27113398969636227
7,12,Undirected,0.2018226429940187
7,13,Undirected,0.21345797208249445
8,9,Undirected,0.7601987066865179
8,10,Undirected,0.3001757196055287
8,11,Undirected,0.3599263345807415
8,12,Undirected,0.38995339399889045
8,13,Undirected,0.21315184723293665
9,10,Undirected,0.7311361501185308
9,11,Undirected,0.3223644123186236
10,11,Undirected,0.7640272355785739
11,12,Undirected,0.3765122572607783
11,13,Undirected,0.22779046447204235
12,13,Undirected,0.378687215294171
