Source,Target,Type,Weight
0,1,Undirected,0.7338086123012331
0,2,Undirected,0.29657917814348667
0,3,Undirected,0.2730436819348475
1,2,Undirected,0.7667634161532582
1,3,Undirected,0.24619730796827866
2,3,Undirected,0.7611443122287463
2,4,Undirected,0.2402731376457918
2,6,Undirected,0.21834129695533314
2,7,Undirected,0.3465105758201726
2,8,Undirected,0.32453339519189955
2,11,Undirected,0.3535933362687715
2,12,Undirected,0.3919494154639283
2,13,Undirected,0.21535969136684854
3,4,Undirected,0.7642295784059753
3,5,Undirected,0.21019183099596644
3,6,Undirected,0.3058490447576978
3,7,Undirected,0.27994197598546916
3,8,Undirected,0.17627498855178192
3,11,Undirected,0.1971460917750539
3,12,Undirected,0.3715111462537978
3,13,Undirected,0.1988885053241733
4,5,Undirected,0.7362105248007207
4,6,Undirected,0.29341501721292307
4,7,Undirected,0.19715222639896018
4,11,Undirected,0.20929986534720502
4,12,Undirected,0.3914762185167524
4,13,Undirected,0.32574477067645935
5,6,Undirected,0.7488167134345638
5,7,Undirected,0.28465065092320163
5,12,Undirected,0.17886240158376848
6,7,Undirected,0.7485019446434238
6,8,Undirected,0.2774915182336887
6,9,Undirected,0.29191171542494054
6,10,Undirected,0.20591176264974403
6,11,Undirected,0.20543256780228258
6,12,Undirected,0.3700937891221842
6,13,Undirected,0.22540350967703104
7,8,Undirected,0.7748187025165836
7,9,Undirected,0.24793687608700973
7,10,Undirected,0.17134690887497134
7,11,Undirected,0.24950536796221595
7,12,Undirected,0.34064682795836904
7,13,Undirected,0.1877053409800337
8,9,Undirected,0.7156551177959898
8,10,Undirected,0.3575578709031731
8,11,Undirected,0.23402222235365103
8,12,Undirected,0.2156790714110292
9,10,Undirected,0.7501216355508278
9,11,Undirected,0.22225189605172743
9,12,Undirected,0.17057156691040826
10,11,Undirected,0.7495745525552805
10,12,Undirected,0.20021599228904474
10,13,Undirected,0.25555964938587566
11,12,Undirected,0.3771311106389571
11,13,Undirected,0.3454174846815484
12,13,Undirected,0.37041824996332734
