Source,Target,Type,Weight
0,1,Undirected,0.7354928027671043
0,2,Undirected,0.3270190638139947
0,3,Undirected,0.33124403049751394
0,4,Undirected,0.22623155111319
0,5,Undirected,0.2150135422056781
0,12,Undirected,0.3830188298463095
0,13,Undirected,0.20110433470695124
1,2,Undirected,0.7314859101068277
1,3,Undirected,0.25077419575865983
1,12,Undirected,0.18198643626788405
2,3,Undirected,0.742862992624688
2,4,Undirected,0.22879635872494278
2,5,Undirected,0.28219900113907553
2,6,Undirected,0.19989850429183487
2,12,Undirected,0.39085116722679325
2,13,Undirected,0.24334081210763123
3,4,Undirected,0.7586657350140462
3,5,Undirected,0.29339135261937377
3,6,Undirected,0.19002685916976694
3,12,Undirected,0.3443163717956538
3,13,Undirected,0.1920674299229075
4,5,Undirected,0.7456464222810166
4,6,Undirected,0.22358991570620773
4,7,Undirected,0.1711371266388232
4,12,Undirected,0.2059703096215538
5,6,Undirected,0.7477293423097137
5,7,Undirected,0.27845970231934014
5,8,Undirected,0.18183754110340422
5,11,Undirected,0.1964075844732561
5,12,Undirected,0.38163780084099813
5,13,Undirected,0.36414496468466584
6,7,Undirected,0.7287815530505481
6,8,Undirected,0.23416834668695904
6,11,Undirected,0.16883903359258753
6,12,Undirected,0.21416763811254066
6,13,Undirected,0.263889131814833
7,8,Undirected,0.7570538624456663
7,9,Undirected,0.31458703506333663
7,10,Undirected,0.22309664852697206
7,11,Undirected,0.2606804422420871
7,12,Undirected,0.19006293917148898
7,13,Undirected,0.2597742741278373
8,9,Undirected,0.7427814938264969
8,10,Undirected,0.270530059877366
8,11,Undirected,0.2516886641257195
8,13,Undirected,0.17221902043796794
9,10,Undirected,0.7412493104309671
9,11,Undirected,0.28213225945192283
10,11,Undirected,0.7450675934631008
11,12,Undirected,0.21437426010718755
11,13,Undirected,0.36493190693640554
12,13,Undirected,0.37592649439893094
