Source,Target,Type,Weight
0,1,Undirected,0.7469982428825702
0,2,Undirected,0.3470529569888247
0,3,Undirected,0.33449870381178065
0,4,Undirected,0.22772417423665267
0,5,Undirected,0.186397522345861
0,6,Undirected,0.20299648329485198
0,11,Undirected,0.33060799874639757
0,12,Undirected,0.36924007642381074
0,13,Undirected,0.20373649153495915
1,2,Undirected,0.7624497622198078
1,3,Undirected,0.2361084403381341
1,8,Undirected,0.19414566868522176
1,10,Undirected,0.2045879398053619
1,11,Undirected,0.3359833830850155
1,12,Undirected,0.20850306741756797
1,13,Undirected,0.1814035011538658
2,3,Undirected,0.7184931512129175
2,4,Undirected,0.30887333031601033
2,5,Undirected,0.18450978020116882
2,6,Undirected,0.19794404186784093
2,8,Undirected,0.17145194391728588
2,11,Undirected,0.295376412487418
2,12,Undirected,0.39642041487105834
2,13,Undirected,0.3618371436779279
3,4,Undirected,0.7411281559606531
3,5,Undirected,0.2943201864875144
3,6,Undirected,0.16950755118785304
3,11,Undirected,0.18707908027635384
3,12,Undirected,0.22510366952496477
3,13,Undirected,0.1675899829848961
4,5,Undirected,0.7506706596921757
4,6,Undirected,0.34597961887258744
4,7,Undirected,0.20305027768525905
4,8,Undirected,0.17743876860158772
4,11,Undirected,0.2170893788567579
4,12,Undirected,0.39626071876522245
4,13,Undirected,0.32962517481088593
5,6,Undirected,0.7699853063526343
5,7,Undirected,0.20869005185825668
5,12,Undirected,0.20754882610796765
6,7,Undirected,0.7536708242537915
6,8,Undirected,0.2522471917883312
6,11,Undirected,0.29792969496668137
6,12,Undirected,0.3689338356240054
6,13,Undirected,0.25120079832223924
7,8,Undirected,0.7700297644318481
7,9,Undirected,0.23615573978447085
7,11,Undirected,0.2876152023172123
7,12,Undirected,0.2132715456784981
7,13,Undirected,0.20573823869831384
8,9,Undirected,0.7597768439556108
8,10,Undirected,0.31389970486286256
8,11,Undirected,0.3430676564795336
8,12,Undirected,0.21194955097138524
8,13,Undirected,0.274470468751636
9,10,Undirected,0.7208250494156438
9,11,Undirected,0.29059940270007834
10,11,Undirected,0.7647660580798998
11,12,Undirected,0.3909118920124986
11,13,Undirected,0.32047825276367625
12,13,Undirected,0.37779933157604223
