Source,Target,Type,Weight
0,1,Undirected,0.7314672214299828
0,2,Undirected,0.2888944327864941
0,3,Undirected,0.19935105810001508
0,11,Undirected,0.17193670072548423
0,12,Undirected,0.1755467755976696
0,13,Undirected,0.3247610074697361
1,2,Undirected,0.7233274652745203
1,3,Undirected,0.21860859097638302
1,10,Undirected,0.17035580337085085
1,12,Undirected,0.17821006614198923
1,13,Undirected,0.26085475796559976
2,3,Undirected,0.7785450467223105
2,4,Undirected,0.24643178652681041
2,5,Undirected,0.20162893216423308
2,6,Undirected,0.2171624383637846
2,8,Undirected,0.23298616060304048
2,11,Undirected,0.20096294232120385
2,12,Undirected,0.3764509904233645
2,13,Undirected,0.33761052341212405
3,4,Undirected,0.7403143707567719
3,5,Undirected,0.2365502931849239
3,6,Undirected,0.1713326162448802
3,12,Undirected,0.16958483191819373
3,13,Undirected,0.19921611244207763
4,5,Undirected,0.7429891240759476
4,6,Undirected,0.2438692039474411
5,6,Undirected,0.7506508435306203
5,7,Undirected,0.32492066204642417
5,11,Undirected,0.18806672629602839
5,12,Undirected,0.1863063973530596
6,7,Undirected,0.7579874091766394
6,8,Undirected,0.2945136243053732
6,9,Undirected,0.17342795070570632
6,11,Undirected,0.296483811241577
6,12,Undirected,0.37060900147022324
6,13,Undirected,0.20887610291935238
7,8,Undirected,0.7314314413377913
7,9,Undirected,0.25023345076867526
7,10,Undirected,0.16711149473226566
7,11,Undirected,0.300285601454096
7,12,Undirected,0.20817042969238175
8,9,Undirected,0.7362304258786073
8,10,Undirected,0.2760891599348756
8,11,Undirected,0.3332185875463614
8,12,Undirected,0.40067626653338506
8,13,Undirected,0.20569471173391998
9,10,Undirected,0.7295404732555132
9,11,Undirected,0.34927228556244333
9,12,Undirected,0.17551504114303312
10,11,Undirected,0.7609446350397407
10,12,Undirected,0.21067833708582154
10,13,Undirected,0.19839882842488707
11,12,Undirected,0.4038501441343959
11,13,Undirected,0.32222238355220817
12,13,Undirected,0.3783379431471629
