Source,Target,Type,Weight
0,1,Undirected,0.7464978856543881
0,2,Undirected,0.3221718925934947
0,3,Undirected,0.29853020473958153
0,4,Undirected,0.32946655815114945
0,5,Undirected,0.34543369994364254
0,6,Undirected,0.3132104831731762
0,7,Undirected,0.2676640183208293
0,11,Undirected,0.33657053703022666
0,12,Undirected,0.3832091983276333
0,13,Undirected,0.1900147552027153
1,2,Undirected,0.7506718016723519
1,3,Undirected,0.2690866197875704
1,6,Undirected,0.1803643163926724
1,11,Undirected,0.3441616034241023
1,12,Undirected,0.2088167450726504
2,3,Undirected,0.7300630134134569
2,4,Undirected,0.3102822787065022
2,5,Undirected,0.16910741864905948
2,6,Undirected,0.21133125006927977
2,8,Undirected,0.19957073989224153
2,11,Undirected,0.31187632509017843
2,12,Undirected,0.3850124436108722
2,13,Undirected,0.3491875816449872
3,4,Undirected,0.7434980323281208
3,5,Undirected,0.28920815320329285
3,11,Undirected,0.17046483618963842
3,12,Undirected,0.18297510794050922
4,5,Undirected,0.7605304941285734
4,6,Undirected,0.326074363977567
4,7,Undirected,0.1951088446095343
4,11,Undirected,0.20511014897917906
4,12,Undirected,0.39666747810211866
4,13,Undirected,0.29678563554082255
5,6,Undirected,0.7568167893608005
5,7,Undirected,0.20990867282374165
5,12,Undirected,0.1868426346661782
6,7,Undirected,0.7622507848669474
6,8,Undirected,0.2968300788658714
6,11,Undirected,0.3033076432397417
6,12,Undirected,0.37975813134151926
6,13,Undirected,0.33535735156935303
7,8,Undirected,0.7662914656226077
7,9,Undirected,0.22551939632714998
7,11,Undirected,0.2947739260507008
7,12,Undirected,0.22293002364885442
7,13,Undirected,0.1780319564998517
8,9,Undirected,0.7217432363415605
8,10,Undirected,0.34881343418195415
8,11,Undirected,0.35671980703486544
8,12,Undirected,0.21433867819344293
8,13,Undirected,0.3134953400284726
9,10,Undirected,0.7428242472210531
9,11,Undirected,0.2996780801872988
10,11,Undirected,0.7187911884712468
11,12,Undirected,0.37915078549214254
11,13,Undirected,0.2994090918111338
12,13,Undirected,0.3573801621352232
