Source,Target,Type,Weight
0,1,Undirected,0.7249972300337287
0,2,Undirected,0.3227117517346231
0,3,Undirected,0.33822852866174186
0,4,Undirected,0.3236872420056628
0,5,Undirected,0.32358066275841857
0,6,Undirected,0.2730953452338452
0,7,Undirected,0.23320163640750952
0,11,Undirected,0.31311807689858495
0,12,Undirected,0.3785864152929161
0,13,Undirected,0.2009611706380692
1,2,Undirected,0.7297337195619444
1,3,Undirected,0.25781775363949094
1,11,Undirected,0.3358107925801282
1,12,Undirected,0.20777717913929614
1,13,Undirected,0.16758326014915986
2,3,Undirected,0.7422910371668129
2,4,Undirected,0.31034052335424345
2,6,Undirected,0.19071953437613678
2,11,Undirected,0.3246307032257625
2,12,Undirected,0.40335702587587235
2,13,Undirected,0.3777680605573972
3,4,Undirected,0.7815823062143868
3,5,Undirected,0.267413056729857
3,6,Undirected,0.1709043444288692
3,11,Undirected,0.19226150803873554
3,12,Undirected,0.21423854698563594
4,5,Undirected,0.7308598812795987
4,6,Undirected,0.38025952418058606
4,7,Undirected,0.20643868772392102
4,11,Undirected,0.19745650763640882
4,12,Undirected,0.3866866627754954
4,13,Undirected,0.28627341347497903
5,6,Undirected,0.7728747622716301
5,7,Undirected,0.21675451978452215
5,12,Undirected,0.17653256747714524
6,7,Undirected,0.7583630634164528
6,8,Undirected,0.2636752445435785
6,11,Undirected,0.27770835572087077
6,12,Undirected,0.3486414111422839
6,13,Undirected,0.20052996505657653
7,8,Undirected,0.748417401067158
7,9,Undirected,0.2329299542537402
7,11,Undirected,0.2606872632798383
7,12,Undirected,0.20198361075253138
8,9,Undirected,0.7447545795136132
8,10,Undirected,0.29838791145592786
8,11,Undirected,0.37046942069018024
8,12,Undirected,0.20286014981737138
8,13,Undirected,0.24455214168769562
9,10,Undirected,0.7504156149562701
9,11,Undirected,0.3118275868606241
10,11,Undirected,0.7691415066452384
11,12,Undirected,0.38165075372380514
11,13,Undirected,0.2904070291963232
12,13,Undirected,0.3850426279411994
