Source,Target,Type,Weight
0,1,Undirected,0.7570132127494238
0,2,Undirected,0.32814198802861433
0,3,Undirected,0.19411287312880238
0,4,Undirected,0.3451437904376919
0,12,Undirected,0.38893757726143063
0,13,Undirected,0.30412986984924617
1,2,Undirected,0.7467455541237343
1,3,Undirected,0.21308020521682514
1,12,Undirected,0.1707235467285406
2,3,Undirected,0.7371105725434965
2,4,Undirected,0.270201353704721
2,12,Undirected,0.3751766619461402
2,13,Undirected,0.3349844671597253
3,4,Undirected,0.7291502312632925
3,5,Undirected,0.22302637295112696
3,12,Undirected,0.2186635236454375
4,5,Undirected,0.7502481640688479
4,6,Undirected,0.21807445168961134
4,12,Undirected,0.3679459655157682
4,13,Undirected,0.20051278599445604
5,6,Undirected,0.7673928163589557
5,7,Undirected,0.2693382606119225
6,7,Undirected,0.7494054013490642
6,8,Undirected,0.2521292982104325
7,8,Undirected,0.74678723599161
7,9,Undirected,0.21182260188388255
7,11,Undirected,0.2842618649547671
8,9,Undirected,0.7502488350655271
8,10,Undirected,0.253285513305916
8,11,Undirected,0.288289536638745
9,10,Undirected,0.744468651825764
9,11,Undirected,0.2912077329836687
10,11,Undirected,0.7620711570977404
12,13,Undirected,0.3851769596386027
