Source,Target,Type,Weight
0,1,Undirected,0.7353351032808839
0,2,Undirected,0.2923750502679248
0,8,Undirected,0.19329808441380084
0,12,Undirected,0.2145182419862479
1,2,Undirected,0.7425972501283383
1,3,Undirected,0.2547797505477611
1,4,Undirected,0.21102127397098863
1,8,Undirected,0.1735563775276919
1,12,Undirected,0.1812257508225428
2,3,Undirected,0.749824200064483
2,4,Undirected,0.3519882833489971
2,5,Undirected,0.1698701652578401
2,8,Undirected,0.28330893004863794
2,11,Undirected,0.26148716059553156
2,12,Undirected,0.3890078468343929
2,13,Undirected,0.2581116983878788
3,4,Undirected,0.7191075346171861
3,5,Undirected,0.20996676117656565
4,5,Undirected,0.7425960668454445
4,6,Undirected,0.22206150901512853
4,7,Undirected,0.23289141217137566
4,9,Undirected,0.27610728011317864
5,6,Undirected,0.7480608721179718
5,7,Undirected,0.27042211095645313
5,9,Undirected,0.2574950713281479
6,7,Undirected,0.7541622685297356
6,8,Undirected,0.2185192760773746
6,9,Undirected,0.2638587354659383
7,8,Undirected,0.7633363058947713
7,9,Undirected,0.26412382265137796
8,9,Undirected,0.752880695278188
8,10,Undirected,0.2823888445504856
8,11,Undirected,0.3318360652443371
8,12,Undirected,0.39318218633197544
8,13,Undirected,0.2066154516860796
9,10,Undirected,0.7362101371280688
9,11,Undirected,0.29889664961425955
10,11,Undirected,0.7659500178051297
11,12,Undirected,0.3822970467916264
11,13,Undirected,0.35979341771595946
12,13,Undirected,0.36934318036201813
