Source,Target,Type,Weight
0,1,Undirected,0.7499543158226746
0,2,Undirected,0.3561604541947931
0,3,Undirected,0.34582771458996125
0,4,Undirected,0.3465664643825896
0,5,Undirected,0.21372885695044377
0,6,Undirected,0.27401666245501655
0,7,Undirected,0.33967011627391885
0,8,Undirected,0.2558682397254295
0,12,Undirected,0.3883263882819479
0,13,Undirected,0.19573335936700106
1,2,Undirected,0.7642285340502543
1,3,Undirected,0.2490362272166774
1,7,Undirected,0.2338969130298909
1,8,Undirected,0.2894845891342236
1,12,Undirected,0.20058861844918072
2,3,Undirected,0.7375938159158009
2,4,Undirected,0.3694944450792131
2,5,Undirected,0.20762370263154117
2,6,Undirected,0.2025760356106143
2,7,Undirected,0.20258940142986645
2,8,Undirected,0.17041607681543147
2,12,Undirected,0.3842863031469338
2,13,Undirected,0.2797142506548867
3,4,Undirected,0.7434589570916661
3,5,Undirected,0.2124030329400364
3,7,Undirected,0.16731444122941752
3,12,Undirected,0.21340351700546048
4,5,Undirected,0.7274139300076994
4,6,Undirected,0.32000983916970716
4,7,Undirected,0.2112917108421062
4,12,Undirected,0.38580999140498984
4,13,Undirected,0.3360975904094284
5,6,Undirected,0.7447562986519095
5,7,Undirected,0.2394419955844022
5,12,Undirected,0.21098412180376439
5,13,Undirected,0.2363860200371382
6,7,Undirected,0.7666038629538118
6,8,Undirected,0.23297363345094482
6,12,Undirected,0.374266167122092
6,13,Undirected,0.2643878597658326
7,8,Undirected,0.7354330288947772
7,9,Undirected,0.23688359240857232
7,12,Undirected,0.3520132160723594
7,13,Undirected,0.19873015235253103
8,9,Undirected,0.7589074695762404
8,10,Undirected,0.25092278031244863
8,12,Undirected,0.2039764054239591
9,10,Undirected,0.7576631056914006
9,11,Undirected,0.28876853072497544
10,11,Undirected,0.7670987853412085
12,13,Undirected,0.382044099303863
