Source,Target,Type,Weight
0,1,Undirected,0.7346585245871633
0,2,Undirected,0.25536144053839976
0,8,Undirected,0.19687061309345336
0,9,Undirected,0.39036027064506224
0,10,Undirected,0.3467105349626941
0,11,Undirected,0.33786303345503793
1,2,Undirected,0.7650331152885547
1,3,Undirected,0.24784308238193858
1,8,Undirected,0.18291010781145733
1,9,Undirected,0.27353671886030717
1,10,Undirected,0.19831353982356953
1,11,Undirected,0.21217086559843631
1,12,Undirected,0.16788738446970924
2,3,Undirected,0.7632693512243999
2,4,Undirected,0.20199545875459224
2,6,Undirected,0.2643338240023555
2,7,Undirected,0.2165689354430734
2,8,Undirected,0.30463177416118126
2,9,Undirected,0.2597664711375095
2,10,Undirected,0.23681923216731934
2,11,Undirected,0.2534050267345885
2,12,Undirected,0.38129911574834846
2,13,Undirected,0.28638723425494766
3,4,Undirected,0.7292086078279929
3,5,Undirected,0.23970341566897493
3,6,Undirected,0.31117655682351675
3,7,Undirected,0.19999012042213643
3,8,Undirected,0.1973788817268544
3,9,Undirected,0.1683862038664676
4,5,Undirected,0.7307843052359235
4,6,Undirected,0.3084218505087489
4,7,Undirected,0.19672198809697794
5,6,Undirected,0.7642500483543531
5,7,Undirected,0.21533434985958588
6,7,Undirected,0.7399099753240092
6,8,Undirected,0.3169082873141907
6,9,Undirected,0.18785114847379092
6,12,Undirected,0.1745514012873086
7,8,Undirected,0.7583601153911175
7,9,Undirected,0.2215498619032004
8,9,Undirected,0.7780985403176189
8,10,Undirected,0.24658231348699264
9,10,Undirected,0.7350367811577848
9,11,Undirected,0.23702216849958438
10,11,Undirected,0.7423305809448489
10,12,Undirected,0.1726423168911883
10,13,Undirected,0.2545898111243192
11,12,Undirected,0.39667258007069983
11,13,Undirected,0.3664307695667842
12,13,Undirected,0.37959202697315403
