Source,Target,Type,Weight
0,1,Undirected,0.7324282777849859
0,2,Undirected,0.25251705555628806
0,3,Undirected,0.20325612680247107
0,4,Undirected,0.19578286089632363
0,9,Undirected,0.19053549677053475
1,2,Undirected,0.7431904835987232
1,3,Undirected,0.21092568139294599
1,8,Undirected,0.19890750124746842
2,3,Undirected,0.7443424799129499
2,4,Undirected,0.24366638227427084
2,5,Undirected,0.26600457426212387
3,4,Undirected,0.7509881967858281
3,5,Undirected,0.264034320714868
4,5,Undirected,0.7265102098118191
4,6,Undirected,0.35381713518310437
4,7,Undirected,0.239749590157375
4,8,Undirected,0.23140420725693672
5,6,Undirected,0.7350341405096252
5,7,Undirected,0.31439350924151727
5,8,Undirected,0.18077603068056336
6,7,Undirected,0.7672810018785498
6,8,Undirected,0.2442559178558284
7,8,Undirected,0.730024130474436
7,9,Undirected,0.21018540577125086
8,9,Undirected,0.7385579793785751
8,10,Undirected,0.20689703479929533
9,10,Undirected,0.7377923261614879
9,11,Undirected,0.27327215451723136
9,13,Undirected,0.1666700840697042
10,11,Undirected,0.7508611497171093
11,12,Undirected,0.36894078041240613
11,13,Undirected,0.3062789274413258
12,13,Undirected,0.3849030562427962
