Source,Target,Type,Weight
0,1,Undirected,0.7649197553564894
0,2,Undirected,0.3399452236700141
0,3,Undirected,0.3226813631707078
0,4,Undirected,0.28373955976336995
0,5,Undirected,0.24622089473733647
0,6,Undirected,0.28694674397202385
0,7,Undirected,0.20167314067138922
0,8,Undirected,0.2033456615027852
0,11,Undirected,0.35418896900395586
0,12,Undirected,0.38039309153187
0,13,Undirected,inf
1,2,Undirected,0.7607898399654712
1,3,Undirected,0.2440638421010919
1,11,Undirected,0.3176526729625599
1,12,Undirected,0.20557300670146875
1,13,Undirected,inf
2,3,Undirected,0.7548512867175959
2,4,Undirected,0.36735454965938086
2,5,Undirected,0.20362832184070545
2,6,Undirected,0.2098410626693891
2,8,Undirected,0.276260060301211
2,11,Undirected,0.303141610282246
2,12,Undirected,0.37933832237712306
2,13,Undirected,inf
3,4,Undirected,0.7446748466660683
3,5,Undirected,0.31055136938859207
3,6,Undirected,0.17315379376244014
3,11,Undirected,0.17673112741904792
3,12,Undirected,0.20931271258497036
3,13,Undirected,inf
4,5,Undirected,0.7579901488301747
4,6,Undirected,0.33245332852893567
4,7,Undirected,0.19349696189345705
4,8,Undirected,0.23683787324389033
4,11,Undirected,0.19896798413077313
4,12,Undirected,0.36925294907751116
4,13,Undirected,inf
5,6,Undirected,0.7359903278858965
5,7,Undirected,0.22247335737823384
5,12,Undirected,0.19184990648795394
5,13,Undirected,inf
6,7,Undirected,0.7455818058516998
6,8,Undirected,0.2986455618213097
6,11,Undirected,0.3032569415970476
6,12,Undirected,0.37866540321602116
6,13,Undirected,inf
7,8,Undirected,0.7392408507950317
7,9,Undirected,0.21851615672839275
7,11,Undirected,0.2961739207188441
7,12,Undirected,0.21563230129000874
7,13,Undirected,inf
8,9,Undirected,0.7397483538749713
8,10,Undirected,0.3281620906212533
8,11,Undirected,0.3534472130634195
8,12,Undirected,0.39223201245325867
8,13,Undirected,inf
9,10,Undirected,0.7309221620832246
9,11,Undirected,0.3102646741632245
9,13,Undirected,inf
10,11,Undirected,0.7458548617223251
10,13,Undirected,inf
11,12,Undirected,0.39307333894504665
11,13,Undirected,inf
12,13,Undirected,inf
