Source,Target,Type,Weight
0,1,Undirected,0.7239355906266629
0,2,Undirected,0.3271100873392381
0,3,Undirected,0.326183708685711
0,4,Undirected,0.314524284629096
0,5,Undirected,0.3719500796522049
0,6,Undirected,0.31171973061459707
0,7,Undirected,0.2433195806435145
0,11,Undirected,0.2590272385627908
0,12,Undirected,0.3752142184610086
0,13,Undirected,0.19327987754851508
1,2,Undirected,0.7363877339406599
1,3,Undirected,0.3125778267220661
1,11,Undirected,0.2302895189406264
1,12,Undirected,0.18051169333174266
2,3,Undirected,0.7422076937328695
2,4,Undirected,0.31678102508921757
2,6,Undirected,0.20033267907531152
2,8,Undirected,0.1808639772926513
2,11,Undirected,0.3404058603349598
2,12,Undirected,0.38493650889360065
2,13,Undirected,0.27891451995966204
3,4,Undirected,0.7313097769501204
3,5,Undirected,0.23754489040822024
3,11,Undirected,0.171691379728017
3,12,Undirected,0.19443409917385868
4,5,Undirected,0.743437279684709
4,6,Undirected,0.37848918681346844
4,7,Undirected,0.19201643109352987
4,11,Undirected,0.2008336337958301
4,12,Undirected,0.38575013167804506
4,13,Undirected,0.29388225494630904
5,6,Undirected,0.7439326174313802
5,7,Undirected,0.2115750077909851
5,12,Undirected,0.18048256524505424
6,7,Undirected,0.7300032294297033
6,8,Undirected,0.2507756201583156
6,11,Undirected,0.2942486830098715
6,12,Undirected,0.37136641336071363
6,13,Undirected,0.26326587461644363
7,8,Undirected,0.7550663321980856
7,9,Undirected,0.21844830447132416
7,11,Undirected,0.2648797107627212
7,12,Undirected,0.20549144660980345
7,13,Undirected,0.18317492951071382
8,9,Undirected,0.7521978312663141
8,10,Undirected,0.31701981252894845
8,11,Undirected,0.3621413730604306
8,12,Undirected,0.1951226229353229
8,13,Undirected,0.29613684512713684
9,10,Undirected,0.7388556529722868
9,11,Undirected,0.29542530377331633
10,11,Undirected,0.766357341290886
11,12,Undirected,0.37263355088260397
11,13,Undirected,0.3115066478528506
12,13,Undirected,0.3772584169570854
