Source,Target,Type,Weight
0,1,Undirected,0.7466424663334315
0,2,Undirected,0.34712806690329917
0,3,Undirected,0.3428639440523221
0,4,Undirected,0.23777586719258528
0,5,Undirected,0.18340349298425354
0,6,Undirected,0.18802639315486497
0,7,Undirected,0.17071458289358724
0,11,Undirected,0.3013429336503743
0,12,Undirected,0.36025638019427525
0,13,Undirected,0.3005830702586009
1,2,Undirected,0.7427814938264969
1,3,Undirected,0.2404179415135465
1,10,Undirected,0.18149009617931758
1,11,Undirected,0.35630495556747305
1,12,Undirected,0.22334779077971698
1,13,Undirected,0.2029614349930285
2,3,Undirected,0.7628030781256336
2,4,Undirected,0.32330801682559823
2,5,Undirected,0.18754171203961825
2,6,Undirected,0.20725606533360372
2,8,Undirected,0.1763526029506689
2,11,Undirected,0.29185999946419666
2,12,Undirected,0.39976496210180684
2,13,Undirected,0.20467451693190444
3,4,Undirected,0.7515199078317069
3,5,Undirected,0.3151409834360861
3,6,Undirected,0.17746438445561902
3,11,Undirected,0.1795918926603022
3,12,Undirected,0.21896628466414708
4,5,Undirected,0.7544444285556126
4,6,Undirected,0.3618039337330888
4,7,Undirected,0.20577322294535808
4,8,Undirected,0.18070783393111092
4,11,Undirected,0.2136186971772595
4,12,Undirected,0.38690564153143014
4,13,Undirected,0.21514408120182243
5,6,Undirected,0.7469364513384535
5,7,Undirected,0.22128406361629824
5,12,Undirected,0.20626512698008037
5,13,Undirected,0.180478635615002
6,7,Undirected,0.7473932451346115
6,8,Undirected,0.3005457871321268
6,11,Undirected,0.2847154779163623
6,12,Undirected,0.35902673656537837
6,13,Undirected,0.27541097709638457
7,8,Undirected,0.7501433691211394
7,9,Undirected,0.23935082990054707
7,11,Undirected,0.2899793537773088
7,12,Undirected,0.22951695927501975
7,13,Undirected,0.3068409227063456
8,9,Undirected,0.7319371518522523
8,10,Undirected,0.3261947182217097
8,11,Undirected,0.3599521883575493
8,12,Undirected,0.22397439550520135
8,13,Undirected,0.20341262261827098
9,10,Undirected,0.7356729569102993
9,11,Undirected,0.32092186195560385
10,11,Undirected,0.7398283401626675
11,12,Undirected,0.3914515931083754
11,13,Undirected,0.304395614204999
12,13,Undirected,0.375515748359655
