Source,Target,Type,Weight
0,1,Undirected,0.7579671363559766
0,2,Undirected,0.33450817424012774
0,3,Undirected,0.29956186004004437
0,4,Undirected,0.35049565133608634
0,5,Undirected,0.334015118623314
0,6,Undirected,0.3350633298886782
0,7,Undirected,0.24542405664870764
0,8,Undirected,0.20538068178702126
0,11,Undirected,0.29778160970461975
0,12,Undirected,0.40100793506016214
0,13,Undirected,0.20749674851327038
1,2,Undirected,0.7476861557242155
1,3,Undirected,0.28235721159005134
1,6,Undirected,0.17873206757815402
1,11,Undirected,0.27660017994195246
1,12,Undirected,0.21141273858446397
2,3,Undirected,0.7553899125115128
2,4,Undirected,0.3610104288646253
2,5,Undirected,0.1750527436506244
2,6,Undirected,0.20702730242443287
2,8,Undirected,0.2100422988720334
2,11,Undirected,0.29936613779151466
2,12,Undirected,0.38322747525397033
2,13,Undirected,0.3477796533632764
3,4,Undirected,0.7584064637440541
3,5,Undirected,0.26439072629436794
3,6,Undirected,0.16916215869148155
3,12,Undirected,0.17970646643601582
4,5,Undirected,0.7584498004647655
4,6,Undirected,0.3051829167580427
5,6,Undirected,0.7392407205047763
5,7,Undirected,0.2291394672046738
6,7,Undirected,0.758249066945792
6,8,Undirected,0.2878394650224909
6,11,Undirected,0.3201345780582505
6,12,Undirected,0.3949895524642586
6,13,Undirected,0.2002263912290966
7,8,Undirected,0.7637145007291543
7,9,Undirected,0.22554015748810569
7,11,Undirected,0.29168899611039983
7,12,Undirected,0.21478078329595682
8,9,Undirected,0.7526668252404335
8,10,Undirected,0.29053710140630823
8,11,Undirected,0.33650227467554633
8,12,Undirected,0.3896443132264252
8,13,Undirected,0.33254381704406943
9,10,Undirected,0.7438101885743146
9,11,Undirected,0.29971000835254263
10,11,Undirected,0.7394431166343779
11,12,Undirected,0.37684059225991023
11,13,Undirected,0.3006114211016359
12,13,Undirected,0.3731088271737329
