Source,Target,Type,Weight
0,1,Undirected,0.7422074967256493
0,2,Undirected,0.29781808326273623
0,3,Undirected,0.2948697921536575
0,4,Undirected,0.2897709628120365
0,5,Undirected,0.34100908608708974
0,6,Undirected,0.3107794954044794
0,7,Undirected,0.18587307481979062
0,11,Undirected,0.2597533438651531
0,12,Undirected,0.39813382363968935
0,13,Undirected,0.21736402259095305
1,2,Undirected,0.7705771110541784
1,3,Undirected,0.3047959443131517
1,4,Undirected,0.17263688796035945
1,6,Undirected,0.17020089960522258
1,11,Undirected,0.3329173623108664
1,12,Undirected,0.23373549568506732
2,3,Undirected,0.7428633215503394
2,4,Undirected,0.3220164353137828
2,5,Undirected,0.194090901813133
2,6,Undirected,0.1920096274358483
2,11,Undirected,0.2690690641373356
2,12,Undirected,0.3764183544584393
2,13,Undirected,0.22992806086676706
3,4,Undirected,0.765663171140059
3,5,Undirected,0.30038566752867907
3,6,Undirected,0.168777955092222
3,11,Undirected,0.17794340503160663
3,12,Undirected,0.19956413099974096
4,5,Undirected,0.7599130529703807
4,6,Undirected,0.30491027716690694
4,7,Undirected,0.18761365481500103
4,11,Undirected,0.19746509725463374
4,12,Undirected,0.36766300736710306
4,13,Undirected,0.36130691969756135
5,6,Undirected,0.7390395420048951
5,7,Undirected,0.21244298922596025
5,12,Undirected,0.20404366354130496
5,13,Undirected,0.17939440598622347
6,7,Undirected,0.7399296200461585
6,8,Undirected,0.2519052633393358
6,11,Undirected,0.3271244506789953
6,12,Undirected,0.3571657334110287
6,13,Undirected,0.3323447177580449
7,8,Undirected,0.7215955361350969
7,9,Undirected,0.21599895520524903
7,11,Undirected,0.2922157797903333
7,12,Undirected,0.2076683789236527
7,13,Undirected,0.2593421003654146
8,9,Undirected,0.7450027464878481
8,10,Undirected,0.3105140782460972
8,11,Undirected,0.3486310366192322
8,12,Undirected,0.21863505094494684
8,13,Undirected,0.27058168394117976
9,10,Undirected,0.7331382343468896
9,11,Undirected,0.3126411311391999
10,11,Undirected,0.7384941955200386
11,12,Undirected,0.38609830193497263
11,13,Undirected,0.2708770419735986
12,13,Undirected,0.404196048821879
