Source,Target,Type,Weight
0,1,Undirected,0.7334325802846313
0,2,Undirected,0.3547860116170886
0,3,Undirected,0.3390824418310418
0,4,Undirected,0.2959640945506403
0,5,Undirected,0.34401033170067397
0,6,Undirected,0.3392792416032654
0,7,Undirected,0.22796795592025854
0,8,Undirected,0.19755525894583978
0,11,Undirected,0.32697202892331173
0,12,Undirected,0.3687953514402771
0,13,Undirected,0.18590466113508156
1,2,Undirected,0.7483338779503097
1,3,Undirected,0.28391107147203787
1,4,Undirected,0.16764323564605876
1,11,Undirected,0.3571745842291856
1,12,Undirected,0.21747663669640327
2,3,Undirected,0.7376710016499664
2,4,Undirected,0.3447846025128816
2,5,Undirected,0.20820231867160466
2,6,Undirected,0.20053934192482203
2,8,Undirected,0.2957364021881497
2,11,Undirected,0.321841345404962
2,12,Undirected,0.3827121539803833
2,13,Undirected,0.25647934900793284
3,4,Undirected,0.7453136514185787
3,5,Undirected,0.2981304509795406
3,11,Undirected,0.19655282393695545
3,12,Undirected,0.2048002800003828
4,5,Undirected,0.7479982376769579
4,6,Undirected,0.31760119889170213
4,7,Undirected,0.18739578149680758
4,8,Undirected,0.2232626432338437
4,11,Undirected,0.19058896810687986
4,12,Undirected,0.3651216570481697
4,13,Undirected,0.3436544833295002
5,6,Undirected,0.7761502646797007
5,7,Undirected,0.2277662195372543
5,12,Undirected,0.204177279237513
6,7,Undirected,0.7431709287076275
6,8,Undirected,0.2978858103352066
6,11,Undirected,0.3060263634934237
6,12,Undirected,0.3869405854925879
6,13,Undirected,0.3397549988319237
7,8,Undirected,0.7315072150875596
7,9,Undirected,0.23064752375981226
7,11,Undirected,0.29918665504531305
7,12,Undirected,0.2108944585438396
7,13,Undirected,0.1839985344355015
8,9,Undirected,0.7481879742227432
8,10,Undirected,0.30062449962263393
8,11,Undirected,0.3555749673020208
8,12,Undirected,0.39629553832289377
8,13,Undirected,0.34883617839323594
9,10,Undirected,0.7307645701742305
9,11,Undirected,0.31653657709748395
10,11,Undirected,0.7387165439729925
11,12,Undirected,0.38792348712943925
11,13,Undirected,0.1872908145827616
12,13,Undirected,0.3144900183649159
