Source,Target,Type,Weight
0,1,Undirected,0.7498255405427511
0,2,Undirected,0.2719943078583797
0,3,Undirected,0.26914999108994575
0,8,Undirected,0.2703631757235848
0,9,Undirected,0.39766209837166616
0,11,Undirected,0.19059759420923408
0,12,Undirected,0.19529873558588867
0,13,Undirected,0.35432950999459506
1,2,Undirected,0.7393023529227206
1,3,Undirected,0.2729817508590101
1,7,Undirected,0.17383682621663904
1,8,Undirected,0.22444210327141592
2,3,Undirected,0.732900084598917
2,4,Undirected,0.2979847277200272
2,5,Undirected,0.2989123699346168
2,6,Undirected,0.19543436169212455
2,7,Undirected,0.20060187679728694
2,8,Undirected,0.2157467232690718
3,4,Undirected,0.7499296433175455
3,5,Undirected,0.30382783004636554
3,6,Undirected,0.17182711495900208
4,5,Undirected,0.7754988954009352
4,6,Undirected,0.32986769284732886
4,7,Undirected,0.2330362050009923
4,8,Undirected,0.22150088556965591
5,6,Undirected,0.7451904366341331
5,7,Undirected,0.31754536598690586
5,8,Undirected,0.1828709831903433
6,7,Undirected,0.7432525788454708
6,8,Undirected,0.25299035057131924
7,8,Undirected,0.7642063943806295
7,9,Undirected,0.23426403250996108
8,9,Undirected,0.7477900652218582
8,10,Undirected,0.20775305549209933
8,11,Undirected,0.16673754685227973
9,10,Undirected,0.7501636951737423
9,11,Undirected,0.28585314197236505
9,12,Undirected,0.1769842317381883
9,13,Undirected,0.20130840016249413
10,11,Undirected,0.7416782534442481
11,12,Undirected,0.3924650304288067
11,13,Undirected,0.23269287698506924
12,13,Undirected,0.3766509500677321
