Source,Target,Type,Weight
0,1,Undirected,0.7572703016196267
0,2,Undirected,0.3513621374672999
0,3,Undirected,0.35441819464987306
0,4,Undirected,0.33949822496740234
0,5,Undirected,0.3456692488337393
0,6,Undirected,0.2745290701548313
0,7,Undirected,0.200413354837902
0,11,Undirected,0.34263248149232506
0,12,Undirected,0.3847342920723329
0,13,Undirected,0.19844580035566253
1,2,Undirected,0.7494248839985441
1,3,Undirected,0.2742147445316462
1,6,Undirected,0.17572437689401144
1,11,Undirected,0.3468027009292382
1,12,Undirected,0.2062992150770679
2,3,Undirected,0.7554751542969579
2,4,Undirected,0.3160179024652884
2,5,Undirected,0.16750765870659592
2,6,Undirected,0.21383780033646677
2,8,Undirected,0.20251670327862076
2,11,Undirected,0.33225675898230334
2,12,Undirected,0.39731094735878886
2,13,Undirected,0.35447181020889335
3,4,Undirected,0.7617202479134346
3,5,Undirected,0.26942817596919827
3,11,Undirected,0.17672569146604866
3,12,Undirected,0.19054370253277556
4,5,Undirected,0.7595377187994596
4,6,Undirected,0.3594404687093072
4,7,Undirected,0.19753332014656155
4,11,Undirected,0.20796985458932996
4,12,Undirected,0.3952318926193014
4,13,Undirected,0.29046838961356447
5,6,Undirected,0.7560999176534552
5,7,Undirected,0.2265102070177
5,12,Undirected,0.19691858368240733
6,7,Undirected,0.7518599971085783
6,8,Undirected,0.2604798916521935
6,11,Undirected,0.333470984164218
6,12,Undirected,0.39663173048926564
6,13,Undirected,0.3364712579390712
7,8,Undirected,0.753844006758942
7,9,Undirected,0.22636229027925922
7,11,Undirected,0.27422600351499044
7,12,Undirected,0.2162122483351214
7,13,Undirected,0.17630308549230814
8,9,Undirected,0.7604650648379115
8,10,Undirected,0.346109892075838
8,11,Undirected,0.34092961695505264
8,12,Undirected,0.21022430018776472
8,13,Undirected,0.31015356147169254
9,10,Undirected,0.7509867849155344
9,11,Undirected,0.2972045523278769
10,11,Undirected,0.7507567209917504
11,12,Undirected,0.38807538368473166
11,13,Undirected,0.3226319691415735
12,13,Undirected,0.3762779424883716
