Source,Target,Type,Weight
0,1,Undirected,0.7484811074861601
0,2,Undirected,0.2711978907325
0,6,Undirected,0.23968621097280976
1,2,Undirected,0.7573584982998137
1,3,Undirected,0.2692093661637981
2,3,Undirected,0.7526886390118205
2,4,Undirected,0.3413721710852195
2,5,Undirected,0.3237992657993943
2,6,Undirected,0.33456418077599864
2,7,Undirected,0.19531808882296178
2,11,Undirected,0.20482434289309578
2,12,Undirected,0.3679647523388062
2,13,Undirected,0.193509317162774
3,4,Undirected,0.7433146844694821
3,5,Undirected,0.2599991048843683
3,6,Undirected,0.17429936443106187
3,11,Undirected,0.17081020395231214
3,12,Undirected,0.20157920137936697
4,5,Undirected,0.7413102300731863
4,6,Undirected,0.2999058375364657
4,7,Undirected,0.2891320160788213
4,8,Undirected,0.26335950286553805
4,9,Undirected,0.17410640160355567
4,10,Undirected,0.1821544961191831
4,11,Undirected,0.32108066356454085
4,12,Undirected,0.3773337964648527
4,13,Undirected,0.29425227490543254
5,6,Undirected,0.7324292370357066
5,7,Undirected,0.21161142885280712
5,12,Undirected,0.18438412209933672
6,7,Undirected,0.754164031374474
6,8,Undirected,0.2729490817660126
6,11,Undirected,0.1970578214257458
6,12,Undirected,0.3673684173647387
6,13,Undirected,0.27483707549464464
7,8,Undirected,0.7435815339928994
7,9,Undirected,0.3230618808910809
7,10,Undirected,0.3020762310532744
7,11,Undirected,0.19707465430564694
7,12,Undirected,0.22439287242076575
7,13,Undirected,0.3647589751902736
8,9,Undirected,0.7412496379291544
8,10,Undirected,0.31907213185289723
8,12,Undirected,0.1707914383742094
8,13,Undirected,0.21295721809686302
9,10,Undirected,0.7469134400928997
9,11,Undirected,0.20163009529768666
9,13,Undirected,0.17447906548564188
10,11,Undirected,0.7288988308225741
10,12,Undirected,0.1824133247233294
10,13,Undirected,0.34459138769644865
11,12,Undirected,0.3755149078640588
11,13,Undirected,0.3422004192915904
12,13,Undirected,0.3791417373882589
