Source,Target,Type,Weight
0,1,Undirected,0.7422895264415725
0,2,Undirected,0.2555231087878104
0,3,Undirected,0.26338884151219705
0,4,Undirected,0.1738345495205639
0,8,Undirected,0.34949253928339724
0,9,Undirected,0.38908976384965005
0,11,Undirected,0.19859685440458644
0,12,Undirected,0.39425960517489794
0,13,Undirected,0.3536002222950616
1,2,Undirected,0.7358098246648769
1,3,Undirected,0.2747021819360712
1,7,Undirected,0.20918794179271147
1,8,Undirected,0.2667482752927595
2,3,Undirected,0.7407385037336678
2,4,Undirected,0.3453596910794557
2,5,Undirected,0.3261138636474786
2,6,Undirected,0.2147163298106845
2,7,Undirected,0.22843844934104587
2,8,Undirected,0.2316155888413334
3,4,Undirected,0.7683930839009225
3,5,Undirected,0.28874187266717916
3,6,Undirected,0.1682413379840629
3,8,Undirected,0.17159322539808053
4,5,Undirected,0.7526662849773117
4,6,Undirected,0.33709801825003516
4,7,Undirected,0.22876121852279616
4,8,Undirected,0.22488277883068145
4,9,Undirected,0.17813764769509394
5,6,Undirected,0.7664903172279696
5,7,Undirected,0.3188758138669603
5,8,Undirected,0.18897818870370808
6,7,Undirected,0.7547229972387309
6,8,Undirected,0.2705351376388045
7,8,Undirected,0.763603546985432
7,9,Undirected,0.23609788762307413
8,9,Undirected,0.7669406351614783
8,10,Undirected,0.20817383925935587
9,10,Undirected,0.7685721837897812
9,11,Undirected,0.26914999108994575
9,12,Undirected,0.21287797058456906
9,13,Undirected,0.2550814328285593
10,11,Undirected,0.7509258778517987
11,12,Undirected,0.20522730971390724
11,13,Undirected,0.27030954450922784
12,13,Undirected,0.378416212867781
