Source,Target,Type,Weight
0,1,Undirected,0.7597378279358392
0,2,Undirected,0.2848771038642741
0,3,Undirected,0.24266363102620184
0,4,Undirected,0.16982027401839336
0,13,Undirected,0.17206116302290456
1,2,Undirected,0.771194994398945
1,3,Undirected,0.25777745928391615
1,13,Undirected,0.19253403988296394
2,3,Undirected,0.7612994588703926
2,4,Undirected,0.24146836205009628
2,6,Undirected,0.19781103105653336
2,7,Undirected,0.2840234250200678
2,8,Undirected,0.26574110481237845
2,9,Undirected,0.17523968368897502
2,11,Undirected,0.359477744292376
2,12,Undirected,0.3627686566034635
2,13,Undirected,0.38100508469572447
3,4,Undirected,0.7374269164699502
3,5,Undirected,0.20639431546418133
3,6,Undirected,0.3289104849595918
3,7,Undirected,0.2741867982807367
3,8,Undirected,0.170561106997175
3,11,Undirected,0.19559545732863204
3,12,Undirected,0.37485208983214563
3,13,Undirected,0.3265077351969756
4,5,Undirected,0.7309416508952253
4,6,Undirected,0.3224627789679402
4,7,Undirected,0.22059879448393616
4,11,Undirected,0.20191053017554159
4,12,Undirected,0.37163580558671494
4,13,Undirected,0.3598263521871593
5,6,Undirected,0.7588390242587449
5,7,Undirected,0.27884589303199064
5,12,Undirected,0.17344702760055952
6,7,Undirected,0.7476238505381155
6,8,Undirected,0.2271297365897572
6,9,Undirected,0.2591650115766193
6,11,Undirected,0.20320799238466142
6,12,Undirected,0.367217923488503
6,13,Undirected,0.20712773956458524
7,8,Undirected,0.7308040413635774
7,9,Undirected,0.2949404364056694
7,11,Undirected,0.29276085726227435
7,12,Undirected,0.3669753796091269
7,13,Undirected,0.19920793749522678
8,9,Undirected,0.7548529169333237
8,10,Undirected,0.27986499927970343
8,11,Undirected,0.24089548271576702
8,12,Undirected,0.19900468808537014
9,10,Undirected,0.7433113912277891
9,11,Undirected,0.30835462092958577
9,12,Undirected,0.2008841518872977
10,11,Undirected,0.7830679157630097
11,12,Undirected,0.37733878662615383
11,13,Undirected,0.2606206235887568
12,13,Undirected,0.3910128381633685
