Source,Target,Type,Weight
0,1,Undirected,0.7655918948057333
0,2,Undirected,0.2425627014414143
0,3,Undirected,0.2657047929632483
0,4,Undirected,0.1743309071200327
0,8,Undirected,0.17966854626725168
0,9,Undirected,0.17505508159254354
0,11,Undirected,0.2902408970160291
0,12,Undirected,0.36608388718346274
0,13,Undirected,0.219227022031921
1,2,Undirected,0.7400906677696053
1,3,Undirected,0.3009891952423616
1,8,Undirected,0.29468667290049383
2,3,Undirected,0.7418815274187516
2,4,Undirected,0.33711950414070735
2,5,Undirected,0.3435696113816346
2,6,Undirected,0.20760390975853762
2,7,Undirected,0.1718146423966512
2,8,Undirected,0.24408452184491247
3,4,Undirected,0.749425687428518
3,5,Undirected,0.29771657151050396
3,6,Undirected,0.17151449654534157
3,8,Undirected,0.1729181345159406
4,5,Undirected,0.7496793226207026
4,6,Undirected,0.3379441288477738
4,7,Undirected,0.2242528627593892
4,8,Undirected,0.2560055469951894
4,9,Undirected,0.202519226102363
5,6,Undirected,0.7300633946392444
5,7,Undirected,0.3131719661368715
5,8,Undirected,0.18602758242256354
6,7,Undirected,0.7465180810607549
6,8,Undirected,0.25700491368318396
7,8,Undirected,0.7633848623235813
7,9,Undirected,0.20986096942936563
8,9,Undirected,0.7608796865925356
8,10,Undirected,0.20599610511896124
9,10,Undirected,0.7692307974459868
9,11,Undirected,0.30612119929797205
10,11,Undirected,0.7536720430938348
11,12,Undirected,0.39136268975259253
11,13,Undirected,0.19881704374700776
12,13,Undirected,0.36621944681646174
