Source,Target,Type,Weight
0,1,Undirected,0.7583816433593619
0,2,Undirected,0.344938144671573
0,3,Undirected,0.20064385073562166
0,4,Undirected,0.29430740292261015
0,5,Undirected,0.19849831809241136
0,11,Undirected,0.23589308080242827
0,12,Undirected,0.3893318189417087
0,13,Undirected,0.24022555051707753
1,2,Undirected,0.7547873063118428
1,3,Undirected,0.2749546708390669
1,4,Undirected,0.24422161371156642
1,5,Undirected,0.28424356403396284
1,6,Undirected,0.17652837704738505
1,7,Undirected,0.26123818923360614
1,11,Undirected,0.2599648124639196
1,12,Undirected,0.2166746600768731
2,3,Undirected,0.7634466261344843
2,4,Undirected,0.24979622893397865
2,5,Undirected,0.18540556406239503
2,12,Undirected,0.21548310080415506
2,13,Undirected,0.1758762269979039
3,4,Undirected,0.7543558238514375
3,5,Undirected,0.31257181681459345
3,6,Undirected,0.2705243367184048
3,7,Undirected,0.1699626247102558
3,12,Undirected,0.17411510357727883
4,5,Undirected,0.7448395541160235
4,6,Undirected,0.28836160261604904
4,10,Undirected,0.16845603760675137
4,11,Undirected,0.3196633184729371
4,12,Undirected,0.38145419370939043
4,13,Undirected,0.3612726245225694
5,6,Undirected,0.7544214951733744
5,7,Undirected,0.2983041705362557
5,8,Undirected,0.1755873124797277
5,9,Undirected,0.21235016829834688
5,10,Undirected,0.1741331174028828
5,11,Undirected,0.33808109118282487
5,12,Undirected,0.24167778837866472
5,13,Undirected,0.20851898911514316
6,7,Undirected,0.7207321516806113
6,8,Undirected,0.28880267056317743
6,9,Undirected,0.24335809364047067
6,11,Undirected,0.17514717309399902
7,8,Undirected,0.7482518418166824
7,9,Undirected,0.26032404208130433
7,11,Undirected,0.23104051696443798
8,9,Undirected,0.7426163803917452
8,10,Undirected,0.21297233499978624
9,10,Undirected,0.7317817393212144
9,11,Undirected,0.32933058947708777
10,11,Undirected,0.766875921100879
10,13,Undirected,0.18666048367106167
11,12,Undirected,0.3925070831444557
11,13,Undirected,0.2687996989456497
12,13,Undirected,0.3865848021615474
