Source,Target,Type,Weight
0,1,Undirected,0.7240661880419313
0,2,Undirected,0.25774142211580664
0,8,Undirected,0.18502377696413605
0,9,Undirected,0.28443900473366057
0,10,Undirected,0.35235323228736365
0,11,Undirected,0.3342650475512158
1,2,Undirected,0.7375100325481402
1,3,Undirected,0.24924560238783036
1,9,Undirected,0.2233556644407982
1,10,Undirected,0.19675129642858014
1,11,Undirected,0.2719068317895819
1,12,Undirected,0.18285559631410064
2,3,Undirected,0.7505854240397377
2,4,Undirected,0.2060554289213844
2,6,Undirected,0.2569564979796621
2,8,Undirected,0.2765028263343986
2,9,Undirected,0.24622858453834137
2,10,Undirected,0.26805128061580097
2,11,Undirected,0.2903140625788417
2,12,Undirected,0.4001721168753727
2,13,Undirected,0.3023310964568124
3,4,Undirected,0.7759171586248947
3,5,Undirected,0.2103246366672069
3,6,Undirected,0.22411947042387784
3,8,Undirected,0.17315944112113973
4,5,Undirected,0.77694647895464
4,6,Undirected,0.31547157061790115
4,7,Undirected,0.19837992953056702
5,6,Undirected,0.7377520965002673
5,7,Undirected,0.23657340198465848
5,13,Undirected,0.17266622530329462
6,7,Undirected,0.7400108205946987
6,8,Undirected,0.34804140081406243
6,9,Undirected,0.1968317361741124
6,12,Undirected,0.19126113944708104
6,13,Undirected,0.3088342125217379
7,8,Undirected,0.7350357506586847
7,9,Undirected,0.20789577929789652
8,9,Undirected,0.756275445701817
8,10,Undirected,0.25259531304041105
8,11,Undirected,0.173617902557992
9,10,Undirected,0.7261455158354123
9,11,Undirected,0.2459580538797921
10,11,Undirected,0.7503539950770757
11,12,Undirected,0.3756340940700864
11,13,Undirected,0.19969298833228066
12,13,Undirected,0.37530399523038765
