Source,Target,Type,Weight
0,1,Undirected,0.7451702468015432
0,2,Undirected,0.23085836319303402
1,2,Undirected,0.7683936469772891
1,3,Undirected,0.3047760777565921
1,4,Undirected,0.21508311534285784
1,8,Undirected,0.1736004550204187
1,12,Undirected,0.18112587525952367
1,13,Undirected,0.16920943850743725
2,3,Undirected,0.7450646817242077
2,4,Undirected,0.3383826738684082
2,8,Undirected,0.2117310489710435
2,11,Undirected,0.20595261056702885
2,12,Undirected,0.38415888993638025
2,13,Undirected,0.32675961007954624
3,4,Undirected,0.7380126938132661
3,5,Undirected,0.215162622733582
4,5,Undirected,0.7350959752994808
4,6,Undirected,0.21154662257562395
4,7,Undirected,0.21252774973443558
4,8,Undirected,0.17830253664374437
5,6,Undirected,0.7552604199116442
5,7,Undirected,0.30034497067838745
5,8,Undirected,0.21804248224361408
5,9,Undirected,0.22035988244542024
6,7,Undirected,0.7583576472945102
6,8,Undirected,0.24918850284567617
6,9,Undirected,0.3209396652675099
7,8,Undirected,0.7401959382882983
7,9,Undirected,0.2511248307694592
8,9,Undirected,0.7624476139291664
8,10,Undirected,0.28099316178941486
8,11,Undirected,0.3158663754640975
8,12,Undirected,0.37549107297525924
8,13,Undirected,0.28700492245509784
9,10,Undirected,0.7529004266216276
9,11,Undirected,0.32003601479506094
10,11,Undirected,0.7640930705024249
11,12,Undirected,0.36595720844621066
11,13,Undirected,0.3433533564614803
12,13,Undirected,0.378569159229414
