Source,Target,Type,Weight
0,1,Undirected,0.7463100011814829
0,2,Undirected,0.3153070081337899
0,3,Undirected,0.3137000550767709
0,4,Undirected,0.3436872328709652
0,5,Undirected,0.36133129127893565
0,6,Undirected,0.30256255662267134
0,7,Undirected,0.2546370916456493
0,11,Undirected,0.2961097709636206
0,12,Undirected,0.41559981649139877
0,13,Undirected,0.20722028844910165
1,2,Undirected,0.7332332684065097
1,3,Undirected,0.298406253299377
1,4,Undirected,0.1694978378266537
1,6,Undirected,0.18129433911635054
1,10,Undirected,0.188803698807814
1,11,Undirected,0.3472682920084488
1,12,Undirected,0.22718701758757223
1,13,Undirected,0.17620343812939115
2,3,Undirected,0.778877424460958
2,4,Undirected,0.31840904793105673
2,5,Undirected,0.17455866577260043
2,6,Undirected,0.20413023752730056
2,11,Undirected,0.2850018424570461
2,12,Undirected,0.40216458941434546
2,13,Undirected,0.2996499479258425
3,4,Undirected,0.7450065178904948
3,5,Undirected,0.30333256167767053
3,6,Undirected,0.17913321864627127
3,11,Undirected,0.18277962471273343
3,12,Undirected,0.2059714829235302
4,5,Undirected,0.7577930128381862
4,6,Undirected,0.30499555083447033
4,7,Undirected,0.18722478522936542
4,11,Undirected,0.19444614171991603
4,12,Undirected,0.3934023866745116
4,13,Undirected,0.21886722036651393
5,6,Undirected,0.7486706213863843
5,7,Undirected,0.21017954967910604
5,12,Undirected,0.19187356768574615
6,7,Undirected,0.7296355922244993
6,8,Undirected,0.2402652097362109
6,11,Undirected,0.30293831759068673
6,12,Undirected,0.39052720796915713
6,13,Undirected,0.2107600217317329
7,8,Undirected,0.743191866306745
7,9,Undirected,0.2237663625962315
7,11,Undirected,0.2819620744800533
7,12,Undirected,0.2153398997145336
7,13,Undirected,0.17717746259879125
8,9,Undirected,0.7303163621667825
8,10,Undirected,0.30139644081919853
8,11,Undirected,0.35103296139704004
8,12,Undirected,0.20401500048495044
8,13,Undirected,0.25066914966923515
9,10,Undirected,0.7382159121519855
9,11,Undirected,0.30113811042280203
10,11,Undirected,0.7449406230868322
11,12,Undirected,0.36873754260306674
11,13,Undirected,0.33565411917546467
12,13,Undirected,0.36414486984066735
