Source,Target,Type,Weight
0,1,Undirected,0.7398276224273935
0,2,Undirected,0.33948253467100586
0,3,Undirected,0.3254481124407685
0,4,Undirected,0.289489763993217
0,5,Undirected,0.31881914421127133
0,6,Undirected,0.29793172658384803
0,7,Undirected,0.22491167199466
0,11,Undirected,0.33362440496426404
0,12,Undirected,0.38898039250600214
0,13,Undirected,0.20575888866464506
1,2,Undirected,0.7514550772528156
1,3,Undirected,0.2559221330668129
1,6,Undirected,0.17148173520723584
1,11,Undirected,0.3530353579602399
1,12,Undirected,0.2222961624626552
1,13,Undirected,0.17453959052500984
2,3,Undirected,0.7616994982754496
2,4,Undirected,0.33285070569313596
2,5,Undirected,0.18007470540771428
2,6,Undirected,0.19989027324554431
2,11,Undirected,0.2816885933320667
2,12,Undirected,0.39195622818534803
2,13,Undirected,0.36435079765237494
3,4,Undirected,0.7481652861663045
3,5,Undirected,0.30584924548070125
3,6,Undirected,0.17726559781934317
3,11,Undirected,0.18337392129168426
3,12,Undirected,0.20867530833596937
4,5,Undirected,0.7172557533414146
4,6,Undirected,0.35903205331504917
4,7,Undirected,0.20424809133912564
4,8,Undirected,0.170420092868562
4,11,Undirected,0.20767557662683256
4,12,Undirected,0.3973619880604882
4,13,Undirected,0.3071427106857998
5,6,Undirected,0.7481655530766167
5,7,Undirected,0.20959246265386988
5,12,Undirected,0.19283869058686207
6,7,Undirected,0.7405569064550553
6,8,Undirected,0.219637982824235
6,11,Undirected,0.3178033424820824
6,12,Undirected,0.36540902414722076
6,13,Undirected,0.19674156908088383
7,8,Undirected,0.7249786834726002
7,9,Undirected,0.2125212239808309
7,11,Undirected,0.2971653023370492
7,12,Undirected,0.21209359638045075
8,9,Undirected,0.7449215051900517
8,10,Undirected,0.34075523077019315
8,11,Undirected,0.2967934478643742
8,12,Undirected,0.18611808793810572
8,13,Undirected,0.2295024163857007
9,10,Undirected,0.7422690337327444
9,11,Undirected,0.2720656034044525
10,11,Undirected,0.7395243408237218
11,12,Undirected,0.39772231815289677
11,13,Undirected,0.3160348086281949
12,13,Undirected,0.3665459558858872
