Source,Target,Type,Weight
0,1,Undirected,0.7557121363455246
0,2,Undirected,0.35023315453865594
0,3,Undirected,0.29814676899216846
0,4,Undirected,0.3330190763066558
0,5,Undirected,0.21784850871845074
0,6,Undirected,0.2648685538246325
0,7,Undirected,0.34679794092691363
0,8,Undirected,0.23812604186785838
0,12,Undirected,0.3982080228828646
0,13,Undirected,0.21592698757866297
1,2,Undirected,0.7482535103952692
1,3,Undirected,0.24954066783761017
1,7,Undirected,0.23521526300701087
1,8,Undirected,0.2634194440205168
1,12,Undirected,0.20907895184165068
2,3,Undirected,0.749573212974254
2,4,Undirected,0.3583470615705673
2,5,Undirected,0.19554951491943048
2,6,Undirected,0.19494217041823358
2,7,Undirected,0.1988063195161422
2,12,Undirected,0.3767232785447572
2,13,Undirected,0.3731810964465307
3,4,Undirected,0.7501428324746097
3,5,Undirected,0.21577820061432137
3,12,Undirected,0.1997750336077842
3,13,Undirected,0.1679869279276169
4,5,Undirected,0.7476224512895285
4,6,Undirected,0.29998691854300463
4,7,Undirected,0.2093805261669747
4,12,Undirected,0.38424120610380724
4,13,Undirected,0.3324519319177646
5,6,Undirected,0.7435006682423697
5,7,Undirected,0.23923298588696132
5,12,Undirected,0.2185907267130194
5,13,Undirected,0.2170976489728516
6,7,Undirected,0.7479573541847445
6,8,Undirected,0.24363295110012576
6,12,Undirected,0.3769169226217965
6,13,Undirected,0.23475377993915203
7,8,Undirected,0.7809414205121535
7,9,Undirected,0.23672628455620257
7,12,Undirected,0.36664599005424636
7,13,Undirected,0.1959013898088778
8,9,Undirected,0.7281446573089905
8,10,Undirected,0.272266582244611
8,12,Undirected,0.21500454839553335
9,10,Undirected,0.755624594932872
9,11,Undirected,0.29468557557532943
10,11,Undirected,0.7536471930788075
12,13,Undirected,0.39497318633435324
