Source,Target,Type,Weight
0,1,Undirected,0.7427806388088036
0,2,Undirected,0.3482566054981199
0,3,Undirected,0.3449462012571613
0,4,Undirected,0.32885282276243005
0,5,Undirected,0.36272592732498987
0,6,Undirected,0.2939246176541428
0,7,Undirected,0.27345985422399327
0,11,Undirected,0.3628859471744187
0,12,Undirected,0.37969068224764213
0,13,Undirected,0.2035309527081533
1,2,Undirected,0.7652792743036331
1,3,Undirected,0.2601221518022138
1,6,Undirected,0.18138393610074424
1,7,Undirected,0.17560242673840082
1,10,Undirected,0.1685820958211632
1,11,Undirected,0.35732980334569014
1,12,Undirected,0.2128088015481048
2,3,Undirected,0.7375711173032036
2,4,Undirected,0.3009903400154948
2,5,Undirected,0.17895613076589295
2,6,Undirected,0.19595009754748433
2,8,Undirected,0.19979008794794823
2,10,Undirected,0.20231777429147121
2,11,Undirected,0.3079958414028906
2,12,Undirected,0.39248023447543917
2,13,Undirected,0.21563544970819348
3,4,Undirected,0.7406999796207481
3,5,Undirected,0.29121596208829065
3,6,Undirected,0.16878652651559234
3,11,Undirected,0.17379319031999826
3,12,Undirected,0.18714128276631345
4,5,Undirected,0.7440122573964563
4,6,Undirected,0.35764775221803985
4,7,Undirected,0.21150915721878255
4,11,Undirected,0.2070304293916491
4,12,Undirected,0.38750982100819903
4,13,Undirected,0.337472177057546
5,6,Undirected,0.7514354215925281
5,7,Undirected,0.21001140007867095
5,12,Undirected,0.1865396118887479
5,13,Undirected,0.17845600706011677
6,7,Undirected,0.7466445929377419
6,8,Undirected,0.2338733330344611
6,11,Undirected,0.28136538859519694
6,12,Undirected,0.3859163441115863
6,13,Undirected,0.37103740164550325
7,8,Undirected,0.7378307430942227
7,9,Undirected,0.21819425038956347
7,11,Undirected,0.28102983738972354
7,12,Undirected,0.22761317508001971
7,13,Undirected,0.27901524999856975
8,9,Undirected,0.7517720657518081
8,10,Undirected,0.32897425668893293
8,11,Undirected,0.3506529455429631
8,12,Undirected,0.2157653910235345
8,13,Undirected,0.26363112670881905
9,10,Undirected,0.7358711445116176
9,11,Undirected,0.3267452533058162
10,11,Undirected,0.7714723790969314
10,12,Undirected,0.16966004193705203
11,12,Undirected,0.39815332519364666
11,13,Undirected,0.2727307071803022
12,13,Undirected,0.38357815533496686
