Source,Target,Type,Weight
0,1,Undirected,0.7612539306595849
0,2,Undirected,0.24965245230936184
0,3,Undirected,0.16752438473400302
0,8,Undirected,0.1932699560727479
0,9,Undirected,0.3071098314737963
0,10,Undirected,0.3458243499587704
0,11,Undirected,0.32054729674941673
1,2,Undirected,0.7519449832733949
1,3,Undirected,0.2366348250213994
1,8,Undirected,0.1695330797554503
1,9,Undirected,0.2360308454311477
1,10,Undirected,0.19712800519695908
1,11,Undirected,0.2635150854593378
1,12,Undirected,0.16810134277347272
2,3,Undirected,0.7539049138491498
2,4,Undirected,0.19878998095280706
2,5,Undirected,0.18180253029627502
2,6,Undirected,0.3043206997156469
2,7,Undirected,0.19271508895725167
2,8,Undirected,0.3043900252652987
2,9,Undirected,0.2825782581963651
2,10,Undirected,0.208642630827704
2,11,Undirected,0.3138935030700062
2,12,Undirected,0.3861139052885394
2,13,Undirected,0.31885263940904784
3,4,Undirected,0.7256683636629132
3,5,Undirected,0.2330514581885202
3,6,Undirected,0.3127248152492476
3,7,Undirected,0.211886335716183
3,8,Undirected,0.21406972062914992
3,9,Undirected,0.18340726229622892
4,5,Undirected,0.7495105259372334
4,6,Undirected,0.311392355255553
4,7,Undirected,0.19752163632883904
5,6,Undirected,0.7466834055944324
5,7,Undirected,0.23191421410555502
5,13,Undirected,0.16959592675798466
6,7,Undirected,0.7462481242845416
6,8,Undirected,0.34446912933566215
6,9,Undirected,0.19518048046284484
6,12,Undirected,0.19658127109029644
6,13,Undirected,0.286413498398618
7,8,Undirected,0.7535620248077133
7,9,Undirected,0.2159414172905981
8,9,Undirected,0.7433167921594801
8,10,Undirected,0.24654019377806807
9,10,Undirected,0.7643143896173757
9,11,Undirected,0.23700890894522292
10,11,Undirected,0.7535010377404081
11,12,Undirected,0.38106600804141816
11,13,Undirected,0.19961425936341468
12,13,Undirected,0.37081286561960736
