Source,Target,Type,Weight
0,1,Undirected,0.7408004515835273
0,2,Undirected,0.33240055532388
0,3,Undirected,0.3017119581852068
0,4,Undirected,0.32791112610779255
0,5,Undirected,0.36054806898983544
0,6,Undirected,0.3000946224065143
0,7,Undirected,0.23755056787121864
0,11,Undirected,0.2906062484129192
0,12,Undirected,0.38081188584461206
0,13,Undirected,0.19931236989086418
1,2,Undirected,0.7715860573430482
1,3,Undirected,0.27499404189978655
1,11,Undirected,0.2898623198486633
1,12,Undirected,0.20002886234938952
2,3,Undirected,0.7376295528484523
2,4,Undirected,0.29366048782755577
2,6,Undirected,0.19121194513006987
2,11,Undirected,0.32513470329616495
2,12,Undirected,0.3705419149356087
2,13,Undirected,0.3727096435318193
3,4,Undirected,0.7401500256889677
3,5,Undirected,0.24821054587567767
3,6,Undirected,0.16958547644889652
3,11,Undirected,0.18745713915909443
3,12,Undirected,0.204893562724541
4,5,Undirected,0.7423737423349803
4,6,Undirected,0.3900301242491604
4,7,Undirected,0.1996476669238638
4,11,Undirected,0.20281157510795525
4,12,Undirected,0.38405374970996614
4,13,Undirected,0.3008602588171884
5,6,Undirected,0.7178444935314388
5,7,Undirected,0.21621454433845053
5,12,Undirected,0.18416163178738346
6,7,Undirected,0.7321739731541703
6,8,Undirected,0.2305707383072167
6,11,Undirected,0.31468042857358286
6,12,Undirected,0.3592743321549407
6,13,Undirected,0.19636583796675994
7,8,Undirected,0.7464756985400018
7,9,Undirected,0.21583311926545076
7,11,Undirected,0.2967153851127585
7,12,Undirected,0.20485211325732766
8,9,Undirected,0.7460823952169516
8,10,Undirected,0.32820607844620947
8,11,Undirected,0.3287464998755729
8,12,Undirected,0.20695046594525102
8,13,Undirected,0.2541264071517645
9,10,Undirected,0.7330186917578337
9,11,Undirected,0.2928688939707805
10,11,Undirected,0.7447346116425686
11,12,Undirected,0.39271891603203246
11,13,Undirected,0.3065441183241774
12,13,Undirected,0.3755395191329516
