Source,Target,Type,Weight
0,1,Undirected,0.7346985462553716
0,2,Undirected,0.33675745505609406
0,3,Undirected,0.34676055364569064
0,4,Undirected,0.23123318181692887
0,5,Undirected,0.18696946689837193
0,6,Undirected,0.19935556828093998
0,7,Undirected,0.17201896418787013
0,11,Undirected,0.3107359336800966
0,12,Undirected,0.3828680342055106
0,13,Undirected,0.19885723692108245
1,2,Undirected,0.7608578785485647
1,3,Undirected,0.2500937932817536
1,10,Undirected,0.18366689916025558
1,11,Undirected,0.3443387029256242
1,12,Undirected,0.21649229649882898
1,13,Undirected,0.1694911254348704
2,3,Undirected,0.7514550772528156
2,4,Undirected,0.3418628200839712
2,5,Undirected,0.1961995432072212
2,6,Undirected,0.20499508565524516
2,8,Undirected,0.18803736839571097
2,11,Undirected,0.27809768185849143
2,12,Undirected,0.3782788100575548
2,13,Undirected,0.37623504284812787
3,4,Undirected,0.760088358850958
3,5,Undirected,0.33278296680932823
3,6,Undirected,0.18022730886074861
3,11,Undirected,0.1781965134814543
3,12,Undirected,0.21602256195725947
4,5,Undirected,0.7361904955814219
4,6,Undirected,0.3299809468303434
4,7,Undirected,0.19668774458744617
4,8,Undirected,0.1759023674222567
4,11,Undirected,0.20149580333974543
4,12,Undirected,0.3883108572512028
4,13,Undirected,0.39335881383434773
5,6,Undirected,0.7491316801775353
5,7,Undirected,0.21391460030143758
5,12,Undirected,0.20972415522142795
6,7,Undirected,0.7300046905580546
6,8,Undirected,0.2934052882015343
6,11,Undirected,0.29712206354664356
6,12,Undirected,0.375737602588012
6,13,Undirected,0.2888202506577002
7,8,Undirected,0.7575755906390023
7,9,Undirected,0.2340893301400371
7,11,Undirected,0.28095100044530924
7,12,Undirected,0.21727840038326085
7,13,Undirected,0.2033924408863854
8,9,Undirected,0.760593865785404
8,10,Undirected,0.3401674956127737
8,11,Undirected,0.35917824876900023
8,12,Undirected,0.2166552750960983
8,13,Undirected,0.28893469288585366
9,10,Undirected,0.7633365837394521
9,11,Undirected,0.3043438415291843
10,11,Undirected,0.7572716004914506
11,12,Undirected,0.3681488807645707
11,13,Undirected,0.292732353772327
12,13,Undirected,0.35829636872362625
