Source,Target,Type,Weight
0,1,Undirected,0.7511797224830296
0,2,Undirected,0.31525527249527957
0,3,Undirected,0.28746781214126954
0,4,Undirected,0.33317406638389435
0,5,Undirected,0.3475887714588811
0,6,Undirected,0.27836243958964096
0,7,Undirected,0.21440746447862175
0,11,Undirected,0.3028121878197608
0,12,Undirected,0.3681265210229419
0,13,Undirected,0.198222272632753
1,2,Undirected,0.7685719725379123
1,3,Undirected,0.2607368358888126
1,4,Undirected,0.16885333465593533
1,6,Undirected,0.17518042819279944
1,10,Undirected,0.17548916255143585
1,11,Undirected,0.33899885392099655
1,12,Undirected,0.22077022485559916
2,3,Undirected,0.7640511046469212
2,4,Undirected,0.2976155301756301
2,6,Undirected,0.19806297681716695
2,11,Undirected,0.31769121727739275
2,12,Undirected,0.39166173934512627
2,13,Undirected,0.21237683390864345
3,4,Undirected,0.7491743648398693
3,5,Undirected,0.25059136231044504
3,11,Undirected,0.1718748540153104
3,12,Undirected,0.19395164434010678
4,5,Undirected,0.7559088721842453
4,6,Undirected,0.3342075965601901
4,7,Undirected,0.19343083803808753
4,11,Undirected,0.202403749129809
4,12,Undirected,0.3925997778424471
4,13,Undirected,0.34071993762531355
5,6,Undirected,0.7471425516453357
5,7,Undirected,0.2149940786085222
5,12,Undirected,0.18956853820618427
5,13,Undirected,0.17480357070221098
6,7,Undirected,0.732822229496333
6,8,Undirected,0.2474239745538698
6,11,Undirected,0.3077547098319696
6,12,Undirected,0.38678297717574095
6,13,Undirected,0.35684411696117785
7,8,Undirected,0.7583160348622913
7,9,Undirected,0.2365124109266002
7,11,Undirected,0.27789117221491105
7,12,Undirected,0.21073818637813538
7,13,Undirected,0.22313405831218394
8,9,Undirected,0.7714719533986726
8,10,Undirected,0.31091129099928866
8,11,Undirected,0.36891566358315164
8,12,Undirected,0.20247145957921814
8,13,Undirected,0.25875390339049154
9,10,Undirected,0.7643408534539133
9,11,Undirected,0.3128532723803477
10,11,Undirected,0.7545066542519683
11,12,Undirected,0.38037166891708124
11,13,Undirected,0.24849471344190235
12,13,Undirected,0.3692977503085403
