Source,Target,Type,Weight
0,1,Undirected,0.7872795063886273
0,2,Undirected,0.3397255809157719
0,3,Undirected,0.2326783677170126
0,6,Undirected,0.27488817666072296
0,12,Undirected,0.37841399369879003
0,13,Undirected,0.20033585586645855
1,2,Undirected,0.7528593433456608
1,3,Undirected,0.2367609475938217
1,4,Undirected,0.17556998133333265
1,6,Undirected,0.2221783618621668
2,3,Undirected,0.7276815393946628
2,4,Undirected,0.2106715646348162
2,6,Undirected,0.1871042167218184
2,12,Undirected,0.38299392796820925
2,13,Undirected,0.3323703164262558
3,4,Undirected,0.7211994221193748
3,5,Undirected,0.2656213318620726
3,6,Undirected,0.2685669979670683
3,12,Undirected,0.22107757014882704
3,13,Undirected,0.19652200933828892
4,5,Undirected,0.7496371833128631
4,6,Undirected,0.2909067504062273
4,8,Undirected,0.2459914914461105
5,6,Undirected,0.754421834414431
5,7,Undirected,0.2372761540379732
5,8,Undirected,0.27572917652751044
6,7,Undirected,0.7732446507755576
6,8,Undirected,0.2830057512667705
7,8,Undirected,0.7776043198592034
7,9,Undirected,0.22156397616072568
8,9,Undirected,0.7379522499974268
8,10,Undirected,0.22929391994209572
9,10,Undirected,0.7628033555822737
9,11,Undirected,0.21280260401990195
10,11,Undirected,0.7445087583491564
12,13,Undirected,0.3723989454966078
