Source,Target,Type,Weight
0,1,Undirected,0.7524542240855805
0,2,Undirected,0.26961130639836905
0,8,Undirected,0.18622104958723992
0,9,Undirected,0.2838287660785733
0,10,Undirected,0.3403291849828501
0,11,Undirected,0.3131827695954277
1,2,Undirected,0.7773425337528281
1,3,Undirected,0.24850569673126716
1,8,Undirected,0.17151268705243403
1,9,Undirected,0.2702326022505639
1,10,Undirected,0.19511721303124765
1,11,Undirected,0.21176395271331552
2,3,Undirected,0.7573364813905813
2,4,Undirected,0.2051019645720594
2,6,Undirected,0.2480603723593007
2,7,Undirected,0.18580397497773082
2,8,Undirected,0.2938205141766529
2,9,Undirected,0.28925183201962246
2,10,Undirected,0.22357096589729145
2,11,Undirected,0.27150071207131937
2,12,Undirected,0.38538817601940145
2,13,Undirected,0.32359404373973844
3,4,Undirected,0.7420452639571888
3,5,Undirected,0.24464505881379894
3,6,Undirected,0.30524012884653645
3,7,Undirected,0.19222028956708107
3,8,Undirected,0.2171830387887512
3,9,Undirected,0.18900112977893968
4,5,Undirected,0.7376715854691692
4,6,Undirected,0.27748993940320965
4,7,Undirected,0.17543481592474636
5,6,Undirected,0.7153815151241738
5,7,Undirected,0.2663478344582126
5,13,Undirected,0.17210228092442345
6,7,Undirected,0.745832911750747
6,8,Undirected,0.33256396159156715
6,9,Undirected,0.19050588227171927
6,12,Undirected,0.18381078309988924
6,13,Undirected,0.22637475183698919
7,8,Undirected,0.7759399102701819
7,9,Undirected,0.20888756657248317
8,9,Undirected,0.7326432767078159
8,10,Undirected,0.23469716411920633
9,10,Undirected,0.7428018175188286
9,11,Undirected,0.23653545896790715
10,11,Undirected,0.7721143695735353
11,12,Undirected,0.39933597354557604
11,13,Undirected,0.214366349559666
12,13,Undirected,0.3921055814997914
