Source,Target,Type,Weight
0,1,Undirected,0.7424519317574337
0,2,Undirected,0.2573108498967488
0,3,Undirected,0.17839088453774463
0,8,Undirected,0.185634522650683
0,9,Undirected,0.30428330044666335
0,10,Undirected,0.3662168567861465
0,11,Undirected,0.32868946183078357
1,2,Undirected,0.7474144213263898
1,3,Undirected,0.29712204249869034
1,6,Undirected,0.16807563737083678
1,7,Undirected,0.1920275078467356
1,9,Undirected,0.3018764718020381
1,10,Undirected,0.20107697343656006
1,11,Undirected,0.2601784009641659
1,12,Undirected,0.17144661762466115
2,3,Undirected,0.7384769673156952
2,4,Undirected,0.20092289450559306
2,5,Undirected,0.17055492043746404
2,6,Undirected,0.324463577348514
2,7,Undirected,0.2531538272436667
2,8,Undirected,0.2857878154058993
2,9,Undirected,0.31134219661460316
2,10,Undirected,0.30840132707369605
2,11,Undirected,0.30551763165679147
2,12,Undirected,0.39786364415924624
2,13,Undirected,0.29270052632728566
3,4,Undirected,0.7289170717939967
3,5,Undirected,0.23439204094957997
3,6,Undirected,0.3088174085588645
3,7,Undirected,0.22124500744656508
3,8,Undirected,0.19318394734723407
3,9,Undirected,0.18625723715009246
4,5,Undirected,0.7645850339590421
4,6,Undirected,0.29798076891653547
4,7,Undirected,0.22959412518114672
5,6,Undirected,0.7550462153261293
5,7,Undirected,0.23297314171005667
6,7,Undirected,0.7571185693698419
6,8,Undirected,0.3088628676096439
6,9,Undirected,0.18994701523568977
7,8,Undirected,0.7677352007068363
7,9,Undirected,0.24983619462604006
8,9,Undirected,0.7445694218945771
8,10,Undirected,0.2579025349108561
9,10,Undirected,0.7567732294183742
9,11,Undirected,0.23144984485596684
10,11,Undirected,0.7346374860054171
10,13,Undirected,0.1892263908462571
11,12,Undirected,0.4057337221542609
11,13,Undirected,0.2980443130068438
12,13,Undirected,0.3674334905105834
