Source,Target,Type,Weight
0,1,Undirected,0.7446505203076991
0,2,Undirected,0.2882613027834237
0,3,Undirected,0.3021022748798917
0,4,Undirected,0.28681449193066183
0,5,Undirected,0.3401660058484199
0,6,Undirected,0.29939564865604723
0,7,Undirected,0.2695879119731357
0,11,Undirected,0.33196793646939304
0,12,Undirected,0.3917086317396972
0,13,Undirected,0.2026310953286531
1,2,Undirected,0.7674614794373564
1,3,Undirected,0.2742524693520232
1,6,Undirected,0.17297477060852848
1,10,Undirected,0.17187082544795454
1,11,Undirected,0.35361739381455537
1,12,Undirected,0.2223227213466713
2,3,Undirected,0.7557126129094971
2,4,Undirected,0.3204443662109566
2,5,Undirected,0.16985145432764637
2,6,Undirected,0.19192868860523166
2,11,Undirected,0.3147751059606009
2,12,Undirected,0.3996136395380367
2,13,Undirected,0.21383115027926547
3,4,Undirected,0.7744483078912391
3,5,Undirected,0.2989861369307156
3,6,Undirected,0.1706979223897605
3,11,Undirected,0.19292579417662076
3,12,Undirected,0.21851984531124993
4,5,Undirected,0.7501848273863794
4,6,Undirected,0.32874124350961414
4,7,Undirected,0.19263353671217032
4,11,Undirected,0.19791857972520663
4,12,Undirected,0.3858099204281021
4,13,Undirected,0.34355131943959816
5,6,Undirected,0.74360111049858
5,7,Undirected,0.21324053517563055
5,12,Undirected,0.19241088131742265
5,13,Undirected,0.17240806104233466
6,7,Undirected,0.7336904552723095
6,8,Undirected,0.2298097659331989
6,11,Undirected,0.28758749475897094
6,12,Undirected,0.3605761510176726
6,13,Undirected,0.3426949937393656
7,8,Undirected,0.7280287593910899
7,9,Undirected,0.21786009575384363
7,11,Undirected,0.2765617700516653
7,12,Undirected,0.2051826335517876
7,13,Undirected,0.22036689847822308
8,9,Undirected,0.7545065863884752
8,10,Undirected,0.3051592031280262
8,11,Undirected,0.3672201740378395
8,12,Undirected,0.19999607093900554
8,13,Undirected,0.2900416166414564
9,10,Undirected,0.745978030991949
9,11,Undirected,0.29570650330900783
10,11,Undirected,0.749635642537649
11,12,Undirected,0.3960220887640795
11,13,Undirected,0.27501284808339643
12,13,Undirected,0.370589125084291
