Source,Target,Type,Weight
0,1,Undirected,0.7303532414171866
0,2,Undirected,0.26855645679717455
0,12,Undirected,0.4002758401127486
0,13,Undirected,0.32531213430244604
1,2,Undirected,0.755886462692435
1,3,Undirected,0.2814576031360989
1,4,Undirected,0.18460229187776217
1,6,Undirected,0.23891950135634238
1,12,Undirected,0.21228965791044577
2,3,Undirected,0.7604415571677255
2,4,Undirected,0.21813846409406756
2,6,Undirected,0.24545082783615607
2,7,Undirected,0.26098899321054675
2,12,Undirected,0.3842692276894927
2,13,Undirected,0.2736732913118029
3,4,Undirected,0.7582289171959784
3,5,Undirected,0.29126799616170773
3,6,Undirected,0.3280910108874672
3,7,Undirected,0.2027063051687038
4,5,Undirected,0.7370087030658851
4,6,Undirected,0.2786021059836127
5,6,Undirected,0.7394248012851732
5,7,Undirected,0.2192253949351419
5,8,Undirected,0.2137172913699223
6,7,Undirected,0.7434777364144122
6,8,Undirected,0.26759367907112297
7,8,Undirected,0.7397266966163131
7,9,Undirected,0.21701021540091722
7,11,Undirected,0.16942401705847743
8,9,Undirected,0.7675526279406422
8,10,Undirected,0.24555400321199294
9,10,Undirected,0.731487185819246
9,11,Undirected,0.2047024664712975
10,11,Undirected,0.7452751134534263
12,13,Undirected,0.391028221539749
