Source,Target,Type,Weight
0,1,Undirected,0.7604410746208042
0,2,Undirected,0.3251009336556927
0,3,Undirected,0.17313425245519928
0,4,Undirected,0.16973724199805995
0,5,Undirected,0.2849373108622812
0,6,Undirected,0.19815935865652212
1,2,Undirected,0.76313790698307
1,3,Undirected,0.26872969136383057
2,3,Undirected,0.7585354599119827
2,4,Undirected,0.35109137641784516
2,5,Undirected,0.32374473103887974
2,6,Undirected,0.3346283485141791
2,7,Undirected,0.19675532054625902
2,12,Undirected,0.39158813142627363
2,13,Undirected,0.31410247865358804
3,4,Undirected,0.7399078216471564
3,5,Undirected,0.2580423364243055
3,6,Undirected,0.1701276383995922
3,12,Undirected,0.20206772468480635
3,13,Undirected,0.1949944453391244
4,5,Undirected,0.7752637443153294
4,6,Undirected,0.32507845805241736
4,7,Undirected,0.283220031023648
4,8,Undirected,0.3616033991359564
4,9,Undirected,0.19071382822394636
4,10,Undirected,0.2672947020855123
4,12,Undirected,0.3762952941377012
4,13,Undirected,0.20179578495805656
5,6,Undirected,0.7596519655203859
5,7,Undirected,0.21767299830866743
5,8,Undirected,0.21331313125354034
5,12,Undirected,0.18864346127476317
6,7,Undirected,0.7460825279300405
6,8,Undirected,0.272840258988212
6,12,Undirected,0.3745949773258751
6,13,Undirected,0.1935294782077793
7,8,Undirected,0.7774390707292236
7,9,Undirected,0.3167200989267033
7,10,Undirected,0.3514638320992769
7,11,Undirected,0.19152805938419012
7,12,Undirected,0.21642739258259971
8,9,Undirected,0.7635123610317992
8,10,Undirected,0.3172812075721986
8,12,Undirected,0.1745095405780582
9,10,Undirected,0.7580527553102997
9,11,Undirected,0.23729749846367512
10,11,Undirected,0.7619392254905968
12,13,Undirected,0.37498248822811087
