Source,Target,Type,Weight
0,1,Undirected,0.7225178663357864
0,2,Undirected,0.23680262616193687
0,3,Undirected,0.2909851979468229
0,4,Undirected,0.17528167570843936
0,8,Undirected,0.16681950054186556
0,9,Undirected,0.3904793256462086
0,11,Undirected,0.25469974721941047
0,12,Undirected,0.37717028048859885
0,13,Undirected,0.2815435091472186
1,2,Undirected,0.7561660293325723
1,3,Undirected,0.29959723021935514
2,3,Undirected,0.7497640175286198
2,4,Undirected,0.2494374682873416
2,5,Undirected,0.22087997596932635
3,4,Undirected,0.7325677792221005
3,5,Undirected,0.2870105785909596
3,6,Undirected,0.16887893852181163
4,5,Undirected,0.7583148009554364
4,6,Undirected,0.3319546158964345
4,7,Undirected,0.21433171218185623
4,8,Undirected,0.2191188841189609
4,9,Undirected,0.2100741747498125
5,6,Undirected,0.7336121755402848
5,7,Undirected,0.3183069302174401
5,8,Undirected,0.17927621427537052
6,7,Undirected,0.7584872440878813
6,8,Undirected,0.25771571912005736
7,8,Undirected,0.7246565257812342
7,9,Undirected,0.20068757066499135
8,9,Undirected,0.7561243162879979
8,10,Undirected,0.21971460962728648
8,11,Undirected,0.17273810411226093
8,13,Undirected,0.1959902021347085
9,10,Undirected,0.7961632798486679
9,11,Undirected,0.35740531639794615
9,12,Undirected,0.2834809943284255
9,13,Undirected,0.25966518743353684
10,11,Undirected,0.7518803489052769
11,12,Undirected,0.4038796210123509
11,13,Undirected,0.2946915799073412
12,13,Undirected,0.38215482708838533
