Source,Target,Type,Weight
0,1,Undirected,0.7400940631254127
0,2,Undirected,0.2991252682054883
0,3,Undirected,0.3140974449268477
0,4,Undirected,0.3151124300364374
0,5,Undirected,0.36863270294444467
0,6,Undirected,0.30002041478786
0,7,Undirected,0.24537328786436813
0,11,Undirected,0.28638799688369077
0,12,Undirected,0.3893200017450371
0,13,Undirected,0.20084450092753361
1,2,Undirected,0.7409853755210946
1,3,Undirected,0.2770371354771926
1,11,Undirected,0.2765821591587922
1,12,Undirected,0.19889127808780038
2,3,Undirected,0.7419824514586443
2,4,Undirected,0.3368915898949808
2,6,Undirected,0.18923837750455352
2,11,Undirected,0.2981662681807638
2,12,Undirected,0.3710786316489613
2,13,Undirected,0.20425105534237525
3,4,Undirected,0.7707367646948028
3,5,Undirected,0.2865035527212689
3,6,Undirected,0.17166792318151197
3,11,Undirected,0.18313014230285224
3,12,Undirected,0.20334051550695992
4,5,Undirected,0.7422910371668129
4,6,Undirected,0.3675130771372789
4,7,Undirected,0.2084052479733388
4,8,Undirected,0.17216725957583262
4,11,Undirected,0.20319942747841974
4,12,Undirected,0.37514273665305525
4,13,Undirected,0.32722214463980476
5,6,Undirected,0.7519659463358614
5,7,Undirected,0.21182386420337174
5,12,Undirected,0.18818884283467055
5,13,Undirected,0.1725379763774209
6,7,Undirected,0.7556473973130882
6,8,Undirected,0.24286022988175637
6,11,Undirected,0.27463424532489383
6,12,Undirected,0.3688034908756329
6,13,Undirected,0.38768468453313076
7,8,Undirected,0.7708527763207662
7,9,Undirected,0.23441184774908283
7,11,Undirected,0.2647587742014368
7,12,Undirected,0.20984221749424928
7,13,Undirected,0.25684234066717954
8,9,Undirected,0.7649648860241159
8,10,Undirected,0.3054151630332008
8,11,Undirected,0.3662611801330373
8,12,Undirected,0.20372598208817888
8,13,Undirected,0.2862039496830695
9,10,Undirected,0.7277396810166796
9,11,Undirected,0.29301469096002025
10,11,Undirected,0.7510099133643755
11,12,Undirected,0.38551668957631624
11,13,Undirected,0.2927670899475996
12,13,Undirected,0.36769204753070256
