Source,Target,Type,Weight
0,1,Undirected,0.742598630629814
0,2,Undirected,0.25275943703934933
0,3,Undirected,0.28393228956178357
0,4,Undirected,0.18151197779707687
0,8,Undirected,0.33701722005854384
0,9,Undirected,0.20931396605846253
0,11,Undirected,0.2532752810976737
0,12,Undirected,0.384658008422978
0,13,Undirected,0.33523576899821406
1,2,Undirected,0.7762662596468707
1,3,Undirected,0.27965936304562045
1,8,Undirected,0.18785639853699407
2,3,Undirected,0.7406387024893916
2,4,Undirected,0.26981244055261094
2,5,Undirected,0.2247315847047003
3,4,Undirected,0.7543991059381782
3,5,Undirected,0.2616070841606458
4,5,Undirected,0.7345414444251706
4,6,Undirected,0.33600572305890447
4,7,Undirected,0.20658602088308187
4,8,Undirected,0.22902668420699715
5,6,Undirected,0.7272203341312701
5,7,Undirected,0.31931971102823237
5,8,Undirected,0.18272014417203758
6,7,Undirected,0.7377914825913003
6,8,Undirected,0.26252162094412684
7,8,Undirected,0.7672807913358801
7,9,Undirected,0.209133599459902
8,9,Undirected,0.7516659017338855
8,10,Undirected,0.20797872324600217
8,11,Undirected,0.18332331553206763
8,12,Undirected,0.19000401271711503
8,13,Undirected,0.17500436227466484
9,10,Undirected,0.7586640882880631
9,11,Undirected,0.30128578793417043
9,12,Undirected,0.18760747845644857
9,13,Undirected,0.25276974947476033
10,11,Undirected,0.7347776372602314
11,12,Undirected,0.3904384695325541
11,13,Undirected,0.3092779384970845
12,13,Undirected,0.3777377812620877
