Source,Target,Type,Weight
0,1,Undirected,0.7403543576201327
0,2,Undirected,0.33724351470396563
0,3,Undirected,0.17460805123729603
0,13,Undirected,0.20875000261291865
1,2,Undirected,0.7396074739377355
1,3,Undirected,0.2887738191872646
1,4,Undirected,0.24737789005374683
1,5,Undirected,0.1728114098353631
2,3,Undirected,0.7536910710523372
2,4,Undirected,0.3504980530550744
2,5,Undirected,0.1728403364447284
2,8,Undirected,0.30835278471492666
2,11,Undirected,0.19246995020281302
2,12,Undirected,0.37240400437582943
2,13,Undirected,0.3345082275961727
3,4,Undirected,0.7507553099916786
3,5,Undirected,0.21740733230577716
4,5,Undirected,0.768573380885899
4,6,Undirected,0.20891536751546702
4,7,Undirected,0.23043423321067108
4,8,Undirected,0.18396822185889353
5,6,Undirected,0.7368706122460811
5,7,Undirected,0.30016921045331857
5,8,Undirected,0.19438304309299678
5,9,Undirected,0.178283619583763
6,7,Undirected,0.7465607341609637
6,8,Undirected,0.22603553038243798
6,9,Undirected,0.19203315220770384
7,8,Undirected,0.7628906950905613
7,9,Undirected,0.25927239616720066
8,9,Undirected,0.7441566029176134
8,10,Undirected,0.28092986806831177
8,11,Undirected,0.30632359741859644
8,12,Undirected,0.3774397044629145
8,13,Undirected,0.3152112998893383
9,10,Undirected,0.7670321509294288
9,11,Undirected,0.32689183314418
10,11,Undirected,0.7313118171092767
11,12,Undirected,0.38970386696842213
11,13,Undirected,0.24729673669794464
12,13,Undirected,0.3803384531122198
