Source,Target,Type,Weight
0,1,Undirected,0.7568394589008127
0,2,Undirected,0.2546639314237432
0,3,Undirected,0.20228083322088286
1,2,Undirected,0.7573376437419808
1,3,Undirected,0.2099368933593875
1,11,Undirected,0.1910818008641884
1,12,Undirected,0.16850637598142626
2,3,Undirected,0.7526685811009358
2,4,Undirected,0.33206286664596635
2,5,Undirected,0.3102016630603591
2,6,Undirected,0.2028065933959664
2,8,Undirected,0.23658826765184943
2,11,Undirected,0.29691913157519545
2,12,Undirected,0.39227430874613844
2,13,Undirected,0.3087757817188539
3,4,Undirected,0.7691376984938353
3,5,Undirected,0.26393702317481016
4,5,Undirected,0.7629820795885071
4,6,Undirected,0.34539034885931863
4,7,Undirected,0.19532989545345572
4,8,Undirected,0.34585702957061176
4,11,Undirected,0.2025464140051901
4,12,Undirected,0.37700961718320164
4,13,Undirected,0.2248638021359119
5,6,Undirected,0.7605228405953407
5,7,Undirected,0.2205888169049877
5,8,Undirected,0.17305754509629495
5,12,Undirected,0.21049966911689794
6,7,Undirected,0.7641638591814037
6,8,Undirected,0.3758385412858374
6,11,Undirected,0.3185502744733726
6,12,Undirected,0.3692656275682856
6,13,Undirected,0.2106331392207239
7,8,Undirected,0.7466222641966547
7,9,Undirected,0.281789027739763
7,10,Undirected,0.1725251023517161
7,11,Undirected,0.27394069084872547
7,12,Undirected,0.20429886923852214
8,9,Undirected,0.7556282704473927
8,10,Undirected,0.2124440867835521
8,11,Undirected,0.363997668292677
8,12,Undirected,0.3992308367382254
8,13,Undirected,0.3343266755016888
9,10,Undirected,0.7768299209344842
9,11,Undirected,0.35390323430948645
9,13,Undirected,0.17399186819125706
10,11,Undirected,0.7398276224273935
11,12,Undirected,0.3768836301129221
11,13,Undirected,0.32011339466029415
12,13,Undirected,0.387372140208946
