Source,Target,Type,Weight
0,1,Undirected,0.744860453564762
0,2,Undirected,0.3369757390232525
0,3,Undirected,0.19484009405161096
1,2,Undirected,0.7524531441704446
1,3,Undirected,0.30680352984281956
2,3,Undirected,0.7609462226538897
2,4,Undirected,0.2725271480782056
2,8,Undirected,0.3147190341992407
2,11,Undirected,0.19477464108384557
2,12,Undirected,0.3800522031009795
2,13,Undirected,0.3433023488723818
3,4,Undirected,0.7559071692886761
3,5,Undirected,0.22448501176079189
3,7,Undirected,0.16838117450243437
3,8,Undirected,0.17708658872775673
4,5,Undirected,0.7469957151484702
4,6,Undirected,0.26529197110993874
4,7,Undirected,0.3076079560397459
4,8,Undirected,0.3502009877724089
4,9,Undirected,0.27869644369510616
4,11,Undirected,0.1699486033903464
4,12,Undirected,0.22025101755001367
5,6,Undirected,0.7609665170878939
5,7,Undirected,0.3324316955482427
5,8,Undirected,0.2052385169445537
5,9,Undirected,0.18205250406050963
6,7,Undirected,0.7686405650802982
6,8,Undirected,0.21614978455128567
7,8,Undirected,0.7517738174401035
7,9,Undirected,0.2540239651877939
8,9,Undirected,0.7661316889303365
8,10,Undirected,0.31627676479106925
8,11,Undirected,0.32975285737579463
8,12,Undirected,0.3884089536869321
8,13,Undirected,0.2755606158208552
9,10,Undirected,0.7676196337892506
9,11,Undirected,0.31759958758964685
10,11,Undirected,0.7416774665398445
11,12,Undirected,0.359821783596696
11,13,Undirected,0.351811846476546
12,13,Undirected,0.3797971953910414
