Source,Target,Type,Weight
0,1,Undirected,0.7486696859394084
0,2,Undirected,0.3719734011291599
0,3,Undirected,0.324068935299003
0,4,Undirected,0.3372030081087667
0,5,Undirected,0.36143485268590225
0,6,Undirected,0.3099066135957423
0,7,Undirected,0.2879431284201924
0,11,Undirected,0.33217455529335327
0,12,Undirected,0.39631935393099704
0,13,Undirected,0.20725170263660994
1,2,Undirected,0.7571209610731926
1,3,Undirected,0.2613542039303602
1,6,Undirected,0.17359108596158807
1,7,Undirected,0.1743213721131622
1,10,Undirected,0.24750196913259268
1,11,Undirected,0.3445884434201564
1,12,Undirected,0.22667059087129557
2,3,Undirected,0.7559064881325966
2,4,Undirected,0.33726830064557994
2,5,Undirected,0.18461589384501592
2,6,Undirected,0.21115191989333826
2,11,Undirected,0.2407871435184845
2,12,Undirected,0.3779348537635988
2,13,Undirected,0.20493953500371542
3,4,Undirected,0.7517111659729285
3,5,Undirected,0.319194075870753
3,6,Undirected,0.17864971221762166
3,12,Undirected,0.18755211080101125
4,5,Undirected,0.7600012466451113
4,6,Undirected,0.3020248963097811
4,7,Undirected,0.18202256065568506
4,11,Undirected,0.18978878229591764
4,12,Undirected,0.35750097146447235
4,13,Undirected,0.29098057508967784
5,6,Undirected,0.7399281841839553
5,7,Undirected,0.21673160392601978
5,12,Undirected,0.17465062828861952
6,7,Undirected,0.7451917605958046
6,8,Undirected,0.22731625192315988
6,11,Undirected,0.300392465751904
6,12,Undirected,0.3763307450880464
6,13,Undirected,0.3607638797798932
7,8,Undirected,0.7517102229123452
7,9,Undirected,0.22628840433134464
7,11,Undirected,0.2959797376542208
7,12,Undirected,0.21259369740347328
7,13,Undirected,0.24016065434397033
8,9,Undirected,0.7645183477939985
8,10,Undirected,0.3153428514761622
8,11,Undirected,0.33406545233038765
8,12,Undirected,0.18778090663577862
8,13,Undirected,0.2165492339648499
9,10,Undirected,0.7686392973452713
9,11,Undirected,0.3122958199471831
10,11,Undirected,0.7597388600540727
11,12,Undirected,0.37454195829455206
11,13,Undirected,0.30973419436250776
12,13,Undirected,0.37972381937899646
