Source,Target,Type,Weight
0,1,Undirected,0.7573583615448738
0,2,Undirected,0.35190804404824333
0,3,Undirected,0.314220017331042
0,4,Undirected,0.31879946724671704
0,5,Undirected,0.21129554275291185
0,6,Undirected,0.2966094215672741
0,7,Undirected,0.3225776283633625
0,8,Undirected,0.27172910843550835
0,9,Undirected,0.28267980441646756
0,10,Undirected,0.20560773319246745
0,12,Undirected,0.3713891026538406
0,13,Undirected,0.20132637295690622
1,2,Undirected,0.7552604879108108
1,3,Undirected,0.2716480132143229
1,7,Undirected,0.1910196485493214
1,8,Undirected,0.22149812500693122
1,9,Undirected,0.21289219015366312
1,10,Undirected,0.25192683935758625
1,12,Undirected,0.1882861296420794
2,3,Undirected,0.758576273258652
2,4,Undirected,0.3664946142565509
2,5,Undirected,0.20115826919740024
2,6,Undirected,0.20728290098328198
2,7,Undirected,0.18280036839841698
2,9,Undirected,0.3044552939007376
2,10,Undirected,0.24515844247178487
2,12,Undirected,0.3840372575208026
2,13,Undirected,0.31844286801932564
3,4,Undirected,0.7616747385201609
3,5,Undirected,0.22115989270778902
3,12,Undirected,0.2091964555491747
4,5,Undirected,0.7421040823735985
4,6,Undirected,0.32385556934068277
4,7,Undirected,0.1960068897456572
4,9,Undirected,0.17990703332328203
4,12,Undirected,0.3637899306186487
4,13,Undirected,0.334920269759762
5,6,Undirected,0.7644503496414279
5,7,Undirected,0.24752034341105994
5,12,Undirected,0.21675212268872632
5,13,Undirected,0.23778772979520557
6,7,Undirected,0.7424338613099892
6,8,Undirected,0.22590755309223695
6,9,Undirected,0.21968427466861454
6,12,Undirected,0.38437871297449894
6,13,Undirected,0.25660822288375656
7,8,Undirected,0.761917218262744
7,9,Undirected,0.32910221005854595
7,10,Undirected,0.19035564971289876
7,12,Undirected,0.3144425814659504
7,13,Undirected,0.18161814629550083
8,9,Undirected,0.7422694934926496
8,10,Undirected,0.27980465793624665
8,11,Undirected,0.24775781839593106
8,12,Undirected,0.1896395924301217
9,10,Undirected,0.7611205553708642
9,11,Undirected,0.2667273765569098
9,12,Undirected,0.35415825454009964
9,13,Undirected,0.23272128114599322
10,11,Undirected,0.7550231773875248
10,12,Undirected,0.20484346922447508
12,13,Undirected,0.38363488654870886
