Source,Target,Type,Weight
0,1,Undirected,0.7548511508666031
0,2,Undirected,0.3001609831169895
0,3,Undirected,0.3105246991019794
0,4,Undirected,0.3132457812346665
0,5,Undirected,0.3333888676219412
0,6,Undirected,0.2893158383284523
0,7,Undirected,0.24404680099012746
0,11,Undirected,0.3133996276687754
0,12,Undirected,0.39030044349023907
0,13,Undirected,0.1921166782841349
1,2,Undirected,0.7854573946465052
1,3,Undirected,0.2952423877648146
1,4,Undirected,0.16855740828453064
1,6,Undirected,0.17051340165029075
1,11,Undirected,0.3577091828737095
1,12,Undirected,0.21307574542656968
2,3,Undirected,0.7559720890965869
2,4,Undirected,0.3223778663437075
2,5,Undirected,0.17187076910569427
2,6,Undirected,0.19401539650838304
2,8,Undirected,0.17329467305003704
2,11,Undirected,0.3341269002289249
2,12,Undirected,0.3971853963791514
2,13,Undirected,0.3456088079197844
3,4,Undirected,0.7345404796338282
3,5,Undirected,0.33652427869957313
3,6,Undirected,0.1761861923723041
3,11,Undirected,0.1715523643838604
3,12,Undirected,0.18631406080576546
4,5,Undirected,0.7551958262340048
4,6,Undirected,0.36772425169943973
4,7,Undirected,0.1982220103302383
4,11,Undirected,0.1988578214632732
4,12,Undirected,0.3907740043997554
4,13,Undirected,0.2785853221947133
5,6,Undirected,0.748062206298962
5,7,Undirected,0.21665281304888892
5,12,Undirected,0.17828736326660666
6,7,Undirected,0.7563394740738083
6,8,Undirected,0.25077710454991137
6,11,Undirected,0.30084198089727326
6,12,Undirected,0.3752139834996536
6,13,Undirected,0.2054997024046916
7,8,Undirected,0.7612324465515258
7,9,Undirected,0.22904471902334633
7,11,Undirected,0.29328284814762373
7,12,Undirected,0.20878551983726862
8,9,Undirected,0.7427603820422978
8,10,Undirected,0.31376491808890467
8,11,Undirected,0.37251761736740613
8,12,Undirected,0.20733692111268484
8,13,Undirected,0.25529065845121257
9,10,Undirected,0.7326643292048112
9,11,Undirected,0.28868233224928147
10,11,Undirected,0.7740790529532094
11,12,Undirected,0.36184878732934317
11,13,Undirected,0.26161638515523816
12,13,Undirected,0.35601147676081557
