Source,Target,Type,Weight
0,1,Undirected,0.7524759580366286
0,2,Undirected,0.315630295633247
0,12,Undirected,0.3744923313654417
0,13,Undirected,0.33662253544593473
1,2,Undirected,0.7428635846910703
1,3,Undirected,0.20454533706033376
1,4,Undirected,0.17323074389075474
1,6,Undirected,0.16835726209439236
1,12,Undirected,0.22602008555377212
1,13,Undirected,0.24795980055403233
2,3,Undirected,0.7350971992180212
2,4,Undirected,0.21504198346829478
2,6,Undirected,0.23842194077764486
2,7,Undirected,0.2551785195413398
2,12,Undirected,0.39812528286298343
2,13,Undirected,0.2967188695561622
3,4,Undirected,0.7459994587716214
3,5,Undirected,0.2802054851626116
3,6,Undirected,0.32239077632590313
3,7,Undirected,0.2326069836931807
3,8,Undirected,0.19898933648176106
3,13,Undirected,0.17125049035987597
4,5,Undirected,0.7527313247236731
4,6,Undirected,0.3108315460332684
5,6,Undirected,0.7437675194517728
5,7,Undirected,0.21762077518643
5,8,Undirected,0.28563507486140655
6,7,Undirected,0.727084374158167
6,8,Undirected,0.3739737087184215
7,8,Undirected,0.7566010187577995
7,9,Undirected,0.21000174738430588
7,13,Undirected,0.19792323079413182
8,9,Undirected,0.7443453860097877
8,10,Undirected,0.24044994474752981
9,10,Undirected,0.7417194371051059
9,11,Undirected,0.21087393116435502
10,11,Undirected,0.7800129565006922
12,13,Undirected,0.3759028093696081
