Source,Target,Type,Weight
0,1,Undirected,0.74741355560949
0,2,Undirected,0.32262390371397504
0,12,Undirected,0.38910864213152996
0,13,Undirected,0.20599780481388952
1,2,Undirected,0.7479774952487969
1,3,Undirected,0.2026064292591557
1,6,Undirected,0.20685634192640612
1,12,Undirected,0.20675561739042647
2,3,Undirected,0.732821269215945
2,4,Undirected,0.21080205322602272
2,6,Undirected,0.2782268140396846
2,7,Undirected,0.26801837652318966
2,12,Undirected,0.3884668351259337
2,13,Undirected,0.3341199798905259
3,4,Undirected,0.7660417869798407
3,5,Undirected,0.34301709841652733
3,6,Undirected,0.33202635468056335
3,7,Undirected,0.23011675301911708
4,5,Undirected,0.7359719894693797
4,6,Undirected,0.2878963066349798
4,8,Undirected,0.1921232079190433
5,6,Undirected,0.74275985590724
5,7,Undirected,0.20770963881149176
5,8,Undirected,0.21627954368633262
6,7,Undirected,0.7614095366621437
6,8,Undirected,0.2915348083943984
7,8,Undirected,0.746225952014068
7,9,Undirected,0.21186692044402958
8,9,Undirected,0.7368306771991502
8,10,Undirected,0.2375764562369892
9,10,Undirected,0.7567056463306991
9,11,Undirected,0.20673825186839584
10,11,Undirected,0.7575333798945996
12,13,Undirected,0.37603282742025573
