Source,Target,Type,Weight
0,1,Undirected,0.762448514823768
0,2,Undirected,0.3037046090821516
0,3,Undirected,0.31848112069286266
0,4,Undirected,0.34045697800989155
0,5,Undirected,0.3579634567478091
0,6,Undirected,0.3028302249156483
0,7,Undirected,0.23438177207493863
0,11,Undirected,0.29652332162926415
0,12,Undirected,0.38773711701832725
0,13,Undirected,0.1988664768610922
1,2,Undirected,0.7469129745621019
1,3,Undirected,0.28379099151374876
1,6,Undirected,0.18251065460356067
1,10,Undirected,0.17207093239275803
1,11,Undirected,0.34586307569061436
1,12,Undirected,0.21371184661472667
2,3,Undirected,0.7299072524620838
2,4,Undirected,0.3706907888689819
2,6,Undirected,0.20361653852311715
2,8,Undirected,0.19192269910330917
2,11,Undirected,0.282927672293938
2,12,Undirected,0.38651544079010786
2,13,Undirected,0.37067830716045735
3,4,Undirected,0.7629815244153673
3,5,Undirected,0.2960885750354712
3,6,Undirected,0.17461976948863514
3,11,Undirected,0.1830341795264969
3,12,Undirected,0.2114841379232452
4,5,Undirected,0.7669416869427951
4,6,Undirected,0.34583629754739525
4,7,Undirected,0.19179376083505909
4,11,Undirected,0.19583690442861884
4,12,Undirected,0.38309400979020136
4,13,Undirected,0.3041761430780322
5,6,Undirected,0.7457297442993769
5,7,Undirected,0.2162805474131081
5,12,Undirected,0.1909809608423608
6,7,Undirected,0.7747742622167726
6,8,Undirected,0.272115114126954
6,11,Undirected,0.3171106524067438
6,12,Undirected,0.38244592826275725
6,13,Undirected,0.2847244652095859
7,8,Undirected,0.7346986749494405
7,9,Undirected,0.23311738838521495
7,11,Undirected,0.29167155184583277
7,12,Undirected,0.21549864488202125
8,9,Undirected,0.7369503011016204
8,10,Undirected,0.33709021572933473
8,11,Undirected,0.3738509751196767
8,12,Undirected,0.212256805439696
8,13,Undirected,0.3077157619679293
9,10,Undirected,0.7343019323836419
9,11,Undirected,0.28672490848402904
10,11,Undirected,0.7380119146677947
11,12,Undirected,0.3689759951623135
11,13,Undirected,0.3073707873962488
12,13,Undirected,0.3713339297500229
