Source,Target,Type,Weight
0,1,Undirected,0.7587742288367038
0,2,Undirected,0.34159125029461535
0,3,Undirected,0.35546422220378454
0,4,Undirected,0.24888777066956877
0,5,Undirected,0.19270634095743944
0,6,Undirected,0.2078094213586045
0,8,Undirected,0.19799607001094327
0,11,Undirected,0.2626970758560805
0,12,Undirected,0.37163646416280643
0,13,Undirected,0.34435671127544454
1,2,Undirected,0.7477279426662234
1,3,Undirected,0.24527712025064405
1,8,Undirected,0.17045149384988612
1,11,Undirected,0.31834705906283717
1,12,Undirected,0.22723846715629015
1,13,Undirected,0.1719538577187829
2,3,Undirected,0.7466848013301918
2,4,Undirected,0.3297281268680488
2,5,Undirected,0.18857274446432543
2,6,Undirected,0.20526905181087135
2,8,Undirected,0.27173421370392237
2,11,Undirected,0.2850425551825564
2,12,Undirected,0.40048348621864716
2,13,Undirected,0.24151416216091715
3,4,Undirected,0.7447363968059978
3,5,Undirected,0.3316754715614432
3,6,Undirected,0.17343506460587485
3,12,Undirected,0.20400986024829615
3,13,Undirected,0.24097362374621215
4,5,Undirected,0.7370300719509919
4,6,Undirected,0.34250987482228584
4,7,Undirected,0.20067986981346642
4,8,Undirected,0.3463792571355851
4,11,Undirected,0.19183209422929107
4,12,Undirected,0.3583124688827236
4,13,Undirected,0.33314670315499784
5,6,Undirected,0.7483151862806694
5,7,Undirected,0.21157938363331644
5,12,Undirected,0.2015728656643541
5,13,Undirected,0.3223726877738605
6,7,Undirected,0.7478129305206622
6,8,Undirected,0.3173833885977272
6,11,Undirected,0.2811762208927616
6,12,Undirected,0.3726086900902156
6,13,Undirected,0.3485761894175651
7,8,Undirected,0.7638469783382033
7,9,Undirected,0.2254883829751729
7,11,Undirected,0.25097977640962293
7,12,Undirected,0.20647519129814945
7,13,Undirected,0.20898394428056785
8,9,Undirected,0.733707268344654
8,10,Undirected,0.2942574358284307
8,11,Undirected,0.33890479146261
8,12,Undirected,0.40652403430643586
8,13,Undirected,0.20787556362459145
9,10,Undirected,0.7603307253317618
9,11,Undirected,0.32131450855849636
10,11,Undirected,0.7695492674445816
11,12,Undirected,0.37795525348560505
11,13,Undirected,0.22395468690264392
12,13,Undirected,0.36918290798224035
