Source,Target,Type,Weight
0,1,Undirected,0.7752873891473917
0,2,Undirected,0.3387457108645821
0,3,Undirected,0.19157430141652396
0,4,Undirected,0.20405013567815386
0,5,Undirected,0.17029427267244618
0,12,Undirected,0.3767527185714759
0,13,Undirected,0.33346313654921994
1,2,Undirected,0.7535850413610764
1,3,Undirected,0.21629770142849275
1,12,Undirected,0.17674222375831575
1,13,Undirected,0.16776918041935576
2,3,Undirected,0.753392625621899
2,4,Undirected,0.36470603989076655
2,5,Undirected,0.3081301075805973
2,6,Undirected,0.37509784792252976
2,7,Undirected,0.17250354585485597
2,12,Undirected,0.39648531881764054
2,13,Undirected,0.2698821973021458
3,4,Undirected,0.7621391480904929
3,5,Undirected,0.21039399414330454
3,6,Undirected,0.1739645751839146
3,12,Undirected,0.2124267639133244
3,13,Undirected,0.17507231122779154
4,5,Undirected,0.7540567840550663
4,6,Undirected,0.26894853234253224
4,7,Undirected,0.16804944157860469
4,12,Undirected,0.3710299182006442
4,13,Undirected,0.19854804396067158
5,6,Undirected,0.7571850643524551
5,7,Undirected,0.255217461888706
5,12,Undirected,0.20847763506274056
6,7,Undirected,0.7568163796828116
6,8,Undirected,0.2688386709923011
7,8,Undirected,0.7425973158663874
7,9,Undirected,0.24965928798569914
8,9,Undirected,0.74925740646394
8,10,Undirected,0.30387984560487125
8,11,Undirected,0.2934811464275214
9,10,Undirected,0.7149416143503644
9,11,Undirected,0.24540702608954518
10,11,Undirected,0.7479782288841871
12,13,Undirected,0.38405656301797864
