Source,Target,Type,Weight
0,1,Undirected,0.738374589854634
0,2,Undirected,0.3544159185940121
0,3,Undirected,0.1884281514076234
0,4,Undirected,0.2014474346755337
0,12,Undirected,0.4040539258257386
0,13,Undirected,0.30696443327560663
1,2,Undirected,0.7453155055792435
1,3,Undirected,0.21023450023904044
1,12,Undirected,0.19745425809798012
2,3,Undirected,0.7446334002638162
2,4,Undirected,0.325048529002395
2,5,Undirected,0.1899457593357869
2,12,Undirected,0.3876337708607221
2,13,Undirected,0.32462711028124186
3,4,Undirected,0.716756095189384
3,5,Undirected,0.21124173842271174
3,12,Undirected,0.20758001124631922
3,13,Undirected,0.27799540207456763
4,5,Undirected,0.7482487716515261
4,6,Undirected,0.204174357131049
4,12,Undirected,0.3669174016292611
4,13,Undirected,0.3329923465740199
5,6,Undirected,0.7528174538324722
5,7,Undirected,0.21772811726275065
5,12,Undirected,0.20871875578799254
5,13,Undirected,0.23344390967611087
6,7,Undirected,0.7580780337235327
6,8,Undirected,0.2512755172341903
7,8,Undirected,0.7707380393580809
7,9,Undirected,0.20438801045665667
7,11,Undirected,0.3020802994252968
8,9,Undirected,0.7376311095267633
8,10,Undirected,0.2595791149884934
8,11,Undirected,0.2846498588832178
9,10,Undirected,0.7507776178518183
9,11,Undirected,0.30077428346832297
10,11,Undirected,0.7491929656343801
12,13,Undirected,0.3765996468444512
