Source,Target,Type,Weight
0,1,Undirected,0.7189597403156166
0,2,Undirected,0.3485463247980298
0,3,Undirected,0.3317996556305263
0,4,Undirected,0.22308995596712805
0,5,Undirected,0.17409858213333423
0,6,Undirected,0.20402561916849582
0,7,Undirected,0.1761500094620221
0,8,Undirected,0.207866065058453
0,11,Undirected,0.3149032437187963
0,12,Undirected,0.3720769151612571
0,13,Undirected,0.2968437968141783
1,2,Undirected,0.7231570465503349
1,3,Undirected,0.23765165059602952
1,8,Undirected,0.17579589237443974
1,11,Undirected,0.3448297861355259
1,12,Undirected,0.21540331218418535
1,13,Undirected,0.19682541827766498
2,3,Undirected,0.7605278050317761
2,4,Undirected,0.33171909462593907
2,5,Undirected,0.1901646741174623
2,6,Undirected,0.211720938309071
2,8,Undirected,0.306772966937113
2,11,Undirected,0.28295487095723965
2,12,Undirected,0.3888628985857134
2,13,Undirected,0.19199521300997835
3,4,Undirected,0.7587524726862576
3,5,Undirected,0.2942334700337144
3,6,Undirected,0.17195535224513792
3,11,Undirected,0.18684023760578158
3,12,Undirected,0.22840269759213264
3,13,Undirected,0.16889175016753058
4,5,Undirected,0.7519857645822268
4,6,Undirected,0.36593447560478415
4,7,Undirected,0.20161737910059016
4,8,Undirected,0.3658810390093909
4,11,Undirected,0.19725707440332413
4,12,Undirected,0.3822048340030849
4,13,Undirected,0.21067484498639755
5,6,Undirected,0.7591019573420689
5,7,Undirected,0.2150716674127482
5,12,Undirected,0.20024954421942856
5,13,Undirected,0.18449215243806258
6,7,Undirected,0.7362301028005698
6,8,Undirected,0.2907407112164128
6,11,Undirected,0.2711462591639371
6,12,Undirected,0.3910714254079729
6,13,Undirected,0.31722546311447297
7,8,Undirected,0.7681620810738692
7,9,Undirected,0.2206983644563526
7,11,Undirected,0.2713437223577297
7,12,Undirected,0.22169467107684107
7,13,Undirected,0.2699007102494477
8,9,Undirected,0.7426380756975582
8,10,Undirected,0.2867260061258119
8,11,Undirected,0.348650337203731
8,12,Undirected,0.3961388610690403
8,13,Undirected,0.2058956503793772
9,10,Undirected,0.7325659239713164
9,11,Undirected,0.3224781255122448
10,11,Undirected,0.7295194730099532
11,12,Undirected,0.37288134689133823
11,13,Undirected,0.38693740850802066
12,13,Undirected,0.34518486379436175
