Source,Target,Type,Weight
0,1,Undirected,0.7506506420157071
0,2,Undirected,0.3643864078604458
0,3,Undirected,0.2141055848921224
0,4,Undirected,0.30241685220862224
0,5,Undirected,0.19701107851003533
0,11,Undirected,0.23144864430808934
0,12,Undirected,0.40273532911960985
0,13,Undirected,0.30948325502611895
1,2,Undirected,0.7544213594770371
1,3,Undirected,0.2715365335506849
1,4,Undirected,0.27896638805083473
1,5,Undirected,0.315089065556688
1,6,Undirected,0.1897615285798424
1,7,Undirected,0.2512301839633559
1,11,Undirected,0.27954980148004027
1,12,Undirected,0.23394006838541961
2,3,Undirected,0.7646069864955656
2,4,Undirected,0.24513783825137864
2,5,Undirected,0.17995830281329012
2,12,Undirected,0.20539556691139974
2,13,Undirected,0.18225907348879766
3,4,Undirected,0.7349567972574816
3,5,Undirected,0.2835731823035845
3,6,Undirected,0.22160583796598973
3,12,Undirected,0.18719629112206715
4,5,Undirected,0.777909995993887
4,6,Undirected,0.2492524454266442
4,10,Undirected,0.24558180929267143
4,11,Undirected,0.2786857590005355
4,12,Undirected,0.4024733138463623
4,13,Undirected,0.24192575090467558
5,6,Undirected,0.7736135379565596
5,7,Undirected,0.293852050401292
5,8,Undirected,0.17541865936157086
5,9,Undirected,0.21037208684116152
5,10,Undirected,0.24661676204489158
5,11,Undirected,0.27171727903354953
5,12,Undirected,0.2454025175513857
5,13,Undirected,0.17900659988847253
6,7,Undirected,0.7320557669473724
6,8,Undirected,0.3559623488044088
6,9,Undirected,0.2585359052236864
7,8,Undirected,0.7321923784193123
7,9,Undirected,0.27271254871197526
7,11,Undirected,0.21219370737967758
8,9,Undirected,0.743766859998342
8,10,Undirected,0.20588602869531028
9,10,Undirected,0.7236518755226103
9,11,Undirected,0.3563754334248621
10,11,Undirected,0.7621833972180505
10,12,Undirected,0.18956432291031103
10,13,Undirected,0.2070163485653879
11,12,Undirected,0.3730904406551221
11,13,Undirected,0.2239234807380504
12,13,Undirected,0.3817405104449066
