Source,Target,Type,Weight
0,1,Undirected,0.7393419698809611
0,2,Undirected,0.33841617379743283
0,3,Undirected,0.30640563441604884
0,4,Undirected,0.3080124203578663
0,5,Undirected,0.3230161514852891
0,6,Undirected,0.2545526976321275
0,7,Undirected,0.1737282308706525
0,8,Undirected,0.19366381972858188
0,11,Undirected,0.2818197003359687
0,12,Undirected,0.37858634694896776
0,13,Undirected,inf
1,2,Undirected,0.7249993604427257
1,3,Undirected,0.29176108738724205
1,11,Undirected,0.36412517497403385
1,12,Undirected,0.2167876140856459
1,13,Undirected,inf
2,3,Undirected,0.7514969499300831
2,4,Undirected,0.36285028432458505
2,5,Undirected,0.20890675176135873
2,6,Undirected,0.20727069092536443
2,8,Undirected,0.35277554260120386
2,11,Undirected,0.3121011074768097
2,12,Undirected,0.38578323496911104
2,13,Undirected,inf
3,4,Undirected,0.7597590213259624
3,5,Undirected,0.30361355011439334
3,6,Undirected,0.16873042734139143
3,11,Undirected,0.2007096586795372
3,12,Undirected,0.20561075694765943
3,13,Undirected,inf
4,5,Undirected,0.7403347556767902
4,6,Undirected,0.3387343849436453
4,7,Undirected,0.19873305253071089
4,8,Undirected,0.2669552340755305
4,11,Undirected,0.206879359799674
4,12,Undirected,0.3850725341812027
4,13,Undirected,inf
5,6,Undirected,0.7823256460270334
5,7,Undirected,0.21640684592701684
5,12,Undirected,0.20755846004170664
5,13,Undirected,inf
6,7,Undirected,0.763314009518531
6,8,Undirected,0.27282698389839033
6,11,Undirected,0.29339393850365947
6,12,Undirected,0.3811957427320629
6,13,Undirected,inf
7,8,Undirected,0.7476454396087
7,9,Undirected,0.2277384678970675
7,11,Undirected,0.2871215860832383
7,12,Undirected,0.22524317142168834
7,13,Undirected,inf
8,9,Undirected,0.755476174865829
8,10,Undirected,0.30462055701286067
8,11,Undirected,0.3422669354771585
8,12,Undirected,0.3938176056197849
8,13,Undirected,inf
9,10,Undirected,0.7425951465169119
9,11,Undirected,0.31338983953795013
9,13,Undirected,inf
10,11,Undirected,0.7628922214551614
10,13,Undirected,inf
11,12,Undirected,0.41874403664952775
11,13,Undirected,inf
12,13,Undirected,inf
