Source,Target,Type,Weight
0,1,Undirected,0.7397259138475772
0,2,Undirected,0.3165225074281935
0,3,Undirected,0.19559403441328793
0,4,Undirected,0.1669403164360372
0,12,Undirected,0.37648015135667096
0,13,Undirected,0.2965517924033378
1,2,Undirected,0.7551960301966492
1,3,Undirected,0.20970622457358826
1,12,Undirected,0.1728879703673195
2,3,Undirected,0.760417223779065
2,4,Undirected,0.22894682486760912
2,5,Undirected,0.2374795249621357
2,12,Undirected,0.3893556362059273
2,13,Undirected,0.2693605392163474
3,4,Undirected,0.743355127857031
3,5,Undirected,0.26922889293195074
3,6,Undirected,0.1720892176481975
3,12,Undirected,0.3249410263936957
3,13,Undirected,0.32382986529530466
4,5,Undirected,0.747057117318384
4,6,Undirected,0.2139678538896271
4,12,Undirected,0.20406814467334142
4,13,Undirected,0.3453230965711589
5,6,Undirected,0.7481650859836954
5,7,Undirected,0.25615011922881076
5,12,Undirected,0.19342976757828173
5,13,Undirected,0.18542603916158137
6,7,Undirected,0.7693901759077444
6,8,Undirected,0.2584939523023862
7,8,Undirected,0.7599564931981214
7,9,Undirected,0.20666938920958483
7,11,Undirected,0.2718435300646939
8,9,Undirected,0.7564485995803945
8,10,Undirected,0.2773074302624676
8,11,Undirected,0.2974967048279847
9,10,Undirected,0.7420436885921087
9,11,Undirected,0.29148077485179963
10,11,Undirected,0.7397681857300876
12,13,Undirected,0.3945792837559795
