Source,Target,Type,Weight
0,1,Undirected,0.7634257128589776
0,2,Undirected,0.3350635172552794
0,3,Undirected,0.35904846554715697
0,4,Undirected,0.33081209271121714
0,5,Undirected,0.19809242415154435
0,6,Undirected,0.284360884893511
0,7,Undirected,0.31418120454665305
0,8,Undirected,0.21447092109862514
0,12,Undirected,0.3676617826885401
0,13,Undirected,0.20027692939751957
1,2,Undirected,0.7393624967840327
1,3,Undirected,0.2588581357183586
1,7,Undirected,0.1983697402604159
1,8,Undirected,0.1703426579634944
1,12,Undirected,0.18845451539158314
2,3,Undirected,0.7617185187337574
2,4,Undirected,0.344726992147879
2,5,Undirected,0.20859334328116524
2,6,Undirected,0.20676214040586724
2,7,Undirected,0.19973888200811699
2,12,Undirected,0.3925751578587167
2,13,Undirected,0.2664795218913516
3,4,Undirected,0.727066854966916
3,5,Undirected,0.2096836845422133
3,12,Undirected,0.22001112669949424
4,5,Undirected,0.7557130213933805
4,6,Undirected,0.31775030303030305
4,7,Undirected,0.2030532856665518
4,12,Undirected,0.3548413295720961
4,13,Undirected,0.20370765747345046
5,6,Undirected,0.7505238434199362
5,7,Undirected,0.23661231822535345
5,12,Undirected,0.2065685821025483
5,13,Undirected,0.17535343238035608
6,7,Undirected,0.7413716838991273
6,8,Undirected,0.25039703022229515
6,9,Undirected,0.18586813270572303
6,12,Undirected,0.38206386617329285
6,13,Undirected,0.3092905960203955
7,8,Undirected,0.7436234566587948
7,9,Undirected,0.24125197131828952
7,12,Undirected,0.3415617360665087
7,13,Undirected,0.28369039162804705
8,9,Undirected,0.7427616973832033
8,10,Undirected,0.2066138028509259
8,12,Undirected,0.21190183623832692
8,13,Undirected,0.2565000686763709
9,10,Undirected,0.7629151870416406
9,11,Undirected,0.28802190400954564
9,13,Undirected,0.259177855234386
10,11,Undirected,0.7582302878933103
10,13,Undirected,0.1697097566569229
12,13,Undirected,0.37014963939942325
