Source,Target,Type,Weight
0,1,Undirected,0.7320175657520194
0,2,Undirected,0.36209491517112624
0,3,Undirected,0.20420640548187757
0,12,Undirected,0.38307336647581974
0,13,Undirected,0.27690500998013745
1,2,Undirected,0.7664694469667718
1,3,Undirected,0.22372248730224212
1,12,Undirected,0.17418538726238125
2,3,Undirected,0.7611412734781635
2,4,Undirected,0.22116924559228038
2,5,Undirected,0.19090184251074985
2,7,Undirected,0.25438719388563985
2,12,Undirected,0.38536813449677776
2,13,Undirected,0.3408241772930852
3,4,Undirected,0.7270454297655509
3,5,Undirected,0.2780063102991022
3,12,Undirected,0.35508089949678506
3,13,Undirected,0.27135218371889747
4,5,Undirected,0.7448589323627782
4,6,Undirected,0.23343398354326214
4,7,Undirected,0.2081142189365648
4,12,Undirected,0.20269096488114055
4,13,Undirected,0.2007452017764232
5,6,Undirected,0.7271235748310045
5,7,Undirected,0.22417622544528948
5,12,Undirected,0.17996983900088537
6,7,Undirected,0.7414716827933319
6,8,Undirected,0.22199576132093676
7,8,Undirected,0.7459167397442549
7,9,Undirected,0.20615235137217525
7,11,Undirected,0.2466332938105763
8,9,Undirected,0.7489866689500116
8,10,Undirected,0.2451758971565749
8,11,Undirected,0.2432592380192779
9,10,Undirected,0.7342638820347194
9,11,Undirected,0.29500733807458435
10,11,Undirected,0.7609870887413734
12,13,Undirected,0.3938536244020554
