Source,Target,Type,Weight
0,1,Undirected,0.7690035909901459
0,2,Undirected,0.23943338434481753
0,3,Undirected,0.1673699232109456
0,8,Undirected,0.22239578511528163
0,9,Undirected,0.188022465307797
0,10,Undirected,0.18078894993198708
0,11,Undirected,0.2674476370826447
1,2,Undirected,0.7651208963925541
1,3,Undirected,0.2723974839414683
1,6,Undirected,0.17142907123322138
1,8,Undirected,0.17734261750908592
1,9,Undirected,0.18308481756313524
1,11,Undirected,0.17530246678752215
1,12,Undirected,0.17084755262529747
2,3,Undirected,0.7383338417738866
2,4,Undirected,0.20088332446330587
2,6,Undirected,0.29122886270179277
2,7,Undirected,0.2606500678455142
2,8,Undirected,0.2861385017362177
2,9,Undirected,0.18752584776419132
2,11,Undirected,0.274673272841923
2,12,Undirected,0.39014614723256763
2,13,Undirected,0.27594321297647
3,4,Undirected,0.7533073795783365
3,5,Undirected,0.22296510184577695
3,6,Undirected,0.27366370251766714
3,7,Undirected,0.27652924124333145
3,8,Undirected,0.1749317090081382
4,5,Undirected,0.7301809582469128
4,6,Undirected,0.2688241628359009
4,7,Undirected,0.20955013735680406
5,6,Undirected,0.7382939429079984
5,7,Undirected,0.2292800821106495
6,7,Undirected,0.7529649661495509
6,8,Undirected,0.23000174490345068
6,13,Undirected,0.17390878900505094
7,8,Undirected,0.7671891460664149
7,9,Undirected,0.2093241406404555
8,9,Undirected,0.7645855217794921
8,10,Undirected,0.21501204318506847
8,11,Undirected,0.2411023360973592
8,12,Undirected,0.19459125622053042
8,13,Undirected,0.2509631373599287
9,10,Undirected,0.7352534433363853
9,11,Undirected,0.2657741930925643
10,11,Undirected,0.7837419526989768
11,12,Undirected,0.40287853813909347
11,13,Undirected,0.3480097219932426
12,13,Undirected,0.38553830584097837
