Source,Target,Type,Weight
0,1,Undirected,0.7460618252589793
0,2,Undirected,0.29199094991123953
0,3,Undirected,0.2655220545536739
0,4,Undirected,0.324875310832172
0,5,Undirected,0.2444136816055498
0,6,Undirected,0.17401739367390973
0,13,Undirected,0.1974569166489028
1,2,Undirected,0.7388584513053321
1,3,Undirected,0.24864390998770625
1,4,Undirected,0.17262453912506362
1,13,Undirected,0.207713794504432
2,3,Undirected,0.7668288122081122
2,4,Undirected,0.2808699130839598
2,5,Undirected,0.23308976828977415
2,6,Undirected,0.2020428452006356
2,11,Undirected,0.19492691374704912
2,12,Undirected,0.3819298186984713
2,13,Undirected,0.3100199096114285
3,4,Undirected,0.7331357354693993
3,5,Undirected,0.2074071729790887
4,5,Undirected,0.7307265672678783
4,6,Undirected,0.20260458933277686
5,6,Undirected,0.7635382828715224
5,7,Undirected,0.21260106815930116
5,12,Undirected,0.17915482639045507
5,13,Undirected,0.16771485518827928
6,7,Undirected,0.7430077480489932
6,8,Undirected,0.24093514201965072
6,11,Undirected,0.21358308283866684
6,12,Undirected,0.3725845938464928
6,13,Undirected,0.31293781725651615
7,8,Undirected,0.7303734630009243
7,9,Undirected,0.20654620291787168
7,11,Undirected,0.25763191514807016
7,12,Undirected,0.2044934395712053
7,13,Undirected,0.22041947505078635
8,9,Undirected,0.7419002271352009
8,10,Undirected,0.28351715323444343
8,11,Undirected,0.3168954774798013
8,12,Undirected,0.19530870275154835
8,13,Undirected,0.18392372340578544
9,10,Undirected,0.7161891934303198
9,11,Undirected,0.31762529822543323
9,12,Undirected,0.1759116925236155
10,11,Undirected,0.753010860146629
11,12,Undirected,0.22180799440877064
11,13,Undirected,0.3542422459594058
12,13,Undirected,0.3848836302338407
