Source,Target,Type,Weight
0,1,Undirected,0.737729972056589
0,2,Undirected,0.25282446362934013
0,3,Undirected,0.1901732101187304
0,4,Undirected,0.20239509561871952
0,8,Undirected,0.1751034032975334
0,11,Undirected,0.34239126885546095
0,12,Undirected,0.39062249854179104
0,13,Undirected,0.33266870509962243
1,2,Undirected,0.7678460230646498
1,3,Undirected,0.21501358629483597
1,8,Undirected,0.3042539438253294
2,3,Undirected,0.7519855623499477
2,4,Undirected,0.22445329729782953
2,5,Undirected,0.20521124413485267
3,4,Undirected,0.7400100372245354
3,5,Undirected,0.3087534383504781
3,6,Undirected,0.17136350027520764
4,5,Undirected,0.7500817268727257
4,6,Undirected,0.317676635743787
4,7,Undirected,0.20826260994813375
4,8,Undirected,0.2535767203214012
4,9,Undirected,0.21311450421086583
5,6,Undirected,0.7454390266985211
5,7,Undirected,0.3194727208427436
5,8,Undirected,0.1887888949403382
6,7,Undirected,0.7310751708332955
6,8,Undirected,0.2656915467435634
7,8,Undirected,0.762913799353662
7,9,Undirected,0.20857496239557585
8,9,Undirected,0.7359900695919946
8,10,Undirected,0.20461147370562377
9,10,Undirected,0.7421456416303266
9,11,Undirected,0.31560006242318434
10,11,Undirected,0.7872790630669185
11,12,Undirected,0.3809007641074727
11,13,Undirected,0.2849881708584772
12,13,Undirected,0.3917438998762463
