Source,Target,Type,Weight
0,1,Undirected,0.7428614795704432
0,2,Undirected,0.3015810141116599
0,3,Undirected,0.3211449019606642
0,4,Undirected,0.3084962113026761
0,5,Undirected,0.34525913878493725
0,6,Undirected,0.31516435561638306
0,7,Undirected,0.23491731778592864
0,11,Undirected,0.2986924145459072
0,12,Undirected,0.39439343695644363
0,13,Undirected,0.20283850804858447
1,2,Undirected,0.7582533163494972
1,3,Undirected,0.2702846179439095
1,6,Undirected,0.17228609709248643
1,11,Undirected,0.3490027598675583
1,12,Undirected,0.21058203990908175
2,3,Undirected,0.7139784082295283
2,4,Undirected,0.2798080178466418
2,6,Undirected,0.1941377787693279
2,8,Undirected,0.17470562528001274
2,11,Undirected,0.29422308813222775
2,12,Undirected,0.38387037580236044
2,13,Undirected,0.20536370733258832
3,4,Undirected,0.7501431007977786
3,5,Undirected,0.3206411992243094
3,6,Undirected,0.17903612468582378
3,11,Undirected,0.18844957052427416
3,12,Undirected,0.21969746175110805
4,5,Undirected,0.7120709432023672
4,6,Undirected,0.3532818677536246
4,7,Undirected,0.20559017701139037
4,8,Undirected,0.19690188837476735
4,11,Undirected,0.19574874254316219
4,12,Undirected,0.3766854193433432
4,13,Undirected,0.3589267618269948
5,6,Undirected,0.738876868770252
5,7,Undirected,0.20998995085169436
5,12,Undirected,0.19188652413742874
5,13,Undirected,0.16675434484048404
6,7,Undirected,0.7549373581501452
6,8,Undirected,0.24025070411724575
6,11,Undirected,0.3074014019536824
6,12,Undirected,0.3719497498078754
6,13,Undirected,0.3330403626938932
7,8,Undirected,0.7373480966889686
7,9,Undirected,0.21684585052576397
7,10,Undirected,0.1683276817484134
7,11,Undirected,0.3006776872751443
7,12,Undirected,0.2141501861092671
7,13,Undirected,0.2600888429849437
8,9,Undirected,0.7452309519919669
8,10,Undirected,0.30705337751438466
8,11,Undirected,0.3479086886344213
8,12,Undirected,0.23255405464147355
8,13,Undirected,0.32963105531348913
9,10,Undirected,0.7286069095383001
9,11,Undirected,0.2790629407655657
10,11,Undirected,0.7529876758818689
11,12,Undirected,0.36422091897201625
11,13,Undirected,0.28740737796778515
12,13,Undirected,0.37496026281432604
