Source,Target,Type,Weight
0,1,Undirected,0.757032341474451
0,2,Undirected,0.3292936934543451
0,3,Undirected,0.2024562720838249
0,4,Undirected,0.33142976529298435
0,5,Undirected,0.207933109286857
0,11,Undirected,0.24363445120176733
0,12,Undirected,0.3936817254812443
0,13,Undirected,0.3201755356902672
1,2,Undirected,0.7744495948605681
1,3,Undirected,0.26304659506974526
1,4,Undirected,0.2748882307079674
1,5,Undirected,0.24830341259246322
1,6,Undirected,0.17874989153898382
1,7,Undirected,0.2338313755323961
1,11,Undirected,0.2723653436389152
1,12,Undirected,0.21663025434907687
2,3,Undirected,0.7298691481579187
2,4,Undirected,0.2628405109264231
2,5,Undirected,0.18122072389191388
2,12,Undirected,0.20978365240578
3,4,Undirected,0.7404357821345301
3,5,Undirected,0.23972544566897128
3,12,Undirected,0.18015562531033144
4,5,Undirected,0.75103149671931
4,6,Undirected,0.21259602495536264
4,11,Undirected,0.30020023350077674
4,12,Undirected,0.3620592201012035
4,13,Undirected,0.24053447313406318
5,6,Undirected,0.7490685318561882
5,7,Undirected,0.25888914854111045
5,9,Undirected,0.18518353033301832
5,11,Undirected,0.34818493738604284
5,12,Undirected,0.24980708952832645
5,13,Undirected,0.1744400107933692
6,7,Undirected,0.7329801978623485
6,8,Undirected,0.3662141069175136
6,9,Undirected,0.3100497019332866
6,11,Undirected,0.18756036354201705
7,8,Undirected,0.7388793418566654
7,9,Undirected,0.2661371213690208
7,11,Undirected,0.24851788843599842
8,9,Undirected,0.7611439669149581
8,10,Undirected,0.20638405811007435
9,10,Undirected,0.7549603908517817
9,11,Undirected,0.3493752766520113
10,11,Undirected,0.7721130192861473
10,13,Undirected,0.1696231008462827
11,12,Undirected,0.37790710141754447
11,13,Undirected,0.3626943103751677
12,13,Undirected,0.36163111574857476
