Source,Target,Type,Weight
0,1,Undirected,0.7551102396347072
0,2,Undirected,0.324154891528431
0,3,Undirected,0.1858296755659663
0,12,Undirected,0.3864459262761788
0,13,Undirected,0.3179395975224946
1,2,Undirected,0.7478295970713735
1,3,Undirected,0.29245131463863056
1,4,Undirected,0.29568173810474835
1,12,Undirected,0.20337806162655356
2,3,Undirected,0.7391198960654939
2,4,Undirected,0.26426289290819954
2,12,Undirected,0.3700501004815243
2,13,Undirected,0.24153674881699339
3,4,Undirected,0.7401532909773048
3,5,Undirected,0.2147961382105286
3,6,Undirected,0.19124943584593654
3,12,Undirected,0.22022266184221123
4,5,Undirected,0.7280482837731379
4,6,Undirected,0.3387163854006214
4,7,Undirected,0.17430560831074118
5,6,Undirected,0.738552907475924
5,7,Undirected,0.20100657024354154
6,7,Undirected,0.7495935751225887
6,8,Undirected,0.22779063766871388
7,8,Undirected,0.7301793692971384
7,9,Undirected,0.21216509152838745
7,11,Undirected,0.19689122186980904
8,9,Undirected,0.7633151208335438
8,10,Undirected,0.2524815925726431
9,10,Undirected,0.7521339626723639
9,11,Undirected,0.21367424182217803
10,11,Undirected,0.741393175487896
12,13,Undirected,0.3791994607331888
