Source,Target,Type,Weight
0,1,Undirected,0.7356935386706188
0,2,Undirected,0.2660147473366522
0,3,Undirected,0.31609330361839555
0,4,Undirected,0.18324452108448078
0,9,Undirected,0.17763455858978716
1,2,Undirected,0.7501624205704166
1,3,Undirected,0.29658056224318013
2,3,Undirected,0.7435827863310882
2,4,Undirected,0.25053777494139606
2,5,Undirected,0.24420548897352978
2,7,Undirected,0.18450999123531087
2,8,Undirected,0.16855807212476606
3,4,Undirected,0.7648541963317195
3,5,Undirected,0.3042098974486589
3,6,Undirected,0.1700062874258293
4,5,Undirected,0.7727836268709488
4,6,Undirected,0.34427160519160727
4,7,Undirected,0.23309461299262121
4,8,Undirected,0.22718711603339461
4,9,Undirected,0.18403599507728424
5,6,Undirected,0.7120172121165206
5,7,Undirected,0.3366316672156399
5,8,Undirected,0.17747515252913382
6,7,Undirected,0.7182914807026245
6,8,Undirected,0.2653229335631198
7,8,Undirected,0.7510322363578186
7,9,Undirected,0.20349102016617715
8,9,Undirected,0.7554101157284023
8,10,Undirected,0.2091564594342673
9,10,Undirected,0.7283393148393589
9,11,Undirected,0.2972587697383873
10,11,Undirected,0.7684589694363659
11,12,Undirected,0.3770659134285609
11,13,Undirected,0.3579747913202611
12,13,Undirected,0.3888310670006379
