Source,Target,Type,Weight
0,1,Undirected,0.759496870697696
0,2,Undirected,0.24173712595274352
0,6,Undirected,0.2848769684223796
1,2,Undirected,0.76563738434584
1,3,Undirected,0.21970162763325582
1,6,Undirected,0.18057661675610603
2,3,Undirected,0.7483355468947932
2,4,Undirected,0.3475637415035774
2,5,Undirected,0.292796887893796
2,6,Undirected,0.3566020414114704
2,7,Undirected,0.21065239249420672
2,11,Undirected,0.27574594423485227
2,12,Undirected,0.38938433644675874
2,13,Undirected,0.20629030644530313
3,4,Undirected,0.741985470415916
3,5,Undirected,0.26002123538827177
3,11,Undirected,0.1735133273315477
3,12,Undirected,0.1692661845929863
4,5,Undirected,0.731546447565142
4,6,Undirected,0.3384391115592464
4,7,Undirected,0.31829084286549364
4,8,Undirected,0.24821157408229327
4,9,Undirected,0.17611583803186467
4,10,Undirected,0.2635357984354874
4,11,Undirected,0.3242379858008898
4,12,Undirected,0.3800764483678105
4,13,Undirected,0.3000337424078688
5,6,Undirected,0.7415526977416724
5,7,Undirected,0.21694208314475982
5,8,Undirected,0.17322932727628068
5,12,Undirected,0.18953086422430876
6,7,Undirected,0.7321929535987582
6,8,Undirected,0.2721161733766923
6,10,Undirected,0.1751114741305118
6,11,Undirected,0.21231044036088337
6,12,Undirected,0.3837216472303874
6,13,Undirected,0.3210024960459247
7,8,Undirected,0.742863979402516
7,9,Undirected,0.3071926726747753
7,10,Undirected,0.3395612480699682
7,11,Undirected,0.20134873713950555
7,12,Undirected,0.2186670120041261
7,13,Undirected,0.3551591639580052
8,9,Undirected,0.7569874588144927
8,10,Undirected,0.34993931153888386
8,13,Undirected,0.208220799323257
9,10,Undirected,0.7482927575096145
9,11,Undirected,0.21261012066397272
9,13,Undirected,0.17286526866690066
10,11,Undirected,0.7658837226628179
10,12,Undirected,0.1841089417523109
10,13,Undirected,0.3491869130168012
11,12,Undirected,0.4046489775008707
11,13,Undirected,0.3121615471492391
12,13,Undirected,0.37834586080930377
