Source,Target,Type,Weight
0,1,Undirected,0.7508403826179981
0,2,Undirected,0.31253636772178917
0,3,Undirected,0.3336157009772784
0,4,Undirected,0.3184070175039048
0,5,Undirected,0.35198382300911096
0,6,Undirected,0.30071687887394066
0,7,Undirected,0.2729969600210155
0,11,Undirected,0.2602745939957874
0,12,Undirected,0.3995109060763071
0,13,Undirected,0.2013927261489837
1,2,Undirected,0.7456249485020096
1,3,Undirected,0.2880206184193621
1,7,Undirected,0.17455179355407055
1,11,Undirected,0.1912364257739567
1,12,Undirected,0.18134819018198273
2,3,Undirected,0.7477258765354099
2,4,Undirected,0.3175691202239086
2,5,Undirected,0.17651412810276637
2,6,Undirected,0.19780860551267812
2,11,Undirected,0.27760101538747256
2,12,Undirected,0.3812106058664369
2,13,Undirected,0.22919027709139822
3,4,Undirected,0.735851262852231
3,5,Undirected,0.29460987986983317
3,6,Undirected,0.16778950272300144
3,12,Undirected,0.19611727168558948
4,5,Undirected,0.7507774834631495
4,6,Undirected,0.29628750548523064
4,7,Undirected,0.18304654483010419
4,11,Undirected,0.19104787401993714
4,12,Undirected,0.3684995275482632
4,13,Undirected,0.300370609269149
5,6,Undirected,0.7677355520271079
5,7,Undirected,0.2167036992680658
5,12,Undirected,0.1909362911715801
5,13,Undirected,0.16726293135076123
6,7,Undirected,0.7524767005229729
6,8,Undirected,0.21264569153967744
6,11,Undirected,0.3117779831864686
6,12,Undirected,0.38164332220363484
6,13,Undirected,0.32118668423135927
7,8,Undirected,0.7349579563201322
7,9,Undirected,0.2070938883982108
7,11,Undirected,0.2813198700388353
7,12,Undirected,0.21237502731712513
7,13,Undirected,0.2207624162226825
8,9,Undirected,0.7446107289848011
8,10,Undirected,0.30774321636441315
8,11,Undirected,0.36233317705932044
8,13,Undirected,0.17873217420666607
9,10,Undirected,0.7527951597020662
9,11,Undirected,0.29296309505299845
10,11,Undirected,0.7648055225386566
11,12,Undirected,0.377366693226174
11,13,Undirected,0.2592282172145345
12,13,Undirected,0.37567167493087433
