Source,Target,Type,Weight
0,1,Undirected,0.7609687260712049
0,2,Undirected,0.31719818594543314
1,2,Undirected,0.7556263646205852
1,3,Undirected,0.29403877146690244
2,3,Undirected,0.7486694854867891
2,4,Undirected,0.2666124242300964
2,8,Undirected,0.28916331137901324
2,11,Undirected,0.21186345304114662
2,12,Undirected,0.39227746390892715
2,13,Undirected,0.3225824165639987
3,4,Undirected,0.7312530395840912
3,5,Undirected,0.24096390525806718
4,5,Undirected,0.7536496306099726
4,6,Undirected,0.22794900008076005
4,7,Undirected,0.27045016694606
4,8,Undirected,0.2078426829167977
4,9,Undirected,0.22457340303420903
5,6,Undirected,0.7553032618128234
5,7,Undirected,0.3116656220358523
5,8,Undirected,0.18656649563753389
6,7,Undirected,0.7632700457146331
6,8,Undirected,0.20810895267060248
7,8,Undirected,0.733275250161343
7,9,Undirected,0.2719671474010864
8,9,Undirected,0.7378310675785977
8,10,Undirected,0.3120052928449146
8,11,Undirected,0.3209383637170967
8,12,Undirected,0.39445656589975475
8,13,Undirected,0.2982136915240644
9,10,Undirected,0.7407205820009998
9,11,Undirected,0.3020458848906917
10,11,Undirected,0.7433568405406014
11,12,Undirected,0.39965156415943665
11,13,Undirected,0.31885130625295527
12,13,Undirected,0.37385837285346735
