Source,Target,Type,Weight
0,1,Undirected,0.7723198815051817
0,2,Undirected,0.26102118474616626
0,3,Undirected,0.21112409441928823
0,8,Undirected,0.31076121272849094
0,9,Undirected,0.26844708727539746
0,11,Undirected,0.26093658120462093
0,12,Undirected,0.3739408007423355
0,13,Undirected,0.33538730507925407
1,2,Undirected,0.728321608651014
1,3,Undirected,0.2546079237178561
1,8,Undirected,0.2812509031529669
2,3,Undirected,0.7201308159998242
2,4,Undirected,0.2778588821647732
2,5,Undirected,0.30392584457037136
2,6,Undirected,0.19920379350760486
2,7,Undirected,0.175200404878255
2,8,Undirected,0.2900063410953383
3,4,Undirected,0.729206959718582
3,5,Undirected,0.32375335240668934
3,6,Undirected,0.17871337908870963
3,8,Undirected,0.1865755914004228
4,5,Undirected,0.7445907027350985
4,6,Undirected,0.3443382788898498
4,7,Undirected,0.2311909173358903
4,8,Undirected,0.1985830887838799
5,6,Undirected,0.7509880623217619
5,7,Undirected,0.3033243793799498
5,8,Undirected,0.19429431296275312
6,7,Undirected,0.7389183276956871
6,8,Undirected,0.22984827715610717
7,8,Undirected,0.7400532556233751
7,9,Undirected,0.22141143624900256
8,9,Undirected,0.7531343082848735
8,10,Undirected,0.21324621614542236
9,10,Undirected,0.7491733612261403
9,11,Undirected,0.2946521421323078
9,12,Undirected,0.17421303904622906
9,13,Undirected,0.174119339238017
10,11,Undirected,0.7283346985001456
11,12,Undirected,0.39669707885083466
11,13,Undirected,0.29929111536586506
12,13,Undirected,0.39962574721930566
