Source,Target,Type,Weight
0,1,Undirected,0.7174783200489437
0,2,Undirected,0.29348112589224845
0,3,Undirected,0.30407175051220486
0,4,Undirected,0.31839033997509386
0,5,Undirected,0.3545630238703201
0,6,Undirected,0.3359772737540504
0,7,Undirected,0.2458358634109745
0,11,Undirected,0.33300609426851036
0,12,Undirected,0.4072957560799586
0,13,Undirected,0.2019629530294414
1,2,Undirected,0.7296744972543507
1,3,Undirected,0.2599473635444979
1,6,Undirected,0.19102441601501122
1,10,Undirected,0.17459027332095167
1,11,Undirected,0.35340084479766615
1,12,Undirected,0.22233146572182466
2,3,Undirected,0.7411282869170741
2,4,Undirected,0.31757241436122824
2,6,Undirected,0.1951766658219241
2,11,Undirected,0.2991961949910169
2,12,Undirected,0.39534331768349756
2,13,Undirected,0.3115010029471622
3,4,Undirected,0.758686868632055
3,5,Undirected,0.28341693887428926
3,11,Undirected,0.1853190415608582
3,12,Undirected,0.21123141912648993
4,5,Undirected,0.7638261126736684
4,6,Undirected,0.3530464420228482
4,7,Undirected,0.20632419987774922
4,11,Undirected,0.20091140296026333
4,12,Undirected,0.3686699652355533
4,13,Undirected,0.25570756880391365
5,6,Undirected,0.7299075700146676
5,7,Undirected,0.21955324937242893
5,12,Undirected,0.19066169085115683
6,7,Undirected,0.7496792556228125
6,8,Undirected,0.2437422237977214
6,11,Undirected,0.32823237919376663
6,12,Undirected,0.3677168045884645
6,13,Undirected,0.2054237137386571
7,8,Undirected,0.7712186044014379
7,9,Undirected,0.23653946082160657
7,11,Undirected,0.3082631315059275
7,12,Undirected,0.21521903954201588
7,13,Undirected,0.17521732642585403
8,9,Undirected,0.7458531375086167
8,10,Undirected,0.33121112460216484
8,11,Undirected,0.3691215016963926
8,12,Undirected,0.20761500810105138
8,13,Undirected,0.2655821938842513
9,10,Undirected,0.7515215910175131
9,11,Undirected,0.31702580300201827
10,11,Undirected,0.7555828054860271
11,12,Undirected,0.37820782700004374
11,13,Undirected,0.31075386802734495
12,13,Undirected,0.373506338951225
