Source,Target,Type,Weight
0,1,Undirected,0.7623832401265893
0,2,Undirected,0.20336461126525318
1,2,Undirected,0.7398470017686072
1,3,Undirected,0.21050518385396716
1,4,Undirected,0.17084908365702964
2,3,Undirected,0.7420444762738126
2,4,Undirected,0.26461974929695364
2,8,Undirected,0.31546371685595875
2,11,Undirected,0.19738848641205367
2,12,Undirected,0.3714752814580402
2,13,Undirected,0.31985465588909334
3,4,Undirected,0.7442624390750273
3,5,Undirected,0.20510726029031773
3,8,Undirected,0.1883466678258233
3,12,Undirected,0.18766487719356018
3,13,Undirected,0.25295737850452354
4,5,Undirected,0.7377319184353478
4,6,Undirected,0.23519315730601448
4,7,Undirected,0.275156638981556
4,8,Undirected,0.17616779568570548
4,13,Undirected,0.1955003864511738
5,6,Undirected,0.7296173152742073
5,7,Undirected,0.28891831285587793
5,8,Undirected,0.17049335672860538
6,7,Undirected,0.7622047272712404
6,8,Undirected,0.21535325591652252
6,9,Undirected,0.1835777489081767
7,8,Undirected,0.7489411304227336
7,9,Undirected,0.28843126494830756
8,9,Undirected,0.7661988668056893
8,10,Undirected,0.30692496645583994
8,11,Undirected,0.3283885496064869
8,12,Undirected,0.38272346866503065
8,13,Undirected,0.2912965591021771
9,10,Undirected,0.733451369525853
9,11,Undirected,0.33105317319961247
10,11,Undirected,0.7701664221127876
11,12,Undirected,0.37499217705357263
11,13,Undirected,0.2848157812088854
12,13,Undirected,0.3775277630211985
