Source,Target,Type,Weight
0,1,Undirected,0.7524744055699163
0,2,Undirected,0.3026983304373154
0,3,Undirected,0.35463011563790237
0,4,Undirected,0.34349262952967524
0,5,Undirected,0.3611002203464279
0,6,Undirected,0.28708744950666154
0,7,Undirected,0.25322613519677517
0,11,Undirected,0.2911778331011045
0,12,Undirected,0.3731082629395313
0,13,Undirected,0.20240511656946553
1,2,Undirected,0.7891397852092358
1,3,Undirected,0.25502080664518784
1,6,Undirected,0.17808127050291192
1,11,Undirected,0.3622928660341714
1,12,Undirected,0.22258698226937143
1,13,Undirected,0.17650912145985778
2,3,Undirected,0.749678987631372
2,4,Undirected,0.301773434365186
2,6,Undirected,0.19093257109082515
2,11,Undirected,0.286891179337562
2,12,Undirected,0.3868276382610287
2,13,Undirected,0.3621404662984683
3,4,Undirected,0.7323695124831228
3,5,Undirected,0.2619957104278978
3,11,Undirected,0.19132636397508138
3,12,Undirected,0.21872204247593346
4,5,Undirected,0.7459994587716214
4,6,Undirected,0.28200245419826103
4,7,Undirected,0.17538084028345577
4,11,Undirected,0.19239811872681492
4,12,Undirected,0.3777810923549278
4,13,Undirected,0.22749979144651936
5,6,Undirected,0.7544650562205714
5,7,Undirected,0.21684981927389424
5,12,Undirected,0.18304914910572526
6,7,Undirected,0.7431488730788761
6,8,Undirected,0.23287687813471256
6,11,Undirected,0.3011147185463459
6,12,Undirected,0.3597169231286449
6,13,Undirected,0.2000696615537961
7,8,Undirected,0.759014040922984
7,9,Undirected,0.22069838768202876
7,11,Undirected,0.2963135864132335
7,12,Undirected,0.20746794867355775
8,9,Undirected,0.7506289462096298
8,10,Undirected,0.2981954793457721
8,11,Undirected,0.3397492194191568
8,12,Undirected,0.19246403285068775
8,13,Undirected,0.2270681573038428
9,10,Undirected,0.7326444924725972
9,11,Undirected,0.29678170853351143
10,11,Undirected,0.7358318340866846
11,12,Undirected,0.37455028647358873
11,13,Undirected,0.31876881770116394
12,13,Undirected,0.3859252213204458
