Source,Target,Type,Weight
0,1,Undirected,0.7446745822405855
0,2,Undirected,0.3284983715681692
0,3,Undirected,0.16759520627740407
1,2,Undirected,0.7449845516606853
1,3,Undirected,0.3119854500651559
2,3,Undirected,0.748394899400016
2,4,Undirected,0.2834634451585635
2,8,Undirected,0.30557599340516595
2,11,Undirected,0.20488921885027866
2,12,Undirected,0.3941151243919096
2,13,Undirected,0.3455718189387644
3,4,Undirected,0.7313296052292031
3,5,Undirected,0.25673023329663636
3,8,Undirected,0.16707428403262437
4,5,Undirected,0.7799883698290231
4,6,Undirected,0.23229375841893077
4,7,Undirected,0.2878299244703651
4,8,Undirected,0.3596983829496457
4,9,Undirected,0.19413616132591774
4,11,Undirected,0.22206945685133628
4,12,Undirected,0.22662400205405667
5,6,Undirected,0.768208298667409
5,7,Undirected,0.3051451276787749
5,8,Undirected,0.18689466936077298
5,9,Undirected,0.16864943387917533
6,7,Undirected,0.7498266129288162
6,8,Undirected,0.21478714058023352
7,8,Undirected,0.7546171522085975
7,9,Undirected,0.2578300203286142
8,9,Undirected,0.7336096734309299
8,10,Undirected,0.2840658979698955
8,11,Undirected,0.31946296333815055
8,12,Undirected,0.38462016010006367
8,13,Undirected,0.19985120407579235
9,10,Undirected,0.7523474624732465
9,11,Undirected,0.31573852241167
10,11,Undirected,0.7444237270793257
11,12,Undirected,0.37709201672966064
11,13,Undirected,0.3073033397510188
12,13,Undirected,0.38147650174112213
