Source,Target,Type,Weight
0,1,Undirected,0.7270853824826381
0,2,Undirected,0.32958821275553807
0,3,Undirected,0.30732894159817786
0,4,Undirected,0.342551890318163
0,5,Undirected,0.37181591428748473
0,6,Undirected,0.3109285310588714
0,7,Undirected,0.21684430342601574
0,11,Undirected,0.3154122381305607
0,12,Undirected,0.40920114876310504
0,13,Undirected,0.20438412620570098
1,2,Undirected,0.7533060266220679
1,3,Undirected,0.24543224249709966
1,6,Undirected,0.1840445227335116
1,11,Undirected,0.3661112723024513
1,12,Undirected,0.2226364637658081
2,3,Undirected,0.7411887282448425
2,4,Undirected,0.3219494506914964
2,6,Undirected,0.19710997751586493
2,11,Undirected,0.3148630328721257
2,12,Undirected,0.380335590546997
2,13,Undirected,0.35184029588010113
3,4,Undirected,0.7641375468134686
3,5,Undirected,0.2795205896244066
3,6,Undirected,0.16993604401518828
3,11,Undirected,0.1826448417980948
3,12,Undirected,0.20115846214806896
4,5,Undirected,0.7571855427759417
4,6,Undirected,0.36674354548851135
4,7,Undirected,0.19842796267099688
4,8,Undirected,0.16700712042220034
4,11,Undirected,0.19339065040114356
4,12,Undirected,0.367366776351948
4,13,Undirected,0.29309753619551615
5,6,Undirected,0.7444873500461056
5,7,Undirected,0.20831261036316379
5,12,Undirected,0.1839186908534226
6,7,Undirected,0.7492600833737054
6,8,Undirected,0.2435967561350397
6,11,Undirected,0.29862193899099015
6,12,Undirected,0.3857441715603913
6,13,Undirected,0.20229080383400586
7,8,Undirected,0.7545069257060623
7,9,Undirected,0.2265466412978745
7,11,Undirected,0.27398064898789976
7,12,Undirected,0.21661776851735937
8,9,Undirected,0.7694372471626076
8,10,Undirected,0.2901124744164106
8,11,Undirected,0.34453862483522857
8,12,Undirected,0.21207536553550813
8,13,Undirected,0.2948507839095125
9,10,Undirected,0.7297916816738127
9,11,Undirected,0.30547359687516024
10,11,Undirected,0.7439303083247022
11,12,Undirected,0.37612839307069984
11,13,Undirected,0.2946624301298809
12,13,Undirected,0.36791323841672635
