Source,Target,Type,Weight
0,1,Undirected,0.7443226001772474
0,2,Undirected,0.3680523849584014
0,3,Undirected,0.3181519216265199
0,4,Undirected,0.2573417456837947
0,5,Undirected,0.20810048589975802
0,6,Undirected,0.29510985501897
0,7,Undirected,0.18777197878697527
0,8,Undirected,0.1967781023708682
0,11,Undirected,0.2996901140154636
0,12,Undirected,0.3728181077270241
0,13,Undirected,inf
1,2,Undirected,0.7323496277754458
1,3,Undirected,0.24317588575063603
1,11,Undirected,0.2965243907568862
1,12,Undirected,0.20069014414862205
1,13,Undirected,inf
2,3,Undirected,0.7647873934829483
2,4,Undirected,0.34347021111405096
2,5,Undirected,0.20508278994081683
2,6,Undirected,0.2133394533005606
2,8,Undirected,0.2903434034488829
2,11,Undirected,0.3159923561610088
2,12,Undirected,0.39160622916883353
2,13,Undirected,inf
3,4,Undirected,0.7376506334251989
3,5,Undirected,0.31734520706522357
3,6,Undirected,0.18206388355701172
3,12,Undirected,0.20136955943111318
3,13,Undirected,inf
4,5,Undirected,0.7658619065183015
4,6,Undirected,0.35936584835894636
4,7,Undirected,0.21154088243173888
4,8,Undirected,0.30591043367063947
4,11,Undirected,0.19328771570018446
4,12,Undirected,0.36948747943146043
4,13,Undirected,inf
5,6,Undirected,0.7477494710956232
5,7,Undirected,0.21711751780503785
5,12,Undirected,0.18667199790073757
5,13,Undirected,inf
6,7,Undirected,0.7451903042382247
6,8,Undirected,0.29816635296541344
6,11,Undirected,0.2797775202849015
6,12,Undirected,0.37443499586847984
6,13,Undirected,inf
7,8,Undirected,0.7244662716648338
7,9,Undirected,0.21408761847594343
7,11,Undirected,0.26532496441556797
7,12,Undirected,0.22078509997039567
7,13,Undirected,inf
8,9,Undirected,0.7498270150743815
8,10,Undirected,0.3032631687402729
8,11,Undirected,0.3220298108584359
8,12,Undirected,0.39947658454941515
8,13,Undirected,inf
9,10,Undirected,0.7430074189954308
9,11,Undirected,0.29590201880287875
9,13,Undirected,inf
10,11,Undirected,0.7409230040890015
10,13,Undirected,inf
11,12,Undirected,0.37280720544810153
11,13,Undirected,inf
12,13,Undirected,inf
