Source,Target,Type,Weight
0,1,Undirected,0.7414124403490396
0,2,Undirected,0.32538761880461375
0,12,Undirected,0.39180746440943137
0,13,Undirected,0.203952561174526
1,2,Undirected,0.7794676996869532
1,3,Undirected,0.224941585928108
1,4,Undirected,0.17718095039833676
1,5,Undirected,0.16891615479330696
1,6,Undirected,0.3246306278484873
1,12,Undirected,0.20923748988683935
2,3,Undirected,0.7601566853191198
2,4,Undirected,0.2183944350841216
2,6,Undirected,0.2725687141479359
2,7,Undirected,0.24600340884163902
2,12,Undirected,0.38275692772678577
2,13,Undirected,0.27182122640295825
3,4,Undirected,0.7689374005841411
3,5,Undirected,0.34622162884726787
3,6,Undirected,0.3290807786111428
3,7,Undirected,0.20705534631569397
4,5,Undirected,0.7490063304662494
4,6,Undirected,0.27648593000218524
4,8,Undirected,0.18787002987875512
5,6,Undirected,0.7521576339273466
5,7,Undirected,0.21077641710483944
5,8,Undirected,0.18458445147580724
6,7,Undirected,0.7426591805295039
6,8,Undirected,0.28617584947777375
7,8,Undirected,0.7507735862126862
7,9,Undirected,0.2109562556520007
8,9,Undirected,0.760087188040712
8,10,Undirected,0.24466478104497538
9,10,Undirected,0.7328608348521534
9,11,Undirected,0.20713436791607606
10,11,Undirected,0.7461238039914374
12,13,Undirected,0.37893741327375574
