Source,Target,Type,Weight
0,1,Undirected,0.7325662438414708
0,2,Undirected,0.32396052818576715
0,3,Undirected,0.2961494326402781
0,4,Undirected,0.32947380468552573
0,5,Undirected,0.2105763308473672
0,6,Undirected,0.2863683653757264
0,7,Undirected,0.3396846684872575
0,8,Undirected,0.22995617223642212
0,12,Undirected,0.36553172383212623
0,13,Undirected,0.29101013160836176
1,2,Undirected,0.746476495658995
1,3,Undirected,0.2570251828429435
1,7,Undirected,0.2184025319943809
1,8,Undirected,0.29756099256711893
1,9,Undirected,0.2109323004669242
1,10,Undirected,0.19450069438300077
1,12,Undirected,0.1910920561399979
1,13,Undirected,0.24873925499393557
2,3,Undirected,0.7837189608871489
2,4,Undirected,0.3583768227489389
2,5,Undirected,0.20017903127243739
2,6,Undirected,0.19528936955997425
2,7,Undirected,0.21680092635619205
2,12,Undirected,0.3700613971531513
2,13,Undirected,0.36400427053502665
3,4,Undirected,0.7496787866379173
3,5,Undirected,0.21511157501546804
3,12,Undirected,0.20191463202112778
4,5,Undirected,0.7516269061137478
4,6,Undirected,0.3188044104921158
4,7,Undirected,0.20454996563282948
4,12,Undirected,0.37997907276968723
4,13,Undirected,0.19111692409535433
5,6,Undirected,0.7459983973046402
5,7,Undirected,0.23443933653893126
5,12,Undirected,0.2090269370045252
6,7,Undirected,0.7542517093964068
6,8,Undirected,0.23274829735374267
6,12,Undirected,0.37383391479575345
6,13,Undirected,0.22845947769037564
7,8,Undirected,0.7614749212142085
7,9,Undirected,0.2200526808018319
7,12,Undirected,0.35187291211197375
7,13,Undirected,0.3581080186902786
8,9,Undirected,0.760131956882583
8,10,Undirected,0.2112157825269628
8,11,Undirected,0.20508780388103226
8,12,Undirected,0.2022916233801686
8,13,Undirected,0.2877786178145381
9,10,Undirected,0.7513508197531829
9,11,Undirected,0.24187206713891157
9,13,Undirected,0.22113885743925424
10,11,Undirected,0.7457897450318294
12,13,Undirected,0.3819593824654374
