Source,Target,Type,Weight
0,1,Undirected,0.7459150152444446
0,2,Undirected,0.33714603337535964
0,3,Undirected,0.34384577478684786
0,4,Undirected,0.3295504045146233
0,5,Undirected,0.20619047689275677
0,6,Undirected,0.25351988723595104
0,7,Undirected,0.34849353111109616
0,8,Undirected,0.22601813682945943
0,12,Undirected,0.3807186946924544
0,13,Undirected,0.19015139741626827
1,2,Undirected,0.7593652789188755
1,3,Undirected,0.27258044065796955
1,7,Undirected,0.1959322846561759
1,8,Undirected,0.18274044442182744
1,9,Undirected,0.18058044180879063
1,10,Undirected,0.17133587772227218
1,12,Undirected,0.1848920223331964
2,3,Undirected,0.7296145865025518
2,4,Undirected,0.37272610455871236
2,5,Undirected,0.205657213004439
2,6,Undirected,0.20522451813898632
2,7,Undirected,0.20673810920600083
2,12,Undirected,0.3851789404857182
2,13,Undirected,0.2803687390524411
3,4,Undirected,0.7824446620024356
3,5,Undirected,0.21135178138396862
3,7,Undirected,0.16880293826220433
3,12,Undirected,0.20685322021573907
4,5,Undirected,0.7300839814230244
4,6,Undirected,0.3079914764359906
4,7,Undirected,0.21734039204867492
4,12,Undirected,0.3665436495278711
4,13,Undirected,0.2588530395253643
5,6,Undirected,0.7557352163482112
5,7,Undirected,0.2647486635390632
5,12,Undirected,0.2035736674559873
5,13,Undirected,0.19828376425173538
6,7,Undirected,0.7394457890565548
6,8,Undirected,0.2613449215682475
6,9,Undirected,0.2673978155679149
6,10,Undirected,0.16805656548690479
6,12,Undirected,0.39054200769109004
6,13,Undirected,0.29892947671462544
7,8,Undirected,0.7567493350281077
7,9,Undirected,0.23965931303785873
7,12,Undirected,0.3538441784534469
7,13,Undirected,0.2004610748484798
8,9,Undirected,0.7498487986036733
8,10,Undirected,0.29254137043536194
8,12,Undirected,0.21726716775736135
8,13,Undirected,0.16676806946591408
9,10,Undirected,0.7440135771749489
9,11,Undirected,0.20971186558133725
9,13,Undirected,0.168745836979036
10,11,Undirected,0.7464986828207667
12,13,Undirected,0.3621025739621191
