Source,Target,Type,Weight
0,1,Undirected,0.7398486983249215
0,2,Undirected,0.35390496627514934
0,3,Undirected,0.33510624231155095
0,4,Undirected,0.1957996777428781
0,7,Undirected,0.17204099250203386
0,8,Undirected,0.18394192031620632
1,2,Undirected,0.7307267582273757
1,3,Undirected,0.2734437912287363
1,4,Undirected,0.3010328323779906
1,8,Undirected,0.30313170754058827
1,11,Undirected,0.2857898405872971
1,12,Undirected,0.3609803840229303
1,13,Undirected,0.18935760956099035
2,3,Undirected,0.7540590208873952
2,4,Undirected,0.3076498327266112
2,8,Undirected,0.18921310826093998
2,11,Undirected,0.17884162687863903
2,12,Undirected,0.2172567465399424
3,4,Undirected,0.7254384918061141
3,5,Undirected,0.28105629570393637
3,8,Undirected,0.17533012260848904
3,12,Undirected,0.17049348147495358
4,5,Undirected,0.7322532885505203
4,6,Undirected,0.224316211378051
4,7,Undirected,0.30278943135010766
4,8,Undirected,0.3071676559057636
4,11,Undirected,0.19695373998092777
4,12,Undirected,0.3704618292545592
4,13,Undirected,0.2572528673120993
5,6,Undirected,0.7588859803986757
5,7,Undirected,0.31094005622907017
5,8,Undirected,0.16746074998931987
6,7,Undirected,0.7432722697489379
6,8,Undirected,0.208029577935901
7,8,Undirected,0.7462456680100428
7,9,Undirected,0.25055657281611626
8,9,Undirected,0.7551963701346345
8,10,Undirected,0.3011939456505691
8,11,Undirected,0.33137899211044913
8,12,Undirected,0.36914255297876625
8,13,Undirected,0.3260065928772023
9,10,Undirected,0.7513492046289358
9,11,Undirected,0.31740606172880986
10,11,Undirected,0.7365281011902917
11,12,Undirected,0.38282707802352145
11,13,Undirected,0.3417333849888562
12,13,Undirected,0.39112357443505436
