Source,Target,Type,Weight
0,1,Undirected,0.7451709087459206
0,2,Undirected,0.2940095858122968
0,3,Undirected,0.3057957955615288
0,4,Undirected,0.2666108820334897
0,5,Undirected,0.3486946554902916
0,6,Undirected,0.28735380033825
0,7,Undirected,0.21082460121652158
0,11,Undirected,0.3204306079657523
0,12,Undirected,0.40069620935805267
0,13,Undirected,0.19041719772144247
1,2,Undirected,0.7249227988979345
1,3,Undirected,0.2410624831889209
1,6,Undirected,0.17801666291758095
1,10,Undirected,0.27138376926934216
1,11,Undirected,0.34336963149301425
1,12,Undirected,0.22186135484939806
2,3,Undirected,0.7442414411118168
2,4,Undirected,0.2971809673991876
2,5,Undirected,0.187262835459242
2,6,Undirected,0.1939992257244495
2,8,Undirected,0.19162240421630106
2,10,Undirected,0.17064472504349212
2,11,Undirected,0.3282745616533445
2,12,Undirected,0.37349406602440555
2,13,Undirected,0.26648874929070143
3,4,Undirected,0.7468069816584394
3,5,Undirected,0.3061253103271851
3,6,Undirected,0.1745920901945466
3,11,Undirected,0.17371032949061255
3,12,Undirected,0.21092642389658375
4,5,Undirected,0.7597356260929804
4,6,Undirected,0.35742386460531383
4,7,Undirected,0.19464527611034668
4,8,Undirected,0.18546201678022187
4,11,Undirected,0.2069756496042729
4,12,Undirected,0.3891978604762772
4,13,Undirected,0.3659516846168343
5,6,Undirected,0.7644052100080253
5,7,Undirected,0.21655909543719204
5,12,Undirected,0.20467070168269674
6,7,Undirected,0.7649469586762525
6,8,Undirected,0.25052403751447994
6,11,Undirected,0.3146130862056886
6,12,Undirected,0.38462150036079723
6,13,Undirected,0.3239655577121656
7,8,Undirected,0.7559493352399514
7,9,Undirected,0.21308849745902508
7,11,Undirected,0.2889517913988166
7,12,Undirected,0.21567204018264052
7,13,Undirected,0.18494111679406425
8,9,Undirected,0.7301413636795274
8,10,Undirected,0.27672573393805683
8,11,Undirected,0.3689836232058218
8,12,Undirected,0.2030390919224085
8,13,Undirected,0.3073877947308434
9,10,Undirected,0.7084379416859669
9,11,Undirected,0.33092275864800474
10,11,Undirected,0.7362298443383438
11,12,Undirected,0.3935231571217322
11,13,Undirected,0.30413183253629594
12,13,Undirected,0.3565387779222776
