Source,Target,Type,Weight
0,1,Undirected,0.7248089262891297
0,2,Undirected,0.32072698965933066
0,3,Undirected,0.3437063279173054
0,4,Undirected,0.2258008944383575
0,5,Undirected,0.18798021340168614
0,6,Undirected,0.21447127203438002
0,8,Undirected,0.19625084186631972
0,11,Undirected,0.33791483310400455
0,12,Undirected,0.38868952824536634
0,13,Undirected,0.3711859185420123
1,2,Undirected,0.7364502492713947
1,3,Undirected,0.23614568806368377
1,11,Undirected,0.3256084687465697
1,12,Undirected,0.21049028838893458
1,13,Undirected,0.1726021906626267
2,3,Undirected,0.7583136356026493
2,4,Undirected,0.3531985690179055
2,5,Undirected,0.20042312304256374
2,6,Undirected,0.20700913518306
2,8,Undirected,0.31550595619132926
2,11,Undirected,0.3308333849319234
2,12,Undirected,0.3796137397904746
2,13,Undirected,0.31166302826082415
3,4,Undirected,0.7449207775386255
3,5,Undirected,0.33568783326247637
3,6,Undirected,0.18149867226510974
3,11,Undirected,0.17774896782544605
3,12,Undirected,0.216223505905402
3,13,Undirected,0.30002474989019917
4,5,Undirected,0.750186504597108
4,6,Undirected,0.35458916205849705
4,7,Undirected,0.20515670018457874
4,8,Undirected,0.3408900209525698
4,11,Undirected,0.20517645069880167
4,12,Undirected,0.37681289882426544
4,13,Undirected,0.3555766855245423
5,6,Undirected,0.7281215253335462
5,7,Undirected,0.21009964032186093
5,12,Undirected,0.190755947320246
5,13,Undirected,0.3259546051350838
6,7,Undirected,0.7495748204720603
6,8,Undirected,0.3031610013735942
6,11,Undirected,0.29418243445744635
6,12,Undirected,0.3664145077747366
6,13,Undirected,0.30585145345112746
7,8,Undirected,0.7569437426187994
7,9,Undirected,0.2227363207646365
7,11,Undirected,0.2827003053400334
7,12,Undirected,0.2147608119930458
7,13,Undirected,0.18971076858501584
8,9,Undirected,0.7323298080802914
8,10,Undirected,0.2877495758505457
8,11,Undirected,0.32722033212562884
8,12,Undirected,0.38386071460276405
8,13,Undirected,0.20439255222962271
9,10,Undirected,0.7385368469104184
9,11,Undirected,0.3048725555721525
10,11,Undirected,0.7368088021365555
11,12,Undirected,0.3865453625199088
11,13,Undirected,0.21198691538130063
12,13,Undirected,0.37468924441984414
