Source,Target,Type,Weight
0,1,Undirected,0.7694817125579523
0,2,Undirected,0.2138627908060554
0,3,Undirected,0.17100338524653524
1,2,Undirected,0.7464974206414536
1,3,Undirected,0.21652227044262948
1,12,Undirected,0.173723668834286
1,13,Undirected,0.2313126288423846
2,3,Undirected,0.7403144360912607
2,4,Undirected,0.20916751577669032
2,6,Undirected,0.19004468218395446
2,8,Undirected,0.2043469046416125
2,10,Undirected,0.17913958412560763
2,11,Undirected,0.26258116481677435
2,12,Undirected,0.3702125646368649
2,13,Undirected,0.3446232400551686
3,4,Undirected,0.7512217662999189
3,5,Undirected,0.2580363674484077
3,6,Undirected,0.17226307206990826
3,8,Undirected,0.1707384746449353
3,12,Undirected,0.21916665229698115
3,13,Undirected,0.17505557841324662
4,5,Undirected,0.7396251462082146
4,6,Undirected,0.3178111927656443
5,6,Undirected,0.755712408667721
5,7,Undirected,0.21372005741182878
6,7,Undirected,0.7523688528596779
6,8,Undirected,0.25153265477612335
6,11,Undirected,0.25223429773385053
6,12,Undirected,0.20131406221276787
7,8,Undirected,0.7422895921251508
7,9,Undirected,0.26120613935664
7,11,Undirected,0.28520022814364565
8,9,Undirected,0.735095717632939
8,10,Undirected,0.31718559252954265
8,11,Undirected,0.34901518946473237
8,12,Undirected,0.3752796834422302
8,13,Undirected,0.25022003031416085
9,10,Undirected,0.7329600238081154
9,11,Undirected,0.3428479691449383
9,12,Undirected,0.16931565505674973
9,13,Undirected,0.1751959554638547
10,11,Undirected,0.7463108643438104
10,12,Undirected,0.22285741368540765
10,13,Undirected,0.2997241008803632
11,12,Undirected,0.38592046308571193
11,13,Undirected,0.35764244589238114
12,13,Undirected,0.3767393853916373
