Source,Target,Type,Weight
0,1,Undirected,0.7436011764144816
0,2,Undirected,0.219676243521487
0,13,Undirected,0.17219664959331035
1,2,Undirected,0.7746366798973912
1,3,Undirected,0.2191222954411238
1,4,Undirected,0.2141053663044631
2,3,Undirected,0.747978762438102
2,4,Undirected,0.2606738483715311
3,4,Undirected,0.7571191160435613
3,5,Undirected,0.2575326208903376
4,5,Undirected,0.7575542452338183
4,6,Undirected,0.21117675431662536
4,7,Undirected,0.3431710073752692
4,8,Undirected,0.23439720192274485
4,9,Undirected,0.1958652544718858
5,6,Undirected,0.7288210002699431
5,7,Undirected,0.289368333463381
5,8,Undirected,0.1740847371789077
6,7,Undirected,0.7610115276543865
6,8,Undirected,0.2137801221322843
7,8,Undirected,0.7473097507143605
7,9,Undirected,0.24968954777916233
8,9,Undirected,0.7499532430713026
8,10,Undirected,0.2868334588794132
8,11,Undirected,0.3342240547698858
8,12,Undirected,0.3734821929847604
8,13,Undirected,0.2503333059184316
9,10,Undirected,0.714614128672674
9,11,Undirected,0.29359752488765667
10,11,Undirected,0.7411875494464734
11,12,Undirected,0.38811912265155907
11,13,Undirected,0.3087667803391801
12,13,Undirected,0.38634550915109167
