Source,Target,Type,Weight
0,1,Undirected,0.7474159529842794
0,2,Undirected,0.31839684158650644
0,3,Undirected,0.3155439337878221
0,4,Undirected,0.2981146220949613
0,5,Undirected,0.3466794704503622
0,6,Undirected,0.3534626122819777
0,7,Undirected,0.23763565468523604
0,11,Undirected,0.2794420757696842
0,12,Undirected,0.3954261728075684
0,13,Undirected,0.2020370252979806
1,2,Undirected,0.7658814151272163
1,3,Undirected,0.28046298314087614
1,11,Undirected,0.2217241572898877
1,12,Undirected,0.18312002022993387
2,3,Undirected,0.7274495704473612
2,4,Undirected,0.3205112157804188
2,5,Undirected,0.1911599010051256
2,6,Undirected,0.21069751394953554
2,11,Undirected,0.3564208288996402
2,12,Undirected,0.39442663091443075
2,13,Undirected,0.30670441329117004
3,4,Undirected,0.746829321449506
3,5,Undirected,0.32607200646934703
3,6,Undirected,0.18962347413671737
3,12,Undirected,0.20558388895941607
4,5,Undirected,0.7613871453800047
4,6,Undirected,0.31931774190048806
4,7,Undirected,0.19455215521631944
4,11,Undirected,0.19200964501573778
4,12,Undirected,0.36186071270350495
4,13,Undirected,0.31223583963467033
5,6,Undirected,0.7305507995589842
5,7,Undirected,0.20837950819045004
5,12,Undirected,0.18999967474993118
6,7,Undirected,0.7439301763761822
6,8,Undirected,0.2317834148163744
6,11,Undirected,0.3139903635750864
6,12,Undirected,0.393284861721257
6,13,Undirected,0.21576849893008393
7,8,Undirected,0.7399481562221839
7,9,Undirected,0.21652332113408698
7,11,Undirected,0.26321992790656357
7,12,Undirected,0.21626299469023627
8,9,Undirected,0.7544445642602486
8,10,Undirected,0.30230255106409415
8,11,Undirected,0.3459941459129908
8,12,Undirected,0.19054368522029688
8,13,Undirected,0.17306108679601653
9,10,Undirected,0.7406819289533726
9,11,Undirected,0.32799431079814456
10,11,Undirected,0.7581624443236565
11,12,Undirected,0.3837207695998807
11,13,Undirected,0.2934840419297703
12,13,Undirected,0.3771012045954822
