Source,Target,Type,Weight
0,1,Undirected,0.778923783263545
0,2,Undirected,0.33204138959303814
0,3,Undirected,0.17186427590764516
1,2,Undirected,0.7590126673905175
1,3,Undirected,0.31561293398524176
2,3,Undirected,0.7602403882056364
2,4,Undirected,0.2747312590727123
2,8,Undirected,0.2936534357867301
2,11,Undirected,0.19606747261354704
2,12,Undirected,0.3694279891793806
2,13,Undirected,0.29004967968222706
3,4,Undirected,0.7553017656645328
3,5,Undirected,0.22670908640806192
4,5,Undirected,0.7512223717652563
4,6,Undirected,0.23131413414431168
4,7,Undirected,0.2813109077139062
4,8,Undirected,0.27812901306634175
4,12,Undirected,0.19299038320492473
4,13,Undirected,0.31889055418689904
5,6,Undirected,0.7347761569630192
5,7,Undirected,0.29270054675346463
5,8,Undirected,0.1722944057259707
6,7,Undirected,0.7384949106704252
6,8,Undirected,0.22003705000071347
6,9,Undirected,0.1674394912188464
7,8,Undirected,0.7540152356126829
7,9,Undirected,0.24997976586091286
8,9,Undirected,0.7494232771437643
8,10,Undirected,0.27942345941008884
8,11,Undirected,0.30233920345953624
8,12,Undirected,0.39051688155487074
8,13,Undirected,0.41003826844219726
9,10,Undirected,0.721031987759504
9,11,Undirected,0.3174798198443962
10,11,Undirected,0.7351929351572298
11,12,Undirected,0.3691671158431803
11,13,Undirected,0.3186244927750258
12,13,Undirected,0.3808561468759619
