Source,Target,Type,Weight
0,1,Undirected,0.7346183142800045
0,2,Undirected,0.27143155660798307
0,5,Undirected,0.170728522410626
1,2,Undirected,0.7676218113244012
1,3,Undirected,0.2738224594394789
2,3,Undirected,0.7466627360232961
2,4,Undirected,0.3459690026322753
2,5,Undirected,0.3420544089689071
2,6,Undirected,0.3392774577228157
2,7,Undirected,0.20739870168131094
2,12,Undirected,0.3965098694401061
2,13,Undirected,0.30107674151190583
3,4,Undirected,0.7516040763591597
3,5,Undirected,0.25512115247523787
3,6,Undirected,0.1737553201978198
3,12,Undirected,0.20690103556476583
3,13,Undirected,0.30124041149589137
4,5,Undirected,0.7358318340866846
4,6,Undirected,0.33501440761061785
4,7,Undirected,0.27423204573916526
4,8,Undirected,0.3649417819092311
4,9,Undirected,0.17580336398030877
4,10,Undirected,0.23886439545149502
4,12,Undirected,0.3818102538754027
4,13,Undirected,0.2826820715656803
5,6,Undirected,0.7385350263235902
5,7,Undirected,0.23657857940178273
5,8,Undirected,0.23440744594880072
5,12,Undirected,0.18111597353013925
5,13,Undirected,0.1721327931639096
6,7,Undirected,0.749236727980597
6,8,Undirected,0.2601187963388297
6,12,Undirected,0.37901123911878776
6,13,Undirected,0.19939046275295771
7,8,Undirected,0.7507137214669143
7,9,Undirected,0.3055034341152096
7,10,Undirected,0.2946865486745933
7,11,Undirected,0.17972410022341764
7,12,Undirected,0.21509610878622895
8,9,Undirected,0.7221005991933168
8,10,Undirected,0.35078869883217745
8,12,Undirected,0.1693934313067744
9,10,Undirected,0.7491950398809377
9,11,Undirected,0.22298086692760377
10,11,Undirected,0.7501420945868849
12,13,Undirected,0.3895179530708534
