Source,Target,Type,Weight
0,1,Undirected,0.7621175447493562
0,2,Undirected,0.2888170486937519
0,3,Undirected,0.2418295053740031
1,2,Undirected,0.7499971613395366
1,3,Undirected,0.24122266758210378
2,3,Undirected,0.7329787888447107
2,4,Undirected,0.2804512061971346
2,6,Undirected,0.2211646040370108
2,7,Undirected,0.33671368622662273
2,8,Undirected,0.2186432112971442
2,9,Undirected,0.17208796085377012
2,11,Undirected,0.3522479161855172
2,12,Undirected,0.40504017322951896
2,13,Undirected,0.21497325227471242
3,4,Undirected,0.7347161134127472
3,5,Undirected,0.20765024292426396
3,6,Undirected,0.3019232136928738
3,7,Undirected,0.29778019323071286
3,11,Undirected,0.1880399311556534
3,12,Undirected,0.3385087357816862
3,13,Undirected,0.19116645289237033
4,5,Undirected,0.7476235840141714
4,6,Undirected,0.3072027975254755
4,7,Undirected,0.21212927355895564
4,11,Undirected,0.21477574613032266
4,12,Undirected,0.3790355230130363
4,13,Undirected,0.253759730910759
5,6,Undirected,0.7582075349592579
5,7,Undirected,0.25961754805717835
5,12,Undirected,0.177397462478123
5,13,Undirected,0.1742991326483162
6,7,Undirected,0.7597153284552542
6,8,Undirected,0.22401576136284856
6,9,Undirected,0.2000376963127054
6,11,Undirected,0.20775657489022242
6,12,Undirected,0.39117190675301794
6,13,Undirected,0.35173333937123624
7,8,Undirected,0.7415747242833534
7,9,Undirected,0.30177202308439016
7,10,Undirected,0.17254385336299963
7,11,Undirected,0.28444266976415894
7,12,Undirected,0.36831999682463384
7,13,Undirected,0.30510379687757555
8,9,Undirected,0.73960395262681
8,10,Undirected,0.2579212329733746
8,11,Undirected,0.2031861385359683
8,12,Undirected,0.20123001447177447
8,13,Undirected,0.19572572348638312
9,10,Undirected,0.7613836900525278
9,11,Undirected,0.32717132526998455
9,12,Undirected,0.20960679136750474
9,13,Undirected,0.3575995741173285
10,11,Undirected,0.7699148483396955
10,12,Undirected,0.16797016322841365
10,13,Undirected,0.2435845897976234
11,12,Undirected,0.383786989319618
11,13,Undirected,0.3134923876724354
12,13,Undirected,0.37984424797738997
