Source,Target,Type,Weight
0,1,Undirected,0.7532230320488974
0,2,Undirected,0.28947344083885723
0,3,Undirected,0.3028109635614284
0,4,Undirected,0.3343962707233526
0,5,Undirected,0.34313232068913385
0,6,Undirected,0.3195994278411427
0,7,Undirected,0.22637057339709246
0,11,Undirected,0.30320020743925935
0,12,Undirected,0.3924916199193495
0,13,Undirected,0.20057737612925391
1,2,Undirected,0.7509667503759038
1,3,Undirected,0.26807255867129504
1,6,Undirected,0.1835383060528419
1,11,Undirected,0.34546676103578816
1,12,Undirected,0.21499383616237674
2,3,Undirected,0.7506063113648663
2,4,Undirected,0.3293899455548617
2,6,Undirected,0.1943943044835831
2,8,Undirected,0.17142256932935473
2,11,Undirected,0.3188579479047899
2,12,Undirected,0.39296720263982865
2,13,Undirected,0.3615458282583529
3,4,Undirected,0.731078929972543
3,5,Undirected,0.2426899437710682
3,11,Undirected,0.19379858070617598
3,12,Undirected,0.21414891777880052
4,5,Undirected,0.7475608229167642
4,6,Undirected,0.3685216735927143
4,7,Undirected,0.20730275564177003
4,8,Undirected,0.17095362055481475
4,11,Undirected,0.1980159802515801
4,12,Undirected,0.3843568038823638
4,13,Undirected,0.28259419376377204
5,6,Undirected,0.7590587521193153
5,7,Undirected,0.20854210892885341
5,12,Undirected,0.1785287150328926
6,7,Undirected,0.7461415899402356
6,8,Undirected,0.23387182032095102
6,11,Undirected,0.2923777201739528
6,12,Undirected,0.37162378698303494
6,13,Undirected,0.20416928836923984
7,8,Undirected,0.7492359249557239
7,9,Undirected,0.21880570168208385
7,11,Undirected,0.2845782650885772
7,12,Undirected,0.21996612746181368
7,13,Undirected,0.177128228924641
8,9,Undirected,0.7436227315410677
8,10,Undirected,0.2816421947589878
8,11,Undirected,0.3520848729984074
8,12,Undirected,0.20865149468012076
8,13,Undirected,0.30375752838956593
9,10,Undirected,0.7617376093125027
9,11,Undirected,0.2812673683758758
10,11,Undirected,0.7665601498211261
11,12,Undirected,0.3806049637671099
11,13,Undirected,0.3424058594996861
12,13,Undirected,0.3796472758571156
