Source,Target,Type,Weight
0,1,Undirected,0.7254580657168248
0,2,Undirected,0.31305862153873804
0,3,Undirected,0.30474124555445337
0,4,Undirected,0.29138313173731234
0,5,Undirected,0.3347721479544143
0,6,Undirected,0.29770748491252724
0,7,Undirected,0.21900465473865302
0,11,Undirected,0.3003868722546655
0,12,Undirected,0.39340722049711285
0,13,Undirected,0.1957056136470742
1,2,Undirected,0.7627579247468547
1,3,Undirected,0.24928903687974086
1,6,Undirected,0.16994007878748885
1,11,Undirected,0.34708655855353676
1,12,Undirected,0.21959251525465756
2,3,Undirected,0.7430861369115812
2,4,Undirected,0.3149622192879276
2,5,Undirected,0.17952008352000956
2,6,Undirected,0.19278400279015542
2,11,Undirected,0.32079994395203615
2,12,Undirected,0.37129080240183127
2,13,Undirected,0.2040506717324388
3,4,Undirected,0.7588620897065936
3,5,Undirected,0.3329856053309402
3,6,Undirected,0.17761501580803046
3,11,Undirected,0.17611054338635274
3,12,Undirected,0.20652161175234526
4,5,Undirected,0.7426770646904697
4,6,Undirected,0.3583952575627539
4,7,Undirected,0.20305269585927424
4,8,Undirected,0.17235836797578577
4,11,Undirected,0.19580728283072926
4,12,Undirected,0.3504869527025649
4,13,Undirected,0.31946578589666114
5,6,Undirected,0.7300050081954267
5,7,Undirected,0.21241381126521897
5,12,Undirected,0.1852664401226398
6,7,Undirected,0.7585344310608367
6,8,Undirected,0.25675049058499794
6,11,Undirected,0.3144810580133511
6,12,Undirected,0.3818728257178261
6,13,Undirected,0.3628439122119789
7,8,Undirected,0.7285106666796356
7,9,Undirected,0.2334053012440814
7,10,Undirected,0.16909145209116377
7,11,Undirected,0.2916244221992839
7,12,Undirected,0.21260979734695992
7,13,Undirected,0.2312339721926294
8,9,Undirected,0.7445064456645095
8,10,Undirected,0.32524707564439653
8,11,Undirected,0.355998392776116
8,12,Undirected,0.22200215338125423
8,13,Undirected,0.3150020769554229
9,10,Undirected,0.7272774562670291
9,11,Undirected,0.27527224972484615
10,11,Undirected,0.7424512089226467
11,12,Undirected,0.38428714815742904
11,13,Undirected,0.25894974164628115
12,13,Undirected,0.35774341506418783
