Source,Target,Type,Weight
0,1,Undirected,0.7288596284909937
0,2,Undirected,0.33024874179546077
0,3,Undirected,0.33332570411342105
0,4,Undirected,0.2062138131804833
0,5,Undirected,0.17824528240947718
0,6,Undirected,0.20784894510678073
0,8,Undirected,0.1851120009730695
0,11,Undirected,0.3087783049270275
0,12,Undirected,0.3516198743213532
0,13,Undirected,0.33822157374687667
1,2,Undirected,0.7321326285889289
1,3,Undirected,0.23783508415428878
1,11,Undirected,0.3401319655299535
1,12,Undirected,0.21751617847314295
1,13,Undirected,0.2095198227652714
2,3,Undirected,0.7711971213669462
2,4,Undirected,0.3306821808493864
2,5,Undirected,0.20754529320501228
2,6,Undirected,0.21417194687695187
2,8,Undirected,0.3187787509004429
2,11,Undirected,0.3140573455302149
2,12,Undirected,0.41740618868795776
2,13,Undirected,0.21326401992353763
3,4,Undirected,0.7426385359147447
3,5,Undirected,0.30669929991489236
3,6,Undirected,0.17109914872717008
3,11,Undirected,0.16866840995661828
3,12,Undirected,0.20640516296361766
3,13,Undirected,0.16725675496444198
4,5,Undirected,0.7585753814915416
4,6,Undirected,0.3629145201837318
4,7,Undirected,0.20830799616272236
4,8,Undirected,0.327298007427113
4,11,Undirected,0.20009283558322072
4,12,Undirected,0.34542397060370117
4,13,Undirected,0.20860380067078618
5,6,Undirected,0.7736121110766714
5,7,Undirected,0.21082434688898294
5,12,Undirected,0.1965805708672212
5,13,Undirected,0.17872062860105126
6,7,Undirected,0.7533276068539941
6,8,Undirected,0.29732786556253593
6,11,Undirected,0.29436602232036674
6,12,Undirected,0.36738643729306447
6,13,Undirected,0.3415817083792618
7,8,Undirected,0.7381335462044885
7,9,Undirected,0.21905825357314834
7,11,Undirected,0.2814200227575405
7,12,Undirected,0.2101857006909968
7,13,Undirected,0.24268154666160585
8,9,Undirected,0.768506208435146
8,10,Undirected,0.30318059218139903
8,11,Undirected,0.35886586413967203
8,12,Undirected,0.3797205191563899
8,13,Undirected,0.2108310655807995
9,10,Undirected,0.7053099990288817
9,11,Undirected,0.3057176054847915
10,11,Undirected,0.7558212851886884
11,12,Undirected,0.3886462728336301
11,13,Undirected,0.3497041195644607
12,13,Undirected,0.3653404972277422
