Source,Target,Type,Weight
0,1,Undirected,0.7346394161003282
0,2,Undirected,0.31414715416714006
0,3,Undirected,0.31296170444170457
0,4,Undirected,0.3050934770228672
0,5,Undirected,0.3647517745792179
0,6,Undirected,0.33804449710055573
0,7,Undirected,0.2572450730620574
0,11,Undirected,0.322851503536869
0,12,Undirected,0.3995622852353574
0,13,Undirected,0.20479896000528122
1,2,Undirected,0.716371698571135
1,3,Undirected,0.24884465304587156
1,6,Undirected,0.1908727220600382
1,7,Undirected,0.18739690343030324
1,11,Undirected,0.35087488586308424
1,12,Undirected,0.22853194938226198
2,3,Undirected,0.7513706055887602
2,4,Undirected,0.3184423844792379
2,5,Undirected,0.18964266207530175
2,6,Undirected,0.1972031158655005
2,11,Undirected,0.2817392841707719
2,12,Undirected,0.36253912852567305
2,13,Undirected,0.34479194333721425
3,4,Undirected,0.71795889187294
3,5,Undirected,0.30215624797838697
3,6,Undirected,0.18156852056882844
3,11,Undirected,0.17144693999612168
3,12,Undirected,0.2051900614977652
4,5,Undirected,0.7526897871400767
4,6,Undirected,0.3363720373998706
4,7,Undirected,0.19332044685220703
4,11,Undirected,0.20054904570149926
4,12,Undirected,0.387904113797676
4,13,Undirected,0.2991670861882556
5,6,Undirected,0.7304522615515726
5,7,Undirected,0.20843408076597997
5,12,Undirected,0.18949998581338034
6,7,Undirected,0.7590356060344206
6,8,Undirected,0.23657527009872606
6,11,Undirected,0.29520631377593665
6,12,Undirected,0.39557101970421465
6,13,Undirected,0.20578430814579896
7,8,Undirected,0.7420243909127177
7,9,Undirected,0.21261867814501267
7,11,Undirected,0.2823012059391492
7,12,Undirected,0.22259650350333224
8,9,Undirected,0.7325079681100952
8,10,Undirected,0.3336485025168192
8,11,Undirected,0.34956448455560357
8,12,Undirected,0.2029402036532008
8,13,Undirected,0.18273854954099525
9,10,Undirected,0.7399088005896262
9,11,Undirected,0.3247518797504779
10,11,Undirected,0.7653236793489709
11,12,Undirected,0.37839907473065604
11,13,Undirected,0.254273380694835
12,13,Undirected,0.36927294247824227
