Source,Target,Type,Weight
0,1,Undirected,0.7395040005077771
0,2,Undirected,0.3213275550660658
0,3,Undirected,0.17546070784939416
1,2,Undirected,0.7681647540860509
1,3,Undirected,0.28056939552246646
1,4,Undirected,0.17921082877932687
2,3,Undirected,0.7712172572452899
2,4,Undirected,0.30668923065043824
2,5,Undirected,0.18420825179100334
2,7,Undirected,0.2104587507664579
2,8,Undirected,0.29178103900191127
2,11,Undirected,0.20853889465690878
2,12,Undirected,0.3989610642604165
2,13,Undirected,0.3259178791541513
3,4,Undirected,0.7389206057934646
3,5,Undirected,0.25483010522310995
4,5,Undirected,0.7404970256916542
4,6,Undirected,0.2172937992968356
4,7,Undirected,0.25640277332623884
4,8,Undirected,0.17256365919691058
5,6,Undirected,0.7494686064834342
5,7,Undirected,0.3028730196887133
5,8,Undirected,0.173731353916977
6,7,Undirected,0.7348582902923128
6,8,Undirected,0.21260490460287176
7,8,Undirected,0.7442618447767572
7,9,Undirected,0.25616617029161737
8,9,Undirected,0.7252851366663079
8,10,Undirected,0.2727053498323933
8,11,Undirected,0.3199182825920015
8,12,Undirected,0.3758202888463297
8,13,Undirected,0.24047566928403416
9,10,Undirected,0.7285511602474046
9,11,Undirected,0.32976014243599294
10,11,Undirected,0.7484181355657441
11,12,Undirected,0.39113203628778254
11,13,Undirected,0.2957415318921503
12,13,Undirected,0.37509244723733226
