Source,Target,Type,Weight
0,1,Undirected,0.766942878965108
0,2,Undirected,0.31825654793461994
0,3,Undirected,0.31263758895624033
0,4,Undirected,0.30595312151688064
0,5,Undirected,0.3550791259421952
0,6,Undirected,0.30762401945533224
0,7,Undirected,0.2687042118030117
0,11,Undirected,0.3138052715314929
0,12,Undirected,0.3979168654999965
0,13,Undirected,0.20304036967127853
1,2,Undirected,0.7544410359555754
1,3,Undirected,0.24097354067888943
1,6,Undirected,0.1872169798224719
1,7,Undirected,0.17926004730173348
1,11,Undirected,0.30518875691600084
1,12,Undirected,0.23038302218866025
2,3,Undirected,0.7362295212608166
2,4,Undirected,0.3433402307465496
2,5,Undirected,0.1836157457520376
2,6,Undirected,0.20636364799294654
2,8,Undirected,0.18586612298783706
2,11,Undirected,0.27245412381135564
2,12,Undirected,0.395646356657357
2,13,Undirected,0.23002311252130056
3,4,Undirected,0.7367862165265472
3,5,Undirected,0.2789398765198594
3,12,Undirected,0.19144551610864846
4,5,Undirected,0.7331178593810916
4,6,Undirected,0.31922823301332653
4,7,Undirected,0.19645459351928563
4,8,Undirected,0.1965907430188394
4,11,Undirected,0.19250381858771
4,12,Undirected,0.3427919005959194
4,13,Undirected,0.34526269137374216
5,6,Undirected,0.7585572036189635
5,7,Undirected,0.2066888209459453
5,12,Undirected,0.18271086328589817
5,13,Undirected,0.16875044005106402
6,7,Undirected,0.7759185222505889
6,8,Undirected,0.22714038847180906
6,11,Undirected,0.29034696093005086
6,12,Undirected,0.3660919393253137
6,13,Undirected,0.36640346466410906
7,8,Undirected,0.7606812518629128
7,9,Undirected,0.21561988588910744
7,11,Undirected,0.2752797835042703
7,12,Undirected,0.22659515696330904
7,13,Undirected,0.27395325144375116
8,9,Undirected,0.7386356271995447
8,10,Undirected,0.31014360811810454
8,11,Undirected,0.33448766010223063
8,12,Undirected,0.20980940442258575
8,13,Undirected,0.3897335601317899
9,10,Undirected,0.738958489364015
9,11,Undirected,0.2984544963173356
10,11,Undirected,0.760286828867561
11,12,Undirected,0.3837477673518913
11,13,Undirected,0.29278051666640836
12,13,Undirected,0.36099871482066875
