Source,Target,Type,Weight
0,1,Undirected,0.7702797157848148
0,2,Undirected,0.2958696236435883
0,3,Undirected,0.3108319145954502
0,4,Undirected,0.30535406163904716
0,5,Undirected,0.36440603601711
0,6,Undirected,0.2928876066266849
0,7,Undirected,0.1833942387775583
0,8,Undirected,0.18992401597600736
0,11,Undirected,0.2835809855760097
0,12,Undirected,0.38074855513945155
0,13,Undirected,0.1972571115111358
1,2,Undirected,0.7334518184273495
1,3,Undirected,0.24467491454207516
1,11,Undirected,0.34892570451013266
1,12,Undirected,0.211870923081073
2,3,Undirected,0.7350964906331063
2,4,Undirected,0.3528001418500326
2,5,Undirected,0.19395072954222436
2,6,Undirected,0.19421249808070468
2,8,Undirected,0.2908130603457152
2,11,Undirected,0.31415797795196276
2,12,Undirected,0.38091992851503037
2,13,Undirected,0.22855426527963063
3,4,Undirected,0.7620060162137096
3,5,Undirected,0.3023093927510107
3,6,Undirected,0.17146579382704108
3,11,Undirected,0.17544670412493243
3,12,Undirected,0.19610481954614703
4,5,Undirected,0.7564273858445976
4,6,Undirected,0.30534661463289064
4,7,Undirected,0.18790548062729182
4,8,Undirected,0.19702871788415702
4,11,Undirected,0.19611923409627569
4,12,Undirected,0.35611588091240903
4,13,Undirected,0.3054606714389556
5,6,Undirected,0.7435196473767084
5,7,Undirected,0.21757582284283034
5,12,Undirected,0.18828518298520905
5,13,Undirected,0.16686073994072537
6,7,Undirected,0.7601747332716816
6,8,Undirected,0.25777468683628907
6,11,Undirected,0.33565715450905975
6,12,Undirected,0.37010397809115014
6,13,Undirected,0.3509442007369127
7,8,Undirected,0.7535862599236784
7,9,Undirected,0.21878011333803687
7,11,Undirected,0.30458226563588703
7,12,Undirected,0.21192761837199445
7,13,Undirected,0.24014541886822183
8,9,Undirected,0.7450659390632105
8,10,Undirected,0.29877252144520483
8,11,Undirected,0.35064626177064867
8,12,Undirected,0.36129101613442843
8,13,Undirected,0.3464522155681896
9,10,Undirected,0.7439105165697427
9,11,Undirected,0.30859049551303386
10,11,Undirected,0.744858601667517
11,12,Undirected,0.38766368684516017
11,13,Undirected,0.2398958764922055
12,13,Undirected,0.360851220227953
