Source,Target,Type,Weight
0,1,Undirected,0.7571407102869534
0,2,Undirected,0.2782999560153387
0,3,Undirected,0.19538328870060245
0,11,Undirected,0.17322410460490792
1,2,Undirected,0.750502557813272
1,3,Undirected,0.2782808268388707
2,3,Undirected,0.7447356695161602
2,4,Undirected,0.26602330141940483
2,7,Undirected,0.2788816764347968
2,8,Undirected,0.1722937545945779
3,4,Undirected,0.7380936689826475
3,5,Undirected,0.20531587618930416
3,7,Undirected,0.2178669308722076
3,8,Undirected,0.27687972956210954
3,12,Undirected,0.1888278556815057
3,13,Undirected,0.33646772201630154
4,5,Undirected,0.7471436163708072
4,6,Undirected,0.28066754956109896
4,7,Undirected,0.3590206209613643
4,8,Undirected,0.3381891212590238
4,12,Undirected,0.23710261480242936
4,13,Undirected,0.3253258102732523
5,6,Undirected,0.7833094348516433
5,7,Undirected,0.3030344234147568
5,8,Undirected,0.17621015970776607
6,7,Undirected,0.7364897551234918
6,8,Undirected,0.2262293058877492
6,9,Undirected,0.17384025578279516
7,8,Undirected,0.760858223602818
7,9,Undirected,0.2603019730874467
8,9,Undirected,0.7435826545058171
8,10,Undirected,0.31819058720267096
8,11,Undirected,0.3410566134085544
8,12,Undirected,0.37146764874389887
8,13,Undirected,0.31958661868795507
9,10,Undirected,0.7438074185599662
9,11,Undirected,0.3154793773126144
10,11,Undirected,0.74037605164746
11,12,Undirected,0.4047888629944021
11,13,Undirected,0.22247451382180541
12,13,Undirected,0.37932971130163246
