Source,Target,Type,Weight
0,1,Undirected,0.7361901725384284
0,2,Undirected,0.3240150605869655
0,3,Undirected,0.314177909785191
0,4,Undirected,0.257765292642883
0,5,Undirected,0.2586867167029443
0,6,Undirected,0.21972720178568586
0,11,Undirected,0.2030272587662549
0,12,Undirected,0.3881279219106947
0,13,Undirected,0.31517832848414196
1,2,Undirected,0.7538217872674637
1,3,Undirected,0.24919599418846242
1,12,Undirected,0.21932884381498272
1,13,Undirected,0.23100603270883244
2,3,Undirected,0.7489838602462414
2,4,Undirected,0.2343302579110899
2,5,Undirected,0.1730399101610879
2,11,Undirected,0.26932957848930544
2,12,Undirected,0.3722388847842631
2,13,Undirected,0.20998732257132016
3,4,Undirected,0.7405585408911325
3,5,Undirected,0.29417764755597403
3,6,Undirected,0.1827820620906713
3,12,Undirected,0.1886534055723655
4,5,Undirected,0.7383135019109123
4,6,Undirected,0.20126066222722497
5,6,Undirected,0.7181623430942283
5,7,Undirected,0.20828228039556265
6,7,Undirected,0.7308613458392059
6,8,Undirected,0.2856314179414332
6,11,Undirected,0.1923553596206664
6,12,Undirected,0.1891328890069719
7,8,Undirected,0.7449830299517777
7,9,Undirected,0.20959765763359908
7,11,Undirected,0.18192920682099195
8,9,Undirected,0.7396031701178245
8,10,Undirected,0.36311798955604985
8,11,Undirected,0.29880585346309335
9,10,Undirected,0.7269129366479941
9,11,Undirected,0.29352811811655943
10,11,Undirected,0.7480844211117523
11,12,Undirected,0.3850880900904937
11,13,Undirected,0.30779432258234957
12,13,Undirected,0.39352751392047247
