Source,Target,Type,Weight
0,1,Undirected,0.7479778954133768
0,2,Undirected,0.29462008213642943
0,3,Undirected,0.2982418304264684
0,4,Undirected,0.2772265631480503
0,5,Undirected,0.26264724854366267
0,6,Undirected,0.17017388530592117
1,2,Undirected,0.7630690435557314
1,3,Undirected,0.27200413281425856
2,3,Undirected,0.7629811080360427
2,4,Undirected,0.21484358072497947
2,11,Undirected,0.20360651586831255
2,12,Undirected,0.38134352478985123
2,13,Undirected,0.3108013038777692
3,4,Undirected,0.7823727081023054
3,5,Undirected,0.2365671840460818
3,13,Undirected,0.17282919762793666
4,5,Undirected,0.7559074417514515
4,6,Undirected,0.2422317339381796
5,6,Undirected,0.7527944165871271
5,7,Undirected,0.207451345699782
6,7,Undirected,0.7425963297968728
6,8,Undirected,0.24687078351837294
6,13,Undirected,0.19328447347853656
7,8,Undirected,0.7762227305366172
7,9,Undirected,0.21478139921014924
8,9,Undirected,0.7557123405871535
8,10,Undirected,0.2961199101284025
8,11,Undirected,0.25408979805868626
9,10,Undirected,0.7336683170966612
9,11,Undirected,0.32627185654911384
10,11,Undirected,0.7391795543021
11,12,Undirected,0.3923504136826639
11,13,Undirected,0.331850689090151
12,13,Undirected,0.38630750593395874
