Source,Target,Type,Weight
0,1,Undirected,0.7468305182617453
0,2,Undirected,0.2875264977869125
0,6,Undirected,0.38838809325824175
1,2,Undirected,0.7215177679365193
1,3,Undirected,0.2657130241259315
2,3,Undirected,0.7384749519933637
2,4,Undirected,0.35656802729647513
2,5,Undirected,0.3494324716539913
2,6,Undirected,0.3187413713716064
2,7,Undirected,0.1881488455433263
2,11,Undirected,0.21186231866854638
2,12,Undirected,0.38990007048183284
2,13,Undirected,0.20542156070673218
3,4,Undirected,0.7596272699102006
3,5,Undirected,0.2557245467040873
3,6,Undirected,0.16857259663203986
3,11,Undirected,0.1833379638039984
3,12,Undirected,0.21906829912428127
4,5,Undirected,0.7466228622705267
4,6,Undirected,0.309276250905585
4,7,Undirected,0.32860486867177885
4,8,Undirected,0.2747324647552114
4,9,Undirected,0.18858765012179524
4,10,Undirected,0.2490455726302959
4,11,Undirected,0.3110393694352627
4,12,Undirected,0.3801346289601171
4,13,Undirected,0.3054051556721619
5,6,Undirected,0.7604160519554592
5,7,Undirected,0.21763983643221904
5,8,Undirected,0.17032756400343588
5,12,Undirected,0.19613201823736576
6,7,Undirected,0.7714945870076227
6,8,Undirected,0.26811773005505923
6,10,Undirected,0.1810200782205557
6,11,Undirected,0.20746989851727649
6,12,Undirected,0.37378810620088593
6,13,Undirected,0.31560490694694326
7,8,Undirected,0.7580326844918549
7,9,Undirected,0.3140231809275815
7,10,Undirected,0.3189926100838318
7,11,Undirected,0.19512741585263244
7,12,Undirected,0.21324621614542236
7,13,Undirected,0.33482816273928023
8,9,Undirected,0.724770726223273
8,10,Undirected,0.3099067509851424
8,13,Undirected,0.20395940441946148
9,10,Undirected,0.7422917596897537
9,11,Undirected,0.2134880896124856
9,13,Undirected,0.16745882444440557
10,11,Undirected,0.7744734045647041
10,12,Undirected,0.19109526005113728
10,13,Undirected,0.36306785509535383
11,12,Undirected,0.39188613440290376
11,13,Undirected,0.36818274866686074
12,13,Undirected,0.39779745818829576
