Source,Target,Type,Weight
0,1,Undirected,0.7339654650005306
0,2,Undirected,0.3297403361205143
0,3,Undirected,0.33141507377322693
0,4,Undirected,0.2277661205889125
0,5,Undirected,0.1773459168491441
0,6,Undirected,0.2069771816547618
0,11,Undirected,0.3107969972102174
0,12,Undirected,0.36291172548211026
0,13,Undirected,0.2997304622274805
1,2,Undirected,0.7336104433089135
1,3,Undirected,0.2504598746561278
1,8,Undirected,0.17350488636915506
1,10,Undirected,0.1671469634977331
1,11,Undirected,0.31166397776274474
1,12,Undirected,0.21339784936608033
1,13,Undirected,0.19383788101472
2,3,Undirected,0.7469983094021196
2,4,Undirected,0.3188757896241355
2,5,Undirected,0.1842820961961906
2,6,Undirected,0.20910943088965575
2,8,Undirected,0.19428846289961507
2,11,Undirected,0.29546894511142824
2,12,Undirected,0.40926762992085725
2,13,Undirected,0.20288220837481943
3,4,Undirected,0.7532229644161167
3,5,Undirected,0.3111301603324297
3,6,Undirected,0.17459432863480795
3,11,Undirected,0.1783888815215358
3,12,Undirected,0.2151318985065471
4,5,Undirected,0.7511165646984326
4,6,Undirected,0.34721163076313805
4,7,Undirected,0.21637681462968558
4,8,Undirected,0.1684934873591239
4,11,Undirected,0.2016703091948168
4,12,Undirected,0.3757104075705624
4,13,Undirected,0.2139958226389946
5,6,Undirected,0.7665609904112802
5,7,Undirected,0.2119401262513743
5,12,Undirected,0.2030453432161581
5,13,Undirected,0.17273476057748696
6,7,Undirected,0.7321927618721759
6,8,Undirected,0.22622925707899544
6,11,Undirected,0.27289323022698725
6,12,Undirected,0.38187779758247176
6,13,Undirected,0.36179179364905617
7,8,Undirected,0.7629590405821498
7,9,Undirected,0.22236890225055586
7,11,Undirected,0.2984409051567477
7,12,Undirected,0.2277793804328559
7,13,Undirected,0.2549221820437904
8,9,Undirected,0.731017832823424
8,10,Undirected,0.30773881339701126
8,11,Undirected,0.3445898589313247
8,12,Undirected,0.20821931082715556
8,13,Undirected,0.1939086043780964
9,10,Undirected,0.7307264399616021
9,11,Undirected,0.28260516121981444
10,11,Undirected,0.7460814662266516
11,12,Undirected,0.38592301973456605
11,13,Undirected,0.33702786272726737
12,13,Undirected,0.3751661582075692
