Source,Target,Type,Weight
0,1,Undirected,0.7317420986217065
0,2,Undirected,0.3555831666887654
0,3,Undirected,0.2089353696264064
0,4,Undirected,0.2804435929668989
0,5,Undirected,0.19068290993945142
0,11,Undirected,0.2540980026279123
0,12,Undirected,0.3841836620198224
0,13,Undirected,0.34341748171233855
1,2,Undirected,0.7306865316306935
1,3,Undirected,0.2754226239018122
1,4,Undirected,0.2568414127188888
1,5,Undirected,0.3146617312718007
1,6,Undirected,0.18286522676042546
1,7,Undirected,0.2798200395202148
1,11,Undirected,0.32064100312843125
1,12,Undirected,0.23065982737072685
1,13,Undirected,0.17791795259699814
2,3,Undirected,0.7227242212582002
2,4,Undirected,0.2398689040455528
2,5,Undirected,0.1776994311234137
2,11,Undirected,0.1764696873641547
2,12,Undirected,0.19884780929592116
2,13,Undirected,0.24212146296803005
3,4,Undirected,0.7391000989536429
3,5,Undirected,0.2630530455622016
3,6,Undirected,0.19872069911261578
3,11,Undirected,0.1758479268009124
3,12,Undirected,0.18117655840287292
3,13,Undirected,0.2043431215071381
4,5,Undirected,0.7272778976429685
4,6,Undirected,0.2222095543818731
4,11,Undirected,0.31184117267574163
4,12,Undirected,0.3584661665881956
4,13,Undirected,0.354489845455658
5,6,Undirected,0.7266440038543643
5,7,Undirected,0.30964645647719186
5,8,Undirected,0.18564914818712183
5,9,Undirected,0.1937980076199513
5,11,Undirected,0.3231714303259688
5,12,Undirected,0.23830208491825308
5,13,Undirected,0.19615612371961752
6,7,Undirected,0.7502688313173929
6,8,Undirected,0.28380162959615873
6,9,Undirected,0.27190954638674675
7,8,Undirected,0.7308614731924927
7,9,Undirected,0.2386275800945998
7,11,Undirected,0.2766686730397872
8,9,Undirected,0.7655023989113644
8,10,Undirected,0.22157600863925317
8,11,Undirected,0.172274293699892
9,10,Undirected,0.7410079574847024
9,11,Undirected,0.3364869410572
10,11,Undirected,0.7480626065541872
11,12,Undirected,0.3977758034792333
11,13,Undirected,0.20565457105987978
12,13,Undirected,0.3758221746251145
