Source,Target,Type,Weight
0,1,Undirected,0.7523668284807785
0,2,Undirected,0.3324685602578577
0,3,Undirected,0.2903530108580971
0,4,Undirected,0.31681928635471973
0,5,Undirected,0.21233249526969233
0,6,Undirected,0.30141677895915553
0,7,Undirected,0.3200449037611402
0,8,Undirected,0.2337459945895681
0,12,Undirected,0.38326326386329695
0,13,Undirected,0.2566095102356158
1,2,Undirected,0.7564710424160301
1,3,Undirected,0.24262508487502474
1,7,Undirected,0.22212962490247448
1,8,Undirected,0.26501897553769077
1,9,Undirected,0.17647668173159464
1,12,Undirected,0.19443736205173012
1,13,Undirected,0.22360801040826775
2,3,Undirected,0.7322530967923389
2,4,Undirected,0.3605152811643473
2,5,Undirected,0.19647084493109637
2,6,Undirected,0.201175964313184
2,7,Undirected,0.21414401954011897
2,8,Undirected,0.16942190922956105
2,12,Undirected,0.3864510891482835
2,13,Undirected,0.3292077554595353
3,4,Undirected,0.7378934387748971
3,5,Undirected,0.20761469979773636
3,12,Undirected,0.2105988728705649
4,5,Undirected,0.7243728083870558
4,6,Undirected,0.31587013391727164
4,7,Undirected,0.1919156386456588
4,12,Undirected,0.37450630850957917
4,13,Undirected,0.1934670443966844
5,6,Undirected,0.7620307282879679
5,7,Undirected,0.23946397755664647
5,12,Undirected,0.22358109589867703
6,7,Undirected,0.7512002392777252
6,8,Undirected,0.23510617295631928
6,12,Undirected,0.39914850683694497
6,13,Undirected,0.24894059535104787
7,8,Undirected,0.757381268685999
7,9,Undirected,0.24577682995245728
7,12,Undirected,0.3260117114755189
7,13,Undirected,0.33198244055736714
8,9,Undirected,0.7247682214415967
8,10,Undirected,0.2426715495231624
8,12,Undirected,0.19747353886293242
8,13,Undirected,0.28126783991695353
9,10,Undirected,0.7389437130075939
9,11,Undirected,0.2553541802266813
9,13,Undirected,0.19720702867503972
10,11,Undirected,0.7646967610948884
12,13,Undirected,0.3765690136151165
