Source,Target,Type,Weight
0,1,Undirected,0.7252656974967264
0,2,Undirected,0.3105436667232821
0,3,Undirected,0.32793027741250336
0,4,Undirected,0.2228667922791871
0,5,Undirected,0.18198127229965919
0,6,Undirected,0.20611075571512938
0,11,Undirected,0.309625861172173
0,12,Undirected,0.3833412025000736
0,13,Undirected,0.3134242880389102
1,2,Undirected,0.745231680249487
1,3,Undirected,0.24073183602173157
1,8,Undirected,0.1749907087252538
1,10,Undirected,0.24328601877308048
1,11,Undirected,0.32350109873650124
1,12,Undirected,0.2153301268548545
1,13,Undirected,0.19645601057956505
2,3,Undirected,0.7467260775892572
2,4,Undirected,0.35176897448073385
2,5,Undirected,0.1963505231046713
2,6,Undirected,0.21272483090768188
2,8,Undirected,0.21332194071259825
2,11,Undirected,0.2968205001621992
2,12,Undirected,0.3922266572853299
2,13,Undirected,0.2001711401244369
3,4,Undirected,0.7767815812026556
3,5,Undirected,0.2928272234458156
3,6,Undirected,0.17144081514566958
3,11,Undirected,0.1897447200142737
3,12,Undirected,0.2305089768330538
3,13,Undirected,0.16958144478417575
4,5,Undirected,0.7317611843483196
4,6,Undirected,0.33176301782800355
4,7,Undirected,0.20633942510347955
4,8,Undirected,0.1712044951106985
4,11,Undirected,0.2073157482611997
4,12,Undirected,0.3735143883005321
4,13,Undirected,0.21070109147713065
5,6,Undirected,0.77021118398165
5,7,Undirected,0.21599081307386103
5,12,Undirected,0.2158031803605144
5,13,Undirected,0.1785598611540142
6,7,Undirected,0.7452307533765266
6,8,Undirected,0.23564930104763637
6,11,Undirected,0.3026735160889911
6,12,Undirected,0.3889614184545014
6,13,Undirected,0.33385177164219926
7,8,Undirected,0.7594512828029435
7,9,Undirected,0.2145028828959493
7,11,Undirected,0.3007072201496229
7,12,Undirected,0.21913898726672193
7,13,Undirected,0.2342692140172873
8,9,Undirected,0.7368092551572251
8,10,Undirected,0.351600950947091
8,11,Undirected,0.3404751630249667
8,12,Undirected,0.20251341783495339
8,13,Undirected,0.18594436933518135
9,10,Undirected,0.7499078550909001
9,11,Undirected,0.3091963394514485
10,11,Undirected,0.7396661021698651
11,12,Undirected,0.38113228429898777
11,13,Undirected,0.3334076305227268
12,13,Undirected,0.38636551010138087
