Source,Target,Type,Weight
0,1,Undirected,0.7489424008792382
0,2,Undirected,0.2997062177315756
0,3,Undirected,0.3167826041706082
0,4,Undirected,0.318203598520195
0,5,Undirected,0.37620045348870584
0,6,Undirected,0.3052584785692639
0,7,Undirected,0.20344585327465878
0,11,Undirected,0.2894419385600845
0,12,Undirected,0.380060605939788
0,13,Undirected,0.2092979853959118
1,2,Undirected,0.7527104540476566
1,3,Undirected,0.27932412722698063
1,11,Undirected,0.32443416293196065
1,12,Undirected,0.2033961889013086
2,3,Undirected,0.7581623758009363
2,4,Undirected,0.3006582246178516
2,6,Undirected,0.18964646925933273
2,11,Undirected,0.33334435393422734
2,12,Undirected,0.3779265106053234
2,13,Undirected,0.20225133688859692
3,4,Undirected,0.7486692850342772
3,5,Undirected,0.2649155966437614
3,11,Undirected,0.19630654063395958
3,12,Undirected,0.20805549966804804
4,5,Undirected,0.7598244668208669
4,6,Undirected,0.346610454944072
4,7,Undirected,0.1972781538887601
4,11,Undirected,0.197635016539542
4,12,Undirected,0.3683621132335432
4,13,Undirected,0.3324368334555905
5,6,Undirected,0.7468515295902889
5,7,Undirected,0.21157494375561184
5,12,Undirected,0.1933187182561316
5,13,Undirected,0.1687144504515057
6,7,Undirected,0.7520493383198563
6,8,Undirected,0.24179289639285442
6,11,Undirected,0.2935317129840228
6,12,Undirected,0.36769191859641986
6,13,Undirected,0.3744635109793154
7,8,Undirected,0.74774867125564
7,9,Undirected,0.22080220883069016
7,11,Undirected,0.2670772336599136
7,12,Undirected,0.20645516964374053
7,13,Undirected,0.24738544801890705
8,9,Undirected,0.7508410546744165
8,10,Undirected,0.31167771144971423
8,11,Undirected,0.36020424865929396
8,12,Undirected,0.2040794242516365
8,13,Undirected,0.3025444422812794
9,10,Undirected,0.7482298172767551
9,11,Undirected,0.30573445264561044
10,11,Undirected,0.7693669599734392
11,12,Undirected,0.38936767244168285
11,13,Undirected,0.2978182524362842
12,13,Undirected,0.3816597136048914
