Source,Target,Type,Weight
0,1,Undirected,0.7579643283818635
0,2,Undirected,0.30615835896998683
0,3,Undirected,0.33654158695378844
0,4,Undirected,0.22928963304400327
0,5,Undirected,0.17934379466700828
0,6,Undirected,0.21313815616030324
0,8,Undirected,0.19497849162852604
0,11,Undirected,0.301697764915352
0,12,Undirected,0.38886369173818186
0,13,Undirected,0.34805832550106724
1,2,Undirected,0.7713095128634215
1,3,Undirected,0.24418871240601833
1,11,Undirected,0.34047322835655563
1,12,Undirected,0.21564252289840385
1,13,Undirected,0.17137080991149342
2,3,Undirected,0.7541845080979502
2,4,Undirected,0.3188952820452464
2,5,Undirected,0.1761967170637891
2,6,Undirected,0.2028960661139754
2,8,Undirected,0.27089626903927216
2,11,Undirected,0.2613246003827125
2,12,Undirected,0.3603747763501304
2,13,Undirected,0.21969315793934163
3,4,Undirected,0.7424537717068791
3,5,Undirected,0.3044891323625185
3,6,Undirected,0.17934374865576766
3,11,Undirected,0.17323520852430574
3,12,Undirected,0.2170233978143799
3,13,Undirected,0.24185256942522373
4,5,Undirected,0.7523886923494127
4,6,Undirected,0.35785103589257056
4,7,Undirected,0.20682792355278778
4,8,Undirected,0.32592856682718174
4,11,Undirected,0.19555403707294075
4,12,Undirected,0.38320625737588887
4,13,Undirected,0.3327037222358481
5,6,Undirected,0.7350948802179257
5,7,Undirected,0.2082764471308647
5,12,Undirected,0.1979046278299042
5,13,Undirected,0.309015010528146
6,7,Undirected,0.7633584646432218
6,8,Undirected,0.3337531336821546
6,11,Undirected,0.28153834990613047
6,12,Undirected,0.38822132639336965
6,13,Undirected,0.3263533481434416
7,8,Undirected,0.7604177752267174
7,9,Undirected,0.22000090217960297
7,11,Undirected,0.2762115036716543
7,12,Undirected,0.2193583235167923
7,13,Undirected,0.21077215914647182
8,9,Undirected,0.7404359782023257
8,10,Undirected,0.30535795201058613
8,11,Undirected,0.32015268512227624
8,12,Undirected,0.37538880892590915
8,13,Undirected,0.19777653795242467
9,10,Undirected,0.7266826534503403
9,11,Undirected,0.313771091328823
10,11,Undirected,0.7740772672069989
11,12,Undirected,0.3672034884779652
11,13,Undirected,0.21666854873278749
12,13,Undirected,0.3632714020982643
