Source,Target,Type,Weight
0,1,Undirected,0.755886667028303
0,2,Undirected,0.3093114660912937
0,3,Undirected,0.32447522412039276
0,4,Undirected,0.3486271825542779
0,5,Undirected,0.3625640740604034
0,6,Undirected,0.30821200539104116
0,7,Undirected,0.18844288181875446
0,11,Undirected,0.2613149293899611
0,12,Undirected,0.3857899769572961
0,13,Undirected,0.19520971282702004
1,2,Undirected,0.7388792767752318
1,3,Undirected,0.27855164968791396
1,6,Undirected,0.1802149808033826
1,11,Undirected,0.3518990684998994
1,12,Undirected,0.2318236923443923
1,13,Undirected,0.17339472676807222
2,3,Undirected,0.7710586093511748
2,4,Undirected,0.2592632450643262
2,6,Undirected,0.193429268034427
2,11,Undirected,0.31537889268074737
2,12,Undirected,0.40571025294984336
2,13,Undirected,0.31761546083011427
3,4,Undirected,0.7373700037859113
3,5,Undirected,0.25435479764855906
3,11,Undirected,0.1878431729777667
3,12,Undirected,0.21210556609825754
4,5,Undirected,0.7246560249813709
4,6,Undirected,0.3253601819030314
4,7,Undirected,0.19818115582175194
4,11,Undirected,0.2036722840662123
4,12,Undirected,0.3749482963750563
4,13,Undirected,0.22854298225558298
5,6,Undirected,0.7282773469463056
5,7,Undirected,0.21882567890259103
5,12,Undirected,0.18369558390859228
6,7,Undirected,0.7371097953016611
6,8,Undirected,0.2407619603927637
6,11,Undirected,0.30516597490297276
6,12,Undirected,0.34722436427735837
6,13,Undirected,0.20118640531277807
7,8,Undirected,0.7205243951722867
7,9,Undirected,0.22243041227463847
7,11,Undirected,0.27973040585179737
7,12,Undirected,0.20415366623966566
7,13,Undirected,0.17426304000904075
8,9,Undirected,0.7314486612660696
8,10,Undirected,0.31073130654007175
8,11,Undirected,0.3451147950126381
8,12,Undirected,0.206715876659201
8,13,Undirected,0.2692560796010677
9,10,Undirected,0.752369460175472
9,11,Undirected,0.3053623760392507
10,11,Undirected,0.7352749683490049
11,12,Undirected,0.38275968713808034
11,13,Undirected,0.3202149636432722
12,13,Undirected,0.3805997832353682
