Source,Target,Type,Weight
0,1,Undirected,0.76191714905963
0,2,Undirected,0.3250630897541557
0,3,Undirected,0.29173415804974895
0,4,Undirected,0.31190095505122084
0,5,Undirected,0.35977508567413224
0,6,Undirected,0.2939027654568056
0,7,Undirected,0.2544861769232715
0,11,Undirected,0.2854652242257334
0,12,Undirected,0.37204549518735397
0,13,Undirected,0.19277967872566149
1,2,Undirected,0.7662905556236105
1,3,Undirected,0.3188874023592156
1,4,Undirected,0.17048158981054096
1,11,Undirected,0.23081887765659106
1,12,Undirected,0.1873856177263775
2,3,Undirected,0.7468300528343076
2,4,Undirected,0.30555918596307186
2,5,Undirected,0.16974286103721317
2,6,Undirected,0.2016871634703604
2,11,Undirected,0.33364892717450706
2,12,Undirected,0.38261136408397173
2,13,Undirected,0.32326642830128866
3,4,Undirected,0.7237097495824821
3,5,Undirected,0.3094371109492148
3,6,Undirected,0.17139079556750308
3,12,Undirected,0.1833812491791289
4,5,Undirected,0.7745226016237944
4,6,Undirected,0.3129022150737214
4,7,Undirected,0.19067878363572718
4,11,Undirected,0.19538350713782884
4,12,Undirected,0.3711527439464411
4,13,Undirected,0.22244982990238799
5,6,Undirected,0.7383751747880583
5,7,Undirected,0.22049175665572418
5,12,Undirected,0.18131407295525273
6,7,Undirected,0.7547873742258434
6,8,Undirected,0.24000003662109934
6,11,Undirected,0.3157514528106241
6,12,Undirected,0.38777167358500175
6,13,Undirected,0.2139984212000023
7,8,Undirected,0.7491941700342087
7,9,Undirected,0.21769337935185223
7,11,Undirected,0.27673296406169684
7,12,Undirected,0.21006131803372416
8,9,Undirected,0.7612533779985224
8,10,Undirected,0.3211387302219027
8,11,Undirected,0.3721043459684387
8,12,Undirected,0.20382026940423678
8,13,Undirected,0.23563187912073097
9,10,Undirected,0.7498474580422462
9,11,Undirected,0.3047278063948969
10,11,Undirected,0.7424543631211376
11,12,Undirected,0.389105682126853
11,13,Undirected,0.3137020024539382
12,13,Undirected,0.3770744898288517
