Source,Target,Type,Weight
0,1,Undirected,0.7394234977361865
0,2,Undirected,0.33048881931144014
0,3,Undirected,0.32868959062069086
0,4,Undirected,0.3194579023236479
0,5,Undirected,0.3360153059340216
0,6,Undirected,0.2804125255221085
0,7,Undirected,0.21382317075657534
0,11,Undirected,0.3298569787495174
0,12,Undirected,0.3807789733730051
0,13,Undirected,0.19726935785153213
1,2,Undirected,0.7400102330669207
1,3,Undirected,0.25728373339362764
1,6,Undirected,0.17697010324954993
1,11,Undirected,0.3572934284070451
1,12,Undirected,0.21777448941710345
2,3,Undirected,0.7565995857042627
2,4,Undirected,0.3190007618500308
2,5,Undirected,0.1769041802203238
2,6,Undirected,0.19321523704510646
2,8,Undirected,0.1697942327257618
2,11,Undirected,0.34200707725578866
2,12,Undirected,0.39748633230386715
2,13,Undirected,0.21463629511999316
3,4,Undirected,0.7545719445874182
3,5,Undirected,0.3059134903760202
3,6,Undirected,0.17337799773591525
3,12,Undirected,0.17582839185442833
4,5,Undirected,0.7341446146063886
4,6,Undirected,0.3556580337233332
4,7,Undirected,0.20332190534398273
4,8,Undirected,0.16987114219168598
4,11,Undirected,0.20148852429720718
4,12,Undirected,0.38463250496001494
4,13,Undirected,0.33611986476683753
5,6,Undirected,0.7463100675785141
5,7,Undirected,0.2153463343666196
5,12,Undirected,0.18178900879467366
5,13,Undirected,0.16901611863313992
6,7,Undirected,0.7403765090653363
6,8,Undirected,0.2597156103465825
6,11,Undirected,0.3035882998282469
6,12,Undirected,0.3645439042360252
6,13,Undirected,0.3473122020962093
7,8,Undirected,0.7614093984403131
7,9,Undirected,0.23111269999525025
7,11,Undirected,0.2756337934870497
7,12,Undirected,0.2086284128716689
7,13,Undirected,0.22855912255352115
8,9,Undirected,0.7301995176923886
8,10,Undirected,0.32125126032578677
8,11,Undirected,0.3670175744399275
8,12,Undirected,0.21550725930395687
8,13,Undirected,0.28572129247292727
9,10,Undirected,0.7405794623101244
9,11,Undirected,0.3024532051766948
10,11,Undirected,0.7588616778113005
11,12,Undirected,0.385881939908902
11,13,Undirected,0.2570014964319577
12,13,Undirected,0.3665045739846051
