Source,Target,Type,Weight
0,1,Undirected,0.7751015653181789
0,2,Undirected,0.3610766881113227
0,3,Undirected,0.19675550514276172
0,4,Undirected,0.31052180243286637
0,5,Undirected,0.19120943464917892
0,11,Undirected,0.23217854376259411
0,12,Undirected,0.3850318826253783
0,13,Undirected,0.3370349852957649
1,2,Undirected,0.7571199360556207
1,3,Undirected,0.26394600889258635
1,4,Undirected,0.29962961206135375
1,5,Undirected,0.2905972685143775
1,6,Undirected,0.17829714002189062
1,7,Undirected,0.26030013148113695
1,11,Undirected,0.2530833930797751
1,12,Undirected,0.22782577729726958
1,13,Undirected,0.19214933089784683
2,3,Undirected,0.7394430514535905
2,4,Undirected,0.2990983913894431
2,5,Undirected,0.20525520955165216
2,11,Undirected,0.17516215315061884
2,12,Undirected,0.21059665228815205
2,13,Undirected,0.3611966817094095
3,4,Undirected,0.7574469207066175
3,5,Undirected,0.2572147683315404
3,6,Undirected,0.17596857934088977
3,12,Undirected,0.18577281781702376
3,13,Undirected,0.25384060413316234
4,5,Undirected,0.7283768168593293
4,6,Undirected,0.21480348646779784
4,7,Undirected,0.16684384086940265
4,11,Undirected,0.33697579316938353
4,12,Undirected,0.3741547894809286
4,13,Undirected,0.3159988554347487
5,6,Undirected,0.7556285427091499
5,7,Undirected,0.31831637565167026
5,8,Undirected,0.18254962517801
5,9,Undirected,0.19843346384647265
5,11,Undirected,0.30145360685665973
5,12,Undirected,0.22762678772306785
5,13,Undirected,0.18836801766237593
6,7,Undirected,0.7567064654473703
6,8,Undirected,0.2588893562769792
6,9,Undirected,0.17357133090842156
7,8,Undirected,0.7574666869293282
7,9,Undirected,0.243566229417416
7,11,Undirected,0.2616654955790533
8,9,Undirected,0.7492779522363674
8,10,Undirected,0.21591380464336496
8,11,Undirected,0.17243234412140002
9,10,Undirected,0.768661976348039
9,11,Undirected,0.3452697967706854
10,11,Undirected,0.7584917019083255
11,12,Undirected,0.4149196425974659
11,13,Undirected,0.20913222301512305
12,13,Undirected,0.3775306514398006
