Source,Target,Type,Weight
0,1,Undirected,0.7249233627127245
0,2,Undirected,0.22157422943558241
0,8,Undirected,0.19592020375719127
0,9,Undirected,0.2976284126684292
0,10,Undirected,0.3547530931652475
0,11,Undirected,0.3299145784537661
1,2,Undirected,0.7574666185323152
1,3,Undirected,0.2960576227265425
1,7,Undirected,0.20258306076278537
1,8,Undirected,0.21694019804987277
1,9,Undirected,0.3392772656137323
1,10,Undirected,0.1979520199836817
1,11,Undirected,0.25253978568067126
1,12,Undirected,0.1713320003575081
2,3,Undirected,0.7740551960640836
2,4,Undirected,0.20389652335442543
2,5,Undirected,0.19598913979246282
2,6,Undirected,0.3017622313303908
2,7,Undirected,0.21657349793103134
2,8,Undirected,0.31198241004936017
2,9,Undirected,0.28038500742826034
2,10,Undirected,0.20883533496671822
2,11,Undirected,0.3163259972992816
2,12,Undirected,0.3855795252071122
2,13,Undirected,0.33287812599230215
3,4,Undirected,0.7342998112299988
3,5,Undirected,0.24634656464249152
3,6,Undirected,0.2769780804314047
3,7,Undirected,0.17882608713818587
3,8,Undirected,0.1920758385375671
3,9,Undirected,0.17625583264086986
4,5,Undirected,0.7404771547400344
4,6,Undirected,0.3193157971068005
4,7,Undirected,0.18536226813939294
5,6,Undirected,0.7351931284582379
5,7,Undirected,0.21102830250953533
6,7,Undirected,0.7359896175781029
6,8,Undirected,0.3142528356190935
6,9,Undirected,0.19104084297471574
6,12,Undirected,0.2001677392888194
6,13,Undirected,0.17868895438922244
7,8,Undirected,0.7165210623388788
7,9,Undirected,0.21074163822312958
8,9,Undirected,0.7505843494821048
8,10,Undirected,0.24730951000652368
8,11,Undirected,0.1667104412156563
9,10,Undirected,0.7386333508586078
9,11,Undirected,0.2372292098147631
10,11,Undirected,0.7583367376761809
10,13,Undirected,0.18992257118229416
11,12,Undirected,0.4001779202904123
11,13,Undirected,0.3174870293164471
12,13,Undirected,0.3772671378536207
