Source,Target,Type,Weight
0,1,Undirected,0.7637820898615367
0,2,Undirected,0.3144793131621797
0,3,Undirected,0.3243388035441151
0,4,Undirected,0.3252849371727513
0,5,Undirected,0.3276034482879821
0,6,Undirected,0.31064603990186546
0,7,Undirected,0.24431399517162425
0,11,Undirected,0.34030919319950215
0,12,Undirected,0.3823699218295248
0,13,Undirected,0.20362116469661043
1,2,Undirected,0.7364502492713947
1,3,Undirected,0.24678139541998925
1,6,Undirected,0.18485776459607187
1,11,Undirected,0.3576581518531685
1,12,Undirected,0.21565740250282253
2,3,Undirected,0.7430054446801769
2,4,Undirected,0.32928792838969856
2,6,Undirected,0.19921306568206626
2,11,Undirected,0.2603643607757799
2,12,Undirected,0.3802991397194296
2,13,Undirected,0.3545311357039046
3,4,Undirected,0.7408852460058863
3,5,Undirected,0.29375091965598193
3,6,Undirected,0.17760239577328465
3,11,Undirected,0.18131026378601647
3,12,Undirected,0.20446249711048256
4,5,Undirected,0.7451696510526091
4,6,Undirected,0.3331248210993625
4,7,Undirected,0.20056001631906567
4,11,Undirected,0.19543290469501676
4,12,Undirected,0.375484955057422
4,13,Undirected,0.32384656745974755
5,6,Undirected,0.7294413830068824
5,7,Undirected,0.20923204137006823
5,12,Undirected,0.18466980139352634
6,7,Undirected,0.7425353957821593
6,8,Undirected,0.2376355739032729
6,11,Undirected,0.28500201674934794
6,12,Undirected,0.3846465437922832
6,13,Undirected,0.2013805813283318
7,8,Undirected,0.7498057019538138
7,9,Undirected,0.2251881478656245
7,11,Undirected,0.28309075168240844
7,12,Undirected,0.21964787457119664
8,9,Undirected,0.7340851238998273
8,10,Undirected,0.2924612863779886
8,11,Undirected,0.3559892677948632
8,12,Undirected,0.20174746626626658
8,13,Undirected,0.22613053568565367
9,10,Undirected,0.751732048635008
9,11,Undirected,0.2975835188424684
10,11,Undirected,0.753713418280179
11,12,Undirected,0.3870047074778487
11,13,Undirected,0.30551999062382384
12,13,Undirected,0.378383815584368
