Source,Target,Type,Weight
0,1,Undirected,0.7395238844582088
0,2,Undirected,0.315168997312992
0,3,Undirected,0.291450940389261
0,4,Undirected,0.31487827916252953
0,5,Undirected,0.19958929650776405
0,6,Undirected,0.3091960887244418
0,7,Undirected,0.34936430550218894
0,8,Undirected,0.2274125343913485
0,12,Undirected,0.3800108142115555
0,13,Undirected,0.2782324247830206
1,2,Undirected,0.7632699068164853
1,3,Undirected,0.25791534889715667
1,7,Undirected,0.19737585375104585
1,8,Undirected,0.24511798238457616
1,12,Undirected,0.1908301172705755
1,13,Undirected,0.1901009111582416
2,3,Undirected,0.7514760803275797
2,4,Undirected,0.3293360198630033
2,5,Undirected,0.20038790451869207
2,6,Undirected,0.20784087024801637
2,7,Undirected,0.20120076586984337
2,12,Undirected,0.3863825232155861
2,13,Undirected,0.28415247977558866
3,4,Undirected,0.7544221736557928
3,5,Undirected,0.2178209492005034
3,12,Undirected,0.20191354336339898
4,5,Undirected,0.7678453905063916
4,6,Undirected,0.3357235695282425
4,7,Undirected,0.20634178013904086
4,12,Undirected,0.3723401337149262
4,13,Undirected,0.1878447377368759
5,6,Undirected,0.7496788536357236
5,7,Undirected,0.2261494341497775
5,12,Undirected,0.20782665837270142
6,7,Undirected,0.7398484373157513
6,8,Undirected,0.2250238178548662
6,12,Undirected,0.3750013299333531
6,13,Undirected,0.21314108052967767
7,8,Undirected,0.7265861001022413
7,9,Undirected,0.23940853823997363
7,12,Undirected,0.36949024612926673
7,13,Undirected,0.32533050376809974
8,9,Undirected,0.7812986966538941
8,10,Undirected,0.241146084149629
8,12,Undirected,0.20505634045059648
8,13,Undirected,0.2683023093691617
9,10,Undirected,0.7424949758206528
9,11,Undirected,0.2650348343260572
9,13,Undirected,0.17932839755652197
10,11,Undirected,0.7704633760676225
12,13,Undirected,0.3657217157121722
