Source,Target,Type,Weight
0,1,Undirected,0.7450877777333671
0,2,Undirected,0.3036090667282045
0,3,Undirected,0.32350429252294155
0,4,Undirected,0.3513184627672976
0,5,Undirected,0.3708053256657458
0,6,Undirected,0.31628153471239884
0,7,Undirected,0.26337245141730137
0,11,Undirected,0.3241261091473134
0,12,Undirected,0.39347501722618344
0,13,Undirected,0.2061509733611694
1,2,Undirected,0.7371305870852974
1,3,Undirected,0.28389865728510755
1,6,Undirected,0.17519667262392427
1,10,Undirected,0.1944755873395461
1,11,Undirected,0.32496005891934054
1,12,Undirected,0.20798066207634947
2,3,Undirected,0.729129760479807
2,4,Undirected,0.33997710467982584
2,6,Undirected,0.19997547450445055
2,11,Undirected,0.33582555375173384
2,12,Undirected,0.3886110201319088
2,13,Undirected,0.38850569623483383
3,4,Undirected,0.7407213668762429
3,5,Undirected,0.2978193520690306
3,6,Undirected,0.17336621624202186
3,11,Undirected,0.20748151624060848
3,12,Undirected,0.21978923980653242
3,13,Undirected,0.16901878849794855
4,5,Undirected,0.7431088471025284
4,6,Undirected,0.3517681779217476
4,7,Undirected,0.20568599644700006
4,11,Undirected,0.20422547624081355
4,12,Undirected,0.3914919307077771
4,13,Undirected,0.32023007252448754
5,6,Undirected,0.7498711196557565
5,7,Undirected,0.21307594026787505
5,12,Undirected,0.18898598838500782
6,7,Undirected,0.7525404248100372
6,8,Undirected,0.24789549379461012
6,11,Undirected,0.31309827930851053
6,12,Undirected,0.3908990314999472
6,13,Undirected,0.20728417123970078
7,8,Undirected,0.7408817779520626
7,9,Undirected,0.24204226857381073
7,11,Undirected,0.3024446122647616
7,12,Undirected,0.2186121915258421
7,13,Undirected,0.16771956314499772
8,9,Undirected,0.7471641794767059
8,10,Undirected,0.3284680667445097
8,11,Undirected,0.3567494502425023
8,12,Undirected,0.21918653512525807
8,13,Undirected,0.2536860592194862
9,10,Undirected,0.7512011810591384
9,11,Undirected,0.2878976503996607
10,11,Undirected,0.7473334521781793
11,12,Undirected,0.38642598820316093
11,13,Undirected,0.3051189783197907
12,13,Undirected,0.386535886804249
