Source,Target,Type,Weight
0,1,Undirected,0.7298491449907988
0,2,Undirected,0.3343865400437525
0,3,Undirected,0.3234081073630926
0,4,Undirected,0.23438234836549998
0,5,Undirected,0.2041267207039282
0,6,Undirected,0.21413177492368854
0,8,Undirected,0.20038064786193485
0,11,Undirected,0.31535847622370183
0,12,Undirected,0.3738034633223693
0,13,Undirected,0.331041023301973
1,2,Undirected,0.7810123842194422
1,3,Undirected,0.2528212328403395
1,11,Undirected,0.3282625634681048
1,12,Undirected,0.2136228097991266
1,13,Undirected,0.20030179673066595
2,3,Undirected,0.7512638148234886
2,4,Undirected,0.33193803892494694
2,5,Undirected,0.183550032707523
2,6,Undirected,0.2016322083577944
2,8,Undirected,0.27763958586113335
2,11,Undirected,0.293906740214172
2,12,Undirected,0.3783749405843746
2,13,Undirected,0.19843229974976823
3,4,Undirected,0.7390187074999236
3,5,Undirected,0.32054251977987647
3,6,Undirected,0.17717219373714232
3,11,Undirected,0.17896998250027438
3,12,Undirected,0.2104003265834537
3,13,Undirected,0.17116338593280958
4,5,Undirected,0.7481878407595643
4,6,Undirected,0.3372802610298895
4,7,Undirected,0.1963995832172846
4,8,Undirected,0.34269670173837746
4,11,Undirected,0.20290597968087923
4,12,Undirected,0.383818246224162
4,13,Undirected,0.21099176346650136
5,6,Undirected,0.745437701858083
5,7,Undirected,0.2163011147105968
5,12,Undirected,0.19936684462615056
5,13,Undirected,0.17396173235409737
6,7,Undirected,0.7239354032001183
6,8,Undirected,0.34066099361838925
6,11,Undirected,0.28373585524702477
6,12,Undirected,0.38276108432352884
6,13,Undirected,0.3275817254823553
7,8,Undirected,0.7385960208690201
7,9,Undirected,0.21846650959469327
7,11,Undirected,0.27244203653914306
7,12,Undirected,0.22143846220286686
7,13,Undirected,0.2479431784271729
8,9,Undirected,0.7644056279431425
8,10,Undirected,0.2939083466233016
8,11,Undirected,0.33117346610052795
8,12,Undirected,0.39937289479134186
8,13,Undirected,0.20520080285722142
9,10,Undirected,0.7374104510773561
9,11,Undirected,0.342423414643067
10,11,Undirected,0.7686611311438036
11,12,Undirected,0.40073162137600155
11,13,Undirected,0.37297952940758
12,13,Undirected,0.3561763932119772
