Source,Target,Type,Weight
0,1,Undirected,0.733830502164197
0,2,Undirected,0.29904644323798335
0,3,Undirected,0.3124432880924306
0,4,Undirected,0.31516392934497767
0,5,Undirected,0.3419302085753533
0,6,Undirected,0.3416854183567084
0,7,Undirected,0.2567429781997917
0,11,Undirected,0.2949019065214651
0,12,Undirected,0.3855437280056535
0,13,Undirected,0.20043950128684876
1,2,Undirected,0.7293834131034997
1,3,Undirected,0.2539314444479559
1,6,Undirected,0.18027268630072446
1,11,Undirected,0.3617042780805847
1,12,Undirected,0.2232353127771611
1,13,Undirected,0.18637966456402627
2,3,Undirected,0.7422886725561134
2,4,Undirected,0.343003044687833
2,6,Undirected,0.19544938824208766
2,11,Undirected,0.282010285031624
2,12,Undirected,0.3858332022478628
2,13,Undirected,0.3562597106436299
3,4,Undirected,0.7420447388347522
3,5,Undirected,0.2979647865816731
3,6,Undirected,0.1783222461838659
3,11,Undirected,0.17642605562561892
3,12,Undirected,0.2016621449027409
4,5,Undirected,0.7892389777518104
4,6,Undirected,0.35711999596757815
4,7,Undirected,0.2008039811650517
4,11,Undirected,0.19584877386728095
4,12,Undirected,0.38103897090232464
4,13,Undirected,0.26854454094088653
5,6,Undirected,0.7319370241238137
5,7,Undirected,0.2116985187426928
5,12,Undirected,0.18005977001585904
6,7,Undirected,0.7396045395096358
6,8,Undirected,0.24298710894453332
6,11,Undirected,0.28478364088846325
6,12,Undirected,0.3626688451736763
6,13,Undirected,0.19785529834973092
7,8,Undirected,0.7482928242599146
7,9,Undirected,0.2219693744685346
7,11,Undirected,0.26849829748953086
7,12,Undirected,0.20445280957951384
8,9,Undirected,0.7386988500451395
8,10,Undirected,0.30802646749946755
8,11,Undirected,0.38008202797215473
8,12,Undirected,0.19787850366761087
8,13,Undirected,0.2331433302883486
9,10,Undirected,0.7596048457610457
9,11,Undirected,0.28479721551794673
10,11,Undirected,0.7479572874942813
11,12,Undirected,0.37868663406201
11,13,Undirected,0.334928025638583
12,13,Undirected,0.3779370673163998
