Source,Target,Type,Weight
0,1,Undirected,0.7482296170596119
0,2,Undirected,0.33152420445293107
0,3,Undirected,0.35167016969832343
0,4,Undirected,0.19158698994803042
0,5,Undirected,0.2067187293308575
0,6,Undirected,0.16905332725957012
1,2,Undirected,0.7356920546807251
1,3,Undirected,0.26418998632534835
2,3,Undirected,0.7269901711778303
2,4,Undirected,0.2345853526215558
2,12,Undirected,0.38785633451839485
2,13,Undirected,0.21291157764166097
3,4,Undirected,0.7308637655592432
3,5,Undirected,0.2778260843357653
4,5,Undirected,0.7455831312044099
4,6,Undirected,0.2043451922581294
5,6,Undirected,0.7571845175834964
5,7,Undirected,0.212655782900368
6,7,Undirected,0.7573805164892125
6,8,Undirected,0.2723248827623766
6,9,Undirected,0.16856098495495278
7,8,Undirected,0.7497408987444091
7,9,Undirected,0.20786017267497942
8,9,Undirected,0.7461644872794758
8,10,Undirected,0.3186796888866196
8,11,Undirected,0.3382918997463882
9,10,Undirected,0.7481656865318442
9,11,Undirected,0.30784088172625595
10,11,Undirected,0.724447064055979
11,12,Undirected,0.19188060749187769
11,13,Undirected,0.35822733197716733
12,13,Undirected,0.3788939051103067
