Source,Target,Type,Weight
0,1,Undirected,0.751094303942825
0,2,Undirected,0.3602387744455482
0,3,Undirected,0.21035706250482095
0,4,Undirected,0.33018252558886546
0,5,Undirected,0.19751077236277717
0,11,Undirected,0.23948601826196914
0,12,Undirected,0.3982585002182002
0,13,Undirected,0.2837327650250098
1,2,Undirected,0.7537772844814186
1,3,Undirected,0.30952587231780293
1,4,Undirected,0.27971520200622757
1,5,Undirected,0.26737088353425176
1,6,Undirected,0.16921024402189327
1,7,Undirected,0.26239598214160037
1,11,Undirected,0.3176266452022959
1,12,Undirected,0.23463206998845945
1,13,Undirected,0.18898191816531593
2,3,Undirected,0.7283000462056738
2,4,Undirected,0.2729226715279907
2,5,Undirected,0.19976871564789148
2,11,Undirected,0.1703965947201522
2,12,Undirected,0.1952752767479572
3,4,Undirected,0.7456467536761863
3,5,Undirected,0.30152017986380814
3,6,Undirected,0.20235748195607703
3,12,Undirected,0.16687403061729528
4,5,Undirected,0.7459141529975297
4,6,Undirected,0.20559715074963014
4,10,Undirected,0.22775016629335507
4,11,Undirected,0.3351218519885092
4,12,Undirected,0.402829668511731
4,13,Undirected,0.21308847580742182
5,6,Undirected,0.7417988662831133
5,7,Undirected,0.31520663325848786
5,8,Undirected,0.18139741309881569
5,9,Undirected,0.20009993776073962
5,10,Undirected,0.17437964178348922
5,11,Undirected,0.2975722236108077
5,12,Undirected,0.21107594328356616
6,7,Undirected,0.7679364896274753
6,8,Undirected,0.3449731822119255
6,9,Undirected,0.23845100175704162
6,11,Undirected,0.18096901408547936
7,8,Undirected,0.7623803993373188
7,9,Undirected,0.24799783168399728
7,11,Undirected,0.28321220935630476
8,9,Undirected,0.7544633598239785
8,10,Undirected,0.22154616393734955
9,10,Undirected,0.7405790046414376
9,11,Undirected,0.3284274289848695
10,11,Undirected,0.7638917042529147
10,13,Undirected,0.17371061726497092
11,12,Undirected,0.3801122020042079
11,13,Undirected,0.33558961117392405
12,13,Undirected,0.38939991731654017
