Source,Target,Type,Weight
0,1,Undirected,0.7346996401563952
0,2,Undirected,0.334130679919397
0,3,Undirected,0.2373671160242656
0,8,Undirected,0.18069430351013524
1,2,Undirected,0.7254569364240333
1,3,Undirected,0.25305685487004415
1,4,Undirected,0.351264531846639
1,8,Undirected,0.3402270968889079
1,11,Undirected,0.2550174109425062
1,12,Undirected,0.3826558000539365
1,13,Undirected,0.3205154774677292
2,3,Undirected,0.7672813527832559
2,4,Undirected,0.29347476009617496
2,8,Undirected,0.20833489796700938
2,12,Undirected,0.2200367498741202
2,13,Undirected,0.40253824483972145
3,4,Undirected,0.7444907197899389
3,5,Undirected,0.28729231209711614
3,8,Undirected,0.17949376327917926
4,5,Undirected,0.7575554082537572
4,6,Undirected,0.2543796494533751
4,7,Undirected,0.28508560478457784
4,8,Undirected,0.3449222311841044
4,11,Undirected,0.20530196731990122
4,12,Undirected,0.38484559625502823
4,13,Undirected,0.3135007293932123
5,6,Undirected,0.7481255853783263
5,7,Undirected,0.3055820267260709
5,8,Undirected,0.17366951835583572
6,7,Undirected,0.7407613977193303
6,8,Undirected,0.20685311820064048
7,8,Undirected,0.7386944917444898
7,9,Undirected,0.2591157946812461
8,9,Undirected,0.7276823600043825
8,10,Undirected,0.29597472499773486
8,11,Undirected,0.3442222736703573
8,12,Undirected,0.39485873573400837
8,13,Undirected,0.20035602892751755
9,10,Undirected,0.7049081597625603
9,11,Undirected,0.3258817438024799
10,11,Undirected,0.7595623398112387
11,12,Undirected,0.3892099953092181
11,13,Undirected,0.20571010651028732
12,13,Undirected,0.3768166226435283
