Source,Target,Type,Weight
0,1,Undirected,0.7372687105728694
0,2,Undirected,0.3233924976373781
0,3,Undirected,0.2948722383216138
0,4,Undirected,0.30821796205828234
0,5,Undirected,0.33239328484261754
0,6,Undirected,0.35881312127423665
0,7,Undirected,0.23586456034748418
0,8,Undirected,0.19094468796145037
0,11,Undirected,0.32552201790396557
0,12,Undirected,0.3572598908843492
0,13,Undirected,0.20381937799845218
1,2,Undirected,0.7567751410347816
1,3,Undirected,0.2574329133278716
1,6,Undirected,0.18602515672614486
1,11,Undirected,0.33776674411223995
1,12,Undirected,0.2242194398598201
2,3,Undirected,0.7561688239984171
2,4,Undirected,0.3455040121360815
2,5,Undirected,0.1855919738041358
2,6,Undirected,0.20626969169686474
2,8,Undirected,0.2061483997722997
2,11,Undirected,0.2928577902136729
2,12,Undirected,0.38947078804732627
2,13,Undirected,0.2229916548471225
3,4,Undirected,0.7442608542817494
3,5,Undirected,0.2772456759353257
3,6,Undirected,0.1729393098762052
3,12,Undirected,0.1764917564041582
4,5,Undirected,0.7495969912492592
4,6,Undirected,0.25184113206692965
5,6,Undirected,0.7462893522779347
5,7,Undirected,0.2245351484993745
6,7,Undirected,0.7711265831860994
6,8,Undirected,0.29038937603626325
6,11,Undirected,0.286649328623531
6,12,Undirected,0.3843857230024343
6,13,Undirected,0.33788287495413255
7,8,Undirected,0.7450703728714564
7,9,Undirected,0.21562862086136414
7,11,Undirected,0.26314939515787505
7,12,Undirected,0.21809325228658932
7,13,Undirected,0.21903132505809342
8,9,Undirected,0.7691379100568129
8,10,Undirected,0.3148641201555709
8,11,Undirected,0.3500506426644251
8,12,Undirected,0.37905151988733027
8,13,Undirected,0.3875519285640366
9,10,Undirected,0.7422895264415725
9,11,Undirected,0.29684436404607617
10,11,Undirected,0.72280006996556
11,12,Undirected,0.3991080192155536
11,13,Undirected,0.2179492575660688
12,13,Undirected,0.37857606146604283
