Source,Target,Type,Weight
0,1,Undirected,0.7724138235847403
0,2,Undirected,0.3287817785632572
0,3,Undirected,0.3189208391526719
0,4,Undirected,0.3124984353859083
0,5,Undirected,0.3568769387929789
0,6,Undirected,0.30107684957183284
0,7,Undirected,0.23707540916001124
0,11,Undirected,0.29821388235028123
0,12,Undirected,0.39395132245433984
0,13,Undirected,0.19757532260524646
1,2,Undirected,0.7237838069166215
1,3,Undirected,0.27704225915880637
1,11,Undirected,0.28433196964660995
1,12,Undirected,0.19703456752402906
2,3,Undirected,0.7504815419792775
2,4,Undirected,0.33622783083274327
2,6,Undirected,0.19921219519632283
2,11,Undirected,0.34182261702562367
2,12,Undirected,0.38719795163681286
2,13,Undirected,0.21094450016918595
3,4,Undirected,0.7711251654655097
3,5,Undirected,0.29758075301487974
3,6,Undirected,0.17485634595401153
3,11,Undirected,0.18182224881780754
3,12,Undirected,0.19932409602334003
4,5,Undirected,0.750776945908956
4,6,Undirected,0.3849118868951315
4,7,Undirected,0.20622543260688306
4,11,Undirected,0.2058433079615736
4,12,Undirected,0.38665090921829165
4,13,Undirected,0.3117823402601135
5,6,Undirected,0.77092099726126
5,7,Undirected,0.214334844640474
5,12,Undirected,0.19309840629398092
6,7,Undirected,0.7491525535739658
6,8,Undirected,0.2280983782151709
6,11,Undirected,0.30420720564882137
6,12,Undirected,0.38917897353644887
6,13,Undirected,0.37342566505504604
7,8,Undirected,0.7523907168459714
7,9,Undirected,0.2221640750815655
7,11,Undirected,0.3066259596718858
7,12,Undirected,0.22040673393086518
7,13,Undirected,0.23761745320425495
8,9,Undirected,0.7578156039798877
8,10,Undirected,0.3110303509212179
8,11,Undirected,0.34633406693473545
8,12,Undirected,0.1978895761837105
8,13,Undirected,0.28750233484465615
9,10,Undirected,0.7123441361249743
9,11,Undirected,0.2871062560464035
10,11,Undirected,0.7423099545947718
11,12,Undirected,0.3955571420285782
11,13,Undirected,0.283036154539496
12,13,Undirected,0.3689610970422267
