Source,Target,Type,Weight
0,1,Undirected,0.7604420397152593
0,2,Undirected,0.3474717751422427
0,3,Undirected,0.19660298048015462
0,4,Undirected,0.26384864363381694
0,5,Undirected,0.18939494101998897
0,11,Undirected,0.25136882399080995
0,12,Undirected,0.38572384468723686
0,13,Undirected,0.25657554103296165
1,2,Undirected,0.7485000078074635
1,3,Undirected,0.27214532363448457
1,4,Undirected,0.2353931302289658
1,5,Undirected,0.286852035975231
1,6,Undirected,0.17406442174420825
1,7,Undirected,0.2690895891112456
1,11,Undirected,0.2738809811541882
1,12,Undirected,0.21236803781801125
1,13,Undirected,0.17002399864379814
2,3,Undirected,0.7628264545554162
2,4,Undirected,0.2444221420387152
2,5,Undirected,0.18241557780491247
2,11,Undirected,0.17849084966636036
2,12,Undirected,0.20980726342719186
3,4,Undirected,0.7311746417586735
3,5,Undirected,0.3166380638555462
3,6,Undirected,0.2483162607063085
3,7,Undirected,0.17282624935792326
3,11,Undirected,0.1763697923066126
3,12,Undirected,0.17241513404120085
4,5,Undirected,0.751053888239678
4,6,Undirected,0.2867224976217566
4,7,Undirected,0.1683540049092869
4,11,Undirected,0.32184267898573343
4,12,Undirected,0.3377377238739268
4,13,Undirected,0.19723907875993482
5,6,Undirected,0.738394543107039
5,7,Undirected,0.3030959140877138
5,8,Undirected,0.1763504674924798
5,9,Undirected,0.2180140123885774
5,11,Undirected,0.3527843255339219
5,12,Undirected,0.23046370948687792
5,13,Undirected,0.17991896426349416
6,7,Undirected,0.7428841102424586
6,8,Undirected,0.3394452794628316
6,9,Undirected,0.32322821317305334
6,10,Undirected,0.17703323593975126
6,11,Undirected,0.18224486633781542
7,8,Undirected,0.7387568788885843
7,9,Undirected,0.2638275661456901
7,10,Undirected,0.17535657014364817
7,11,Undirected,0.2512190187164369
8,9,Undirected,0.7450243829481714
8,10,Undirected,0.21109162292729744
9,10,Undirected,0.7254386800117646
9,11,Undirected,0.3678237688838033
10,11,Undirected,0.7513483297728679
10,13,Undirected,0.16904028670765792
11,12,Undirected,0.38039316052969674
11,13,Undirected,0.37306973310013863
12,13,Undirected,0.3797152595451768
