Source,Target,Type,Weight
0,1,Undirected,0.7616499112199208
0,2,Undirected,0.33669225203176717
0,3,Undirected,0.3071461519405009
0,4,Undirected,0.3424640387790776
0,5,Undirected,0.34881964212900285
0,6,Undirected,0.29118650525430667
0,7,Undirected,0.19360948519857982
0,8,Undirected,0.19537284069035304
0,11,Undirected,0.30480433909924565
0,12,Undirected,0.3806109042837493
0,13,Undirected,0.2040807151279606
1,2,Undirected,0.742844902162427
1,3,Undirected,0.25913263583475404
1,6,Undirected,0.1769889965046152
1,11,Undirected,0.36272413931471725
1,12,Undirected,0.21874483361003888
2,3,Undirected,0.7463104659609496
2,4,Undirected,0.31930471223511486
2,5,Undirected,0.1904671947895876
2,6,Undirected,0.19460629786450612
2,8,Undirected,0.32322380431658226
2,11,Undirected,0.30127288985452677
2,12,Undirected,0.3784759353583968
2,13,Undirected,0.21865039199912253
3,4,Undirected,0.7368692529593855
3,5,Undirected,0.2565351946709624
3,11,Undirected,0.18438232266554785
3,12,Undirected,0.19882136015239402
4,5,Undirected,0.7504411250576567
4,6,Undirected,0.3040413547460359
4,7,Undirected,0.1912241846685063
4,8,Undirected,0.21432338861086098
4,11,Undirected,0.19839897857947736
4,12,Undirected,0.3595239644270221
4,13,Undirected,0.34633406693473545
5,6,Undirected,0.7332736477160461
5,7,Undirected,0.2073679195712057
5,12,Undirected,0.18965276345286258
5,13,Undirected,0.1692199790656894
6,7,Undirected,0.7457291476554928
6,8,Undirected,0.24966939358425927
6,11,Undirected,0.3350293932237908
6,12,Undirected,0.3415917232313994
6,13,Undirected,0.34406349734473435
7,8,Undirected,0.7660414372080124
7,9,Undirected,0.22280047225602115
7,11,Undirected,0.30801330250779857
7,12,Undirected,0.20837590554230792
7,13,Undirected,0.2519973730246691
8,9,Undirected,0.7780958698978494
8,10,Undirected,0.3132504835649892
8,11,Undirected,0.3536528451602693
8,12,Undirected,0.39535848469341156
8,13,Undirected,0.37134438438104506
9,10,Undirected,0.7174768472684785
9,11,Undirected,0.3031052668852952
10,11,Undirected,0.7605271844736773
11,12,Undirected,0.3770660829188589
11,13,Undirected,0.24410134092363256
12,13,Undirected,0.35807093490889064
