Source,Target,Type,Weight
0,1,Undirected,0.7528370467341688
0,2,Undirected,0.3369528909089244
0,12,Undirected,0.3895060522290315
0,13,Undirected,0.22008602777500547
1,2,Undirected,0.74139134079143
1,3,Undirected,0.20317021378215744
1,4,Undirected,0.1680578044891341
1,12,Undirected,0.2071677616192489
2,3,Undirected,0.7427585405728566
2,4,Undirected,0.22090056645249187
2,6,Undirected,0.24855320401207143
2,7,Undirected,0.2916355745694411
2,12,Undirected,0.3929523289872496
2,13,Undirected,0.32904489364280975
3,4,Undirected,0.761143345350929
3,5,Undirected,0.283739751709858
3,6,Undirected,0.340451257593749
3,7,Undirected,0.2591386236164443
4,5,Undirected,0.7400096455400758
4,6,Undirected,0.28684071680361967
4,7,Undirected,0.17300076916655144
5,6,Undirected,0.7654829096061051
5,7,Undirected,0.21708160372446525
5,8,Undirected,0.2514475922940316
6,7,Undirected,0.7480620728806489
6,8,Undirected,0.27503883478019897
7,8,Undirected,0.7725052274774596
7,9,Undirected,0.2368411364027015
7,10,Undirected,0.20126875541044525
7,11,Undirected,0.18733612069038674
8,9,Undirected,0.7399084742751817
8,10,Undirected,0.24084007012681027
9,10,Undirected,0.7469132405796296
9,11,Undirected,0.21182264467412737
10,11,Undirected,0.7601553765314598
12,13,Undirected,0.3515180304616822
