Source,Target,Type,Weight
0,1,Undirected,0.7736828193068754
0,2,Undirected,0.22789663392705684
0,6,Undirected,0.35103272636580246
1,2,Undirected,0.7432531056788023
1,3,Undirected,0.22231612227369763
1,6,Undirected,0.18134961723908863
2,3,Undirected,0.7491309442777349
2,4,Undirected,0.3324570440988079
2,5,Undirected,0.3409554188797898
2,6,Undirected,0.3339810482279385
2,7,Undirected,0.2006311242708276
2,11,Undirected,0.20624425358317272
2,12,Undirected,0.37895371001228123
2,13,Undirected,0.20037930763982228
3,4,Undirected,0.7509249367605542
3,5,Undirected,0.2548083077039906
3,6,Undirected,0.16767237481629932
3,11,Undirected,0.21405245936309056
3,12,Undirected,0.2037318799116274
4,5,Undirected,0.7297905388487858
4,6,Undirected,0.30380560284417923
4,7,Undirected,0.3360687485607541
4,8,Undirected,0.24882850255015898
4,9,Undirected,0.17509647350202548
4,10,Undirected,0.24043676753501958
4,11,Undirected,0.32874590723767017
4,12,Undirected,0.38484902147712957
4,13,Undirected,0.2953438619473847
5,6,Undirected,0.7327254458902523
5,7,Undirected,0.2245326964218913
5,12,Undirected,0.18864729632336247
6,7,Undirected,0.7488578246310661
6,8,Undirected,0.23608866473786713
6,10,Undirected,0.1688139174370608
6,11,Undirected,0.20688362519863138
6,12,Undirected,0.3794608066386534
6,13,Undirected,0.3234754259787006
7,8,Undirected,0.7240297534981662
7,9,Undirected,0.3114661432474074
7,10,Undirected,0.3202186062689892
7,11,Undirected,0.18988028630459353
7,12,Undirected,0.207815640357746
7,13,Undirected,0.33708279283311376
8,9,Undirected,0.768365634928755
8,10,Undirected,0.31915018762981656
8,13,Undirected,0.19977391080860465
9,10,Undirected,0.7466218654812723
9,11,Undirected,0.22391432379785836
9,13,Undirected,0.17778261551069294
10,11,Undirected,0.7536488180978324
10,12,Undirected,0.1818022150868604
10,13,Undirected,0.3343285942461708
11,12,Undirected,0.3782750913985811
11,13,Undirected,0.3271588461817464
12,13,Undirected,0.3658805921741598
