Source,Target,Type,Weight
0,1,Undirected,0.7450019525132091
0,2,Undirected,0.22767475376377064
0,3,Undirected,0.2426170290695912
0,4,Undirected,0.17288701543619933
0,8,Undirected,0.275792088615294
0,9,Undirected,0.37913077056856814
0,11,Undirected,0.25898581368167223
0,12,Undirected,0.3849397944199706
0,13,Undirected,0.3015247318267056
1,2,Undirected,0.7507549068497751
1,3,Undirected,0.27969436702763784
1,7,Undirected,0.25850411662929396
1,8,Undirected,0.24652845616190655
2,3,Undirected,0.7222161716656078
2,4,Undirected,0.30614832519296203
2,5,Undirected,0.3115870405529296
2,6,Undirected,0.18524050238670872
2,7,Undirected,0.21355191644116525
2,8,Undirected,0.1688791969115949
3,4,Undirected,0.7211998561487676
3,5,Undirected,0.26435793158756293
4,5,Undirected,0.739422911140642
4,6,Undirected,0.29876741374713445
4,7,Undirected,0.19723672287239372
4,8,Undirected,0.17618801300957976
5,6,Undirected,0.7482286159755033
5,7,Undirected,0.31822298470159427
5,8,Undirected,0.18119812963859944
6,7,Undirected,0.7598901989331328
6,8,Undirected,0.27323411150335813
7,8,Undirected,0.769914989666834
7,9,Undirected,0.23266071119124523
8,9,Undirected,0.7469141716424688
8,10,Undirected,0.2055452621575572
9,10,Undirected,0.762028167018145
9,11,Undirected,0.24710579025762064
9,12,Undirected,0.2090819534874725
10,11,Undirected,0.7322327070788276
11,12,Undirected,0.3740026205036667
11,13,Undirected,0.20718767610170014
12,13,Undirected,0.37437704301417907
