Source,Target,Type,Weight
0,1,Undirected,0.7377316589175865
0,2,Undirected,0.27928934603020034
0,3,Undirected,0.3152192595379419
0,4,Undirected,0.3000837583675196
0,5,Undirected,0.331850899136823
0,6,Undirected,0.30243277054919226
0,7,Undirected,0.2328216033018527
0,11,Undirected,0.27424332407464136
0,12,Undirected,0.378745313321306
0,13,Undirected,0.19643400244377285
1,2,Undirected,0.7747055722671813
1,3,Undirected,0.26286429746210194
1,6,Undirected,0.1767662085266951
1,11,Undirected,0.34084434042339484
1,12,Undirected,0.22790973559387756
1,13,Undirected,0.1712476656233592
2,3,Undirected,0.7427605135761787
2,4,Undirected,0.33319574315695416
2,6,Undirected,0.19587604793562358
2,11,Undirected,0.30973721359507506
2,12,Undirected,0.3829956765898944
2,13,Undirected,0.3656717523962667
3,4,Undirected,0.7412311019870852
3,5,Undirected,0.3034335934806874
3,6,Undirected,0.18118267860168213
3,11,Undirected,0.1895425297366788
3,12,Undirected,0.22066511030298797
4,5,Undirected,0.7510115942664761
4,6,Undirected,0.37870851697423896
4,7,Undirected,0.20968682937198596
4,8,Undirected,0.18068404416194184
4,11,Undirected,0.19764650887507046
4,12,Undirected,0.3810947456985708
4,13,Undirected,0.3148457082599197
5,6,Undirected,0.7515617877344832
5,7,Undirected,0.2154548083675062
5,12,Undirected,0.18492130303900586
6,7,Undirected,0.7646101923682886
6,8,Undirected,0.24333211579402206
6,11,Undirected,0.3244802445385632
6,12,Undirected,0.3931408363863434
6,13,Undirected,0.21484395489116181
7,8,Undirected,0.764384731747104
7,9,Undirected,0.21282748269316348
7,11,Undirected,0.2970184385228079
7,12,Undirected,0.21509202748465595
7,13,Undirected,0.1682551599924808
8,9,Undirected,0.7599335677046932
8,10,Undirected,0.2949015747685482
8,11,Undirected,0.3398416310178864
8,12,Undirected,0.21621563662899612
8,13,Undirected,0.28369846999937026
9,10,Undirected,0.7280473991506555
9,11,Undirected,0.30109297298213056
10,11,Undirected,0.7653231207629394
11,12,Undirected,0.3628019811323774
11,13,Undirected,0.30465688852370804
12,13,Undirected,0.3785244716293278
