Source,Target,Type,Weight
0,1,Undirected,0.7572081660624544
0,2,Undirected,0.37202229665873865
0,3,Undirected,0.3625330806906956
0,4,Undirected,0.27765684405958374
0,5,Undirected,0.22733978503692295
0,6,Undirected,0.2829548900458571
0,7,Undirected,0.2883759368616604
0,8,Undirected,0.17761121005445418
0,11,Undirected,0.34877073877576376
0,12,Undirected,0.3794556915359197
0,13,Undirected,0.1933670949755492
1,2,Undirected,0.7585751071020833
1,3,Undirected,0.25188272292032104
1,10,Undirected,0.19218268146246928
1,11,Undirected,0.3354096194968101
1,12,Undirected,0.2103027859840394
2,3,Undirected,0.74919544134934
2,4,Undirected,0.3411937793021832
2,5,Undirected,0.19171694719883628
2,6,Undirected,0.20827675740267418
2,8,Undirected,0.1673538156258511
2,11,Undirected,0.27179226881560103
2,12,Undirected,0.38453295742169996
2,13,Undirected,0.30676432874678083
3,4,Undirected,0.7411273702230987
3,5,Undirected,0.33007825057670975
3,6,Undirected,0.1836335923368785
3,11,Undirected,0.18338618821701907
3,12,Undirected,0.2100113790478712
4,5,Undirected,0.7386561799414965
4,6,Undirected,0.34148598490519894
4,7,Undirected,0.2188094457062202
4,11,Undirected,0.19382066501639916
4,12,Undirected,0.3529496211452158
4,13,Undirected,0.29626410772551914
5,6,Undirected,0.7351147210249919
5,7,Undirected,0.24890493327766117
5,12,Undirected,0.18118440047126994
6,7,Undirected,0.7753574723034065
6,8,Undirected,0.26369074398150955
6,11,Undirected,0.3124465931226356
6,12,Undirected,0.3836682594971822
6,13,Undirected,0.3245078094022302
7,8,Undirected,0.756706328927802
7,9,Undirected,0.20925665588994835
7,11,Undirected,0.30053766834783113
7,12,Undirected,0.24790003579336684
7,13,Undirected,0.1909969454543335
8,9,Undirected,0.7497434450913507
8,10,Undirected,0.2982353412559775
8,11,Undirected,0.34772152790731414
8,12,Undirected,0.20467961081094588
8,13,Undirected,0.2456438852868806
9,10,Undirected,0.742556757701764
9,11,Undirected,0.314708455079562
10,11,Undirected,0.7624483069248248
11,12,Undirected,0.38842326955343454
11,13,Undirected,0.3062804482878857
12,13,Undirected,0.37608286350293374
