Source,Target,Type,Weight
0,1,Undirected,0.7570098653219315
0,2,Undirected,0.3236771004708412
0,3,Undirected,0.20616617303097556
0,12,Undirected,0.38360113348937225
0,13,Undirected,0.35847820706197037
1,2,Undirected,0.7345417017032899
1,3,Undirected,0.20680034907972134
1,12,Undirected,0.19197273434125903
2,3,Undirected,0.7369296489638623
2,4,Undirected,0.22051589197628485
2,5,Undirected,0.2083848916899406
2,12,Undirected,0.39382008308682237
2,13,Undirected,0.28775978231733845
3,4,Undirected,0.7427002759337044
3,5,Undirected,0.24319311566363253
3,12,Undirected,0.37790737381340367
3,13,Undirected,0.2780331238469571
4,5,Undirected,0.7376516712693275
4,6,Undirected,0.20486209882370593
4,8,Undirected,0.17005195817625074
4,12,Undirected,0.20801075983392087
4,13,Undirected,0.21783126623294
5,6,Undirected,0.7359102008990999
5,7,Undirected,0.2804778182466953
5,8,Undirected,0.19931163113388883
6,7,Undirected,0.7457901428589591
6,8,Undirected,0.2831315126834939
6,9,Undirected,0.17223006659490522
7,8,Undirected,0.758140928798121
7,9,Undirected,0.20784272411418292
7,11,Undirected,0.2819655432693639
8,9,Undirected,0.7403331222283648
8,10,Undirected,0.3023341038425797
8,11,Undirected,0.2978583308359739
9,10,Undirected,0.7485009428304688
9,11,Undirected,0.29883550945908993
10,11,Undirected,0.7796596086314369
12,13,Undirected,0.36019970140114743
