Source,Target,Type,Weight
0,1,Undirected,0.7480823530104208
0,2,Undirected,0.3400684271215805
0,3,Undirected,0.32508337117559655
0,4,Undirected,0.2298042258120366
0,5,Undirected,0.18125187655991068
0,6,Undirected,0.19885570958512716
0,11,Undirected,0.34578061571034424
0,12,Undirected,0.38083155998602086
0,13,Undirected,0.1958849397162723
1,2,Undirected,0.7457522848787724
1,3,Undirected,0.25061187527388146
1,8,Undirected,0.25184084475971835
1,10,Undirected,0.21905093165625805
1,11,Undirected,0.35473254098559615
1,12,Undirected,0.21820028918546855
1,13,Undirected,0.17171938419030272
2,3,Undirected,0.7517720657518081
2,4,Undirected,0.33877063602928853
2,5,Undirected,0.20132304871434262
2,6,Undirected,0.21277403959319172
2,8,Undirected,0.26700485679353336
2,11,Undirected,0.29562903205002466
2,12,Undirected,0.3996735759254241
2,13,Undirected,0.3789697684639049
3,4,Undirected,0.7562322889225408
3,5,Undirected,0.302337459981394
3,6,Undirected,0.1691097232091393
3,11,Undirected,0.1896789394305974
3,12,Undirected,0.22399693070611917
4,5,Undirected,0.7584503490625933
4,6,Undirected,0.3425844300372658
4,7,Undirected,0.20257654437964245
4,8,Undirected,0.17128162456972387
4,11,Undirected,0.20844508158438188
4,12,Undirected,0.3710883167763911
4,13,Undirected,0.37647771829031185
5,6,Undirected,0.7662890156302311
5,7,Undirected,0.20988636232847888
5,12,Undirected,0.2239850883950704
5,13,Undirected,0.18275316821092213
6,7,Undirected,0.7234022553716356
6,8,Undirected,0.24435350694108246
6,11,Undirected,0.2929542349108947
6,12,Undirected,0.38398764883478176
6,13,Undirected,0.3311242352977956
7,8,Undirected,0.7316629577381007
7,9,Undirected,0.2224584898889496
7,11,Undirected,0.29067466285153215
7,12,Undirected,0.2132889415309273
7,13,Undirected,0.23275596944713864
8,9,Undirected,0.7549139192329449
8,10,Undirected,0.3111929027637922
8,11,Undirected,0.33088443479859914
8,12,Undirected,0.2072111977233517
8,13,Undirected,0.2884371361272343
9,10,Undirected,0.7693692179967254
9,11,Undirected,0.3216300384670478
10,11,Undirected,0.7611238701922379
11,12,Undirected,0.3898318333083161
11,13,Undirected,0.32341489033336385
12,13,Undirected,0.3631587045230589
