Source,Target,Type,Weight
0,1,Undirected,0.7347789888411559
0,2,Undirected,0.28434108695298477
0,3,Undirected,0.27718297825996163
0,4,Undirected,0.17442589387207316
1,2,Undirected,0.7329568857217101
1,3,Undirected,0.2706881705968248
2,3,Undirected,0.7441998448720158
2,4,Undirected,0.23933493220761629
2,6,Undirected,0.23652878951264278
2,7,Undirected,0.32309002658559344
2,8,Undirected,0.21027246408431627
2,11,Undirected,0.2970642560641442
2,12,Undirected,0.3942202514518078
2,13,Undirected,0.20560767271827074
3,4,Undirected,0.7559079185617813
3,5,Undirected,0.21773969149446024
3,6,Undirected,0.3002994041558024
3,7,Undirected,0.26348146485076557
3,11,Undirected,0.19032740384375407
3,12,Undirected,0.35641610408159485
3,13,Undirected,0.19382872623736855
4,5,Undirected,0.7391809872602737
4,6,Undirected,0.3123764809623537
4,7,Undirected,0.20246723734410815
4,11,Undirected,0.2123679087854297
4,12,Undirected,0.39948560194040306
4,13,Undirected,0.2787234461064745
5,6,Undirected,0.742495501580521
5,7,Undirected,0.24708695345841286
5,12,Undirected,0.18890099296892465
5,13,Undirected,0.18406629768305677
6,7,Undirected,0.7485872421530086
6,8,Undirected,0.23732693053501744
6,9,Undirected,0.25810777513931515
6,11,Undirected,0.21454780345367258
6,12,Undirected,0.37750669589296365
6,13,Undirected,0.33895195312361104
7,8,Undirected,0.7692771437346285
7,9,Undirected,0.30637383035439125
7,10,Undirected,0.1711453806868153
7,11,Undirected,0.3154008059658619
7,12,Undirected,0.35860742497833464
7,13,Undirected,0.31808137272574843
8,9,Undirected,0.75094476739632
8,10,Undirected,0.27089931342916684
8,11,Undirected,0.23477228123568814
8,12,Undirected,0.199564017057157
8,13,Undirected,0.20834864126196279
9,10,Undirected,0.7343236588447198
9,11,Undirected,0.2731331539624131
9,12,Undirected,0.19135866116678896
9,13,Undirected,0.366435699607757
10,11,Undirected,0.7374897380483539
10,12,Undirected,0.1757263057960759
10,13,Undirected,0.2477723079635006
11,12,Undirected,0.3802089565443777
11,13,Undirected,0.3309209571238315
12,13,Undirected,0.37034773343571165
