Source,Target,Type,Weight
0,1,Undirected,0.7378123777438158
0,2,Undirected,0.3440285879010946
0,3,Undirected,0.21975883818140474
0,12,Undirected,0.37708977916223807
0,13,Undirected,0.20586897060900894
1,2,Undirected,0.7554331092563656
1,3,Undirected,0.24089373944515063
1,12,Undirected,0.17084435146579857
2,3,Undirected,0.7494254196183353
2,4,Undirected,0.2217246261324502
2,5,Undirected,0.2425898902756498
2,12,Undirected,0.3915014317142273
2,13,Undirected,0.28043245514325255
3,4,Undirected,0.7436223360229035
3,5,Undirected,0.2530130133608213
3,12,Undirected,0.3739209653985923
3,13,Undirected,0.28175270260457264
4,5,Undirected,0.7563406333668288
4,6,Undirected,0.24668211895991676
4,8,Undirected,0.2405946030407944
4,12,Undirected,0.20537468811653234
4,13,Undirected,0.21394454126963464
5,6,Undirected,0.7691396730861518
5,7,Undirected,0.29008307988636817
5,8,Undirected,0.2901648977391608
5,12,Undirected,0.17746175646311269
5,13,Undirected,0.22718527018842227
6,7,Undirected,0.7528808304208584
6,8,Undirected,0.27075953454425644
6,9,Undirected,0.17871027233488543
7,8,Undirected,0.7319598243563357
7,9,Undirected,0.20388601721346028
7,11,Undirected,0.32856013044944143
7,13,Undirected,0.1938577521858489
8,9,Undirected,0.7490055948126997
8,10,Undirected,0.24687743865034106
8,11,Undirected,0.2669858382362592
8,13,Undirected,0.2280455466487346
9,10,Undirected,0.7259155929005963
9,11,Undirected,0.29230534425623994
10,11,Undirected,0.7374884413131688
12,13,Undirected,0.39108776150932895
