Source,Target,Type,Weight
0,1,Undirected,0.7663548208656679
0,2,Undirected,0.2279151847457218
0,8,Undirected,0.1854088915730119
0,12,Undirected,0.18889685835140574
0,13,Undirected,0.21760704593126626
1,2,Undirected,0.7393619754517533
1,3,Undirected,0.24593492121271254
1,4,Undirected,0.17146556951917982
1,8,Undirected,0.1849909879664013
1,12,Undirected,0.18437985863301168
2,3,Undirected,0.7659281978836786
2,4,Undirected,0.23629873702577903
2,8,Undirected,0.2822385561199843
2,11,Undirected,0.2766496032272129
2,12,Undirected,0.37852208038850843
2,13,Undirected,0.19462542379236114
3,4,Undirected,0.7241436314379519
3,5,Undirected,0.2387264021484502
3,8,Undirected,0.18602099853659895
4,5,Undirected,0.7398287316552221
4,6,Undirected,0.2342538533473868
4,7,Undirected,0.2871701026788071
4,8,Undirected,0.2921751700731214
4,9,Undirected,0.34902509311862107
5,6,Undirected,0.7483352131053009
5,7,Undirected,0.2752428954057652
5,8,Undirected,0.1716479852385247
6,7,Undirected,0.7289169451174359
6,8,Undirected,0.22051431525225976
6,9,Undirected,0.16937942165763994
7,8,Undirected,0.751157928820498
7,9,Undirected,0.25666671623389886
8,9,Undirected,0.7458341716839525
8,10,Undirected,0.2995290650321592
8,11,Undirected,0.3373277583653674
8,12,Undirected,0.38272346866503065
8,13,Undirected,0.31279662347318543
9,10,Undirected,0.7459973358406797
9,11,Undirected,0.3184185477735168
10,11,Undirected,0.7621810426749561
11,12,Undirected,0.38667721577919584
11,13,Undirected,0.33690633799072184
12,13,Undirected,0.3765413938832169
