Source,Target,Type,Weight
0,1,Undirected,0.7585788113765191
0,2,Undirected,0.3346482658034846
0,3,Undirected,0.3493922731093242
0,4,Undirected,0.29660394709234994
0,5,Undirected,0.2376449988362245
0,6,Undirected,0.2618104534822636
0,7,Undirected,0.31173664339860774
0,8,Undirected,0.23679396308359496
0,12,Undirected,0.38121573374347256
0,13,Undirected,0.1972215129846894
1,2,Undirected,0.7711943563108324
1,3,Undirected,0.2604052416508421
1,7,Undirected,0.21863673767171565
1,8,Undirected,0.259630854463436
1,12,Undirected,0.20073355762430245
2,3,Undirected,0.7574456896265273
2,4,Undirected,0.34110429268237935
2,5,Undirected,0.19491504708525534
2,6,Undirected,0.20580228122703048
2,7,Undirected,0.2119805299331304
2,8,Undirected,0.16961581607440232
2,12,Undirected,0.3916294479143975
2,13,Undirected,0.29777886133470516
3,4,Undirected,0.7567720687988386
3,5,Undirected,0.2098936935970349
3,12,Undirected,0.21587810986833214
4,5,Undirected,0.7405565795687056
4,6,Undirected,0.3043551708183876
4,7,Undirected,0.207611041334966
4,12,Undirected,0.34272347194733066
4,13,Undirected,0.3400960016398672
5,6,Undirected,0.7571422820679498
5,7,Undirected,0.253976419931986
5,12,Undirected,0.20411849538683782
5,13,Undirected,0.22405776489251136
6,7,Undirected,0.7373499114286138
6,8,Undirected,0.22819333810796277
6,12,Undirected,0.3838379512262798
6,13,Undirected,0.31114950206334885
7,8,Undirected,0.7500803184087289
7,9,Undirected,0.2437041555345014
7,12,Undirected,0.397997517297973
7,13,Undirected,0.21433129598795173
8,9,Undirected,0.7384547993750175
8,10,Undirected,0.2603404750875513
8,12,Undirected,0.21502767370659515
9,10,Undirected,0.7717007629790054
9,11,Undirected,0.28005893230763784
10,11,Undirected,0.7239355281511373
12,13,Undirected,0.3832968173774218
