Source,Target,Type,Weight
0,1,Undirected,0.7517966575076843
0,2,Undirected,0.30727206940358304
0,3,Undirected,0.30796605805069854
0,4,Undirected,0.32802029542992295
0,5,Undirected,0.35260062785936575
0,6,Undirected,0.3103048898183058
0,7,Undirected,0.26020257976439415
0,11,Undirected,0.33339035161627756
0,12,Undirected,0.3882881381664945
0,13,Undirected,0.19923231292995244
1,2,Undirected,0.7361294454919771
1,3,Undirected,0.2693060427215301
1,6,Undirected,0.1753506905950195
1,7,Undirected,0.18213623984449107
1,10,Undirected,0.16828825295109018
1,11,Undirected,0.35311022605161807
1,12,Undirected,0.220934636426626
1,13,Undirected,0.17429800271625867
2,3,Undirected,0.7245981872537663
2,4,Undirected,0.3127918647793027
2,5,Undirected,0.1686226250718122
2,6,Undirected,0.1992815172424934
2,8,Undirected,0.1682192328908694
2,11,Undirected,0.28327714802596343
2,12,Undirected,0.39246132140776546
2,13,Undirected,0.37466822514016657
3,4,Undirected,0.7662906956233155
3,5,Undirected,0.2894189903611279
3,6,Undirected,0.17361451050506901
3,11,Undirected,0.18939742118472913
3,12,Undirected,0.20602735161162228
4,5,Undirected,0.7576412763541924
4,6,Undirected,0.32042098768836835
4,7,Undirected,0.1961304774491082
4,8,Undirected,0.1744507487279411
4,11,Undirected,0.20646565766064487
4,12,Undirected,0.3988489942012282
4,13,Undirected,0.2643275437570914
5,6,Undirected,0.7363113981748911
5,7,Undirected,0.20817943945718043
5,12,Undirected,0.18678854931127495
6,7,Undirected,0.7387369060492162
6,8,Undirected,0.23587143115668388
6,11,Undirected,0.29687060614333227
6,12,Undirected,0.37856994511494685
6,13,Undirected,0.20246342575532356
7,8,Undirected,0.760417223779065
7,9,Undirected,0.2145463328689088
7,11,Undirected,0.2883028530496815
7,12,Undirected,0.21487155874379843
7,13,Undirected,0.16970624093367434
8,9,Undirected,0.7569682640505208
8,10,Undirected,0.2927219345270228
8,11,Undirected,0.36372027480829977
8,12,Undirected,0.2063889327650914
8,13,Undirected,0.2904661567741507
9,10,Undirected,0.7293846180733591
9,11,Undirected,0.29516385086171537
10,11,Undirected,0.7389399376456709
11,12,Undirected,0.404694814299647
11,13,Undirected,0.3284666262469511
12,13,Undirected,0.3684897828369654
