Source,Target,Type,Weight
0,1,Undirected,0.7321344816456855
0,2,Undirected,0.2879104958421777
0,8,Undirected,0.17752218993514518
0,12,Undirected,0.21951714543301878
0,13,Undirected,0.17514358937826527
1,2,Undirected,0.7592755833928378
1,3,Undirected,0.3344892072446674
1,4,Undirected,0.21077540026332453
2,3,Undirected,0.7454806953334229
2,4,Undirected,0.3329616827302022
2,8,Undirected,0.24529723144180807
2,11,Undirected,0.29831634888391967
2,12,Undirected,0.3797425217240618
2,13,Undirected,0.200548681313469
3,4,Undirected,0.7579894639149343
3,5,Undirected,0.21934150649813564
4,5,Undirected,0.7430869926327397
4,6,Undirected,0.22720865310786884
4,7,Undirected,0.2538416795136712
4,8,Undirected,0.16976377427539113
5,6,Undirected,0.7457931265759605
5,7,Undirected,0.2814402846997631
5,8,Undirected,0.17081202647793617
6,7,Undirected,0.7551960301966492
6,8,Undirected,0.21301585944044374
7,8,Undirected,0.7786644329491161
7,9,Undirected,0.2583877685607261
8,9,Undirected,0.7456445664735106
8,10,Undirected,0.3303367331765726
8,11,Undirected,0.3487091794987166
8,12,Undirected,0.4034070711345362
8,13,Undirected,0.33542482825918096
9,10,Undirected,0.7478929367398689
9,11,Undirected,0.3036134182482037
10,11,Undirected,0.7286701994359904
11,12,Undirected,0.3841020740008667
11,13,Undirected,0.27809899102602337
12,13,Undirected,0.3749080116254177
