Source,Target,Type,Weight
0,1,Undirected,0.7318991546078123
0,2,Undirected,0.33155882378981105
0,3,Undirected,0.31386696028636
0,4,Undirected,0.3001909516952331
0,5,Undirected,0.1774858918675545
0,6,Undirected,0.3297388066741719
0,7,Undirected,0.3215218271357479
0,8,Undirected,0.24674425899374702
0,9,Undirected,0.1891054993339857
0,12,Undirected,0.38571213908319724
0,13,Undirected,0.20508710191464322
1,2,Undirected,0.7341230914773769
1,3,Undirected,0.2615452901377135
1,7,Undirected,0.17070113195869055
1,9,Undirected,0.20073761178800506
1,10,Undirected,0.17130493368194125
1,12,Undirected,0.1814840180158943
2,3,Undirected,0.7661980270095371
2,4,Undirected,0.3382490677857163
2,5,Undirected,0.18381941879408126
2,6,Undirected,0.19769565973999578
2,7,Undirected,0.16812330906825232
2,12,Undirected,0.3827102682646506
2,13,Undirected,0.20512559682136078
3,4,Undirected,0.723461087807218
3,5,Undirected,0.22482074873283509
3,6,Undirected,0.1947956094747216
3,7,Undirected,0.1892955313696466
3,12,Undirected,0.2272055269020231
4,5,Undirected,0.7413098370111437
4,6,Undirected,0.33872790160514216
4,7,Undirected,0.20409896788102427
4,12,Undirected,0.40170392869381366
4,13,Undirected,0.2891910043984322
5,6,Undirected,0.7288215068430667
5,7,Undirected,0.23714859714777392
5,12,Undirected,0.20986542166883054
5,13,Undirected,0.21530516807883068
6,7,Undirected,0.7312724185483203
6,8,Undirected,0.2170521037365549
6,9,Undirected,0.18115799685048076
6,12,Undirected,0.3818362534619041
6,13,Undirected,0.34207092376269665
7,8,Undirected,0.7336699854343653
7,9,Undirected,0.31195507577489634
7,10,Undirected,0.17498218181375202
7,12,Undirected,0.25936723063922834
7,13,Undirected,0.21681060903444394
8,9,Undirected,0.7339654007818598
8,10,Undirected,0.3021685687354132
8,11,Undirected,0.2010005787093612
9,10,Undirected,0.7614089146643009
9,11,Undirected,0.2507011532493093
9,12,Undirected,0.18071334632904473
9,13,Undirected,0.18870293903546223
10,11,Undirected,0.7535845674766845
12,13,Undirected,0.3769290489234441
