Source,Target,Type,Weight
0,1,Undirected,0.7572074825596741
0,2,Undirected,0.2785123260660874
0,3,Undirected,0.1743117946837343
0,4,Undirected,0.17487168458936775
0,5,Undirected,0.31324685737740715
0,6,Undirected,0.24403669105576678
1,2,Undirected,0.7564670176149895
1,3,Undirected,0.2280794006807954
1,6,Undirected,0.17518636950016694
2,3,Undirected,0.7652116293520765
2,4,Undirected,0.342997406689224
2,5,Undirected,0.33517605536445
2,6,Undirected,0.25844973563198487
2,12,Undirected,0.39402067641325883
2,13,Undirected,0.20444962046976328
3,4,Undirected,0.7713110021820047
3,5,Undirected,0.292540513471128
3,6,Undirected,0.17344890683003372
3,12,Undirected,0.21764742572476684
4,5,Undirected,0.7846575215355948
4,6,Undirected,0.316669596063374
4,7,Undirected,0.23534352108764142
4,8,Undirected,0.3812109869876872
4,9,Undirected,0.16802045390596407
4,10,Undirected,0.18267739306808267
4,12,Undirected,0.3732406724181075
4,13,Undirected,0.26778169163578686
5,6,Undirected,0.7531368777341093
5,7,Undirected,0.219521672137737
5,8,Undirected,0.23429441825348574
6,7,Undirected,0.7590797015733565
6,8,Undirected,0.3027553139848164
6,12,Undirected,0.1983633982966577
7,8,Undirected,0.7669433697989022
7,9,Undirected,0.29798578624145744
7,10,Undirected,0.2844331215927209
7,11,Undirected,0.1810688104857231
8,9,Undirected,0.7482916895064335
8,10,Undirected,0.3226042753890161
9,10,Undirected,0.7420462485637607
9,11,Undirected,0.2273845483610362
10,11,Undirected,0.7572060472078517
12,13,Undirected,0.3852024646027899
