Source,Target,Type,Weight
0,1,Undirected,0.7382128588274636
0,2,Undirected,0.2964006956502075
0,6,Undirected,0.27627032323524536
1,2,Undirected,0.7605271155228399
1,3,Undirected,0.2741010232820637
2,3,Undirected,0.7552602159142178
2,4,Undirected,0.33551205716058347
2,5,Undirected,0.2764233750495437
2,6,Undirected,0.23022060385440618
2,12,Undirected,0.3681972930945275
2,13,Undirected,0.2817483116646699
3,4,Undirected,0.7239150367605338
3,5,Undirected,0.29140270776448557
3,12,Undirected,0.1975270129458882
3,13,Undirected,0.24853426371876067
4,5,Undirected,0.7701666342420758
4,6,Undirected,0.2229135075369492
4,8,Undirected,0.2844154350576222
4,12,Undirected,0.38648078724318835
4,13,Undirected,0.30541909944159107
5,6,Undirected,0.7524529416867017
5,7,Undirected,0.2619703954935364
5,8,Undirected,0.372114447862196
5,9,Undirected,0.17759493590490003
6,7,Undirected,0.7565760434590227
6,8,Undirected,0.2953916814745019
6,9,Undirected,0.17058091810456283
7,8,Undirected,0.7466434631776936
7,9,Undirected,0.2952294200626441
7,10,Undirected,0.2225141941989014
7,11,Undirected,0.17214940993232564
8,9,Undirected,0.7310779105411301
8,10,Undirected,0.3281210408208846
9,10,Undirected,0.7499742963778724
9,11,Undirected,0.21258850369828527
10,11,Undirected,0.7681180493926008
12,13,Undirected,0.38434771692102426
