Source,Target,Type,Weight
0,1,Undirected,0.7435823249428437
0,2,Undirected,0.3344013095717789
0,3,Undirected,0.35301099329874797
0,4,Undirected,0.23693090852068102
0,5,Undirected,0.18274870910945437
0,6,Undirected,0.21235769420359182
0,8,Undirected,0.20130461275716072
0,11,Undirected,0.32037142671206026
0,12,Undirected,0.3947854820208201
0,13,Undirected,0.329428674318482
1,2,Undirected,0.7212003521829989
1,3,Undirected,0.249886862003578
1,8,Undirected,0.16736686440116613
1,11,Undirected,0.35273872432212044
1,12,Undirected,0.23005480546036147
1,13,Undirected,0.18015876704393605
2,3,Undirected,0.7659281279500316
2,4,Undirected,0.32780336162444884
2,5,Undirected,0.18402191325395253
2,6,Undirected,0.20101764877966113
2,8,Undirected,0.28355002425954967
2,11,Undirected,0.2869454679618914
2,12,Undirected,0.39234982645344363
2,13,Undirected,0.2213596471506418
3,4,Undirected,0.7503536594845279
3,5,Undirected,0.32937158038683356
3,6,Undirected,0.18022002952747448
3,11,Undirected,0.18117818624147738
3,12,Undirected,0.221589072614981
3,13,Undirected,0.22355035120018224
4,5,Undirected,0.7405771739723471
4,6,Undirected,0.37756837484619077
4,7,Undirected,0.19889678611969874
4,8,Undirected,0.3595682236396829
4,11,Undirected,0.20875735861148292
4,12,Undirected,0.3964191409877701
4,13,Undirected,0.28184092892445295
5,6,Undirected,0.7645629433138813
5,7,Undirected,0.2062027222096093
5,12,Undirected,0.2007557518528595
5,13,Undirected,0.2857644305347073
6,7,Undirected,0.7294406852836791
6,8,Undirected,0.2897322505749497
6,11,Undirected,0.2966680173961891
6,12,Undirected,0.37048699343948127
6,13,Undirected,0.3601925250096246
7,8,Undirected,0.7331966104088892
7,9,Undirected,0.22595019608405084
7,11,Undirected,0.2778743635157397
7,12,Undirected,0.20865554282575938
7,13,Undirected,0.21324194454830098
8,9,Undirected,0.7467478807401526
8,10,Undirected,0.29911724731666206
8,11,Undirected,0.3456072416361117
8,12,Undirected,0.382002171079577
8,13,Undirected,0.1978712409194109
9,10,Undirected,0.7408007132648469
9,11,Undirected,0.31423244698086383
10,11,Undirected,0.7461460365599291
11,12,Undirected,0.3922505365933219
11,13,Undirected,0.2294622383628022
12,13,Undirected,0.3637347211486871
