Source,Target,Type,Weight
0,1,Undirected,0.7597595030076615
0,2,Undirected,0.3285530012598319
0,3,Undirected,0.32181808360709674
0,4,Undirected,0.33509218681417535
0,5,Undirected,0.24634300536417947
0,6,Undirected,0.3060727019575849
0,7,Undirected,0.3167316269325912
0,8,Undirected,0.3100421158064558
0,12,Undirected,0.3749289237593402
0,13,Undirected,0.19777493391476395
1,2,Undirected,0.7496792556228125
1,3,Undirected,0.268550421361183
1,7,Undirected,0.20277627691449668
1,8,Undirected,0.33678414367515996
1,10,Undirected,0.17824603990144056
1,12,Undirected,0.18540025340618438
2,3,Undirected,0.7299852516769821
2,4,Undirected,0.349674032215533
2,5,Undirected,0.1922177877748632
2,6,Undirected,0.197281234542955
2,7,Undirected,0.22603557910763483
2,8,Undirected,0.2259940485003898
2,12,Undirected,0.3847060614788005
2,13,Undirected,0.3016528500640121
3,4,Undirected,0.7563203121569678
3,5,Undirected,0.25078040326081774
3,12,Undirected,0.2094819627826378
4,5,Undirected,0.7339666851574134
4,6,Undirected,0.3362641674284975
4,7,Undirected,0.2148017043592265
4,12,Undirected,0.3996404068719066
4,13,Undirected,0.3445881036992064
5,6,Undirected,0.7755665071267805
5,7,Undirected,0.25592697396220254
5,12,Undirected,0.21388104669897462
5,13,Undirected,0.20454084834312464
6,7,Undirected,0.7167402949734754
6,8,Undirected,0.23492008087296562
6,12,Undirected,0.3955772127446608
6,13,Undirected,0.2604557583314652
7,8,Undirected,0.7557362376198377
7,9,Undirected,0.24392644493262383
7,12,Undirected,0.36601922727020847
7,13,Undirected,0.19743053881262376
8,9,Undirected,0.7471835457667076
8,10,Undirected,0.253213385456656
8,12,Undirected,0.23214698255702934
9,10,Undirected,0.7450030773111139
9,11,Undirected,0.2673329322142792
10,11,Undirected,0.7460813335139405
12,13,Undirected,0.3734626057822495
