Source,Target,Type,Weight
0,1,Undirected,0.7711965541743321
0,2,Undirected,0.3400221946898609
0,3,Undirected,0.35236815148749656
0,4,Undirected,0.22384083241834218
0,5,Undirected,0.17414083875494588
0,6,Undirected,0.20877510657261417
0,11,Undirected,0.3472034680082727
0,12,Undirected,0.386181629214797
0,13,Undirected,0.2976482665622442
1,2,Undirected,0.7728971222080332
1,3,Undirected,0.2580354943500844
1,10,Undirected,0.22954022168234986
1,11,Undirected,0.3662441658625276
1,12,Undirected,0.21367840012634334
1,13,Undirected,0.20200057580921277
2,3,Undirected,0.7459990607211495
2,4,Undirected,0.3252846092202739
2,5,Undirected,0.18432833977732604
2,6,Undirected,0.21319160897169698
2,8,Undirected,0.17603948102252304
2,11,Undirected,0.3041576806213243
2,12,Undirected,0.39256200396895036
2,13,Undirected,0.19986417464175252
3,4,Undirected,0.7546811716646576
3,5,Undirected,0.3121635451706389
3,6,Undirected,0.17620191326116943
3,11,Undirected,0.19181142562632592
3,12,Undirected,0.23033163154354722
4,5,Undirected,0.7285114891604427
4,6,Undirected,0.3562758703875005
4,7,Undirected,0.20803601648930492
4,11,Undirected,0.20598598846758515
4,12,Undirected,0.37051828164062156
4,13,Undirected,0.20339958196025937
5,6,Undirected,0.7577924651908671
5,7,Undirected,0.21051177656251255
5,12,Undirected,0.2090118125472348
6,7,Undirected,0.7533943848704081
6,8,Undirected,0.22544385409024087
6,11,Undirected,0.26300243996404266
6,12,Undirected,0.3958126547063281
6,13,Undirected,0.3206801044879575
7,8,Undirected,0.7592112630982281
7,9,Undirected,0.21280789457020996
7,11,Undirected,0.2808262092963744
7,12,Undirected,0.2301957125451412
7,13,Undirected,0.27214354018679604
8,9,Undirected,0.7410466445687992
8,10,Undirected,0.3221931513184073
8,11,Undirected,0.3364332843960253
8,12,Undirected,0.19699266511476127
8,13,Undirected,0.20211366464978853
9,10,Undirected,0.7465806671871942
9,11,Undirected,0.2980058360575137
10,11,Undirected,0.759980797108441
11,12,Undirected,0.3764751838796286
11,13,Undirected,0.3289830040120625
12,13,Undirected,0.38007162661946897
