Source,Target,Type,Weight
0,1,Undirected,0.7369313321668735
0,2,Undirected,0.3232438568659102
0,3,Undirected,0.32081142734063695
0,4,Undirected,0.3640384227985061
0,5,Undirected,0.34851452503921126
0,6,Undirected,0.3027385531762797
0,7,Undirected,0.2158634219849761
0,11,Undirected,0.3262422656279837
0,12,Undirected,0.4076137586592209
0,13,Undirected,0.20146564520004223
1,2,Undirected,0.7388781703926164
1,3,Undirected,0.2769446307372129
1,6,Undirected,0.17487537384510984
1,11,Undirected,0.3329468022277401
1,12,Undirected,0.21617433789424348
2,3,Undirected,0.7635369624135485
2,4,Undirected,0.27566649243230706
2,6,Undirected,0.19578278778590663
2,11,Undirected,0.2797653343180217
2,12,Undirected,0.391063804791816
2,13,Undirected,0.2102372190148138
3,4,Undirected,0.7564694052036598
3,5,Undirected,0.2712336674232076
3,11,Undirected,0.17842213437981916
3,12,Undirected,0.20388938698978604
4,5,Undirected,0.7553875317322163
4,6,Undirected,0.3226043002020784
4,7,Undirected,0.19582563985148585
4,11,Undirected,0.20134021226267915
4,12,Undirected,0.3786902582446062
4,13,Undirected,0.3115599143710597
5,6,Undirected,0.7631580407765053
5,7,Undirected,0.21687318626184676
5,12,Undirected,0.19223870264689016
5,13,Undirected,0.16988855000951453
6,7,Undirected,0.7493428093137596
6,8,Undirected,0.2512396797183828
6,11,Undirected,0.3075803904359845
6,12,Undirected,0.37495278789017095
6,13,Undirected,0.31642109471953045
7,8,Undirected,0.746726011118183
7,9,Undirected,0.2564760398175569
7,11,Undirected,0.2842828850249221
7,12,Undirected,0.21434564465785014
7,13,Undirected,0.2469182491385862
8,9,Undirected,0.7578799618883034
8,10,Undirected,0.34760619950586147
8,11,Undirected,0.35950985061879814
8,12,Undirected,0.20835863940641663
8,13,Undirected,0.26375503222149843
9,10,Undirected,0.7513269973746661
9,11,Undirected,0.3057818173758969
10,11,Undirected,0.754163421158055
11,12,Undirected,0.38381280223982556
11,13,Undirected,0.303992104025893
12,13,Undirected,0.36541414958068413
