Source,Target,Type,Weight
0,1,Undirected,0.7333351225366801
0,2,Undirected,0.2738245867386193
0,3,Undirected,0.24980265591135925
1,2,Undirected,0.7343223732195199
1,3,Undirected,0.267404583520452
2,3,Undirected,0.7525400872588983
2,4,Undirected,0.26388255724307635
2,6,Undirected,0.21230463719898862
2,7,Undirected,0.346766545389848
2,8,Undirected,0.35425155087841514
2,9,Undirected,0.1710196730947571
2,10,Undirected,0.17989248064473184
2,11,Undirected,0.34657717459761866
2,12,Undirected,0.39329242163367867
2,13,Undirected,0.22287138713089136
3,4,Undirected,0.7450857261674451
3,5,Undirected,0.21197808727951759
3,6,Undirected,0.30123751236930624
3,7,Undirected,0.2853126729506185
3,8,Undirected,0.17246427834522937
3,11,Undirected,0.18729742175250524
3,12,Undirected,0.3537104053738496
3,13,Undirected,0.20199874687018549
4,5,Undirected,0.7670761984856921
4,6,Undirected,0.3062460540091559
4,7,Undirected,0.23081887765659106
4,11,Undirected,0.20297679660401943
4,12,Undirected,0.3803355560585221
4,13,Undirected,0.3361579831213477
5,6,Undirected,0.7507573928984107
5,7,Undirected,0.2796922035014072
5,12,Undirected,0.16943734960697343
6,7,Undirected,0.7615423910425575
6,8,Undirected,0.2414790110418264
6,9,Undirected,0.2506384572833131
6,10,Undirected,0.19141081358942005
6,11,Undirected,0.18977148807254554
6,12,Undirected,0.3648738110055851
6,13,Undirected,0.22521777259335954
7,8,Undirected,0.7299071889516001
7,9,Undirected,0.26964462013433294
7,10,Undirected,0.20855569291410544
7,11,Undirected,0.25600917220361835
7,12,Undirected,0.39751458608832013
7,13,Undirected,0.20834414965436948
8,9,Undirected,0.7561662338196166
8,10,Undirected,0.3573916120627372
8,11,Undirected,0.2140700484016394
8,12,Undirected,0.2147298066476226
9,10,Undirected,0.7549612061944091
9,11,Undirected,0.2283291642963491
9,12,Undirected,0.17152936669273636
10,11,Undirected,0.7673050045003184
10,12,Undirected,0.20933830731151634
10,13,Undirected,0.2296447848678888
11,12,Undirected,0.3521976920211592
11,13,Undirected,0.34737919571394626
12,13,Undirected,0.38239286003749073
