Source,Target,Type,Weight
0,1,Undirected,0.7403354090581786
0,2,Undirected,0.3359545608333248
0,3,Undirected,0.34897450615657405
0,4,Undirected,0.2312171205136022
0,5,Undirected,0.1748452227526764
0,6,Undirected,0.20048734875033353
0,8,Undirected,0.1904005321023171
0,11,Undirected,0.3195475157248037
0,12,Undirected,0.36199319339866864
0,13,Undirected,0.3562531140160066
1,2,Undirected,0.7367078571382151
1,3,Undirected,0.23856202458842218
1,11,Undirected,0.34447903129727364
1,12,Undirected,0.21386449194038132
1,13,Undirected,0.17553001073610042
2,3,Undirected,0.7358317049953281
2,4,Undirected,0.3226862041027723
2,5,Undirected,0.18095847368750761
2,6,Undirected,0.2064907641219304
2,8,Undirected,0.2893461953595104
2,11,Undirected,0.2959293472973075
2,12,Undirected,0.4010887325854855
2,13,Undirected,0.2542889815730847
3,4,Undirected,0.7432533032414943
3,5,Undirected,0.30225721637244846
3,6,Undirected,0.170700451130953
3,11,Undirected,0.18392511063210049
3,12,Undirected,0.22162038091848385
3,13,Undirected,0.2933207509669827
4,5,Undirected,0.740009319136676
4,6,Undirected,0.3486180258695058
4,7,Undirected,0.20215344811963687
4,8,Undirected,0.3461495388019621
4,11,Undirected,0.20486079804348184
4,12,Undirected,0.38523678312943166
4,13,Undirected,0.33501456816365416
5,6,Undirected,0.7647445147141568
5,7,Undirected,0.21609425931616122
5,12,Undirected,0.20217496343375987
5,13,Undirected,0.3219566174560608
6,7,Undirected,0.7349374156959619
6,8,Undirected,0.3084393372697067
6,11,Undirected,0.28840865520817005
6,12,Undirected,0.3746687271655337
6,13,Undirected,0.2876532127554323
7,8,Undirected,0.7512212281093272
7,9,Undirected,0.21905283073143825
7,11,Undirected,0.272156325021682
7,12,Undirected,0.2127823727908307
7,13,Undirected,0.18087555189134938
8,9,Undirected,0.7519432307873516
8,10,Undirected,0.29281618417515143
8,11,Undirected,0.33310725403233876
8,12,Undirected,0.37519565742056205
8,13,Undirected,0.1960000018692017
9,10,Undirected,0.7312341715794899
9,11,Undirected,0.296956949956327
10,11,Undirected,0.7498063721592796
11,12,Undirected,0.38183837390519604
11,13,Undirected,0.20859149674786956
12,13,Undirected,0.37041834810336416
