Source,Target,Type,Weight
0,1,Undirected,0.7533733420903194
0,2,Undirected,0.32196479784279264
0,3,Undirected,0.19694623053266103
0,5,Undirected,0.16668200634029245
0,12,Undirected,0.3764588293032839
0,13,Undirected,0.26078741645801246
1,2,Undirected,0.7532658460363649
1,3,Undirected,0.21404254085701443
1,12,Undirected,0.17877105639558033
2,3,Undirected,0.771194994398945
2,4,Undirected,0.21688298754362811
2,5,Undirected,0.18314741477385116
2,6,Undirected,0.22734434437103898
2,12,Undirected,0.4032356885980923
2,13,Undirected,0.30399622416799205
3,4,Undirected,0.7514345465356702
3,5,Undirected,0.28064758651201344
3,6,Undirected,0.21716048197641685
3,12,Undirected,0.3349336689347981
3,13,Undirected,0.24755052521291107
4,5,Undirected,0.733907351699868
4,6,Undirected,0.267658279138162
4,12,Undirected,0.1967220250037428
4,13,Undirected,0.1939306958389299
5,6,Undirected,0.7220450952823007
5,7,Undirected,0.24634277386996534
5,12,Undirected,0.2233545939708855
5,13,Undirected,0.16913814673513644
6,7,Undirected,0.742004831704131
6,8,Undirected,0.2638716667541142
6,11,Undirected,0.17759613906709082
6,12,Undirected,0.1810721561255543
7,8,Undirected,0.7450870497570693
7,9,Undirected,0.24140643300939021
8,9,Undirected,0.7614083617781826
8,10,Undirected,0.27096679747371816
8,11,Undirected,0.2595468284395429
9,10,Undirected,0.7395036745502847
9,11,Undirected,0.24077246423949947
10,11,Undirected,0.7498477261541482
12,13,Undirected,0.36406237427673455
