Source,Target,Type,Weight
0,1,Undirected,0.7457291476554928
0,2,Undirected,0.3467873317533633
0,3,Undirected,0.3154888217940791
0,4,Undirected,0.29843041532611586
0,5,Undirected,0.18982133558459421
0,6,Undirected,0.27745476918713036
0,7,Undirected,0.32425676058041
0,8,Undirected,0.21254571377954495
0,12,Undirected,0.38595281429294825
0,13,Undirected,0.295921601275602
1,2,Undirected,0.7526248220967121
1,3,Undirected,0.2636209694338745
1,6,Undirected,0.1821083404437564
1,7,Undirected,0.18345911808837032
1,8,Undirected,0.17140761962395715
1,12,Undirected,0.18937564926668082
1,13,Undirected,0.26166345506477356
2,3,Undirected,0.746081798008636
2,4,Undirected,0.35708369413000873
2,5,Undirected,0.20967165119804618
2,6,Undirected,0.20474181653455903
2,7,Undirected,0.19919081391332
2,12,Undirected,0.38527928289235036
2,13,Undirected,0.2664664183892974
3,4,Undirected,0.7239160987858111
3,5,Undirected,0.20799908276771667
3,6,Undirected,0.16757474354612317
3,12,Undirected,0.20830671332716702
4,5,Undirected,0.7733358949534179
4,6,Undirected,0.35812186975588856
4,7,Undirected,0.22045413835064742
4,12,Undirected,0.37232542540911107
4,13,Undirected,0.18323158470377918
5,6,Undirected,0.7227430885377963
5,7,Undirected,0.2510858796938028
5,12,Undirected,0.20718585437125034
6,7,Undirected,0.7585561747088321
6,8,Undirected,0.2783678895316637
6,9,Undirected,0.3033674236511941
6,10,Undirected,0.19026926275414802
6,12,Undirected,0.36501517827445096
6,13,Undirected,0.2498645622534077
7,8,Undirected,0.7472254096659446
7,9,Undirected,0.23635767329103924
7,12,Undirected,0.3827529458616309
7,13,Undirected,0.3459277139357114
8,9,Undirected,0.7389379848873998
8,10,Undirected,0.2427693378040402
8,12,Undirected,0.21410313673583253
8,13,Undirected,0.2761734562288568
9,10,Undirected,0.72477066360352
9,11,Undirected,0.20833061390691326
9,13,Undirected,0.19363603182565783
10,11,Undirected,0.7578577092474796
12,13,Undirected,0.35741411818080027
