Source,Target,Type,Weight
0,1,Undirected,0.7189610959505232
0,2,Undirected,0.3583007150118314
0,3,Undirected,0.3498920493587321
0,4,Undirected,0.24860771396228856
0,5,Undirected,0.1990806501083188
0,6,Undirected,0.17174365648910161
1,2,Undirected,0.7391810523948682
1,3,Undirected,0.26713804558545295
1,4,Undirected,0.16777959599169434
1,11,Undirected,0.1735941034928294
2,3,Undirected,0.7538429228509194
2,4,Undirected,0.21783461495354808
2,11,Undirected,0.2773622605039044
2,12,Undirected,0.38305227060745367
2,13,Undirected,0.24895321395841347
3,4,Undirected,0.749994277997757
3,5,Undirected,0.20665853428524045
4,5,Undirected,0.729672847038324
4,6,Undirected,0.2033285091961912
5,6,Undirected,0.7498073104489446
5,7,Undirected,0.20933274906745375
6,7,Undirected,0.7758217167353554
6,8,Undirected,0.22960068579611578
7,8,Undirected,0.7219701505742595
7,9,Undirected,0.21938388665255124
8,9,Undirected,0.7376915007442775
8,10,Undirected,0.3046218401950833
8,11,Undirected,0.3165618053070148
9,10,Undirected,0.7329603440225247
9,11,Undirected,0.3202844078233838
9,12,Undirected,0.19698746557313515
9,13,Undirected,0.18648464049709984
10,11,Undirected,0.7506919548353882
11,12,Undirected,0.3921847379757198
11,13,Undirected,0.20178636788925397
12,13,Undirected,0.39450472364943656
