Source,Target,Type,Weight
0,1,Undirected,0.7575303699077429
0,2,Undirected,0.30192182274428053
0,3,Undirected,0.3221299278409067
0,4,Undirected,0.36187722845946896
0,5,Undirected,0.322792517790012
0,6,Undirected,0.26940069498286245
0,7,Undirected,0.21109825242038263
0,8,Undirected,0.20466470943182188
0,11,Undirected,0.33890292936672733
0,12,Undirected,0.4033661029311069
0,13,Undirected,0.19374807259122637
1,2,Undirected,0.7367880932150318
1,3,Undirected,0.2671953446910942
1,8,Undirected,0.1667833349636674
1,11,Undirected,0.35774332352553095
1,12,Undirected,0.21658850629414078
2,3,Undirected,0.7515203791229726
2,4,Undirected,0.3184293052769417
2,6,Undirected,0.1950945963457905
2,8,Undirected,0.2894612945697712
2,11,Undirected,0.3012636714340785
2,12,Undirected,0.4035183402340487
2,13,Undirected,0.24170511347330545
3,4,Undirected,0.7266051695579351
3,5,Undirected,0.284498756510388
3,11,Undirected,0.1761783329797981
3,12,Undirected,0.18516858567589495
4,5,Undirected,0.7701666342420758
4,6,Undirected,0.3034666782430017
4,7,Undirected,0.18299129733084174
4,8,Undirected,0.2178587604662276
4,11,Undirected,0.20034975072737357
4,12,Undirected,0.3732727264474995
4,13,Undirected,0.3496773264112134
5,6,Undirected,0.748753685032831
5,7,Undirected,0.2123520174713452
5,12,Undirected,0.19065214033562344
5,13,Undirected,0.17267339058780037
6,7,Undirected,0.7481450015397935
6,8,Undirected,0.24463096122267888
6,11,Undirected,0.2911251037847546
6,12,Undirected,0.3592327912428922
6,13,Undirected,0.34250758133026377
7,8,Undirected,0.7527952272580425
7,9,Undirected,0.22344762040737612
7,11,Undirected,0.299346182256781
7,12,Undirected,0.21663654256196652
7,13,Undirected,0.22613789961477393
8,9,Undirected,0.7342408737708396
8,10,Undirected,0.2999813615935251
8,11,Undirected,0.34055425450452664
8,12,Undirected,0.38512405026376884
8,13,Undirected,0.3988155068084207
9,10,Undirected,0.7170164703533298
9,11,Undirected,0.2984396310489058
10,11,Undirected,0.7392822202733894
11,12,Undirected,0.3879859613653563
11,13,Undirected,0.2195077479467517
12,13,Undirected,0.34236354446779305
