Source,Target,Type,Weight
0,1,Undirected,0.7530523655737815
0,2,Undirected,0.2314306886633115
0,12,Undirected,0.21156918073074352
0,13,Undirected,0.3010928649106295
1,2,Undirected,0.7579712456238872
1,3,Undirected,0.2251881478656245
1,8,Undirected,0.18942077212679811
1,12,Undirected,0.1893904768871411
1,13,Undirected,0.2126842077347143
2,3,Undirected,0.7512856819160875
2,4,Undirected,0.23100292835848352
2,8,Undirected,0.30048295875027636
2,11,Undirected,0.25708786894936464
2,12,Undirected,0.39255531713390995
2,13,Undirected,0.3767147857830205
3,4,Undirected,0.7317839736269794
3,5,Undirected,0.22276580077916702
4,5,Undirected,0.7487745373697817
4,6,Undirected,0.2216591246018722
4,7,Undirected,0.25512338707283616
4,8,Undirected,0.17652319129451058
5,6,Undirected,0.7594934325057736
5,7,Undirected,0.29022979080750966
5,8,Undirected,0.17564797637961402
6,7,Undirected,0.7596272699102006
6,8,Undirected,0.21882058721888237
6,9,Undirected,0.1848871485503324
7,8,Undirected,0.7529882166064774
7,9,Undirected,0.2667880122782287
8,9,Undirected,0.7434181071047116
8,10,Undirected,0.2753702752702195
8,11,Undirected,0.2972165778707329
8,12,Undirected,0.37289762417239886
8,13,Undirected,0.19641806986450572
9,10,Undirected,0.7277010451573088
9,11,Undirected,0.3280787694918558
10,11,Undirected,0.7528149541218209
11,12,Undirected,0.3776467004723303
11,13,Undirected,0.2320855810268019
12,13,Undirected,0.3686299490740448
