Source,Target,Type,Weight
0,1,Undirected,0.7622048657819807
0,2,Undirected,0.319119494893431
0,3,Undirected,0.323502870282129
0,4,Undirected,0.30483134287951713
0,5,Undirected,0.33203542277775233
0,6,Undirected,0.29491084339653606
0,7,Undirected,0.22687635431688338
0,11,Undirected,0.30917238546210807
0,12,Undirected,0.3650389407570989
0,13,Undirected,0.18327349047160532
1,2,Undirected,0.7324289172851872
1,3,Undirected,0.24851874248913358
1,6,Undirected,0.17769813621977115
1,10,Undirected,0.17343117770503255
1,11,Undirected,0.3702384139620433
1,12,Undirected,0.22253636566409823
2,3,Undirected,0.7521771924985716
2,4,Undirected,0.3130217303727435
2,6,Undirected,0.20089800744121333
2,11,Undirected,0.3047702312365537
2,12,Undirected,0.3866308787093917
2,13,Undirected,0.21258175872553448
3,4,Undirected,0.7495098562605403
3,5,Undirected,0.30738394257364315
3,6,Undirected,0.1808974884156797
3,11,Undirected,0.1787547366145676
3,12,Undirected,0.19499361133049273
4,5,Undirected,0.7424941871822467
4,6,Undirected,0.3508405761800028
4,7,Undirected,0.19801201657930662
4,8,Undirected,0.1695819110213137
4,11,Undirected,0.1973631298375519
4,12,Undirected,0.3714750511560415
4,13,Undirected,0.3205853951146449
5,6,Undirected,0.7537574394232035
5,7,Undirected,0.21215981142716955
5,12,Undirected,0.18147801878096456
6,7,Undirected,0.7431493339293689
6,8,Undirected,0.22866890216024657
6,11,Undirected,0.3203467376073025
6,12,Undirected,0.3970474833993359
6,13,Undirected,0.3686624797707391
7,8,Undirected,0.7510305553633151
7,9,Undirected,0.21302644038404148
7,11,Undirected,0.2942271747575029
7,12,Undirected,0.22291343645423894
7,13,Undirected,0.25629559091100185
8,9,Undirected,0.7333527527759254
8,10,Undirected,0.3021199445937487
8,11,Undirected,0.3314329866024331
8,12,Undirected,0.21179932655321632
8,13,Undirected,0.3152252769200649
9,10,Undirected,0.7391013362420636
9,11,Undirected,0.292665377097196
10,11,Undirected,0.7217445403957072
11,12,Undirected,0.391985496279445
11,13,Undirected,0.27801176473239564
12,13,Undirected,0.35490002808363896
