Source,Target,Type,Weight
0,1,Undirected,0.7480834204161319
0,2,Undirected,0.3162563511533208
0,3,Undirected,0.18907508324290484
0,4,Undirected,0.18798518421974728
0,5,Undirected,0.30253898657939404
0,6,Undirected,0.2334302419740378
1,2,Undirected,0.7501853640929965
1,3,Undirected,0.2153621241114774
1,13,Undirected,0.17871819172455838
2,3,Undirected,0.7414948842947863
2,4,Undirected,0.3497058981454091
2,5,Undirected,0.3194756165760028
2,11,Undirected,0.2989114326333892
2,12,Undirected,0.38534257218746726
2,13,Undirected,0.34336451551372826
3,4,Undirected,0.7552836083373017
3,5,Undirected,0.29274585903514777
3,12,Undirected,0.22235129042402296
3,13,Undirected,0.2653761991759002
4,5,Undirected,0.7673036709819339
4,6,Undirected,0.2906078793509036
4,7,Undirected,0.24037283170078103
4,8,Undirected,0.2067836692773883
4,10,Undirected,0.19771457759791278
4,11,Undirected,0.3175081789901731
4,12,Undirected,0.3617731325893859
4,13,Undirected,0.1976481480853175
5,6,Undirected,0.7594948765425895
5,7,Undirected,0.37342566505504604
5,8,Undirected,0.1843255531673
6,7,Undirected,0.7534364062861932
6,8,Undirected,0.3521933742398876
6,9,Undirected,0.19332966061257736
7,8,Undirected,0.7445904383693692
7,9,Undirected,0.2991747042939443
7,10,Undirected,0.2971244840811546
7,11,Undirected,0.1908414222725191
8,9,Undirected,0.7495080481394463
8,10,Undirected,0.3158408298677322
9,10,Undirected,0.7288420869716321
9,11,Undirected,0.21370736034492335
10,11,Undirected,0.7489852645954933
11,12,Undirected,0.3898138991947776
11,13,Undirected,0.20441653932579013
12,13,Undirected,0.38191048299251157
