Source,Target,Type,Weight
0,1,Undirected,0.7413122609003799
0,2,Undirected,0.2887777359552415
0,3,Undirected,0.306198701837884
0,4,Undirected,0.3419909590145308
0,5,Undirected,0.3671486200755515
0,6,Undirected,0.33324117030519945
0,7,Undirected,0.24618311761687597
0,11,Undirected,0.30967327333854683
0,12,Undirected,0.3967513771307287
0,13,Undirected,0.1921328359801981
1,2,Undirected,0.7736371535831431
1,3,Undirected,0.3236314214846368
1,6,Undirected,0.18677146484921012
1,10,Undirected,0.2046808094075686
1,11,Undirected,0.32795848287111923
1,12,Undirected,0.2144292117920361
2,3,Undirected,0.761693481091885
2,4,Undirected,0.3107452574405278
2,6,Undirected,0.2055448793876167
2,8,Undirected,0.20990106739517844
2,11,Undirected,0.3024961552452955
2,12,Undirected,0.3928528811712724
2,13,Undirected,0.348773754955883
3,4,Undirected,0.7582468051858225
3,5,Undirected,0.2582238234413914
3,6,Undirected,0.16925475037096951
3,11,Undirected,0.19899241416571478
3,12,Undirected,0.2167932615159067
4,5,Undirected,0.7467494761426473
4,6,Undirected,0.31966633947827133
4,7,Undirected,0.18945610885718547
4,8,Undirected,0.19625780248369315
4,11,Undirected,0.20056377575783368
4,12,Undirected,0.40494659417676093
4,13,Undirected,0.38396325351675326
5,6,Undirected,0.7234447410379731
5,7,Undirected,0.21246896779783417
5,12,Undirected,0.19212574245216762
6,7,Undirected,0.7334522673293955
6,8,Undirected,0.3571542371269237
6,11,Undirected,0.296977134913646
6,12,Undirected,0.3689507761742982
6,13,Undirected,0.3040001020508155
7,8,Undirected,0.7654780199719802
7,9,Undirected,0.22944835510473005
7,11,Undirected,0.2989329068277129
7,12,Undirected,0.23047536026611437
8,9,Undirected,0.7577276430317279
8,10,Undirected,0.3185734775889093
8,11,Undirected,0.3372287641879683
8,12,Undirected,0.2446697192358878
8,13,Undirected,0.35882705763718814
9,10,Undirected,0.7422713325379654
9,11,Undirected,0.2947224957377601
10,11,Undirected,0.7256826138598101
11,12,Undirected,0.38905338410634543
11,13,Undirected,0.25010875125768334
12,13,Undirected,0.34809408648108525
