Source,Target,Type,Weight
0,1,Undirected,0.7462291383670794
0,2,Undirected,0.2626969771368731
0,8,Undirected,0.16893173445437232
0,12,Undirected,0.19209429433362904
0,13,Undirected,0.3212478156119105
1,2,Undirected,0.7346982245203963
1,3,Undirected,0.2516459143831135
1,4,Undirected,0.17177641950183697
1,8,Undirected,0.18586439334740554
1,12,Undirected,0.18840814205573153
1,13,Undirected,0.3237465552320297
2,3,Undirected,0.7490047254058221
2,4,Undirected,0.21285936699583213
2,8,Undirected,0.2226930139670538
2,11,Undirected,0.20658241893335938
2,12,Undirected,0.3903720420804335
2,13,Undirected,0.32537055538527976
3,4,Undirected,0.7579672733308558
3,5,Undirected,0.25242494543225813
3,13,Undirected,0.175914348587813
4,5,Undirected,0.7627167295535039
4,6,Undirected,0.21717345775562683
4,7,Undirected,0.23868733076422555
4,8,Undirected,0.17954276844813777
5,6,Undirected,0.7604192227806102
5,7,Undirected,0.3004954663507084
5,8,Undirected,0.19747091705268946
6,7,Undirected,0.7705778896918886
6,8,Undirected,0.2201405732393547
7,8,Undirected,0.7594748668072879
7,9,Undirected,0.2626554393883841
8,9,Undirected,0.7462274788048238
8,10,Undirected,0.2940296606334667
8,11,Undirected,0.32187639261499934
8,12,Undirected,0.3775711959083395
8,13,Undirected,0.32664761490149685
9,10,Undirected,0.7463102667696787
9,11,Undirected,0.33165341519744995
10,11,Undirected,0.7557779078560158
11,12,Undirected,0.37580941231305753
11,13,Undirected,0.20408629587351265
12,13,Undirected,0.37838087996136716
