Source,Target,Type,Weight
0,1,Undirected,0.7559741329232071
0,2,Undirected,0.20935705288962173
0,3,Undirected,0.1692330473580133
1,2,Undirected,0.7619398483551676
1,3,Undirected,0.21304689119863157
1,11,Undirected,0.18390061142302186
1,12,Undirected,0.17551833159027333
1,13,Undirected,0.19645608419364463
2,3,Undirected,0.7358115027562424
2,4,Undirected,0.3318742684894533
2,5,Undirected,0.3163767247184176
2,6,Undirected,0.19911387928231153
2,8,Undirected,0.24101990114647973
2,11,Undirected,0.2140345892385044
2,12,Undirected,0.38901939251892204
2,13,Undirected,0.3650100322619722
3,4,Undirected,0.7338262653146044
3,5,Undirected,0.2733720923487498
3,13,Undirected,0.19880398257894255
4,5,Undirected,0.730040839465229
4,6,Undirected,0.3044861261594807
4,7,Undirected,0.18555816220660354
4,8,Undirected,0.3240422210163156
4,11,Undirected,0.19773072121413893
4,12,Undirected,0.3789044132479737
4,13,Undirected,0.2958764903239387
5,6,Undirected,0.7308011763756805
5,7,Undirected,0.2122143207266048
5,12,Undirected,0.20411313140672419
5,13,Undirected,0.3014827289296708
6,7,Undirected,0.7531583806544623
6,8,Undirected,0.36590341408331173
6,11,Undirected,0.30947135808162324
6,12,Undirected,0.3690214759507641
6,13,Undirected,0.2866274478851141
7,8,Undirected,0.7353334918200517
7,9,Undirected,0.2785301368483936
7,10,Undirected,0.17503658433476854
7,11,Undirected,0.2858846667800398
7,12,Undirected,0.20719897563982992
7,13,Undirected,0.19308880566610578
8,9,Undirected,0.7422931390556377
8,10,Undirected,0.21763936211900825
8,11,Undirected,0.3610669279520527
8,12,Undirected,0.3798708405957762
8,13,Undirected,0.18594440230877088
9,10,Undirected,0.7376903979159031
9,11,Undirected,0.31673014403003175
10,11,Undirected,0.7551107834120631
11,12,Undirected,0.3692125137597396
11,13,Undirected,0.30252801030338317
12,13,Undirected,0.35181043002897905
