Source,Target,Type,Weight
0,1,Undirected,0.761672317960072
0,2,Undirected,0.29480960433289505
1,2,Undirected,0.7579015310796161
1,3,Undirected,0.21141216315118191
2,3,Undirected,0.7400702309975729
2,4,Undirected,0.3516209944603168
2,5,Undirected,0.3230209278361631
2,6,Undirected,0.33440490884220014
2,7,Undirected,0.1913007958247819
2,12,Undirected,0.39880132471551333
2,13,Undirected,0.20165818904647495
3,4,Undirected,0.7396653847493427
3,5,Undirected,0.27393550233510805
3,6,Undirected,0.17161854344306332
3,12,Undirected,0.1975801809315122
4,5,Undirected,0.7193887456923846
4,6,Undirected,0.3565843059696677
4,7,Undirected,0.3235072867550028
4,8,Undirected,0.2946609810726709
4,9,Undirected,0.20739704032151035
4,10,Undirected,0.252292209956868
4,12,Undirected,0.3619292207842077
4,13,Undirected,0.3286004148965066
5,6,Undirected,0.7285514133463585
5,7,Undirected,0.21527652456982205
5,8,Undirected,0.17282068067788922
5,12,Undirected,0.1821925391437971
6,7,Undirected,0.7363898671741314
6,8,Undirected,0.2828370859803556
6,12,Undirected,0.3903744400524557
6,13,Undirected,0.2426475429059895
7,8,Undirected,0.738555443418542
7,9,Undirected,0.30358135618651283
7,10,Undirected,0.29123171393203195
7,11,Undirected,0.17598619602904225
7,12,Undirected,0.23423815457391403
7,13,Undirected,0.3051215974933248
8,9,Undirected,0.7239164736190059
8,10,Undirected,0.3332181904560643
8,12,Undirected,0.1830411927171469
8,13,Undirected,0.19126080802883313
9,10,Undirected,0.7574459631995348
9,11,Undirected,0.27260907033460696
10,11,Undirected,0.762470968576984
10,13,Undirected,0.2796962694662896
11,13,Undirected,0.22521777259335954
12,13,Undirected,0.38457519623924824
