Source,Target,Type,Weight
0,1,Undirected,0.7508182726327153
0,2,Undirected,0.2631456639699014
0,3,Undirected,0.3326793123761615
0,4,Undirected,0.1762211462989141
0,8,Undirected,0.238347991941535
0,9,Undirected,0.28172970846782924
0,11,Undirected,0.24035886404341872
0,12,Undirected,0.3630771579992246
0,13,Undirected,0.19872224320588805
1,2,Undirected,0.7408626715207259
1,3,Undirected,0.3062809403297123
1,8,Undirected,0.29633374680929125
2,3,Undirected,0.7314873771764925
2,4,Undirected,0.30762047723777125
2,5,Undirected,0.3536984742567241
2,6,Undirected,0.20644187822308263
2,7,Undirected,0.18968640245154392
2,8,Undirected,0.36918550764081154
3,4,Undirected,0.733846166093533
3,5,Undirected,0.27442602239020564
3,6,Undirected,0.17148093596456676
3,8,Undirected,0.2450268528564415
4,5,Undirected,0.7557162892803451
4,6,Undirected,0.3470923892310185
4,7,Undirected,0.2457558336706323
4,8,Undirected,0.22326482995947883
5,6,Undirected,0.7518593906149869
5,7,Undirected,0.2951945542311707
5,8,Undirected,0.212400408443626
6,7,Undirected,0.7470617079186186
6,8,Undirected,0.23941416847850594
7,8,Undirected,0.7361506988185936
7,9,Undirected,0.2136684727153318
8,9,Undirected,0.7441171943989459
8,10,Undirected,0.21572326552344023
9,10,Undirected,0.7672137744584254
9,11,Undirected,0.2894832504942565
9,12,Undirected,0.18918675348479386
10,11,Undirected,0.7653261231724464
11,12,Undirected,0.37600862336671326
11,13,Undirected,0.29435945281182385
12,13,Undirected,0.38352817420170837
