Source,Target,Type,Weight
0,1,Undirected,0.7459979329137859
0,2,Undirected,0.2614247551424144
0,3,Undirected,0.16967661027371214
0,8,Undirected,0.17461521866577165
0,9,Undirected,0.3112467549274938
0,10,Undirected,0.3630314337854077
0,11,Undirected,0.33538735871612085
1,2,Undirected,0.7569893715133457
1,3,Undirected,0.28353079905545253
1,7,Undirected,0.2104326279584989
1,9,Undirected,0.3000164446307708
1,10,Undirected,0.19889757839595845
1,11,Undirected,0.23712534903350438
1,12,Undirected,0.18536929702574112
1,13,Undirected,0.18927140843370896
2,3,Undirected,0.7560150799116172
2,4,Undirected,0.20228820864829858
2,5,Undirected,0.25498176927378685
2,6,Undirected,0.2615319009316134
2,7,Undirected,0.2862019576869407
2,8,Undirected,0.29254177851533325
2,9,Undirected,0.3193554512704537
2,10,Undirected,0.227973829153337
2,11,Undirected,0.3035560453465676
2,12,Undirected,0.4125960760766511
2,13,Undirected,0.3499283341314747
3,4,Undirected,0.7589054785150233
3,5,Undirected,0.29182186408334676
3,6,Undirected,0.2026980175985573
3,7,Undirected,0.27559903785190787
3,8,Undirected,0.1987439948741602
3,9,Undirected,0.18801978502567265
3,13,Undirected,0.22871798193967802
4,5,Undirected,0.7658180682169554
4,6,Undirected,0.22216016830829402
4,7,Undirected,0.2148252921903913
4,12,Undirected,0.1880742653864673
4,13,Undirected,0.3348510711304173
5,6,Undirected,0.7397065408492465
5,7,Undirected,0.300363855054652
5,8,Undirected,0.17741344530635017
5,12,Undirected,0.18895995222371814
5,13,Undirected,0.3535002372932239
6,7,Undirected,0.7353339430283727
6,8,Undirected,0.33829192703134864
6,9,Undirected,0.22036648167171324
6,12,Undirected,0.18556381030010669
6,13,Undirected,0.24959068071905946
7,8,Undirected,0.7363899318177628
7,9,Undirected,0.26333215468192483
8,9,Undirected,0.7272006650092293
8,10,Undirected,0.23064029441513717
9,10,Undirected,0.7413102955835672
9,11,Undirected,0.2653174789480399
10,11,Undirected,0.7570118464489125
11,12,Undirected,0.40513735662688194
11,13,Undirected,0.20395387028151374
12,13,Undirected,0.3827907419907253
