Source,Target,Type,Weight
0,1,Undirected,0.7515186286155365
0,2,Undirected,0.3161693604193094
0,3,Undirected,0.31012553776336577
0,4,Undirected,0.3516901916153375
0,5,Undirected,0.3403863015237229
0,6,Undirected,0.275463341205646
0,7,Undirected,0.2303078543672517
0,11,Undirected,0.3332942107876672
0,12,Undirected,0.3757885365208356
0,13,Undirected,0.1905795461082288
1,2,Undirected,0.7617401686294947
1,3,Undirected,0.27945613276468956
1,6,Undirected,0.17564607861908133
1,10,Undirected,0.1973796619565335
1,11,Undirected,0.3534185032100697
1,12,Undirected,0.21671997984453922
2,3,Undirected,0.7808445206243251
2,4,Undirected,0.2775144500180034
2,6,Undirected,0.19600993082388396
2,11,Undirected,0.30410164524176686
2,12,Undirected,0.38343189640592934
2,13,Undirected,0.21861640750981018
3,4,Undirected,0.7726666063659503
3,5,Undirected,0.2550947747677614
3,11,Undirected,0.18490964507680469
3,12,Undirected,0.20166228064566102
4,5,Undirected,0.7350949446343974
4,6,Undirected,0.3242516718739793
4,7,Undirected,0.19241368825534905
4,11,Undirected,0.20071211747229786
4,12,Undirected,0.3735348791189277
4,13,Undirected,0.3867585820248673
5,6,Undirected,0.7605062929419651
5,7,Undirected,0.21858986091729793
5,12,Undirected,0.18987636657842327
5,13,Undirected,0.1669556134855648
6,7,Undirected,0.7759411304276561
6,8,Undirected,0.25433443852253196
6,11,Undirected,0.3385708180857008
6,12,Undirected,0.3875678645070765
6,13,Undirected,0.307395611978179
7,8,Undirected,0.7209377355360963
7,9,Undirected,0.2317459170312505
7,11,Undirected,0.29296673748394875
7,12,Undirected,0.21316287502435644
7,13,Undirected,0.219837531188565
8,9,Undirected,0.7662866356526379
8,10,Undirected,0.3279660478873918
8,11,Undirected,0.3474108461690294
8,12,Undirected,0.21213071119530988
8,13,Undirected,0.2299380440280252
9,10,Undirected,0.7353319448242975
9,11,Undirected,0.29302302250692436
10,11,Undirected,0.734302832270708
11,12,Undirected,0.3900213110647368
11,13,Undirected,0.2532189805082607
12,13,Undirected,0.3652822075171615
