Source,Target,Type,Weight
0,1,Undirected,0.7321937205060918
0,2,Undirected,0.3542139153415784
0,3,Undirected,0.3435836271413031
0,4,Undirected,0.22392154409034115
0,5,Undirected,0.18516588804624062
0,6,Undirected,0.19809715824388122
0,8,Undirected,0.19775904415657308
0,11,Undirected,0.31479412387864597
0,12,Undirected,0.36192719077357927
0,13,Undirected,0.3875211705284624
1,2,Undirected,0.7595620647073172
1,3,Undirected,0.23741242159986262
1,11,Undirected,0.3290825859748326
1,12,Undirected,0.20848895138354256
1,13,Undirected,0.18144041481349718
2,3,Undirected,0.7347771867343614
2,4,Undirected,0.3396531173466673
2,5,Undirected,0.21165034022571777
2,6,Undirected,0.20328975958196496
2,8,Undirected,0.3290416153344559
2,11,Undirected,0.28541372770468937
2,12,Undirected,0.37962480328868464
2,13,Undirected,0.3448152149660989
3,4,Undirected,0.7458298614037727
3,5,Undirected,0.2894503677940864
3,11,Undirected,0.17553609332185052
3,12,Undirected,0.20882922114636443
3,13,Undirected,0.30708660437277496
4,5,Undirected,0.757988915983633
4,6,Undirected,0.34586986356777416
4,7,Undirected,0.20199713198347
4,8,Undirected,0.35007641195181416
4,11,Undirected,0.1979239592946075
4,12,Undirected,0.3596007777582206
4,13,Undirected,0.347872821473726
5,6,Undirected,0.7609459465466053
5,7,Undirected,0.21746885635123248
5,12,Undirected,0.2096506904825385
5,13,Undirected,0.3280879055413113
6,7,Undirected,0.752049136053382
6,8,Undirected,0.31632592572928053
6,11,Undirected,0.29029192017786115
6,12,Undirected,0.3788451029645145
6,13,Undirected,0.24752630322241254
7,8,Undirected,0.7381531616632726
7,9,Undirected,0.22556812803854925
7,11,Undirected,0.26604667188572567
7,12,Undirected,0.21220905964807826
8,9,Undirected,0.7408218446416314
8,10,Undirected,0.30340104265752527
8,11,Undirected,0.351190532509103
8,12,Undirected,0.39617380889635717
8,13,Undirected,0.199759620009872
9,10,Undirected,0.7556260923603975
9,11,Undirected,0.31621169358669043
10,11,Undirected,0.7427807045793255
11,12,Undirected,0.38311063102443244
11,13,Undirected,0.2028447666167829
12,13,Undirected,0.3606352429451222
