Source,Target,Type,Weight
0,1,Undirected,0.7523691227776875
0,2,Undirected,0.2182708952433924
0,3,Undirected,0.21863213342494991
0,4,Undirected,0.17662276936220472
1,2,Undirected,0.7422901175941952
1,3,Undirected,0.2226106332871868
1,12,Undirected,0.17638612455709013
2,3,Undirected,0.7588839207970056
2,4,Undirected,0.26214862036943404
2,5,Undirected,0.18095731822226332
2,8,Undirected,0.20766249774231674
2,11,Undirected,0.20184937218518978
2,12,Undirected,0.39378092796378006
2,13,Undirected,0.3636841324425308
3,4,Undirected,0.7523476649002248
3,5,Undirected,0.2104531328650781
4,5,Undirected,0.7356520537306291
4,6,Undirected,0.23241926149449937
5,6,Undirected,0.7358715318273389
5,7,Undirected,0.21760636854575913
6,7,Undirected,0.745645892049358
6,8,Undirected,0.25270744593648586
6,11,Undirected,0.268474064718299
6,12,Undirected,0.2129185381140724
7,8,Undirected,0.7499108718467675
7,9,Undirected,0.2573919967814218
7,11,Undirected,0.28152153171515604
7,12,Undirected,0.16693986461099541
8,9,Undirected,0.7261262190817125
8,10,Undirected,0.26798000147716944
8,11,Undirected,0.3490428107343939
8,12,Undirected,0.37729897085086445
8,13,Undirected,0.32175947483822287
9,10,Undirected,0.7296746241943542
9,11,Undirected,0.3616903044704579
10,11,Undirected,0.7434175800374412
10,12,Undirected,0.19331919940863546
11,12,Undirected,0.3885526277880961
11,13,Undirected,0.204972985990716
12,13,Undirected,0.3734021943667717
