Source,Target,Type,Weight
0,1,Undirected,0.7583161719633008
0,2,Undirected,0.3271732393247771
0,3,Undirected,0.31384528309538867
0,4,Undirected,0.28265846832318314
0,5,Undirected,0.16668008541476925
0,8,Undirected,0.22299108578792715
0,9,Undirected,0.27635172584100637
1,2,Undirected,0.7544429358078372
1,3,Undirected,0.2875201905913678
2,3,Undirected,0.764808730076458
2,4,Undirected,0.2469218832051128
2,5,Undirected,0.22498171686692378
3,4,Undirected,0.7523265456059978
3,5,Undirected,0.2933005267069095
3,6,Undirected,0.16707861000671773
4,5,Undirected,0.7777213988143111
4,6,Undirected,0.3322956120114335
4,7,Undirected,0.22753555731321357
4,8,Undirected,0.21004278272393626
5,6,Undirected,0.7613205321923671
5,7,Undirected,0.29627712462770256
5,8,Undirected,0.17493401453390262
6,7,Undirected,0.7528595460481867
6,8,Undirected,0.2556675261040544
7,8,Undirected,0.7272967512011275
7,9,Undirected,0.20330032261044675
8,9,Undirected,0.748502211793998
8,10,Undirected,0.2114982785368607
9,10,Undirected,0.757206457307817
9,11,Undirected,0.2843515349870085
9,12,Undirected,0.18840915765648933
9,13,Undirected,0.19249821720284288
10,11,Undirected,0.7647414471491469
11,12,Undirected,0.38502283440352864
11,13,Undirected,0.3069897539897724
12,13,Undirected,0.3844533353400942
