Source,Target,Type,Weight
0,1,Undirected,0.735215809815524
0,2,Undirected,0.36576617445293624
0,3,Undirected,0.349494577810486
0,4,Undirected,0.3388641312299642
0,5,Undirected,0.19887447293075536
0,6,Undirected,0.2544324390100978
0,7,Undirected,0.2630938345160616
0,8,Undirected,0.19268072132522387
0,11,Undirected,0.32316276522524484
0,12,Undirected,0.3860431138590938
0,13,Undirected,0.22770241570735292
1,2,Undirected,0.7347186874257824
1,3,Undirected,0.24620907188255517
1,11,Undirected,0.33830909014356203
1,12,Undirected,0.21821522869577206
2,3,Undirected,0.7441367991201584
2,4,Undirected,0.3067065214871687
2,5,Undirected,0.16973373887341225
2,11,Undirected,0.27778503354504575
2,12,Undirected,0.4016935413432792
2,13,Undirected,0.2142777956755397
3,4,Undirected,0.7386358223151349
3,5,Undirected,0.2910286276753577
3,6,Undirected,0.17104925853440903
3,11,Undirected,0.16979394403391618
3,12,Undirected,0.2066468660041965
4,5,Undirected,0.7359091679495309
4,6,Undirected,0.36045675515665454
4,7,Undirected,0.2035196744231771
4,8,Undirected,0.1678386106627336
4,11,Undirected,0.22210908694998757
4,12,Undirected,0.3832400810465698
4,13,Undirected,0.33190200089007227
5,6,Undirected,0.7301996448151313
5,7,Undirected,0.21663605023319485
6,7,Undirected,0.7505255221469057
6,8,Undirected,0.26235073237711315
6,11,Undirected,0.24088488512679826
6,12,Undirected,0.23640072892268824
6,13,Undirected,0.3375101410664387
7,8,Undirected,0.7793955680989794
7,9,Undirected,0.22138306142243244
7,11,Undirected,0.28875473391947537
7,12,Undirected,0.1964884245131572
7,13,Undirected,0.215149709543296
8,9,Undirected,0.7402319931410847
8,10,Undirected,0.28941216052944374
8,11,Undirected,0.34587009173634076
8,12,Undirected,0.1974820927704946
8,13,Undirected,0.2428313214647561
9,10,Undirected,0.7546386039657936
9,11,Undirected,0.3125167134774427
10,11,Undirected,0.7481439339583408
11,12,Undirected,0.37573272200418545
11,13,Undirected,0.2934201488079394
12,13,Undirected,0.3679455136226909
