Source,Target,Type,Weight
0,1,Undirected,0.7419437978507124
0,2,Undirected,0.2924002634618463
0,3,Undirected,0.25219663947381427
0,4,Undirected,0.16850288286170276
1,2,Undirected,0.750861082507816
1,3,Undirected,0.25285980958636967
2,3,Undirected,0.7512828559432663
2,4,Undirected,0.25796390452287915
2,6,Undirected,0.22760497369274732
2,7,Undirected,0.3103763488164189
2,8,Undirected,0.23413548417204774
2,9,Undirected,0.17499983519331241
2,11,Undirected,0.3197501220321674
2,12,Undirected,0.39634201137213126
2,13,Undirected,0.20908368364192792
3,4,Undirected,0.7529051568918903
3,5,Undirected,0.19721337109424517
3,6,Undirected,0.30379966146973186
3,7,Undirected,0.2848330726853676
3,8,Undirected,0.17041412425108948
3,11,Undirected,0.1984950302226296
3,12,Undirected,0.36651664807855294
3,13,Undirected,0.19643922800951044
4,5,Undirected,0.7332344220393523
4,6,Undirected,0.28509821988982165
4,7,Undirected,0.218749237249471
4,9,Undirected,0.16687222476672206
4,11,Undirected,0.24209608382266598
4,12,Undirected,0.39591031818159506
4,13,Undirected,0.31435038924085235
5,6,Undirected,0.7557132937162148
5,7,Undirected,0.24607932637586744
5,12,Undirected,0.17241143446439752
5,13,Undirected,0.1756600700495322
6,7,Undirected,0.7577266163708032
6,8,Undirected,0.22300220667924547
6,9,Undirected,0.29699633419508426
6,10,Undirected,0.18208263121849166
6,11,Undirected,0.20199989481740707
6,12,Undirected,0.3759398037976669
6,13,Undirected,0.35926183810011714
7,8,Undirected,0.7364730082627722
7,9,Undirected,0.3312762626405433
7,10,Undirected,0.18021166676405584
7,11,Undirected,0.26273842927508306
7,12,Undirected,0.36455325125076854
7,13,Undirected,0.30929782609769724
8,9,Undirected,0.7564028312374612
8,10,Undirected,0.30055789074960754
8,11,Undirected,0.2512006779650866
8,12,Undirected,0.20728601518801168
8,13,Undirected,0.2076368999770596
9,10,Undirected,0.7566870119055007
9,11,Undirected,0.29079999492488867
9,12,Undirected,0.19825517836756965
9,13,Undirected,0.3538148668406201
10,11,Undirected,0.7284574624441311
10,12,Undirected,0.17193338814252268
10,13,Undirected,0.25368260690852146
11,12,Undirected,0.3847345391083116
11,13,Undirected,0.31614824574561184
12,13,Undirected,0.37867326621473535
