Source,Target,Type,Weight
0,1,Undirected,0.7695499028132955
0,2,Undirected,0.2944578608618257
0,3,Undirected,0.3267308214378775
0,4,Undirected,0.33675131754238813
0,5,Undirected,0.3537988997263698
0,6,Undirected,0.30435486162581055
0,7,Undirected,0.27847131259565117
0,11,Undirected,0.2961405459958579
0,12,Undirected,0.4087774551305698
0,13,Undirected,0.21179847094001306
1,2,Undirected,0.744301070498516
1,3,Undirected,0.2865802305676269
1,6,Undirected,0.1736266132671751
1,7,Undirected,0.166916452789786
1,11,Undirected,0.31440456211881024
1,12,Undirected,0.21428048866715138
2,3,Undirected,0.7395632643550436
2,4,Undirected,0.32098421903710184
2,5,Undirected,0.16990834283479098
2,6,Undirected,0.19561600069547314
2,8,Undirected,0.18076214727108159
2,11,Undirected,0.2846694293572136
2,12,Undirected,0.4049904258666809
2,13,Undirected,0.22018790946260616
3,4,Undirected,0.7594336129490523
3,5,Undirected,0.26673814781780575
3,11,Undirected,0.169173157352223
3,12,Undirected,0.2013857833094303
4,5,Undirected,0.7431104269935407
4,6,Undirected,0.38923191938119395
4,7,Undirected,0.2069286777327826
4,8,Undirected,0.16695005784714675
4,11,Undirected,0.19642208036274664
4,12,Undirected,0.3750082367977655
4,13,Undirected,0.3333255981544923
5,6,Undirected,0.7535849736632697
5,7,Undirected,0.2137370690546953
5,12,Undirected,0.19905725646844108
6,7,Undirected,0.7642272808271569
6,8,Undirected,0.26307256394053385
6,11,Undirected,0.33834448603397604
6,12,Undirected,0.37037726468752014
6,13,Undirected,0.33448728665620053
7,8,Undirected,0.7622491918045432
7,9,Undirected,0.23912079251452237
7,11,Undirected,0.2927021808570179
7,12,Undirected,0.2087928783392243
7,13,Undirected,0.22572637832184977
8,9,Undirected,0.7816056097847545
8,10,Undirected,0.302834160567583
8,11,Undirected,0.3655237600239412
8,12,Undirected,0.2149231754016989
8,13,Undirected,0.29728993158219996
9,10,Undirected,0.7234022553716356
9,11,Undirected,0.28858139225269475
10,11,Undirected,0.7618550097372871
11,12,Undirected,0.37594189295341995
11,13,Undirected,0.2752941837456146
12,13,Undirected,0.3717996324290381
