Source,Target,Type,Weight
0,1,Undirected,0.7421262729931443
0,2,Undirected,0.3017378089926601
0,3,Undirected,0.33435071469659033
0,4,Undirected,0.29871645274212366
0,5,Undirected,0.3510801796790871
0,6,Undirected,0.33741269556390774
0,7,Undirected,0.2519827030077008
0,11,Undirected,0.2814557522091232
0,12,Undirected,0.3755820248761627
0,13,Undirected,0.2018765942835426
1,2,Undirected,0.7610568197334227
1,3,Undirected,0.29168893525468736
1,6,Undirected,0.16996850664028632
1,11,Undirected,0.3054835419742493
1,12,Undirected,0.20169903491554453
2,3,Undirected,0.7212747030288419
2,4,Undirected,0.3551059115091779
2,5,Undirected,0.18387694096890775
2,6,Undirected,0.21111476421790618
2,8,Undirected,0.17331386386451325
2,11,Undirected,0.3220415555522113
2,12,Undirected,0.3732073951994095
2,13,Undirected,0.21627702325794368
3,4,Undirected,0.7170170832238539
3,5,Undirected,0.29927247240296306
3,6,Undirected,0.17804055651596915
3,11,Undirected,0.17822672586730506
3,12,Undirected,0.20590521231343709
4,5,Undirected,0.7490064642215956
4,6,Undirected,0.29225658407613897
4,7,Undirected,0.18388198735979686
4,11,Undirected,0.18101545330079377
4,12,Undirected,0.345613620771175
4,13,Undirected,0.24907941126028135
5,6,Undirected,0.7659512067468215
5,7,Undirected,0.20831792832753587
5,12,Undirected,0.1812189230344616
6,7,Undirected,0.7280674300579096
6,8,Undirected,0.23909764680893902
6,11,Undirected,0.24778823380675927
6,12,Undirected,0.393661070746204
6,13,Undirected,0.33231225104632345
7,8,Undirected,0.7442611184134936
7,9,Undirected,0.22526518837389334
7,11,Undirected,0.2574951345603104
7,12,Undirected,0.23226743928479662
7,13,Undirected,0.2895026719767299
8,9,Undirected,0.7460818643650684
8,10,Undirected,0.3174283056808283
8,11,Undirected,0.3527760470145568
8,12,Undirected,0.22131633679520024
8,13,Undirected,0.3155248726388222
9,10,Undirected,0.763003593169921
9,11,Undirected,0.29635914485739684
10,11,Undirected,0.7481252517761113
11,12,Undirected,0.36189134141516005
11,13,Undirected,0.33022918874300844
12,13,Undirected,0.38811912265155907
