Source,Target,Type,Weight
0,1,Undirected,0.7501226417068363
0,2,Undirected,0.3434641077360788
0,3,Undirected,0.20270420872168063
0,4,Undirected,0.28871130445855925
0,5,Undirected,0.19558912733841238
0,11,Undirected,0.22459444738241668
0,12,Undirected,0.37861132830588856
0,13,Undirected,0.3081812744583706
1,2,Undirected,0.7468928907859614
1,3,Undirected,0.26748007708020677
1,4,Undirected,0.23529609761039744
1,5,Undirected,0.27819760122700526
1,6,Undirected,0.17771858585579534
1,7,Undirected,0.27271565179453267
1,11,Undirected,0.24315067976964852
1,12,Undirected,0.2270440904555179
2,3,Undirected,0.7536089394468617
2,4,Undirected,0.24933628092372098
2,5,Undirected,0.1851921646697328
2,12,Undirected,0.20995660810800257
3,4,Undirected,0.7495107938082458
3,5,Undirected,0.27971723530824016
3,6,Undirected,0.18627791734532081
3,12,Undirected,0.18356995539144486
4,5,Undirected,0.7419830421222644
4,6,Undirected,0.22453481193654895
4,11,Undirected,0.2911667561369151
4,12,Undirected,0.3816794059846342
4,13,Undirected,0.19975836419187454
5,6,Undirected,0.759627132334697
5,7,Undirected,0.2935024635905583
5,8,Undirected,0.18002007803738257
5,9,Undirected,0.2041386227589209
5,11,Undirected,0.33546085733869413
5,12,Undirected,0.25560074863531035
5,13,Undirected,0.18149981894606532
6,7,Undirected,0.7468503992039159
6,8,Undirected,0.27695724886357703
6,9,Undirected,0.17326832840734488
6,11,Undirected,0.1905951344779785
7,8,Undirected,0.7610115276543865
7,9,Undirected,0.2317872574879155
7,11,Undirected,0.2820516458712925
8,9,Undirected,0.7409650202059094
8,10,Undirected,0.21336660675131733
8,11,Undirected,0.17249425225336673
9,10,Undirected,0.739705301533719
9,11,Undirected,0.35337464332305135
10,11,Undirected,0.7488594959133964
10,13,Undirected,0.19660904448554883
11,12,Undirected,0.3777409110317118
11,13,Undirected,0.32300107705427733
12,13,Undirected,0.36624128766482394
