Source,Target,Type,Weight
0,1,Undirected,0.7410474301351934
0,2,Undirected,0.3196439756469368
0,3,Undirected,0.3298463691060946
0,4,Undirected,0.34608510320534586
0,5,Undirected,0.3410031530342772
0,6,Undirected,0.30373106643081543
0,7,Undirected,0.27553858502206185
0,11,Undirected,0.2919364626922985
0,12,Undirected,0.3886112361657617
0,13,Undirected,0.20296500999411668
1,2,Undirected,0.7617409295108357
1,3,Undirected,0.27655777647311397
1,6,Undirected,0.18584312963732288
1,10,Undirected,0.19689181339614137
1,11,Undirected,0.3468648223352185
1,12,Undirected,0.23147033272028125
2,3,Undirected,0.7463331744628423
2,4,Undirected,0.3239010614983609
2,6,Undirected,0.20032965547611623
2,8,Undirected,0.16693139998807605
2,11,Undirected,0.3310353275279807
2,12,Undirected,0.3932834235269209
2,13,Undirected,0.2101486104942834
3,4,Undirected,0.7288588685520802
3,5,Undirected,0.24839911445086513
3,11,Undirected,0.19332825265037326
3,12,Undirected,0.21528339743290334
4,5,Undirected,0.7523469226685034
4,6,Undirected,0.333931670462469
4,7,Undirected,0.1946583747157377
4,8,Undirected,0.16944748046142286
4,11,Undirected,0.20361149741955453
4,12,Undirected,0.37945527958733744
4,13,Undirected,0.3497510393373857
5,6,Undirected,0.7323266753879509
5,7,Undirected,0.21740257685795497
5,12,Undirected,0.1847167929569958
5,13,Undirected,0.18284599876594435
6,7,Undirected,0.767552206557228
6,8,Undirected,0.24928041395854875
6,11,Undirected,0.3291024941085194
6,12,Undirected,0.3884471916349691
6,13,Undirected,0.35540115094514685
7,8,Undirected,0.7525608134603528
7,9,Undirected,0.21568277574412106
7,11,Undirected,0.29517689589730334
7,12,Undirected,0.2118583163566001
7,13,Undirected,0.23205594521973397
8,9,Undirected,0.7687080427901456
8,10,Undirected,0.3229744887897705
8,11,Undirected,0.34767477639020045
8,12,Undirected,0.2216961475448482
8,13,Undirected,0.29895406448272577
9,10,Undirected,0.7459151478979931
9,11,Undirected,0.2964645105254944
10,11,Undirected,0.7733172166580441
11,12,Undirected,0.3816322449140771
11,13,Undirected,0.2618680892344803
12,13,Undirected,0.3750979821030239
