Source,Target,Type,Weight
0,1,Undirected,0.7304151815038984
0,2,Undirected,0.3734308848584306
0,3,Undirected,0.18793493208934264
0,12,Undirected,0.38622376868327957
0,13,Undirected,0.39877595872806343
1,2,Undirected,0.761829963121856
1,3,Undirected,0.2158658883431502
1,4,Undirected,0.329482449182744
1,12,Undirected,0.18789881365327754
1,13,Undirected,0.20823591289836133
2,3,Undirected,0.7474118907749345
2,4,Undirected,0.254058462404738
2,12,Undirected,0.39994122415290645
2,13,Undirected,0.3002378392803175
3,4,Undirected,0.7526483891997581
3,5,Undirected,0.24988537324473312
3,6,Undirected,0.24196343305650123
3,7,Undirected,0.21665082106982625
3,12,Undirected,0.22110230010906712
3,13,Undirected,0.18494139405367885
4,5,Undirected,0.7665589589882301
4,6,Undirected,0.32647840642759346
4,7,Undirected,0.18429966764311168
5,6,Undirected,0.7709189426640726
5,7,Undirected,0.2312213778163523
5,8,Undirected,0.2131799931100178
6,7,Undirected,0.7243898852173949
6,8,Undirected,0.2542882107337496
7,8,Undirected,0.7510947747004345
7,9,Undirected,0.22769010420002966
7,10,Undirected,0.2057744949568788
7,11,Undirected,0.2052350421704445
8,9,Undirected,0.7465193433099344
8,10,Undirected,0.25813263498561323
9,10,Undirected,0.719944660625795
9,11,Undirected,0.20842473823322896
10,11,Undirected,0.7525605434047846
12,13,Undirected,0.36658590533032687
