Source,Target,Type,Weight
0,1,Undirected,0.7427003416899953
0,2,Undirected,0.25456743666622156
0,3,Undirected,0.29190633172297714
0,4,Undirected,0.17649385072496518
0,8,Undirected,0.20318712284246804
0,11,Undirected,0.32811351998828453
0,12,Undirected,0.3939290115108346
0,13,Undirected,0.3310954827056197
1,2,Undirected,0.7263750812869796
1,3,Undirected,0.3048705833131143
2,3,Undirected,0.751496411345125
2,4,Undirected,0.2582900222911411
2,5,Undirected,0.22245575259961067
3,4,Undirected,0.7629804140715116
3,5,Undirected,0.2694227935461409
4,5,Undirected,0.7436227974608026
4,6,Undirected,0.3518754508234749
4,7,Undirected,0.2124141339864316
4,8,Undirected,0.20495866282423902
4,9,Undirected,0.18272202275085886
5,6,Undirected,0.7539087759208133
5,7,Undirected,0.2968974413316124
5,8,Undirected,0.1803239628705735
6,7,Undirected,0.7312335341639049
6,8,Undirected,0.2588187133470862
7,8,Undirected,0.7508203558888316
7,9,Undirected,0.2209742583120919
8,9,Undirected,0.7390433183846784
8,10,Undirected,0.2066868246452971
9,10,Undirected,0.7585162551507867
9,11,Undirected,0.28510868487958124
10,11,Undirected,0.7479809633560476
11,12,Undirected,0.3749383081674757
11,13,Undirected,0.3051860255595508
12,13,Undirected,0.39634729223892207
