Source,Target,Type,Weight
0,1,Undirected,0.737107787434506
0,2,Undirected,0.28548265294489
0,3,Undirected,0.21581159706192315
0,13,Undirected,0.1680498186323371
1,2,Undirected,0.7714009393158
1,3,Undirected,0.24292588992235276
1,13,Undirected,0.19708098821293016
2,3,Undirected,0.7676445005707958
2,4,Undirected,0.25035002592552513
2,6,Undirected,0.2358207451440415
2,7,Undirected,0.325628969965195
2,8,Undirected,0.21653438754636514
2,11,Undirected,0.3018820122742059
2,12,Undirected,0.38602502924889426
2,13,Undirected,0.3555444942195148
3,4,Undirected,0.7388824006969724
3,5,Undirected,0.23461188475339123
3,6,Undirected,0.3131952576385654
3,7,Undirected,0.2714716294521615
3,11,Undirected,0.20107703127494403
3,12,Undirected,0.3734877469457524
3,13,Undirected,0.3177449591378084
4,5,Undirected,0.7438479155855879
4,6,Undirected,0.2974902058413508
4,7,Undirected,0.20015537879785678
4,11,Undirected,0.2241130277067835
4,12,Undirected,0.3855132170253607
4,13,Undirected,0.37523190853951255
5,6,Undirected,0.7320746773755227
5,7,Undirected,0.277622715702643
5,12,Undirected,0.19033350147781392
6,7,Undirected,0.7334353376897936
6,8,Undirected,0.22800808331726954
6,9,Undirected,0.26671624999459487
6,10,Undirected,0.17221779003188303
6,11,Undirected,0.21171963446735625
6,12,Undirected,0.38991982494482347
6,13,Undirected,0.19918421124115346
7,8,Undirected,0.7579891214577782
7,9,Undirected,0.2947739882004776
7,10,Undirected,0.17614935845375423
7,11,Undirected,0.2899697309858042
7,12,Undirected,0.3555270747641964
7,13,Undirected,0.19279913854358302
8,9,Undirected,0.7401531603652182
8,10,Undirected,0.22695580710435986
8,11,Undirected,0.1996608201799521
8,12,Undirected,0.20044126378375857
9,10,Undirected,0.7819425744516079
9,11,Undirected,0.30582079004831825
9,12,Undirected,0.18999931326160693
10,11,Undirected,0.7529026565987745
10,12,Undirected,0.17910467136375974
11,12,Undirected,0.3967496882940745
11,13,Undirected,0.298024173309315
12,13,Undirected,0.36788122700634884
