Source,Target,Type,Weight
0,1,Undirected,0.7276828649958991
0,2,Undirected,0.26537898643077784
0,3,Undirected,0.17299015190684516
0,8,Undirected,0.17062706474701672
0,9,Undirected,0.28886637874868903
0,10,Undirected,0.3611689072470255
0,11,Undirected,0.33477647667310256
1,2,Undirected,0.7503323835298058
1,3,Undirected,0.30665313025993735
1,4,Undirected,0.18189125790068122
1,6,Undirected,0.18018890539522264
1,7,Undirected,0.1809813049592705
1,8,Undirected,0.16754436667906314
1,9,Undirected,0.36216738968251777
1,10,Undirected,0.20122816084266748
1,11,Undirected,0.20410327831119454
2,3,Undirected,0.7467274070132276
2,4,Undirected,0.2077957491063548
2,5,Undirected,0.19340440114827961
2,6,Undirected,0.34193305185005474
2,7,Undirected,0.3186249526636187
2,8,Undirected,0.3138996578786621
2,9,Undirected,0.35925236043128056
2,10,Undirected,0.21651871605138132
2,11,Undirected,0.3388352232220216
2,12,Undirected,0.3927303153281626
2,13,Undirected,0.293789581494363
3,4,Undirected,0.751626367342499
3,5,Undirected,0.25083535455256195
3,6,Undirected,0.310526469315264
3,7,Undirected,0.2623759239182485
3,8,Undirected,0.21738889765384203
3,9,Undirected,0.20191192983871611
4,5,Undirected,0.746414856814497
4,6,Undirected,0.2789059327916008
4,7,Undirected,0.1865120392043548
5,6,Undirected,0.7414760739265596
5,7,Undirected,0.21193549987736524
5,13,Undirected,0.16800879703044144
6,7,Undirected,0.7495098562605403
6,8,Undirected,0.3404807460485097
6,9,Undirected,0.21109168667044062
6,13,Undirected,0.26863643903823087
7,8,Undirected,0.7735022571295501
7,9,Undirected,0.30830885809911446
8,9,Undirected,0.7553236644264918
8,10,Undirected,0.2275314593419794
8,12,Undirected,0.19617636295740298
8,13,Undirected,0.24987239201934208
9,10,Undirected,0.7498466537076908
9,11,Undirected,0.2597437727321256
10,11,Undirected,0.7630695294436346
11,12,Undirected,0.39531492459212186
11,13,Undirected,0.20327161186678988
12,13,Undirected,0.38720713812719615
