Source,Target,Type,Weight
0,1,Undirected,0.750248902165261
0,2,Undirected,0.2995664172532036
0,12,Undirected,0.3758508677367873
0,13,Undirected,0.20047834087470476
1,2,Undirected,0.7371099248418531
1,3,Undirected,0.21764415051871727
1,6,Undirected,0.2237130604182032
1,12,Undirected,0.2155245788120472
2,3,Undirected,0.7674411179383129
2,4,Undirected,0.21947946843560368
2,6,Undirected,0.3373913079851292
2,7,Undirected,0.23504943974416997
2,12,Undirected,0.3852067452398409
2,13,Undirected,0.33561941820101665
3,4,Undirected,0.7424530488685094
3,5,Undirected,0.2789272069380142
3,6,Undirected,0.3616333295195307
3,7,Undirected,0.20543443932707808
3,8,Undirected,0.17198026954415738
4,5,Undirected,0.7630700153321566
4,6,Undirected,0.3107913779945865
5,6,Undirected,0.7233488590274733
5,7,Undirected,0.23131188895539864
5,8,Undirected,0.2732923997835973
6,7,Undirected,0.740354880352831
6,8,Undirected,0.27944946715234315
7,8,Undirected,0.7427791918602684
7,9,Undirected,0.2142111492856673
8,9,Undirected,0.7680031406378431
8,10,Undirected,0.23314073843004823
9,10,Undirected,0.7727134387861504
9,11,Undirected,0.2138134478809126
10,11,Undirected,0.7273525609399752
12,13,Undirected,0.3753223318945827
