Source,Target,Type,Weight
0,1,Undirected,0.7548722762833856
0,2,Undirected,0.2843722598355737
0,3,Undirected,0.31678258024501516
0,4,Undirected,0.22089698319987958
0,5,Undirected,0.17756750822936537
0,6,Undirected,0.2022725804040336
0,11,Undirected,0.2912876376388855
0,12,Undirected,0.38485181113605543
0,13,Undirected,0.3284573919287877
1,2,Undirected,0.7215391788966635
1,3,Undirected,0.2555331497941414
1,10,Undirected,0.192435563992621
1,11,Undirected,0.35593504121681924
1,12,Undirected,0.2193854702025094
1,13,Undirected,0.20114345169180842
2,3,Undirected,0.7368482817430522
2,4,Undirected,0.32183470236169187
2,5,Undirected,0.17759468023503464
2,6,Undirected,0.21582570039471527
2,8,Undirected,0.20255648907442933
2,11,Undirected,0.3143379738166603
2,12,Undirected,0.39811285026337234
2,13,Undirected,0.19786403470908218
3,4,Undirected,0.7425967899623205
3,5,Undirected,0.2840121356618293
3,6,Undirected,0.17045178478205902
3,11,Undirected,0.19076078839166927
3,12,Undirected,0.23857667983578196
3,13,Undirected,0.1695856547242112
4,5,Undirected,0.7515590270184165
4,6,Undirected,0.3478032146993507
4,7,Undirected,0.20409817335155714
4,8,Undirected,0.17337657871205667
4,11,Undirected,0.20993113516563136
4,12,Undirected,0.38974598190702436
4,13,Undirected,0.2112787898118818
5,6,Undirected,0.7764532173637455
5,7,Undirected,0.22305381833652416
5,12,Undirected,0.21101698488143203
5,13,Undirected,0.18090466652766973
6,7,Undirected,0.7516677202812367
6,8,Undirected,0.27411261329853037
6,11,Undirected,0.30595925901367316
6,12,Undirected,0.3814376812015962
6,13,Undirected,0.3040121770014134
7,8,Undirected,0.7708515012779512
7,9,Undirected,0.23675087101523654
7,11,Undirected,0.2882085153602837
7,12,Undirected,0.21557464828518016
7,13,Undirected,0.2700278860518559
8,9,Undirected,0.7451707101624839
8,10,Undirected,0.34060724229233014
8,11,Undirected,0.3522938640215688
8,12,Undirected,0.2073412258999361
8,13,Undirected,0.1917029446802038
9,10,Undirected,0.7444067495795933
9,11,Undirected,0.27815450369400074
10,11,Undirected,0.7485655318588459
11,12,Undirected,0.3754038274631584
11,13,Undirected,0.333342578932448
12,13,Undirected,0.3725514996908953
