Source,Target,Type,Weight
0,1,Undirected,0.7444058908161365
0,2,Undirected,0.22515906275770764
0,8,Undirected,0.18158988649679617
0,12,Undirected,0.18506652293061293
0,13,Undirected,0.1863670435949081
1,2,Undirected,0.7488990072004438
1,3,Undirected,0.27199307317445176
1,4,Undirected,0.2012838425323876
1,12,Undirected,0.17249323072772554
2,3,Undirected,0.7298288889325835
2,4,Undirected,0.34446731875281644
2,5,Undirected,0.16993977582864958
2,7,Undirected,0.17188585606516796
2,8,Undirected,0.3379110762106656
2,11,Undirected,0.20433876112065014
2,12,Undirected,0.3830938698280367
2,13,Undirected,0.20199833828195
3,4,Undirected,0.7386959878717516
3,5,Undirected,0.22150350582843648
4,5,Undirected,0.7504395809758926
4,6,Undirected,0.22286378441186663
4,7,Undirected,0.216190494451719
5,6,Undirected,0.7537134860010652
5,7,Undirected,0.26864344190186795
6,7,Undirected,0.7725758758103377
6,8,Undirected,0.21547918192481605
7,8,Undirected,0.7323309588719639
7,9,Undirected,0.25342993828697163
8,9,Undirected,0.7761960839359875
8,10,Undirected,0.2942791962704885
8,11,Undirected,0.3061411745728549
8,12,Undirected,0.3881509814538541
8,13,Undirected,0.33569111100902205
9,10,Undirected,0.7449821698581883
9,11,Undirected,0.31336567624439704
10,11,Undirected,0.7243137650395598
11,12,Undirected,0.36911182151137606
11,13,Undirected,0.32103780309715496
12,13,Undirected,0.38479214244240534
