Source,Target,Type,Weight
0,1,Undirected,0.7405376206541701
0,2,Undirected,0.3473604958828673
0,3,Undirected,0.20881333520524853
0,12,Undirected,0.3845237211204103
0,13,Undirected,0.20414784333484673
1,2,Undirected,0.7721142274377983
1,3,Undirected,0.21235640401052125
1,12,Undirected,0.17942269264767632
2,3,Undirected,0.7327434308565
2,4,Undirected,0.22229856593367164
2,12,Undirected,0.3833860534738164
2,13,Undirected,0.21964111128042954
3,4,Undirected,0.740903633777069
3,5,Undirected,0.225425994151173
3,12,Undirected,0.3615406861103533
3,13,Undirected,0.3465205382394133
4,5,Undirected,0.7334532933932784
4,6,Undirected,0.20458672233779726
4,7,Undirected,0.30067874346040663
4,8,Undirected,0.33652495371512586
4,9,Undirected,0.1867697848518151
4,11,Undirected,0.3515159093419519
4,12,Undirected,0.20826949728459895
4,13,Undirected,0.3609255891463756
5,6,Undirected,0.765233966919622
5,7,Undirected,0.3128454084350554
5,8,Undirected,0.22445514706205014
5,13,Undirected,0.18337598971699887
6,7,Undirected,0.7638483694230386
6,8,Undirected,0.21750180823518114
7,8,Undirected,0.7604407988799813
7,9,Undirected,0.2084867957991514
7,11,Undirected,0.25473923977812934
8,9,Undirected,0.757749066657754
8,10,Undirected,0.20940812392707334
8,11,Undirected,0.28815450007478144
9,10,Undirected,0.7510310260410176
9,11,Undirected,0.2963225671854244
10,11,Undirected,0.770393821059156
11,13,Undirected,0.1769719550582885
12,13,Undirected,0.3810386939732478
