Source,Target,Type,Weight
0,1,Undirected,0.7479173420437812
0,2,Undirected,0.2839660451596506
0,9,Undirected,0.17759523669391938
0,10,Undirected,0.18000233977498162
0,11,Undirected,0.24499413493607308
0,12,Undirected,0.20816677228106453
1,2,Undirected,0.7574021256465058
1,3,Undirected,0.2783915022540179
1,4,Undirected,0.1733946837587093
1,12,Undirected,0.169953410045893
2,3,Undirected,0.7472461104017974
2,4,Undirected,0.20215808599761978
2,5,Undirected,0.21514540549097044
2,6,Undirected,0.2809909404743003
2,7,Undirected,0.28035279112951594
2,8,Undirected,0.24702120730079102
2,9,Undirected,0.20475387039267617
2,10,Undirected,0.18169029032385225
2,11,Undirected,0.2996474218472718
2,12,Undirected,0.36887880579876964
2,13,Undirected,0.31690881409590443
3,4,Undirected,0.7461859921472908
3,5,Undirected,0.3058462792675826
3,6,Undirected,0.21754194588317963
3,7,Undirected,0.30205275846935886
3,8,Undirected,0.1726941078603639
4,5,Undirected,0.7576619423407582
4,6,Undirected,0.21800324746201072
4,7,Undirected,0.19319101245111964
5,6,Undirected,0.7320368574961581
5,7,Undirected,0.30105476373507667
6,7,Undirected,0.7422916283218417
6,8,Undirected,0.3467192477812279
6,9,Undirected,0.186844765438166
6,13,Undirected,0.1820143141235214
7,8,Undirected,0.7184421384248929
7,9,Undirected,0.3055078846132135
8,9,Undirected,0.7552810242193722
8,10,Undirected,0.2233339715869918
8,12,Undirected,0.18316953789072463
8,13,Undirected,0.18307134437518927
9,10,Undirected,0.7329591912519605
9,11,Undirected,0.2425827347283432
10,11,Undirected,0.7350348489743423
11,12,Undirected,0.394220621977532
11,13,Undirected,0.19605363384360297
12,13,Undirected,0.3774580466081004
