Source,Target,Type,Weight
0,1,Undirected,0.7496583528658144
0,2,Undirected,0.32152177784210134
0,3,Undirected,0.32984084406083763
0,4,Undirected,0.3135521016821965
0,5,Undirected,0.20303824665122513
0,6,Undirected,0.30052143209506793
0,7,Undirected,0.3063795595218225
0,8,Undirected,0.24783321194679855
0,12,Undirected,0.35829679722622865
0,13,Undirected,0.19933680878531604
1,2,Undirected,0.7280673036764908
1,3,Undirected,0.2800636821591732
1,4,Undirected,0.16777930068703725
1,7,Undirected,0.21075004595063138
1,8,Undirected,0.22355030354054778
1,12,Undirected,0.1963625468164794
2,3,Undirected,0.764853568693242
2,4,Undirected,0.3338641818910515
2,5,Undirected,0.1977326787602032
2,6,Undirected,0.20552042535822593
2,7,Undirected,0.2030282022231187
2,12,Undirected,0.38985143591377563
2,13,Undirected,0.22273504331601146
3,4,Undirected,0.7399080826982284
3,5,Undirected,0.22401138241429808
3,12,Undirected,0.21446438513007443
4,5,Undirected,0.7307059442296097
4,6,Undirected,0.34467594386413225
4,7,Undirected,0.20988957625995677
4,12,Undirected,0.3811511949187159
4,13,Undirected,0.22686265949009038
5,6,Undirected,0.7505022220878231
5,7,Undirected,0.24215352991418548
5,12,Undirected,0.21740773799342122
5,13,Undirected,0.1952685129206337
6,7,Undirected,0.7520504170762241
6,8,Undirected,0.22279895737220398
6,12,Undirected,0.3914887881686737
6,13,Undirected,0.31363632114958745
7,8,Undirected,0.7646073349586898
7,9,Undirected,0.2510811751136129
7,12,Undirected,0.3804623434437002
7,13,Undirected,0.3183193229351498
8,9,Undirected,0.7610557149844257
8,10,Undirected,0.23323213623595287
8,12,Undirected,0.20963354773315793
8,13,Undirected,0.22772533645690055
9,10,Undirected,0.7609455323860544
9,11,Undirected,0.2882801841807783
9,13,Undirected,0.18841276312760846
10,11,Undirected,0.739201896054668
12,13,Undirected,0.38939966425300937
