Source,Target,Type,Weight
0,1,Undirected,0.7654107589171008
0,2,Undirected,0.33182711304120527
0,3,Undirected,0.2729238436292258
0,4,Undirected,0.3040032969717914
0,5,Undirected,0.1974750450407271
0,6,Undirected,0.2915796996265492
0,7,Undirected,0.3389420102879303
0,8,Undirected,0.2523957656668551
0,9,Undirected,0.2812163946795891
0,10,Undirected,0.20521465785993945
0,12,Undirected,0.3876494985691096
0,13,Undirected,0.2096564961810693
1,2,Undirected,0.7530721059165649
1,3,Undirected,0.30369159103165405
1,4,Undirected,0.1671852861463348
1,8,Undirected,0.1926120405119086
1,9,Undirected,0.17295882146467112
1,10,Undirected,0.20332559162052907
1,12,Undirected,0.17153765862095846
2,3,Undirected,0.7428420735516205
2,4,Undirected,0.35509935754025584
2,5,Undirected,0.21537875671071358
2,6,Undirected,0.2076328501458869
2,7,Undirected,0.2067806720920063
2,8,Undirected,0.1711371266388232
2,9,Undirected,0.3192803816958573
2,10,Undirected,0.23359701409578387
2,12,Undirected,0.36185606108971347
2,13,Undirected,0.2151129650993484
3,4,Undirected,0.7514329310514407
3,5,Undirected,0.20889351734950573
3,12,Undirected,0.20084700149594792
4,5,Undirected,0.748690199491663
4,6,Undirected,0.34202266710396295
4,7,Undirected,0.21795392370211714
4,9,Undirected,0.1770743875523617
4,12,Undirected,0.3511798293041425
4,13,Undirected,0.22368845880009494
5,6,Undirected,0.7391810523948682
5,7,Undirected,0.2486324133652347
5,12,Undirected,0.2105355729134144
5,13,Undirected,0.20768003945337662
6,7,Undirected,0.7598256368218801
6,8,Undirected,0.22901045279958365
6,9,Undirected,0.2037390646344237
6,12,Undirected,0.37251708800500205
6,13,Undirected,0.34126126521946254
7,8,Undirected,0.7803452098202508
7,9,Undirected,0.34960760765700194
7,10,Undirected,0.19011323291634138
7,12,Undirected,0.39437945636936367
7,13,Undirected,0.3220732581392088
8,9,Undirected,0.7316053998821562
8,10,Undirected,0.27193713611431686
8,11,Undirected,0.24135372941017516
8,12,Undirected,0.21058743208495267
8,13,Undirected,0.20561908281318678
9,10,Undirected,0.7732420848443553
9,11,Undirected,0.2523001319035838
9,12,Undirected,0.3468838704736549
9,13,Undirected,0.34368706389772535
10,11,Undirected,0.7316440685741876
10,12,Undirected,0.2018781489433162
10,13,Undirected,0.20477820232026084
12,13,Undirected,0.3825467705688352
