Source,Target,Type,Weight
0,1,Undirected,0.7363123029939003
0,2,Undirected,0.2699695569273615
0,3,Undirected,0.18045656763098525
0,9,Undirected,0.27089007549173416
0,10,Undirected,0.3349355144141597
0,11,Undirected,0.35192522877677174
1,2,Undirected,0.7455637152583202
1,3,Undirected,0.28581243109465654
1,4,Undirected,0.16858354586289628
1,6,Undirected,0.1698126285445918
1,9,Undirected,0.20992422154739473
1,10,Undirected,0.1915505215103317
1,11,Undirected,0.26748125407346846
1,12,Undirected,0.17402064264642234
2,3,Undirected,0.7282812670515767
2,4,Undirected,0.20880980070414681
2,6,Undirected,0.2865988727928054
2,7,Undirected,0.2601056818243832
2,8,Undirected,0.23740669698731567
2,9,Undirected,0.30500564226812926
2,10,Undirected,0.25512025244004166
2,11,Undirected,0.28144836763054965
2,12,Undirected,0.39162436515046006
2,13,Undirected,0.318947297741121
3,4,Undirected,0.7722994747031793
3,5,Undirected,0.21914397928053464
3,6,Undirected,0.27147762119215346
3,7,Undirected,0.2800407758957517
3,8,Undirected,0.18886519964675672
3,9,Undirected,0.19209033545133378
4,5,Undirected,0.7562330388403176
4,6,Undirected,0.30381537360968724
4,7,Undirected,0.2539536303624668
5,6,Undirected,0.7509457085372704
5,7,Undirected,0.23085335687859568
6,7,Undirected,0.7272969403722158
6,8,Undirected,0.2972177783723907
6,9,Undirected,0.1992582278324661
6,12,Undirected,0.18171187385864274
6,13,Undirected,0.24772372337325407
7,8,Undirected,0.745687650101209
7,9,Undirected,0.298077355630045
8,9,Undirected,0.7504370298982036
8,10,Undirected,0.22224077921274182
9,10,Undirected,0.7626025297877976
9,11,Undirected,0.24008751969674003
10,11,Undirected,0.728858045286712
11,12,Undirected,0.4080583841164133
11,13,Undirected,0.23015832252315135
12,13,Undirected,0.38029686392977946
