Source,Target,Type,Weight
0,1,Undirected,0.7486074171551642
0,2,Undirected,0.3218743671279737
0,3,Undirected,0.3236768756656927
0,4,Undirected,0.33853835319566244
0,5,Undirected,0.3719814835114352
0,6,Undirected,0.3341251435004903
0,7,Undirected,0.284031349262405
0,11,Undirected,0.2923404478060617
0,12,Undirected,0.39680978219427665
0,13,Undirected,0.2110309356777637
1,2,Undirected,0.7476648974936413
1,3,Undirected,0.27613990970076213
1,6,Undirected,0.1721902165769309
1,7,Undirected,0.1757139968886549
1,11,Undirected,0.2763801880211117
1,12,Undirected,0.2144042422177259
2,3,Undirected,0.740719862533488
2,4,Undirected,0.29902463295319176
2,5,Undirected,0.168455699322025
2,6,Undirected,0.20710092362094804
2,11,Undirected,0.27253609070830404
2,12,Undirected,0.40570986051131214
2,13,Undirected,0.35828942100303685
3,4,Undirected,0.758686868632055
3,5,Undirected,0.2847846463721955
3,6,Undirected,0.17450267222693788
3,12,Undirected,0.20082665252459206
4,5,Undirected,0.7174392320501384
4,6,Undirected,0.36115684083859123
4,7,Undirected,0.20126238124988605
4,11,Undirected,0.1972878415715655
4,12,Undirected,0.3741305262316601
4,13,Undirected,0.3125760097489222
5,6,Undirected,0.7488997426446333
5,7,Undirected,0.21708731142618407
5,12,Undirected,0.1792215647822761
6,7,Undirected,0.7379144046144984
6,8,Undirected,0.23685665101063938
6,11,Undirected,0.2814478010548495
6,12,Undirected,0.3734124665853896
6,13,Undirected,0.21826087725770973
7,8,Undirected,0.7655254520589299
7,9,Undirected,0.21146801609178156
7,11,Undirected,0.27159367764866393
7,12,Undirected,0.21206166229327508
8,9,Undirected,0.7363294949776015
8,10,Undirected,0.3077489291201543
8,11,Undirected,0.3131335988380405
8,12,Undirected,0.19161424534494279
9,10,Undirected,0.7657719979632014
9,11,Undirected,0.28718882172858023
10,11,Undirected,0.7687071974845999
11,12,Undirected,0.3817516635120282
11,13,Undirected,0.28663538098079056
12,13,Undirected,0.3974577058990142
