Source,Target,Type,Weight
0,1,Undirected,0.766650944210994
0,2,Undirected,0.34375658224833294
0,3,Undirected,0.3194545202927649
0,4,Undirected,0.2455255422887972
0,5,Undirected,0.20188652508486898
0,6,Undirected,0.2060656333867768
0,8,Undirected,0.19829923218277684
0,11,Undirected,0.33312217533822874
0,12,Undirected,0.3714571542740868
0,13,Undirected,0.35454528087435316
1,2,Undirected,0.7460591711534734
1,3,Undirected,0.23688356565141308
1,11,Undirected,0.3490488525621816
1,12,Undirected,0.21826646540841751
1,13,Undirected,0.17680607339221832
2,3,Undirected,0.7837414401279608
2,4,Undirected,0.3691516174648339
2,5,Undirected,0.20083349916617524
2,6,Undirected,0.20725051470398578
2,8,Undirected,0.3450146406724024
2,11,Undirected,0.3239523711764767
2,12,Undirected,0.39694133161041356
2,13,Undirected,0.30137422145246673
3,4,Undirected,0.7462466637950529
3,5,Undirected,0.3253171301880017
3,6,Undirected,0.18033829080068783
3,11,Undirected,0.1828700264178768
3,12,Undirected,0.21382465324580038
3,13,Undirected,0.28098216850526714
4,5,Undirected,0.7477296089090678
4,6,Undirected,0.36891144532968567
4,7,Undirected,0.2131915439540231
4,8,Undirected,0.32854371061423193
4,11,Undirected,0.2046030695455624
4,12,Undirected,0.36202296961609703
4,13,Undirected,0.3652705327207382
5,6,Undirected,0.7229893875298197
5,7,Undirected,0.2114076663545345
5,12,Undirected,0.19589862658580448
5,13,Undirected,0.33765884775547605
6,7,Undirected,0.7594526579233336
6,8,Undirected,0.3201840413335729
6,11,Undirected,0.3188140308748325
6,12,Undirected,0.3781241891969617
6,13,Undirected,0.33650778216126154
7,8,Undirected,0.7325860763366085
7,9,Undirected,0.25913173929233
7,11,Undirected,0.2881500459055568
7,12,Undirected,0.2110860349280296
7,13,Undirected,0.19563773465497863
8,9,Undirected,0.7435836431964901
8,10,Undirected,0.3074076427551784
8,11,Undirected,0.33878092454318975
8,12,Undirected,0.3995243394990629
8,13,Undirected,0.2085008078944993
9,10,Undirected,0.7395656116336489
9,11,Undirected,0.2987256010366466
10,11,Undirected,0.7422886068726979
11,12,Undirected,0.4021738828186299
11,13,Undirected,0.2182541082551417
12,13,Undirected,0.38773969779388034
