Source,Target,Type,Weight
0,1,Undirected,0.7635370319112228
0,2,Undirected,0.2816421758470728
0,3,Undirected,0.30321695364521833
0,4,Undirected,0.3205443570590039
0,5,Undirected,0.35418717443889597
0,6,Undirected,0.32953080461520246
0,7,Undirected,0.2817585510948287
0,11,Undirected,0.31606791184680455
0,12,Undirected,0.4052170473682172
0,13,Undirected,0.20666175194878156
1,2,Undirected,0.7366293850442232
1,3,Undirected,0.2574080458916566
1,6,Undirected,0.17507654974092718
1,7,Undirected,0.16721550626825324
1,11,Undirected,0.3397569528683364
1,12,Undirected,0.2137372215400521
2,3,Undirected,0.7355923184754104
2,4,Undirected,0.31478032679995105
2,5,Undirected,0.17212623777044309
2,6,Undirected,0.1962411272126759
2,8,Undirected,0.18703338129971198
2,10,Undirected,0.2684241177652656
2,11,Undirected,0.32296180556598264
2,12,Undirected,0.40094740618544167
2,13,Undirected,0.21350271684658675
3,4,Undirected,0.7669423180129697
3,5,Undirected,0.2883174787398456
3,6,Undirected,0.17028413709956897
3,11,Undirected,0.17268142380624193
3,12,Undirected,0.19772117640192963
4,5,Undirected,0.7420234063641498
4,6,Undirected,0.3435695269528124
4,7,Undirected,0.2105617847116115
4,11,Undirected,0.1994757696357867
4,12,Undirected,0.37255130114370466
4,13,Undirected,0.34143797651526336
5,6,Undirected,0.7680061641119739
5,7,Undirected,0.2105148617538582
5,12,Undirected,0.18800058699981864
5,13,Undirected,0.17252400949644164
6,7,Undirected,0.7361493421866105
6,8,Undirected,0.22723339501527023
6,11,Undirected,0.29706814847174684
6,12,Undirected,0.3765845324759967
6,13,Undirected,0.31829552880316425
7,8,Undirected,0.7522192131449837
7,9,Undirected,0.21714044790021664
7,11,Undirected,0.29887368984133267
7,12,Undirected,0.22447379054377697
7,13,Undirected,0.27377541703665664
8,9,Undirected,0.7295562083707812
8,10,Undirected,0.3179865525849394
8,11,Undirected,0.3550295337091938
8,12,Undirected,0.21173094208796
8,13,Undirected,0.27544867001230894
9,10,Undirected,0.7436829870555524
9,11,Undirected,0.3116231775563173
10,11,Undirected,0.7415551232193536
10,12,Undirected,0.16739624160814542
11,12,Undirected,0.3824464513474744
11,13,Undirected,0.2725635951872683
12,13,Undirected,0.3605737951827944
