Source,Target,Type,Weight
0,1,Undirected,0.7327232698332145
0,2,Undirected,0.2917336507625389
0,3,Undirected,0.19141219376154653
0,5,Undirected,0.19885861342914268
0,6,Undirected,0.22547066142620661
1,2,Undirected,0.7597589525143409
1,3,Undirected,0.276264227251629
2,3,Undirected,0.7286277939890826
2,4,Undirected,0.33104238195591457
2,5,Undirected,0.3358788015457313
2,6,Undirected,0.233507228122699
2,7,Undirected,0.20026413469150386
2,10,Undirected,0.17336203147388132
2,11,Undirected,0.299174640274633
2,12,Undirected,0.3822589300296307
2,13,Undirected,0.20262639656667356
3,4,Undirected,0.736689741732908
3,5,Undirected,0.2513506421111972
3,11,Undirected,0.17378430447852866
3,12,Undirected,0.19121682680940966
4,5,Undirected,0.7566858515504035
4,6,Undirected,0.21171905736221616
4,11,Undirected,0.19466309064525533
4,12,Undirected,0.3730382779438916
4,13,Undirected,0.25163297604920465
5,6,Undirected,0.7542279739675343
5,7,Undirected,0.23887584994398728
5,12,Undirected,0.21217412840895708
6,7,Undirected,0.718755098095934
6,8,Undirected,0.22548275832408674
6,12,Undirected,0.16768611689969642
7,8,Undirected,0.7079923743573417
7,9,Undirected,0.28717267836964566
7,10,Undirected,0.28618311321324386
7,11,Undirected,0.17989251150688218
7,12,Undirected,0.20404044747876532
7,13,Undirected,0.17077184255407302
8,9,Undirected,0.7494899674083054
8,10,Undirected,0.3200249286996614
9,10,Undirected,0.7475805428905725
9,11,Undirected,0.2280538046176189
10,11,Undirected,0.7472886470245316
10,12,Undirected,0.194035411810543
10,13,Undirected,0.24457184893995643
11,12,Undirected,0.36029784868638687
11,13,Undirected,0.3317849050550103
12,13,Undirected,0.3885874738818011
