Source,Target,Type,Weight
0,1,Undirected,0.7564915763896504
0,2,Undirected,0.2521636313933111
0,3,Undirected,0.28351487267055914
0,4,Undirected,0.22250486886426551
0,5,Undirected,0.17668038501232125
0,12,Undirected,0.1949924509825252
0,13,Undirected,0.34683777413103545
1,2,Undirected,0.7272222884931743
1,3,Undirected,0.27796469043943006
1,4,Undirected,0.1751042512848606
1,12,Undirected,0.21181023622755032
1,13,Undirected,0.24062905537279883
2,3,Undirected,0.7532228967833482
2,4,Undirected,0.21481151732390266
2,5,Undirected,0.1857822313459855
2,6,Undirected,0.18288359757676304
2,8,Undirected,0.2987790552969032
2,11,Undirected,0.2050407827551397
2,12,Undirected,0.3986053814288635
2,13,Undirected,0.33326298820998784
3,4,Undirected,0.7385943300528962
3,5,Undirected,0.2716848766763779
3,6,Undirected,0.17900985447391476
3,12,Undirected,0.19829017611940497
3,13,Undirected,0.2053890292599881
4,5,Undirected,0.764405488631386
4,6,Undirected,0.2830819436506636
4,13,Undirected,0.17433242876018892
5,6,Undirected,0.7554337215292012
5,7,Undirected,0.228188074277941
5,13,Undirected,0.1824413176580304
6,7,Undirected,0.73813348125437
6,8,Undirected,0.2372988678597963
6,11,Undirected,0.27166595980775166
6,12,Undirected,0.2085649434802123
6,13,Undirected,0.22758086701266145
7,8,Undirected,0.7629121341347513
7,9,Undirected,0.2633456957871949
7,10,Undirected,0.1724812003360878
7,11,Undirected,0.2560149852521275
7,12,Undirected,0.17861643533667906
8,9,Undirected,0.7332943518486061
8,10,Undirected,0.2693332795647623
8,11,Undirected,0.3333577332872039
8,12,Undirected,0.38951853185374075
8,13,Undirected,0.19981384454275722
9,10,Undirected,0.7508405170291856
9,11,Undirected,0.34011864366234357
10,11,Undirected,0.7466211345041773
10,12,Undirected,0.1775384056649017
11,12,Undirected,0.40545379935551634
11,13,Undirected,0.3083351491001883
12,13,Undirected,0.37614981264272185
