Source,Target,Type,Weight
0,1,Undirected,0.7435197132781685
0,2,Undirected,0.3486687703874149
0,3,Undirected,0.3501878595813396
0,4,Undirected,0.20582536811559382
0,8,Undirected,0.1920333808025223
1,2,Undirected,0.7515182246534402
1,3,Undirected,0.2780849042930837
1,4,Undirected,0.2978603191746075
1,8,Undirected,0.32151502475539917
1,11,Undirected,0.3004832170722848
1,12,Undirected,0.3870728514468729
1,13,Undirected,0.1965173870610598
2,3,Undirected,0.7503360077396719
2,4,Undirected,0.3594749406532234
2,8,Undirected,0.20430207354984536
2,11,Undirected,0.1813899134278401
2,12,Undirected,0.22756481519159036
2,13,Undirected,0.19431209931825208
3,4,Undirected,0.7417182566180381
3,5,Undirected,0.27124670020034847
3,7,Undirected,0.1673823198817027
3,8,Undirected,0.19068422762027692
3,12,Undirected,0.17514742176542988
4,5,Undirected,0.7221393264601924
4,6,Undirected,0.272475628711107
4,7,Undirected,0.2923214586522309
4,8,Undirected,0.32598031824689083
4,11,Undirected,0.2041428355049234
4,12,Undirected,0.3799858543893565
4,13,Undirected,0.2828198071448969
5,6,Undirected,0.7811067073840706
5,7,Undirected,0.32843969641341497
5,8,Undirected,0.19893295430356506
6,7,Undirected,0.7678465853395319
6,8,Undirected,0.20843919776305392
7,8,Undirected,0.7548716649203051
7,9,Undirected,0.2579564954752642
8,9,Undirected,0.7574688756402644
8,10,Undirected,0.3032113859840466
8,11,Undirected,0.32736074654694175
8,12,Undirected,0.3828152680562261
8,13,Undirected,0.32606452857743784
9,10,Undirected,0.7374300281228113
9,11,Undirected,0.3255688892338741
10,11,Undirected,0.7627367717769297
11,12,Undirected,0.39274826136747765
11,13,Undirected,0.30848865562606415
12,13,Undirected,0.3812853548583042
