Source,Target,Type,Weight
0,1,Undirected,0.7631588044930311
0,2,Undirected,0.28755924052017984
0,3,Undirected,0.23776249622322887
1,2,Undirected,0.758946675013148
1,3,Undirected,0.25890917261551843
2,3,Undirected,0.769094260027802
2,4,Undirected,0.2509420413762306
2,6,Undirected,0.21276900976647528
2,7,Undirected,0.32906544263822
2,8,Undirected,0.3006641946224436
2,9,Undirected,0.21113750670013479
2,11,Undirected,0.2881018309144791
2,12,Undirected,0.3897218271704325
2,13,Undirected,0.2140160231990025
3,4,Undirected,0.7675534707088586
3,5,Undirected,0.20588307768670952
3,6,Undirected,0.29771177456291925
3,7,Undirected,0.2935530785844964
3,8,Undirected,0.17928928790379164
3,11,Undirected,0.18804102709405762
3,12,Undirected,0.3848198913792922
3,13,Undirected,0.19446974438865167
4,5,Undirected,0.7472684764729489
4,6,Undirected,0.30278027289108145
4,7,Undirected,0.21569311305912225
4,11,Undirected,0.2226757054204385
4,12,Undirected,0.38573147144786973
4,13,Undirected,0.286580955062594
5,6,Undirected,0.7555810360023401
5,7,Undirected,0.26273439703193036
5,12,Undirected,0.17632754423381777
6,7,Undirected,0.7592992939426646
6,8,Undirected,0.21587393217314738
6,9,Undirected,0.20268265897668816
6,11,Undirected,0.1763046121121485
6,12,Undirected,0.3675050267609084
6,13,Undirected,0.29039816213580744
7,8,Undirected,0.7301403468611594
7,9,Undirected,0.31334121236480017
7,11,Undirected,0.20681378867726774
7,12,Undirected,0.36670349755924664
7,13,Undirected,0.271260488593075
8,9,Undirected,0.743498954895982
8,10,Undirected,0.20930677968080882
8,11,Undirected,0.169386563005619
8,12,Undirected,0.20847268196820132
8,13,Undirected,0.17176572689148517
9,10,Undirected,0.753329907014324
9,11,Undirected,0.3157070565273386
9,12,Undirected,0.21235997358299735
9,13,Undirected,0.32091135278967975
10,11,Undirected,0.7256653504771025
10,13,Undirected,0.25031679728966066
11,12,Undirected,0.31372898667421634
11,13,Undirected,0.296171452906609
12,13,Undirected,0.36689153254023793
