Source,Target,Type,Weight
0,1,Undirected,0.7526261050815268
0,2,Undirected,0.34534328372464185
0,3,Undirected,0.35771561997798423
0,4,Undirected,0.22113778479443638
0,5,Undirected,0.19743394020962443
0,8,Undirected,0.18632400933809218
0,12,Undirected,0.390229306832165
0,13,Undirected,0.20668674316445712
1,2,Undirected,0.7474141549517455
1,3,Undirected,0.24497455988668207
1,12,Undirected,0.2067678687682172
2,3,Undirected,0.7339667493763091
2,4,Undirected,0.35288818125661825
2,5,Undirected,0.3316318337476322
2,6,Undirected,0.19471402278518174
2,8,Undirected,0.18493888243810266
2,12,Undirected,0.38187414689999666
2,13,Undirected,0.29647538651573013
3,4,Undirected,0.730082329354319
3,5,Undirected,0.23581705925618324
3,12,Undirected,0.22068756504654938
4,5,Undirected,0.7296940465352396
4,6,Undirected,0.20136298554055465
4,8,Undirected,0.21955056012742014
4,12,Undirected,0.2052848049255385
5,6,Undirected,0.7464752335547087
5,7,Undirected,0.24988385472898622
5,8,Undirected,0.3269705250497865
5,12,Undirected,0.35247131798163367
5,13,Undirected,0.34212756599508265
6,7,Undirected,0.7654109684347431
6,8,Undirected,0.2889148699023292
6,9,Undirected,0.1876594363215761
6,12,Undirected,0.2017753209433472
6,13,Undirected,0.23234922049550502
7,8,Undirected,0.7515191672323407
7,9,Undirected,0.2234147226981855
7,11,Undirected,0.3061322591112998
7,13,Undirected,0.17338922174303645
8,9,Undirected,0.756402422007515
8,10,Undirected,0.21414666543586358
8,11,Undirected,0.29166881369144665
8,12,Undirected,0.22999672522439232
8,13,Undirected,0.20657279400038672
9,10,Undirected,0.7374718435055401
9,11,Undirected,0.2911854742719763
10,11,Undirected,0.7704832613438043
12,13,Undirected,0.3823347180795755
