Source,Target,Type,Weight
0,1,Undirected,0.7711284262306596
0,2,Undirected,0.3320465154426063
0,3,Undirected,0.32743266043798636
0,4,Undirected,0.21007800471414131
0,5,Undirected,0.18065000517274513
0,6,Undirected,0.19684962060619282
0,8,Undirected,0.1942055558951051
0,11,Undirected,0.2966576308406515
0,12,Undirected,0.36399747875815563
0,13,Undirected,0.34487262797000434
1,2,Undirected,0.7511792516189301
1,3,Undirected,0.25839631672089886
1,11,Undirected,0.26598475334207117
1,12,Undirected,0.20219683423394552
1,13,Undirected,0.1705516054029305
2,3,Undirected,0.7664918580305584
2,4,Undirected,0.35440043620033546
2,5,Undirected,0.2096312007778483
2,6,Undirected,0.208864827740338
2,8,Undirected,0.3271820697875421
2,11,Undirected,0.29394746192591015
2,12,Undirected,0.38900200209289054
2,13,Undirected,0.3051776319408327
3,4,Undirected,0.7623602372706064
3,5,Undirected,0.3419568034036014
3,6,Undirected,0.1817223762364913
3,12,Undirected,0.21330349809673227
3,13,Undirected,0.27567908495374527
4,5,Undirected,0.7700278559509715
4,6,Undirected,0.34550432520457536
4,7,Undirected,0.20085996697975053
4,8,Undirected,0.36024873741711616
4,11,Undirected,0.19687403218830796
4,12,Undirected,0.35143788760416583
4,13,Undirected,0.3135723083536591
5,6,Undirected,0.7471639132804014
5,7,Undirected,0.20825477176206417
5,12,Undirected,0.1940463815887481
5,13,Undirected,0.3229827707264214
6,7,Undirected,0.7677562804922583
6,8,Undirected,0.31756279663356346
6,11,Undirected,0.30067454031814994
6,12,Undirected,0.35673127536816396
6,13,Undirected,0.3024669679386618
7,8,Undirected,0.723232923783948
7,9,Undirected,0.21656139881295366
7,11,Undirected,0.29420682531406617
7,12,Undirected,0.21131977216200332
7,13,Undirected,0.1966215607432675
8,9,Undirected,0.7401525073054763
8,10,Undirected,0.2928763173940282
8,11,Undirected,0.3163718326075311
8,12,Undirected,0.39411053238087146
8,13,Undirected,0.1992233796247918
9,10,Undirected,0.7342422876449144
9,11,Undirected,0.29645279720119083
10,11,Undirected,0.7714016486825465
11,12,Undirected,0.37190911746173844
11,13,Undirected,0.21421812934425505
12,13,Undirected,0.36022281008736273
