Source,Target,Type,Weight
0,1,Undirected,0.732821269215945
0,2,Undirected,0.320149728228305
0,3,Undirected,0.17178339855496155
0,7,Undirected,0.1682746010347536
0,11,Undirected,0.20085648498661102
0,12,Undirected,0.20387753379922016
0,13,Undirected,0.33164625603338554
1,2,Undirected,0.7507129824556379
1,3,Undirected,0.279609156862834
1,4,Undirected,0.18005054099677753
1,5,Undirected,0.17600805566654926
1,7,Undirected,0.1677078138659759
1,13,Undirected,0.19619730386252401
2,3,Undirected,0.7256691169632759
2,4,Undirected,0.202007113564175
2,5,Undirected,0.2776182687909919
2,6,Undirected,0.26852731382351275
2,7,Undirected,0.2863307328095058
2,8,Undirected,0.21859815461076296
2,11,Undirected,0.2968709213288208
2,12,Undirected,0.39399454553430535
2,13,Undirected,0.34581833370518067
3,4,Undirected,0.7431711262266352
3,5,Undirected,0.29844209433388197
3,6,Undirected,0.18745926721342643
3,7,Undirected,0.1895775863035285
4,5,Undirected,0.76077031389749
4,6,Undirected,0.2382322426752871
5,6,Undirected,0.7408215829453825
5,7,Undirected,0.2579779939931281
6,7,Undirected,0.7557545528929481
6,8,Undirected,0.25894555308063916
6,12,Undirected,0.194063314466663
7,8,Undirected,0.7432722697489379
7,9,Undirected,0.2541109031909448
8,9,Undirected,0.7592777138454593
8,10,Undirected,0.22939339088644659
8,11,Undirected,0.27845552433577336
8,12,Undirected,0.21486451402440038
9,10,Undirected,0.7523047528170148
9,11,Undirected,0.29366316070122295
10,11,Undirected,0.7641401222827077
11,12,Undirected,0.3967444717560923
11,13,Undirected,0.3348154936334587
12,13,Undirected,0.3786059284993957
