Source,Target,Type,Weight
0,1,Undirected,0.7262981031556006
0,2,Undirected,0.36551640177362826
0,3,Undirected,0.19985419420379075
0,4,Undirected,0.19835341709224752
0,12,Undirected,0.3697294779531941
0,13,Undirected,0.3191047576790334
1,2,Undirected,0.737310313246277
1,3,Undirected,0.21581974789717062
1,12,Undirected,0.17890092840037053
1,13,Undirected,0.18161456025788958
2,3,Undirected,0.7387980640807145
2,4,Undirected,0.2481176898876713
2,12,Undirected,0.3853994724250768
2,13,Undirected,0.33830734373777516
3,4,Undirected,0.7510317656785991
3,5,Undirected,0.21436779576574047
3,12,Undirected,0.35564642319738743
3,13,Undirected,0.22144489235886763
4,5,Undirected,0.751775030152167
4,6,Undirected,0.2196743106109981
4,12,Undirected,0.3811664009721674
4,13,Undirected,0.31539288457848097
5,6,Undirected,0.7332353193118507
5,7,Undirected,0.2660202306597363
6,7,Undirected,0.7456030783318012
6,8,Undirected,0.2817136810304036
6,9,Undirected,0.17484633063587593
7,8,Undirected,0.7426783139838988
7,9,Undirected,0.2374213987782458
7,10,Undirected,0.24800780322403332
7,11,Undirected,0.24167319302169393
8,9,Undirected,0.7257046494070252
8,10,Undirected,0.22854278300689065
9,10,Undirected,0.7387168041841381
9,11,Undirected,0.2215243297314912
10,11,Undirected,0.762603500376365
12,13,Undirected,0.38487494214447715
