Source,Target,Type,Weight
0,1,Undirected,0.7315458734009822
0,2,Undirected,0.32403213232531675
0,3,Undirected,0.29158375369145806
0,4,Undirected,0.3350879837801688
0,5,Undirected,0.35267056700675525
0,6,Undirected,0.30011064078422656
0,7,Undirected,0.190176693717197
0,11,Undirected,0.2866177720616308
0,12,Undirected,0.39674424658487933
0,13,Undirected,0.1923913056441426
1,2,Undirected,0.7374695094987593
1,3,Undirected,0.2637152649954551
1,6,Undirected,0.1719712014626579
1,10,Undirected,0.1830381413540297
1,11,Undirected,0.2856559872397171
1,12,Undirected,0.20607640586346584
2,3,Undirected,0.7422684426137034
2,4,Undirected,0.31051417019844146
2,5,Undirected,0.16921251042574478
2,6,Undirected,0.19878312219489191
2,11,Undirected,0.3182937896761751
2,12,Undirected,0.4008442540503217
2,13,Undirected,0.33963155481271373
3,4,Undirected,0.7648111706123735
3,5,Undirected,0.25363656973481175
3,11,Undirected,0.18512319421970228
3,12,Undirected,0.20670778772560144
4,5,Undirected,0.7608586376683351
4,6,Undirected,0.3377723474692707
4,7,Undirected,0.19476009793206142
4,11,Undirected,0.19886792892973473
4,12,Undirected,0.373308274658433
4,13,Undirected,0.29748201921038503
5,6,Undirected,0.7395049783819785
5,7,Undirected,0.213542218218016
5,12,Undirected,0.18970934419510224
6,7,Undirected,0.7289764246054641
6,8,Undirected,0.2614937793742248
6,11,Undirected,0.32601487900547954
6,12,Undirected,0.37479471111310875
6,13,Undirected,0.21317847620660488
7,8,Undirected,0.7359293109891865
7,9,Undirected,0.24429876890265964
7,11,Undirected,0.292566551101722
7,12,Undirected,0.21133191024657735
7,13,Undirected,0.1843418851982261
8,9,Undirected,0.7499969601754373
8,10,Undirected,0.33329677982678724
8,11,Undirected,0.3479912718101038
8,12,Undirected,0.21847768449191732
8,13,Undirected,0.3063483650078528
9,10,Undirected,0.735513503427939
9,11,Undirected,0.33735101008151175
10,11,Undirected,0.7472469091669985
11,12,Undirected,0.37882286211811117
11,13,Undirected,0.2989460101582959
12,13,Undirected,0.35902753560440737
