Source,Target,Type,Weight
0,1,Undirected,0.7344779022491974
0,2,Undirected,0.3260027413646431
0,3,Undirected,0.30944364015095094
0,4,Undirected,0.2385622145523324
0,5,Undirected,0.1785819998984958
0,6,Undirected,0.20537641779760774
0,11,Undirected,0.31801044521116595
0,12,Undirected,0.3863565058585787
0,13,Undirected,0.20625954815614672
1,2,Undirected,0.738374134907056
1,3,Undirected,0.2458814327716614
1,10,Undirected,0.17677085725966027
1,11,Undirected,0.3070536022998215
1,12,Undirected,0.20950801752147302
1,13,Undirected,0.1720410066155104
2,3,Undirected,0.7410858594581472
2,4,Undirected,0.2964198623662753
2,6,Undirected,0.20604702719368176
2,8,Undirected,0.17298113396793094
2,11,Undirected,0.2986192388694614
2,12,Undirected,0.3824960462770256
2,13,Undirected,0.3733773306239178
3,4,Undirected,0.766966299449192
3,5,Undirected,0.286453382954336
3,6,Undirected,0.17147086894925248
3,11,Undirected,0.17801917136851084
3,12,Undirected,0.2168328690254829
3,13,Undirected,0.17426964332323497
4,5,Undirected,0.7440140390985275
4,6,Undirected,0.3482524994688164
4,7,Undirected,0.20264319564386393
4,11,Undirected,0.19764427363218776
4,12,Undirected,0.388772500408302
4,13,Undirected,0.4007849234760766
5,6,Undirected,0.7457500307595146
5,7,Undirected,0.21408908277899136
5,12,Undirected,0.19608774856434807
6,7,Undirected,0.7348170282291895
6,8,Undirected,0.26021207173664573
6,11,Undirected,0.28772119107116445
6,12,Undirected,0.39013928842040013
6,13,Undirected,0.2912771389296806
7,8,Undirected,0.7333324299929408
7,9,Undirected,0.2203792876138478
7,11,Undirected,0.29021968951511706
7,12,Undirected,0.22247352258372227
7,13,Undirected,0.20547622546858313
8,9,Undirected,0.7528167106735175
8,10,Undirected,0.3196570330158004
8,11,Undirected,0.3494692435197484
8,12,Undirected,0.20402460687249444
8,13,Undirected,0.24567122248128226
9,10,Undirected,0.7479349468583838
9,11,Undirected,0.3295023021852888
10,11,Undirected,0.7450876453739345
11,12,Undirected,0.37394286773955704
11,13,Undirected,0.2965502618029444
12,13,Undirected,0.37548098860183576
