Source,Target,Type,Weight
0,1,Undirected,0.7434774728384059
0,2,Undirected,0.316413145869995
0,3,Undirected,0.29390671961929715
0,4,Undirected,0.3339577269143571
0,5,Undirected,0.34319717777192643
0,6,Undirected,0.30633221080526446
0,7,Undirected,0.24441094704533595
0,11,Undirected,0.3315059411454415
0,12,Undirected,0.40871718684193653
0,13,Undirected,0.20617273998163554
1,2,Undirected,0.7789483751959881
1,3,Undirected,0.25201325611415315
1,6,Undirected,0.17029724581831598
1,11,Undirected,0.3538858260099717
1,12,Undirected,0.21004494956632416
2,3,Undirected,0.7601534477999647
2,4,Undirected,0.30323598168425475
2,6,Undirected,0.19094204541378065
2,11,Undirected,0.32606029548219223
2,12,Undirected,0.36745750452586523
2,13,Undirected,0.20356679079102244
3,4,Undirected,0.7572703016196267
3,5,Undirected,0.2737322137535704
3,11,Undirected,0.18222193683621868
3,12,Undirected,0.19890476576179936
4,5,Undirected,0.7548718687078886
4,6,Undirected,0.3686128112054391
4,7,Undirected,0.19583586203509046
4,11,Undirected,0.1981269339476429
4,12,Undirected,0.37115241551474554
4,13,Undirected,0.3307978472409918
5,6,Undirected,0.7495119322621844
5,7,Undirected,0.20783512347306268
5,12,Undirected,0.18610168739489832
5,13,Undirected,0.17456542228660132
6,7,Undirected,0.7246755566889669
6,8,Undirected,0.2315149485222921
6,11,Undirected,0.284821757555616
6,12,Undirected,0.3779182018668563
6,13,Undirected,0.3663834927285922
7,8,Undirected,0.773107682371252
7,9,Undirected,0.2207069118352949
7,11,Undirected,0.2787515652886013
7,12,Undirected,0.21632670660323194
7,13,Undirected,0.24948278009550084
8,9,Undirected,0.7652793441188421
8,10,Undirected,0.30739743681073284
8,11,Undirected,0.34015596407356957
8,12,Undirected,0.1994377916637622
8,13,Undirected,0.2649808686181213
9,10,Undirected,0.7432558057113492
9,11,Undirected,0.2742642694542033
10,11,Undirected,0.7584455488585082
11,12,Undirected,0.38015578369090375
11,13,Undirected,0.2785621020948424
12,13,Undirected,0.37843564024296444
