Source,Target,Type,Weight
0,1,Undirected,0.7533079207622048
0,2,Undirected,0.26454846445919056
0,3,Undirected,0.21056482908535942
0,4,Undirected,0.17977511137833968
0,9,Undirected,0.16711736741568656
0,11,Undirected,0.3408053180627215
0,12,Undirected,0.3707340063161637
0,13,Undirected,0.20765431399532203
1,2,Undirected,0.7613867998458458
1,3,Undirected,0.21638509752307064
1,8,Undirected,0.23083333379195797
2,3,Undirected,0.7604167412630252
2,4,Undirected,0.2847811078743806
2,5,Undirected,0.27968092013554674
3,4,Undirected,0.7600676980234689
3,5,Undirected,0.24555121432491367
4,5,Undirected,0.7697538397728712
4,6,Undirected,0.3251815387802436
4,7,Undirected,0.21325753562118932
4,8,Undirected,0.2509513652134939
4,9,Undirected,0.17695551414423488
5,6,Undirected,0.737653098309773
5,7,Undirected,0.3314218563272649
5,8,Undirected,0.1892579316518845
6,7,Undirected,0.7789722453213282
6,8,Undirected,0.26228632311608086
7,8,Undirected,0.7460610953780827
7,9,Undirected,0.2063857032803993
8,9,Undirected,0.7706680807419338
8,10,Undirected,0.21364296175905165
9,10,Undirected,0.7609034284160868
9,11,Undirected,0.2625420629941359
10,11,Undirected,0.7724143214461848
11,12,Undirected,0.35562866206745686
11,13,Undirected,0.2536024169932503
12,13,Undirected,0.3865152983167622
