Source,Target,Type,Weight
0,1,Undirected,0.739726435693217
0,2,Undirected,0.2551410169376051
0,3,Undirected,0.2076307122276616
1,2,Undirected,0.750438775370538
1,3,Undirected,0.2439192954325497
2,3,Undirected,0.750651515247779
2,4,Undirected,0.24856766891716506
2,6,Undirected,0.22963520432493184
2,7,Undirected,0.3292361035776752
2,8,Undirected,0.25943764378910844
2,9,Undirected,0.18123469349748186
2,11,Undirected,0.3147378091648999
2,12,Undirected,0.3840931749465225
2,13,Undirected,0.198089205846429
3,4,Undirected,0.7252842587458593
3,5,Undirected,0.205257057756931
3,6,Undirected,0.3216569731772559
3,7,Undirected,0.27224016254818056
3,8,Undirected,0.17033676394489547
3,11,Undirected,0.1986770036904634
3,12,Undirected,0.366766571396467
3,13,Undirected,0.19838233157359422
4,5,Undirected,0.7740559817465952
4,6,Undirected,0.30502263287158066
4,7,Undirected,0.2388526700187139
4,11,Undirected,0.22020129580697612
4,12,Undirected,0.3722157281960755
4,13,Undirected,0.29682449121359866
5,6,Undirected,0.7344805389022325
5,7,Undirected,0.29676585456074267
5,12,Undirected,0.18142457713921878
5,13,Undirected,0.18193793494502872
6,7,Undirected,0.7506089307577657
6,8,Undirected,0.2251037178492378
6,9,Undirected,0.3042141338202921
6,10,Undirected,0.17386677464362174
6,11,Undirected,0.20746698402758507
6,12,Undirected,0.38905778684833253
6,13,Undirected,0.3107070450864435
7,8,Undirected,0.7592759957375734
7,9,Undirected,0.31924779284770843
7,10,Undirected,0.17944828571709723
7,11,Undirected,0.295623760394362
7,12,Undirected,0.4012795239336703
7,13,Undirected,0.2976056473141937
8,9,Undirected,0.7312354464139937
8,10,Undirected,0.25767365202030623
8,11,Undirected,0.2900988297981974
8,12,Undirected,0.21891220524021343
8,13,Undirected,0.20443917683174997
9,10,Undirected,0.7521945262894364
9,11,Undirected,0.29897633332603885
9,12,Undirected,0.21876527894828365
9,13,Undirected,0.37401556055911006
10,11,Undirected,0.7326430847453246
10,12,Undirected,0.1775861232388853
10,13,Undirected,0.28462295146044286
11,12,Undirected,0.3932467346901081
11,13,Undirected,0.3080480044137127
12,13,Undirected,0.36770107315519973
