Source,Target,Type,Weight
0,1,Undirected,0.7485233172919911
0,2,Undirected,0.31550322690371974
0,3,Undirected,0.32686880356141157
0,4,Undirected,0.19223480829473868
0,8,Undirected,0.18331201840924147
0,13,Undirected,0.2306022273439012
1,2,Undirected,0.7481253184965305
1,3,Undirected,0.3215150986927687
1,13,Undirected,0.2105468812355686
2,3,Undirected,0.7470612422029799
2,4,Undirected,0.37375379875288983
2,8,Undirected,0.22529255830002712
2,11,Undirected,0.19997875439334925
2,12,Undirected,0.3813986951544962
2,13,Undirected,0.30336193822800867
3,4,Undirected,0.7681193857431515
3,5,Undirected,0.24493453235494317
3,8,Undirected,0.17037353212758452
3,13,Undirected,0.19885035466661888
4,5,Undirected,0.7582296025440248
4,6,Undirected,0.23793149612552614
4,7,Undirected,0.29819666656784377
4,8,Undirected,0.3315877093440399
4,11,Undirected,0.18963311048913387
4,12,Undirected,0.3450469687262355
4,13,Undirected,0.25332436957817783
5,6,Undirected,0.7557557784819455
5,7,Undirected,0.3066532647797769
5,8,Undirected,0.169601001519586
6,7,Undirected,0.7374687314997821
6,8,Undirected,0.20881054917674666
7,8,Undirected,0.7494902352646229
7,9,Undirected,0.26009934280996194
8,9,Undirected,0.7433364864655309
8,10,Undirected,0.30404250081405576
8,11,Undirected,0.34059750634757413
8,12,Undirected,0.3719888074427845
8,13,Undirected,0.3461013812107967
9,10,Undirected,0.7151429930827633
9,11,Undirected,0.3523115895392041
10,11,Undirected,0.7475607562969943
11,12,Undirected,0.37653622197257286
11,13,Undirected,0.31963888453657396
12,13,Undirected,0.3663098010463614
