Source,Target,Type,Weight
0,1,Undirected,0.737149436725255
0,2,Undirected,0.2865575968400877
0,3,Undirected,0.3273485595834218
0,4,Undirected,0.3114886496460434
0,5,Undirected,0.35216279791451444
0,6,Undirected,0.31921353434261124
0,7,Undirected,0.24005204070080957
0,11,Undirected,0.30048866346469555
0,12,Undirected,0.38048681364936066
0,13,Undirected,0.19555212242596484
1,2,Undirected,0.7606377287414987
1,3,Undirected,0.3010477410315772
1,11,Undirected,0.34136616982525503
1,12,Undirected,0.20986409857794106
1,13,Undirected,0.17161112840009057
2,3,Undirected,0.734777572899359
2,4,Undirected,0.3440124196378306
2,6,Undirected,0.19318501508797342
2,11,Undirected,0.29215897004779595
2,12,Undirected,0.366484142714694
2,13,Undirected,0.3667824474876261
3,4,Undirected,0.771150685233737
3,5,Undirected,0.28676629147263716
3,6,Undirected,0.17296063307085965
3,11,Undirected,0.1997277347335547
3,12,Undirected,0.21152906170411276
4,5,Undirected,0.7258961199216698
4,6,Undirected,0.3734028259755577
4,7,Undirected,0.2034244810068947
4,8,Undirected,0.16721894621585517
4,11,Undirected,0.19707315422934193
4,12,Undirected,0.3676818620009578
4,13,Undirected,0.279174945405419
5,6,Undirected,0.7449008669012444
5,7,Undirected,0.2185627057540044
5,12,Undirected,0.18850985802739856
6,7,Undirected,0.7645182781175694
6,8,Undirected,0.2431932002682469
6,11,Undirected,0.2913656430753089
6,12,Undirected,0.38536558519458125
6,13,Undirected,0.2028668807013481
7,8,Undirected,0.7607035326622675
7,9,Undirected,0.22575896395664666
7,11,Undirected,0.27322202611823676
7,12,Undirected,0.2164756255480529
8,9,Undirected,0.7338298602141442
8,10,Undirected,0.32380266545780867
8,11,Undirected,0.3364500705058073
8,12,Undirected,0.21129963027763685
8,13,Undirected,0.26232938489718954
9,10,Undirected,0.7485861733090545
9,11,Undirected,0.29334325527266214
10,11,Undirected,0.7582505062546161
11,12,Undirected,0.38315315295563784
11,13,Undirected,0.336317419578734
12,13,Undirected,0.3676545959235022
