Source,Target,Type,Weight
0,1,Undirected,0.728454362793651
0,2,Undirected,0.34500385654111243
0,3,Undirected,0.3332871659970019
0,4,Undirected,0.23230708748901552
0,5,Undirected,0.18959335399151422
0,6,Undirected,0.20496623482228507
0,11,Undirected,0.33021819116846096
0,12,Undirected,0.364720754932895
0,13,Undirected,0.19949550416146758
1,2,Undirected,0.7768995637434251
1,3,Undirected,0.24830338319326975
1,10,Undirected,0.2866272911864123
1,11,Undirected,0.33862376451449483
1,12,Undirected,0.21622970364242797
1,13,Undirected,0.16863391980233067
2,3,Undirected,0.7541661332385869
2,4,Undirected,0.35182955303353824
2,5,Undirected,0.20322427754257347
2,6,Undirected,0.20992928588574628
2,8,Undirected,0.18331511095835473
2,11,Undirected,0.28674113875836416
2,12,Undirected,0.3992658761889531
2,13,Undirected,0.3622502174725646
3,4,Undirected,0.7541855929884883
3,5,Undirected,0.3115749350264032
3,6,Undirected,0.1772008020353379
3,11,Undirected,0.1830075374965912
3,12,Undirected,0.21525093751052057
4,5,Undirected,0.7358526829351306
4,6,Undirected,0.35379904894506525
4,7,Undirected,0.20697364775914712
4,8,Undirected,0.18861568728076814
4,11,Undirected,0.21291062655654866
4,12,Undirected,0.39937418772901767
4,13,Undirected,0.37534046881942323
5,6,Undirected,0.755282044263811
5,7,Undirected,0.21367234777916583
5,12,Undirected,0.20852595562248938
6,7,Undirected,0.723461087807218
6,8,Undirected,0.25900028689273186
6,11,Undirected,0.28993419233534257
6,12,Undirected,0.3838208102186668
6,13,Undirected,0.2668021487402591
7,8,Undirected,0.7581624443236565
7,9,Undirected,0.2431975997893136
7,11,Undirected,0.28509447981131564
7,12,Undirected,0.21878264679648013
7,13,Undirected,0.22389006033277026
8,9,Undirected,0.7399082784866532
8,10,Undirected,0.35371956305222507
8,11,Undirected,0.3445552105598107
8,12,Undirected,0.2186655528078657
8,13,Undirected,0.29650103941036055
9,10,Undirected,0.751986101636267
9,11,Undirected,0.30745370184738136
10,11,Undirected,0.7489200682192806
11,12,Undirected,0.41256880320635386
11,13,Undirected,0.3200102298192058
12,13,Undirected,0.3782077246890608
