Source,Target,Type,Weight
0,1,Undirected,0.7366104973086425
0,2,Undirected,0.2867754871360022
0,3,Undirected,0.17060499451614253
0,4,Undirected,0.16980347138318505
0,7,Undirected,0.17538327500052894
0,8,Undirected,0.27422584215360346
0,9,Undirected,0.18749313826639083
0,11,Undirected,0.3107208326774023
0,12,Undirected,0.375807492990184
0,13,Undirected,0.1971524302751915
1,2,Undirected,0.7550453318394337
1,3,Undirected,0.20862152253028723
1,8,Undirected,0.3325342729665901
2,3,Undirected,0.7594965956411966
2,4,Undirected,0.23573761528611098
2,8,Undirected,0.32865227152859167
3,4,Undirected,0.7784514856553241
3,5,Undirected,0.2636642385625067
3,6,Undirected,0.1767502080267434
3,8,Undirected,0.28109091559767935
4,5,Undirected,0.7595626149153595
4,6,Undirected,0.23102944525114671
4,8,Undirected,0.2059026044251615
5,6,Undirected,0.7274112807693351
5,7,Undirected,0.24658155966994094
5,8,Undirected,0.17402020944307778
6,7,Undirected,0.7292865211920275
6,8,Undirected,0.2209013575758776
7,8,Undirected,0.7508410546744165
7,9,Undirected,0.28605302714101377
7,10,Undirected,0.17284154727219844
8,9,Undirected,0.7589498335959337
8,10,Undirected,0.20736314208823578
9,10,Undirected,0.742352193859879
9,11,Undirected,0.25196210125487134
10,11,Undirected,0.7691400962143959
11,12,Undirected,0.36125102999466774
11,13,Undirected,0.30687695506473434
12,13,Undirected,0.38451275799518175
