Source,Target,Type,Weight
0,1,Undirected,0.7585767534418106
0,2,Undirected,0.3455886466620443
0,3,Undirected,0.24317644970259136
1,2,Undirected,0.7503549347378062
1,3,Undirected,0.22852846291694295
2,3,Undirected,0.7544214273251997
2,4,Undirected,0.24517770295548072
2,6,Undirected,0.2053036756777712
2,7,Undirected,0.3341695731097922
2,8,Undirected,0.3582157366586053
2,9,Undirected,0.17845740414779152
2,10,Undirected,0.1772164798873874
2,11,Undirected,0.3750031404460211
2,12,Undirected,0.385985703735572
2,13,Undirected,0.2807328483758265
3,4,Undirected,0.7191836742392385
3,5,Undirected,0.2016159253692515
3,6,Undirected,0.31274463559539534
3,7,Undirected,0.29939051963046437
3,8,Undirected,0.18950788000150004
3,11,Undirected,0.20007136029124156
3,12,Undirected,0.3838526698294542
3,13,Undirected,0.261477363461854
4,5,Undirected,0.7479573541847445
4,6,Undirected,0.3446948373321008
4,7,Undirected,0.2533651968019825
4,11,Undirected,0.20293323225791032
4,12,Undirected,0.39293922343449333
4,13,Undirected,0.39644746809037135
5,6,Undirected,0.7469970455327062
5,7,Undirected,0.2788213690918534
5,12,Undirected,0.17250330463421998
6,7,Undirected,0.7407406622490358
6,8,Undirected,0.23576716526440153
6,9,Undirected,0.2672747395375322
6,10,Undirected,0.21424318690663433
6,11,Undirected,0.18805841207166793
6,12,Undirected,0.356205704160587
6,13,Undirected,0.19555806707146212
7,8,Undirected,0.762737950764051
7,9,Undirected,0.283563960808
7,10,Undirected,0.2087104885790294
7,11,Undirected,0.25174141536363615
7,12,Undirected,0.40102442170713876
7,13,Undirected,0.1970511557335475
8,9,Undirected,0.743766859998342
8,10,Undirected,0.3082718769706582
8,11,Undirected,0.21006079201502312
8,12,Undirected,0.21692184252905294
9,10,Undirected,0.7438506859015751
9,11,Undirected,0.22987788088343877
9,12,Undirected,0.17958594097282968
10,11,Undirected,0.7494056021959531
10,12,Undirected,0.21180893128575973
11,12,Undirected,0.36103967068406806
11,13,Undirected,0.31539020467821965
12,13,Undirected,0.3723133952094533
