Source,Target,Type,Weight
0,1,Undirected,0.7443454520577069
0,2,Undirected,0.3425176785190916
0,3,Undirected,0.31664298810802616
0,4,Undirected,0.2855906146228547
0,5,Undirected,0.3111207673043933
0,6,Undirected,0.30614727492470595
0,7,Undirected,0.2590549958476383
0,11,Undirected,0.2734546660802443
0,12,Undirected,0.39541387093152247
0,13,Undirected,0.1991135389956537
1,2,Undirected,0.7531370805861115
1,3,Undirected,0.25037490835474063
1,11,Undirected,0.2033942359710338
1,12,Undirected,0.17909044701561466
2,3,Undirected,0.7614962116312204
2,4,Undirected,0.3434542640351166
2,5,Undirected,0.18710703789985655
2,6,Undirected,0.20362381396754237
2,11,Undirected,0.3123153068830228
2,12,Undirected,0.3843921696357145
2,13,Undirected,0.20093155734335805
3,4,Undirected,0.744017074610599
3,5,Undirected,0.3248363370255683
3,6,Undirected,0.18051464550250707
3,12,Undirected,0.19918205458921323
4,5,Undirected,0.7551311756282785
4,6,Undirected,0.38801140896583675
4,7,Undirected,0.2065045295262842
4,11,Undirected,0.19838366398191765
4,12,Undirected,0.37110749153677003
4,13,Undirected,0.3065327599038022
5,6,Undirected,0.7212927504584494
5,7,Undirected,0.21084552175759028
5,12,Undirected,0.18559113616552433
6,7,Undirected,0.7475594239040912
6,8,Undirected,0.22010797208557287
6,11,Undirected,0.2944576954844317
6,12,Undirected,0.37798573797537793
6,13,Undirected,0.3440451245555688
7,8,Undirected,0.7478102639414874
7,9,Undirected,0.21486185036023378
7,11,Undirected,0.2759915481904946
7,12,Undirected,0.21038662788422974
7,13,Undirected,0.2664919663324449
8,9,Undirected,0.7428012913250674
8,10,Undirected,0.3098277035180033
8,11,Undirected,0.34387816608980654
8,12,Undirected,0.17030214136375735
8,13,Undirected,0.2654217596655498
9,10,Undirected,0.7453352397179092
9,11,Undirected,0.28767680913409865
10,11,Undirected,0.7448169364138651
11,12,Undirected,0.39719792157623685
11,13,Undirected,0.3569927591216572
12,13,Undirected,0.36660304749691375
