Source,Target,Type,Weight
0,1,Undirected,0.7388776497431203
0,2,Undirected,0.31547968579176916
0,3,Undirected,0.33738137508257965
0,4,Undirected,0.3251110638112502
0,5,Undirected,0.3498879338621258
0,6,Undirected,0.3291159741346462
0,7,Undirected,0.2577791069381866
0,11,Undirected,0.2996201086669229
0,12,Undirected,0.38961514034649825
0,13,Undirected,0.19565835992147362
1,2,Undirected,0.7445076350433906
1,3,Undirected,0.27867577871743754
1,6,Undirected,0.16734739215533564
1,11,Undirected,0.346760352968848
1,12,Undirected,0.20749931481706851
2,3,Undirected,0.7318764220083753
2,4,Undirected,0.32495953020796675
2,5,Undirected,0.18796292711187976
2,6,Undirected,0.2076844819043871
2,8,Undirected,0.18190182835818305
2,11,Undirected,0.30454283403255483
2,12,Undirected,0.3920552957933478
2,13,Undirected,0.26527514197895585
3,4,Undirected,0.7383146715851219
3,5,Undirected,0.33934372088906467
3,6,Undirected,0.1825834459923009
3,11,Undirected,0.203863918206042
3,12,Undirected,0.21169636038869763
4,5,Undirected,0.7451691876929856
4,6,Undirected,0.3146288511298288
4,7,Undirected,0.1897301115146793
4,11,Undirected,0.19454071311211413
4,12,Undirected,0.3713648021974986
4,13,Undirected,0.30893942095808324
5,6,Undirected,0.7611884459097662
5,7,Undirected,0.21874519867185288
5,12,Undirected,0.1846344555571207
6,7,Undirected,0.7361914647121036
6,8,Undirected,0.2345015442210797
6,11,Undirected,0.2773210166060536
6,12,Undirected,0.37708933843239123
6,13,Undirected,0.27848266498022245
7,8,Undirected,0.7476658304313767
7,9,Undirected,0.2052164049278898
7,11,Undirected,0.26066579684929225
7,12,Undirected,0.21253927308323892
7,13,Undirected,0.20005624445043943
8,9,Undirected,0.7409230040890015
8,10,Undirected,0.30341895242831146
8,11,Undirected,0.366928668340559
8,12,Undirected,0.20823667793929543
8,13,Undirected,0.24962971894826017
9,10,Undirected,0.7300225422071347
9,11,Undirected,0.29248512750492844
10,11,Undirected,0.7451499918721647
11,12,Undirected,0.3814405603805108
11,13,Undirected,0.2828541571017548
12,13,Undirected,0.37297349305709565
