Source,Target,Type,Weight
0,1,Undirected,0.7397681857300876
0,2,Undirected,0.3712215960610526
0,3,Undirected,0.20389230094500196
0,4,Undirected,0.3182437496078199
0,5,Undirected,0.20172584779796174
0,11,Undirected,0.23446759198440573
0,12,Undirected,0.3963920167103889
0,13,Undirected,0.2802252543090363
1,2,Undirected,0.7601524834378875
1,3,Undirected,0.3111735556369003
1,4,Undirected,0.28125750409902767
1,5,Undirected,0.28009315728054196
1,6,Undirected,0.22526342202003571
1,7,Undirected,0.2607664361096418
1,11,Undirected,0.2708047593360018
1,12,Undirected,0.21623895632104073
2,3,Undirected,0.764672642555579
2,4,Undirected,0.27368084496914624
2,5,Undirected,0.18897381230862945
2,12,Undirected,0.19973777863876901
3,4,Undirected,0.7493017787124217
3,5,Undirected,0.3136969815547727
3,6,Undirected,0.1832711680990407
3,12,Undirected,0.1849732028800807
4,5,Undirected,0.7468109043226339
4,6,Undirected,0.21922908458367787
4,10,Undirected,0.17098118968193118
4,11,Undirected,0.3014268515782296
4,12,Undirected,0.3770150732177801
4,13,Undirected,0.2918144331087555
5,6,Undirected,0.7436403984481843
5,7,Undirected,0.2546843742665983
5,8,Undirected,0.1699097744836053
5,9,Undirected,0.23577980908728685
5,10,Undirected,0.16785658514806606
5,11,Undirected,0.31841028070303296
5,12,Undirected,0.24649550986374852
5,13,Undirected,0.18175067729069855
6,7,Undirected,0.7564028994424954
6,8,Undirected,0.3290079583719789
6,9,Undirected,0.3614045191764021
6,10,Undirected,0.18638140380794846
6,11,Undirected,0.18952146091387367
7,8,Undirected,0.7695484202879286
7,9,Undirected,0.23266755148630727
7,11,Undirected,0.1961338708838721
8,9,Undirected,0.7521772599436805
8,10,Undirected,0.21752515801585381
8,11,Undirected,0.16992958602416278
9,10,Undirected,0.7597385848222695
9,11,Undirected,0.31679693625033273
10,11,Undirected,0.7421051984381534
10,13,Undirected,0.17121162345512506
11,12,Undirected,0.4010857025701285
11,13,Undirected,0.35345400404276905
12,13,Undirected,0.38806023176082566
