Source,Target,Type,Weight
0,1,Undirected,0.7423904301233617
0,2,Undirected,0.3252357769093907
0,3,Undirected,0.32119792475538195
0,4,Undirected,0.2974267290522589
0,5,Undirected,0.268154361581546
0,6,Undirected,0.35145537983967123
0,7,Undirected,0.30402861634094086
0,11,Undirected,0.3041538428292698
0,12,Undirected,0.3837025508972811
0,13,Undirected,0.19813601254524818
1,2,Undirected,0.7292669303417126
1,3,Undirected,0.32176167166470904
1,4,Undirected,0.17418664594408342
2,3,Undirected,0.7345012469330141
2,4,Undirected,0.33578060209408156
2,5,Undirected,0.21601132530080772
2,6,Undirected,0.21233885894107593
2,11,Undirected,0.2868286335438939
2,12,Undirected,0.3911482680214051
2,13,Undirected,0.3107613278519621
3,4,Undirected,0.7382738651424194
3,5,Undirected,0.2789230149139847
3,12,Undirected,0.17892405245806084
4,5,Undirected,0.767189988036618
4,6,Undirected,0.3216414087056666
4,7,Undirected,0.19780854953929133
4,11,Undirected,0.20045879465225788
4,12,Undirected,0.39700678203891276
4,13,Undirected,0.3096940121525046
5,6,Undirected,0.7469971120520423
5,7,Undirected,0.21555282311076812
5,12,Undirected,0.19690493880099122
6,7,Undirected,0.7728058391438507
6,8,Undirected,0.22464877205190478
6,11,Undirected,0.25469049848013503
6,12,Undirected,0.3889718431319961
6,13,Undirected,0.2136079267751727
7,8,Undirected,0.7621393558208717
7,9,Undirected,0.22427794846643823
7,11,Undirected,0.2672975297864745
7,12,Undirected,0.21958129499807658
8,9,Undirected,0.7195751074566528
8,10,Undirected,0.3039513933320622
8,11,Undirected,0.39597213932753056
8,12,Undirected,0.17608871742731283
9,10,Undirected,0.7463080092760394
9,11,Undirected,0.30808189948032394
10,11,Undirected,0.766942878965108
11,12,Undirected,0.3780804926769115
11,13,Undirected,0.30408061249605334
12,13,Undirected,0.3746608622560113
