Source,Target,Type,Weight
0,1,Undirected,0.7624494157204984
0,2,Undirected,0.30276788034533536
0,3,Undirected,0.3363439845501477
0,4,Undirected,0.2394056412301293
0,5,Undirected,0.18543892653056712
0,6,Undirected,0.21680758310458362
0,7,Undirected,0.16817509407138753
0,8,Undirected,0.19922813007504475
0,11,Undirected,0.28750231513755176
0,12,Undirected,0.3985422809504231
0,13,Undirected,0.3132073958483538
1,2,Undirected,0.7382121442232442
1,3,Undirected,0.24471742728556745
1,8,Undirected,0.17081553251446105
1,11,Undirected,0.35362207453533134
1,12,Undirected,0.23233331265343743
1,13,Undirected,0.2034228235117236
2,3,Undirected,0.7329004047609562
2,4,Undirected,0.3186406622869539
2,5,Undirected,0.1711557307958744
2,6,Undirected,0.20151958004710624
2,8,Undirected,0.27619042351133355
2,11,Undirected,0.2930019796109434
2,12,Undirected,0.38174363740732764
2,13,Undirected,0.18855685786522713
3,4,Undirected,0.7408827594734355
3,5,Undirected,0.3217094249427462
3,6,Undirected,0.18095670926678842
3,11,Undirected,0.18120301440515715
3,12,Undirected,0.23630038779976115
3,13,Undirected,0.1685160031190477
4,5,Undirected,0.7557780440407914
4,6,Undirected,0.3374623208467647
4,7,Undirected,0.19605504512538433
4,8,Undirected,0.3303049437096904
4,11,Undirected,0.20260593991377168
4,12,Undirected,0.3963823517737628
4,13,Undirected,0.21035799091283233
5,6,Undirected,0.7432733893299798
5,7,Undirected,0.22233811284988284
5,12,Undirected,0.19867950704526913
5,13,Undirected,0.18200797965129903
6,7,Undirected,0.7426800235501392
6,8,Undirected,0.3273326438046251
6,11,Undirected,0.30104527776089074
6,12,Undirected,0.3801184716393628
6,13,Undirected,0.33394063023262127
7,8,Undirected,0.7775324606469921
7,9,Undirected,0.2283998618155743
7,11,Undirected,0.2994360672515789
7,12,Undirected,0.21665742383757305
7,13,Undirected,0.28246103377555415
8,9,Undirected,0.7416768107874502
8,10,Undirected,0.29668142657065655
8,11,Undirected,0.33250495867375496
8,12,Undirected,0.38519429274168937
8,13,Undirected,0.21793016473162447
9,10,Undirected,0.7414735834267032
9,11,Undirected,0.30505253738186433
10,11,Undirected,0.759036086799276
11,12,Undirected,0.37570838829558817
11,13,Undirected,0.4058409772143678
12,13,Undirected,0.3501171187933738
