Source,Target,Type,Weight
0,1,Undirected,0.7627588957310147
0,2,Undirected,0.3150610185543518
0,3,Undirected,0.3119975875125508
0,4,Undirected,0.33194203195846167
0,5,Undirected,0.3610744189826325
0,6,Undirected,0.2753016283757777
0,7,Undirected,0.21694636961340621
0,11,Undirected,0.3179734866935012
0,12,Undirected,0.3719183842851487
0,13,Undirected,0.20121796649296844
1,2,Undirected,0.7482723324771523
1,3,Undirected,0.24697687241595476
1,6,Undirected,0.172391776924604
1,8,Undirected,0.2001757639177695
1,10,Undirected,0.21137866554638382
1,11,Undirected,0.31282851512394616
1,12,Undirected,0.2198873884902066
1,13,Undirected,0.2411824420407685
2,3,Undirected,0.7497420378974817
2,4,Undirected,0.33109676339664557
2,6,Undirected,0.19547292537352942
2,11,Undirected,0.2840714580959611
2,12,Undirected,0.39362283380015956
2,13,Undirected,0.35205611807613346
3,4,Undirected,0.7662899956253019
3,5,Undirected,0.2789056545984545
3,6,Undirected,0.16916196766038288
3,11,Undirected,0.17015763390118752
3,12,Undirected,0.20446841772024782
4,5,Undirected,0.7279131510176682
4,6,Undirected,0.38375963492592713
4,7,Undirected,0.20911262107112147
4,11,Undirected,0.20980592007984253
4,12,Undirected,0.3893176167097787
4,13,Undirected,0.2825604779762968
5,6,Undirected,0.7485020782186871
5,7,Undirected,0.21225826628840133
5,12,Undirected,0.18192661853291023
6,7,Undirected,0.7520056512875863
6,8,Undirected,0.23654418318314185
6,11,Undirected,0.3124436837613765
6,12,Undirected,0.37713551896029635
6,13,Undirected,0.208760496497418
7,8,Undirected,0.768027469732499
7,9,Undirected,0.22134574580985508
7,11,Undirected,0.30286763960958757
7,12,Undirected,0.20963413448019652
8,9,Undirected,0.7785706986645807
8,10,Undirected,0.2991733385545782
8,11,Undirected,0.3798548432963287
8,12,Undirected,0.20146250989107306
8,13,Undirected,0.25376668588635537
9,10,Undirected,0.733824724654155
9,11,Undirected,0.2898001539546735
10,11,Undirected,0.7504387082368366
11,12,Undirected,0.4052927356204462
11,13,Undirected,0.31025023855138284
12,13,Undirected,0.38454445053827735
