Source,Target,Type,Weight
0,1,Undirected,0.7290727905732889
0,2,Undirected,0.29689800876854516
0,3,Undirected,0.3284536366164335
0,4,Undirected,0.35841825780505154
0,5,Undirected,0.3729320730435089
0,6,Undirected,0.28125080885598225
0,7,Undirected,0.22566293501529167
0,11,Undirected,0.2954536265114133
0,12,Undirected,0.3785463016387412
0,13,Undirected,0.20093854591017174
1,2,Undirected,0.7470591132245973
1,3,Undirected,0.2536813334130894
1,6,Undirected,0.17427812989602326
1,11,Undirected,0.3476687244002486
1,12,Undirected,0.23382548339106446
2,3,Undirected,0.7430479605883613
2,4,Undirected,0.3028746381238962
2,5,Undirected,0.16714160825436392
2,6,Undirected,0.18317958543795526
2,11,Undirected,0.314027765559401
2,12,Undirected,0.37297299556439734
2,13,Undirected,0.20546175136932732
3,4,Undirected,0.7436646588526071
3,5,Undirected,0.2796296808659225
3,12,Undirected,0.173147546354274
4,5,Undirected,0.7359714083373164
4,6,Undirected,0.3558673642541615
4,7,Undirected,0.19824001713607325
4,8,Undirected,0.1680954815730769
4,11,Undirected,0.20107830372780977
4,12,Undirected,0.38465518629662965
4,13,Undirected,0.353231378080255
5,6,Undirected,0.7548732272945903
5,7,Undirected,0.21683771168320043
5,12,Undirected,0.18805428052974915
5,13,Undirected,0.1717470320914365
6,7,Undirected,0.725974520729709
6,8,Undirected,0.24551663163888796
6,11,Undirected,0.2916728702347991
6,12,Undirected,0.3539917056825477
6,13,Undirected,0.3634826112521519
7,8,Undirected,0.7212751991660366
7,9,Undirected,0.21420893939327393
7,11,Undirected,0.2888956465947878
7,12,Undirected,0.2063911264349762
7,13,Undirected,0.2178359725723151
8,9,Undirected,0.7590364302031171
8,10,Undirected,0.3075859843651457
8,11,Undirected,0.36500472757383
8,12,Undirected,0.20498434578518904
8,13,Undirected,0.2831132996839472
9,10,Undirected,0.7544223093524228
9,11,Undirected,0.29582828419829327
10,11,Undirected,0.7291511185678243
11,12,Undirected,0.3974204600798573
11,13,Undirected,0.2614870627835805
12,13,Undirected,0.3597655809063926
