Source,Target,Type,Weight
0,1,Undirected,0.7570321365187024
0,2,Undirected,0.2409686951841697
0,3,Undirected,0.2794233663345229
0,4,Undirected,0.18382942496941437
0,8,Undirected,0.19964493004794462
0,9,Undirected,0.1713928125990167
1,2,Undirected,0.7158761422636705
1,3,Undirected,0.30522566833136255
2,3,Undirected,0.7463936044007338
2,4,Undirected,0.26692504461951777
2,5,Undirected,0.2462353496476401
3,4,Undirected,0.7499121455954213
3,5,Undirected,0.2904905187068499
4,5,Undirected,0.7501859678888589
4,6,Undirected,0.33426147792954286
4,7,Undirected,0.2303273310522659
4,8,Undirected,0.25788877080945133
4,9,Undirected,0.20462215457268584
5,6,Undirected,0.7411487821673515
5,7,Undirected,0.2929729994027807
5,8,Undirected,0.1764239035464439
6,7,Undirected,0.7317029728032599
6,8,Undirected,0.24340342696935022
7,8,Undirected,0.7581633351201481
7,9,Undirected,0.21053331139474885
8,9,Undirected,0.7709209264128988
8,10,Undirected,0.214453551214075
9,10,Undirected,0.7629145625814255
9,11,Undirected,0.27915868708286473
10,11,Undirected,0.7669646866155071
11,12,Undirected,0.38850594813775197
11,13,Undirected,0.2677648357556719
12,13,Undirected,0.3902296335875348
