Source,Target,Type,Weight
0,1,Undirected,0.7690494163697374
0,2,Undirected,0.32639515058962815
0,3,Undirected,0.33280865944406257
0,4,Undirected,0.32842886913864694
0,5,Undirected,0.3369584131549827
0,6,Undirected,0.2972614031776599
0,7,Undirected,0.18729668574090522
0,8,Undirected,0.19201469057706533
0,11,Undirected,0.266248283857738
0,12,Undirected,0.3980526255001514
0,13,Undirected,0.215028379228021
1,2,Undirected,0.7426593777765816
1,3,Undirected,0.2549312771745159
1,11,Undirected,0.29026256962440367
1,12,Undirected,0.20097262935848761
2,3,Undirected,0.7331185641565964
2,4,Undirected,0.3103066116115805
2,5,Undirected,0.17151730203618892
2,6,Undirected,0.19763751233024504
2,8,Undirected,0.26065285389527526
2,11,Undirected,0.2967886386165359
2,12,Undirected,0.3844115108330384
2,13,Undirected,0.22603345958099
3,4,Undirected,0.7409258181037065
3,5,Undirected,0.3041352948662217
3,6,Undirected,0.1717632368299211
3,11,Undirected,0.16984295322287457
3,12,Undirected,0.19118957976531242
4,5,Undirected,0.7416153719323171
4,6,Undirected,0.3148423759133164
4,7,Undirected,0.18689225430975098
4,8,Undirected,0.2114752023717388
4,11,Undirected,0.20099847886712166
4,12,Undirected,0.37449249854999583
4,13,Undirected,0.345665061152074
5,6,Undirected,0.7331955209790335
5,7,Undirected,0.2149149820240798
5,12,Undirected,0.1892969495522734
5,13,Undirected,0.1732620870462806
6,7,Undirected,0.7409012125592908
6,8,Undirected,0.27834313557958235
6,11,Undirected,0.3412448007466813
6,12,Undirected,0.38561766894557487
6,13,Undirected,0.3604825922475045
7,8,Undirected,0.7349561533353666
7,9,Undirected,0.22998961228557793
7,11,Undirected,0.30776387812494543
7,12,Undirected,0.21668054788825136
7,13,Undirected,0.25119341161567343
8,9,Undirected,0.7536706211141675
8,10,Undirected,0.3012184314508426
8,11,Undirected,0.3604386961761549
8,12,Undirected,0.3627933199315396
8,13,Undirected,0.3782537702241528
9,10,Undirected,0.7437658708203884
9,11,Undirected,0.3170712421200958
10,11,Undirected,0.731313857279816
11,12,Undirected,0.39336479023190524
11,13,Undirected,0.24939344821804232
12,13,Undirected,0.39313748307330243
