Source,Target,Type,Weight
0,1,Undirected,0.7393615192866119
0,2,Undirected,0.355397115628468
0,3,Undirected,0.35248432171939376
0,4,Undirected,0.27082079355201377
0,5,Undirected,0.22687286909659432
0,6,Undirected,0.33359858622989896
0,7,Undirected,0.19958770092109188
0,8,Undirected,0.20344293233049154
0,11,Undirected,0.30671659188706396
0,12,Undirected,0.3849759389120326
0,13,Undirected,inf
1,2,Undirected,0.7510306898425985
1,3,Undirected,0.24344589461797203
1,11,Undirected,0.33636108544211396
1,12,Undirected,0.2115074293533687
1,13,Undirected,inf
2,3,Undirected,0.7424329413834679
2,4,Undirected,0.3783431305435451
2,5,Undirected,0.19543104705521108
2,6,Undirected,0.2027293297531048
2,8,Undirected,0.28411594694150083
2,11,Undirected,0.30132780091334355
2,12,Undirected,0.3806360844624159
2,13,Undirected,inf
3,4,Undirected,0.7405384705157634
3,5,Undirected,0.31912396245627295
3,6,Undirected,0.17775402998595702
3,11,Undirected,0.175007122448874
3,12,Undirected,0.20356011217610856
3,13,Undirected,inf
4,5,Undirected,0.7393019619870517
4,6,Undirected,0.325871211108839
4,7,Undirected,0.19738419484144573
4,8,Undirected,0.2768035323747896
4,11,Undirected,0.19558653708591026
4,12,Undirected,0.3789363519801558
4,13,Undirected,inf
5,6,Undirected,0.7453137838583204
5,7,Undirected,0.21148266638430685
5,12,Undirected,0.1846271734598438
5,13,Undirected,inf
6,7,Undirected,0.7561014851161647
6,8,Undirected,0.2925917565143337
6,11,Undirected,0.291681754458899
6,12,Undirected,0.3571958462343309
6,13,Undirected,inf
7,8,Undirected,0.7237827452794675
7,9,Undirected,0.22409980812377192
7,11,Undirected,0.2700798925219178
7,12,Undirected,0.20565676931435062
7,13,Undirected,inf
8,9,Undirected,0.7322323235841239
8,10,Undirected,0.3101181772199144
8,11,Undirected,0.3625737272738982
8,12,Undirected,0.3911116117507373
8,13,Undirected,inf
9,10,Undirected,0.7349756002807565
9,11,Undirected,0.3134288083566588
9,13,Undirected,inf
10,11,Undirected,0.7568578276867544
10,13,Undirected,inf
11,12,Undirected,0.3686523376129004
11,13,Undirected,inf
12,13,Undirected,inf
