Source,Target,Type,Weight
0,1,Undirected,0.7414738455837949
0,2,Undirected,0.31700090808055653
0,3,Undirected,0.34532303970927125
0,4,Undirected,0.27635165300865444
0,5,Undirected,0.264146627657586
0,6,Undirected,0.2033536669029096
0,12,Undirected,0.19882094546775614
1,2,Undirected,0.7382953074559693
1,3,Undirected,0.3092420697397232
1,4,Undirected,0.189250741403951
1,5,Undirected,0.17465923928713548
1,12,Undirected,0.16690348743316585
2,3,Undirected,0.7721830983322496
2,4,Undirected,0.21026603392908402
2,5,Undirected,0.1714030665766423
2,6,Undirected,0.20394829677587628
2,11,Undirected,0.32786706352851164
2,12,Undirected,0.4032583295797005
2,13,Undirected,0.2867861932781067
3,4,Undirected,0.7496373842840102
3,5,Undirected,0.2649603797970288
3,6,Undirected,0.17970709780447605
3,12,Undirected,0.205202148116054
4,5,Undirected,0.7467267423006507
4,6,Undirected,0.20828492822636238
5,6,Undirected,0.7449207113885664
5,7,Undirected,0.20538383966688117
5,12,Undirected,0.18471360412657453
6,7,Undirected,0.7360512257330409
6,8,Undirected,0.2560116724071831
6,11,Undirected,0.2715097280697666
6,12,Undirected,0.3733789260587939
6,13,Undirected,0.26551257462885214
7,8,Undirected,0.7542715804899515
7,9,Undirected,0.2039334818559033
7,11,Undirected,0.2840806164251581
7,12,Undirected,0.22362138663574652
7,13,Undirected,0.20979294926699835
8,9,Undirected,0.7588395047746072
8,10,Undirected,0.32191132392592525
8,11,Undirected,0.3156333358994556
8,12,Undirected,0.20673254552616668
8,13,Undirected,0.3426728192976337
9,10,Undirected,0.7417793845551999
9,11,Undirected,0.32165652916194837
9,13,Undirected,0.2614855956130959
10,11,Undirected,0.7349165542936762
10,13,Undirected,0.17494898733818184
11,12,Undirected,0.37585763752511475
11,13,Undirected,0.3538873786532279
12,13,Undirected,0.3816959394281346
