Source,Target,Type,Weight
0,1,Undirected,0.7475611560157914
0,2,Undirected,0.2991265268414507
0,3,Undirected,0.31588992674129235
0,4,Undirected,0.3492491645564603
0,5,Undirected,0.335076553131828
0,6,Undirected,0.3217363976312283
0,7,Undirected,0.2283241427822846
0,11,Undirected,0.28333951334392526
0,12,Undirected,0.3924174794814402
0,13,Undirected,0.19627743812584636
1,2,Undirected,0.7513275357168191
1,3,Undirected,0.25457165475423627
1,6,Undirected,0.1827491231597116
1,11,Undirected,0.34568973290192007
1,12,Undirected,0.2229139340341628
2,3,Undirected,0.740557756360915
2,4,Undirected,0.3373952161726888
2,6,Undirected,0.1925821307388208
2,11,Undirected,0.29443752083605207
2,12,Undirected,0.39351662210449895
2,13,Undirected,0.31085227901424134
3,4,Undirected,0.7536496983193968
3,5,Undirected,0.250123546948049
3,11,Undirected,0.1723571780739754
3,12,Undirected,0.20339776705418067
4,5,Undirected,0.7707374728405479
4,6,Undirected,0.38533421737577017
4,7,Undirected,0.19823598827420336
4,8,Undirected,0.16788215638886597
4,11,Undirected,0.19603472096288416
4,12,Undirected,0.3701814260589718
4,13,Undirected,0.27759080032548705
5,6,Undirected,0.7777213988143111
5,7,Undirected,0.21103575624470122
5,12,Undirected,0.18313124572440928
6,7,Undirected,0.7239155365367467
6,8,Undirected,0.23919541270821437
6,11,Undirected,0.3242194888788176
6,12,Undirected,0.35732149276974795
6,13,Undirected,0.2028002391264111
7,8,Undirected,0.7433144210090727
7,9,Undirected,0.21986311394185468
7,11,Undirected,0.2896872661008758
7,12,Undirected,0.2019869568454409
8,9,Undirected,0.7479163417951062
8,10,Undirected,0.2756400971675925
8,11,Undirected,0.35202979060697487
8,12,Undirected,0.2168000746805067
8,13,Undirected,0.31224118578135557
9,10,Undirected,0.7252092044059922
9,11,Undirected,0.30213557052085144
10,11,Undirected,0.7329991560809792
11,12,Undirected,0.36904579540454263
11,13,Undirected,0.29487308827082825
12,13,Undirected,0.37680098309719995
