Source,Target,Type,Weight
0,1,Undirected,0.7627364250167052
0,2,Undirected,0.2945383596820958
0,3,Undirected,0.33359848009740944
0,4,Undirected,0.34010060702017647
0,5,Undirected,0.35346985067613274
0,6,Undirected,0.32120808371757703
0,7,Undirected,0.22064639763785535
0,11,Undirected,0.31775985989881667
0,12,Undirected,0.3922865994920659
0,13,Undirected,0.20491374313632685
1,2,Undirected,0.7609451182259543
1,3,Undirected,0.29932454184148893
1,4,Undirected,0.16721941288631603
1,6,Undirected,0.18517344160735497
1,11,Undirected,0.347494862933403
1,12,Undirected,0.21737598624483925
2,3,Undirected,0.732056150257161
2,4,Undirected,0.30557180806789525
2,5,Undirected,0.174046797683893
2,6,Undirected,0.19422602417860016
2,11,Undirected,0.3202365516886482
2,12,Undirected,0.39047009228911905
2,13,Undirected,0.21308163412115327
3,4,Undirected,0.7930024965289749
3,5,Undirected,0.3341718095438415
3,6,Undirected,0.18003394041952336
3,11,Undirected,0.18666593323042083
3,12,Undirected,0.19896330270703302
4,5,Undirected,0.7449834269187194
4,6,Undirected,0.32325103154998885
4,7,Undirected,0.19212796022350823
4,11,Undirected,0.20099695699053552
4,12,Undirected,0.3893022230942884
4,13,Undirected,0.3396848060377554
5,6,Undirected,0.7508406514404211
5,7,Undirected,0.21510497787820526
5,12,Undirected,0.1918043031839493
6,7,Undirected,0.7499087265956575
6,8,Undirected,0.25165364480444585
6,11,Undirected,0.2953748107914274
6,12,Undirected,0.3693458798508247
6,13,Undirected,0.3546588427527581
7,8,Undirected,0.7425342784232682
7,9,Undirected,0.21929668900639868
7,11,Undirected,0.2730507031555056
7,12,Undirected,0.21034547919385646
7,13,Undirected,0.2142747305642026
8,9,Undirected,0.7340646320338934
8,10,Undirected,0.29606420555898255
8,11,Undirected,0.38914059138959417
8,12,Undirected,0.21021167794096096
8,13,Undirected,0.27509399839428633
9,10,Undirected,0.7446332019667615
9,11,Undirected,0.2701273783043284
10,11,Undirected,0.7242199034322583
11,12,Undirected,0.3766646490734937
11,13,Undirected,0.2530397713612921
12,13,Undirected,0.36825971789697676
