Source,Target,Type,Weight
0,1,Undirected,0.743972600237011
0,2,Undirected,0.3395135594429046
0,3,Undirected,0.3216447632029478
0,4,Undirected,0.3546146145249054
0,5,Undirected,0.36639843946892675
0,6,Undirected,0.30131182550985103
0,7,Undirected,0.22968542933933808
0,11,Undirected,0.3226041265107224
0,12,Undirected,0.4012344190940833
0,13,Undirected,0.2023063763467062
1,2,Undirected,0.754163963572601
1,3,Undirected,0.2606280569070004
1,6,Undirected,0.1754261576325258
1,11,Undirected,0.3527821594321847
1,12,Undirected,0.22089614557317552
1,13,Undirected,0.1694353235814496
2,3,Undirected,0.7356745698593313
2,4,Undirected,0.3086524902859516
2,5,Undirected,0.17270052169564962
2,6,Undirected,0.19633601939363438
2,8,Undirected,0.16837092742695284
2,11,Undirected,0.3107838936991614
2,12,Undirected,0.3839203758888385
2,13,Undirected,0.3363415031771704
3,4,Undirected,0.7556279981858316
3,5,Undirected,0.28887622688598086
3,6,Undirected,0.17487091176104674
3,12,Undirected,0.1858577386501396
4,5,Undirected,0.7504794606029077
4,6,Undirected,0.3894939712671975
4,7,Undirected,0.1976882985964771
4,11,Undirected,0.19482268147620482
4,12,Undirected,0.37214409645588165
4,13,Undirected,0.26761218671417747
5,6,Undirected,0.737310442856957
5,7,Undirected,0.2159424623523316
5,12,Undirected,0.18671974809529834
6,7,Undirected,0.762735870201002
6,8,Undirected,0.2501617076229555
6,11,Undirected,0.31571668099984757
6,12,Undirected,0.3931129798297234
6,13,Undirected,0.2287095261464638
7,8,Undirected,0.7272777084817861
7,9,Undirected,0.2211188286802282
7,11,Undirected,0.29181806733593035
7,12,Undirected,0.21484950150742319
7,13,Undirected,0.1843704894264111
8,9,Undirected,0.7603511937047339
8,10,Undirected,0.2966602326569961
8,11,Undirected,0.3597559532121288
8,12,Undirected,0.20441857171389283
8,13,Undirected,0.29844364452544675
9,10,Undirected,0.7600889786931367
9,11,Undirected,0.30599829925719446
10,11,Undirected,0.7410054046719884
11,12,Undirected,0.3832167609822612
11,13,Undirected,0.37688285121313964
12,13,Undirected,0.38866989824332826
