Source,Target,Type,Weight
0,1,Undirected,0.7252092671015474
0,2,Undirected,0.32857076046554023
0,3,Undirected,0.3464146166792082
0,4,Undirected,0.34851452503921126
0,5,Undirected,0.34853149577313625
0,6,Undirected,0.3171834337586515
0,7,Undirected,0.29531196314007785
0,11,Undirected,0.2814467623386571
0,12,Undirected,0.3946811303586031
0,13,Undirected,0.20443361662770004
1,2,Undirected,0.7233096277191341
1,3,Undirected,0.2829807574887649
1,7,Undirected,0.1810830537629172
1,11,Undirected,0.21964170937779082
1,12,Undirected,0.18090873957930767
2,3,Undirected,0.7549584883924996
2,4,Undirected,0.3386660898294737
2,6,Undirected,0.19833122564542346
2,11,Undirected,0.3279780244063962
2,12,Undirected,0.38070193480411835
2,13,Undirected,0.22545696610456661
3,4,Undirected,0.7569904644884584
3,5,Undirected,0.24289969479323112
3,12,Undirected,0.19809171312164717
4,5,Undirected,0.737249466064594
4,6,Undirected,0.30633802791184267
4,7,Undirected,0.1857867080441054
4,11,Undirected,0.19338990138936468
4,12,Undirected,0.38779157149788757
4,13,Undirected,0.30010276021581217
5,6,Undirected,0.7370303957315081
5,7,Undirected,0.2102210127788472
5,12,Undirected,0.1760361414532967
6,7,Undirected,0.7504401851810435
6,8,Undirected,0.21935685507953698
6,11,Undirected,0.2579016627179746
6,12,Undirected,0.37173442041374216
6,13,Undirected,0.3296651508199139
7,8,Undirected,0.760153172267693
7,9,Undirected,0.2185166804084976
7,11,Undirected,0.2837030754525815
7,12,Undirected,0.22556701199473478
7,13,Undirected,0.24305678134321498
8,9,Undirected,0.748857891482216
8,10,Undirected,0.30161538785689823
8,11,Undirected,0.3197223602368
8,12,Undirected,0.17984276004411617
8,13,Undirected,0.21123675950237153
9,10,Undirected,0.7528373845517622
9,11,Undirected,0.28266751671940743
10,11,Undirected,0.7446725990554494
11,12,Undirected,0.37566686335351435
11,13,Undirected,0.32790225624806313
12,13,Undirected,0.38245412342105495
