Source,Target,Type,Weight
0,1,Undirected,0.744096600652838
0,2,Undirected,0.3357027448393446
0,3,Undirected,0.3138437331617719
0,4,Undirected,0.3152143557783156
0,5,Undirected,0.3421228776500978
0,6,Undirected,0.30932476510278956
0,7,Undirected,0.23474245459008566
0,11,Undirected,0.31775340834770277
0,12,Undirected,0.3814181178116444
0,13,Undirected,0.1964286667656388
1,2,Undirected,0.7512227754093568
1,3,Undirected,0.29629280083990167
1,6,Undirected,0.17868055042571368
1,10,Undirected,0.20179553253031524
1,11,Undirected,0.3107958457150517
1,12,Undirected,0.20559684841012707
2,3,Undirected,0.7481058366397251
2,4,Undirected,0.3369295316448609
2,5,Undirected,0.18458074734381855
2,6,Undirected,0.20583585284853426
2,11,Undirected,0.3112410039577577
2,12,Undirected,0.40004494218272124
2,13,Undirected,0.2148987733110355
3,4,Undirected,0.7837172768265674
3,5,Undirected,0.299103574399474
3,6,Undirected,0.1737135094502163
3,11,Undirected,0.19749847743194873
3,12,Undirected,0.20850130539996142
4,5,Undirected,0.7693901759077444
4,6,Undirected,0.3536641767781235
4,7,Undirected,0.2063401356688911
4,11,Undirected,0.20134143005802957
4,12,Undirected,0.3941839062635832
4,13,Undirected,0.32204153082564035
5,6,Undirected,0.7438294473396635
5,7,Undirected,0.205686097314152
5,12,Undirected,0.19605775777599674
6,7,Undirected,0.7227057908075178
6,8,Undirected,0.23858927393114746
6,11,Undirected,0.30668918579995985
6,12,Undirected,0.3817710526378067
6,13,Undirected,0.30301064845575104
7,8,Undirected,0.7364889145293164
7,9,Undirected,0.2418013436354532
7,11,Undirected,0.29000463669560833
7,12,Undirected,0.22119397273763022
7,13,Undirected,0.25135934859858144
8,9,Undirected,0.7289763612568629
8,10,Undirected,0.3139907161606135
8,11,Undirected,0.34981054553145663
8,12,Undirected,0.208639060589386
8,13,Undirected,0.2674388376830865
9,10,Undirected,0.7355723873793415
9,11,Undirected,0.3013223024125589
10,11,Undirected,0.738958489364015
11,12,Undirected,0.3781806483281281
11,13,Undirected,0.3024324652501874
12,13,Undirected,0.38491994080334696
