Source,Target,Type,Weight
0,1,Undirected,0.7476207855242302
0,2,Undirected,0.3288597329074723
0,3,Undirected,0.3479232338223897
0,4,Undirected,0.2244818639400252
0,5,Undirected,0.1886234570671691
0,6,Undirected,0.20144037196817954
0,11,Undirected,0.28067782328108
0,12,Undirected,0.387227550138825
0,13,Undirected,0.36965876728882174
1,2,Undirected,0.7534989395819031
1,3,Undirected,0.23898955656006704
1,8,Undirected,0.16989372487879645
1,10,Undirected,0.19291296318867443
1,11,Undirected,0.3148209182361849
1,12,Undirected,0.21138166966917085
2,3,Undirected,0.7139404905474424
2,4,Undirected,0.314831315864239
2,5,Undirected,0.18494490064407662
2,6,Undirected,0.20025197263020353
2,8,Undirected,0.1996011122410763
2,11,Undirected,0.31268786284240996
2,12,Undirected,0.38414365528417516
2,13,Undirected,0.23726471822755624
3,4,Undirected,0.7337681098696991
3,5,Undirected,0.30913410325288837
3,6,Undirected,0.1754383381864688
3,11,Undirected,0.18178650328275522
3,12,Undirected,0.2330902087089839
3,13,Undirected,0.2752013945676138
4,5,Undirected,0.7491322153782982
4,6,Undirected,0.32427523668482366
4,7,Undirected,0.20384021912450312
4,8,Undirected,0.18653957870372306
4,11,Undirected,0.21518454559539824
4,12,Undirected,0.3878097861523662
4,13,Undirected,0.2991684305316559
5,6,Undirected,0.7560166470225936
5,7,Undirected,0.22141519984889535
5,12,Undirected,0.22102048628149287
5,13,Undirected,0.3350409812330739
6,7,Undirected,0.7852147698789184
6,8,Undirected,0.2607648635302007
6,11,Undirected,0.3180231283261489
6,12,Undirected,0.37568261079236237
6,13,Undirected,0.27213144514356813
7,8,Undirected,0.761935903563418
7,9,Undirected,0.25825659263929696
7,11,Undirected,0.29603198381752654
7,12,Undirected,0.2105295916192608
7,13,Undirected,0.17509697055770396
8,9,Undirected,0.7879648131767325
8,10,Undirected,0.3089602209030693
8,11,Undirected,0.3590347271157203
8,12,Undirected,0.2089305196473604
9,10,Undirected,0.7211994221193748
9,11,Undirected,0.30143841967449597
10,11,Undirected,0.7586850845798394
11,12,Undirected,0.3639445115956604
11,13,Undirected,0.19561711373643767
12,13,Undirected,0.3751212303227669
