Source,Target,Type,Weight
0,1,Undirected,0.7449427400077189
0,2,Undirected,0.30829856956597734
0,3,Undirected,0.26146414420055153
0,4,Undirected,0.18869640211644972
1,2,Undirected,0.7675760856804639
1,3,Undirected,0.2497743915837967
2,3,Undirected,0.7665595894287142
2,4,Undirected,0.25517100571945583
2,6,Undirected,0.2190325603760695
2,7,Undirected,0.3358449146323926
2,8,Undirected,0.2220698095791452
2,11,Undirected,0.3444062793014594
2,12,Undirected,0.3818465778092571
2,13,Undirected,0.21944302135966542
3,4,Undirected,0.7095945918396953
3,5,Undirected,0.21265341091324724
3,6,Undirected,0.32395232113474265
3,7,Undirected,0.2640582407050713
3,8,Undirected,0.16736288410868524
3,11,Undirected,0.19092697385928492
3,12,Undirected,0.3713164080565394
3,13,Undirected,0.19691721541116236
4,5,Undirected,0.7615849114708091
4,6,Undirected,0.31000652784741867
4,7,Undirected,0.20045390869216792
4,11,Undirected,0.20464791302557378
4,12,Undirected,0.3879439747390378
4,13,Undirected,0.23800686140958172
5,6,Undirected,0.7357509672257577
5,7,Undirected,0.2649129195058475
5,12,Undirected,0.17447646710179734
6,7,Undirected,0.7488164460594426
6,8,Undirected,0.23576189077899437
6,9,Undirected,0.2895925602338556
6,10,Undirected,0.16955554522467312
6,11,Undirected,0.2009665628143169
6,12,Undirected,0.3907770626576877
6,13,Undirected,0.3342538860772547
7,8,Undirected,0.759211675373105
7,9,Undirected,0.28373161340669323
7,11,Undirected,0.273668720033767
7,12,Undirected,0.36901855393571026
7,13,Undirected,0.33482297737753786
8,9,Undirected,0.726892213371941
8,10,Undirected,0.318078068021305
8,11,Undirected,0.2707880626886389
8,12,Undirected,0.20598372247389637
8,13,Undirected,0.24121894962455043
9,10,Undirected,0.745313916298109
9,11,Undirected,0.2977443207648053
9,12,Undirected,0.19336532988712507
9,13,Undirected,0.38551736283323146
10,11,Undirected,0.748481708541754
10,12,Undirected,0.17470080802222612
10,13,Undirected,0.255838929531365
11,12,Undirected,0.35586063118516503
11,13,Undirected,0.3172732394502569
12,13,Undirected,0.3717960400652555
