Source,Target,Type,Weight
0,1,Undirected,0.7464557711184377
0,2,Undirected,0.3215268058719081
0,3,Undirected,0.33472005178926584
0,4,Undirected,0.3571225501436007
0,5,Undirected,0.21223736517654854
0,6,Undirected,0.3026057342444131
0,7,Undirected,0.29842631727277186
0,8,Undirected,0.25153449508979564
0,9,Undirected,0.28255006597409416
0,10,Undirected,0.2110380073337688
0,12,Undirected,0.38334481121362246
0,13,Undirected,0.20107631793720046
1,2,Undirected,0.7492567372394874
1,3,Undirected,0.2945700088224136
1,7,Undirected,0.18980912035053402
1,8,Undirected,0.22369805063998927
1,9,Undirected,0.20725981371292435
1,10,Undirected,0.2739067901495786
1,11,Undirected,0.19434917669387544
1,12,Undirected,0.1831524691870707
2,3,Undirected,0.7648526621061483
2,4,Undirected,0.317926921069106
2,5,Undirected,0.19900597221368183
2,6,Undirected,0.2027226863787382
2,7,Undirected,0.2005050793806802
2,9,Undirected,0.3743318027955222
2,10,Undirected,0.32996596813722695
2,12,Undirected,0.3810834924851857
2,13,Undirected,0.23170208254912594
3,4,Undirected,0.7261452015478203
3,5,Undirected,0.21245751664180576
3,6,Undirected,0.17319040090960902
3,12,Undirected,0.20809059510588931
4,5,Undirected,0.7600028303251767
4,6,Undirected,0.33829533768606307
4,7,Undirected,0.2082207786495543
4,9,Undirected,0.18273259445705994
4,12,Undirected,0.3736494162841433
4,13,Undirected,0.2171368956665019
5,6,Undirected,0.744840149337262
5,7,Undirected,0.24555705093423177
5,12,Undirected,0.21372535011677607
5,13,Undirected,0.2008820929611495
6,7,Undirected,0.7540792885488127
6,8,Undirected,0.22535991033539335
6,9,Undirected,0.2188804009155781
6,12,Undirected,0.38775697553730354
6,13,Undirected,0.33730887718303004
7,8,Undirected,0.7494043971162351
7,9,Undirected,0.3385128065027842
7,10,Undirected,0.1964404976431659
7,12,Undirected,0.34699846161928327
7,13,Undirected,0.30830011053602846
8,9,Undirected,0.7614964190112665
8,10,Undirected,0.23199371925573137
8,11,Undirected,0.26013200897657074
8,12,Undirected,0.19418525374987883
8,13,Undirected,0.202315529731619
9,10,Undirected,0.7336492600850877
9,11,Undirected,0.29770748491252724
9,12,Undirected,0.35680186129205826
9,13,Undirected,0.3455108143883868
10,11,Undirected,0.7806539168481438
10,12,Undirected,0.21144477597854933
10,13,Undirected,0.20426247452139376
12,13,Undirected,0.3688204518892588
