Source,Target,Type,Weight
0,1,Undirected,0.7713099383824298
0,2,Undirected,0.3120159231148507
0,3,Undirected,0.3123963037124053
0,4,Undirected,0.32336739058500125
0,5,Undirected,0.37200959314288956
0,6,Undirected,0.29642836773591996
0,7,Undirected,0.2511056919690498
0,11,Undirected,0.340394257379138
0,12,Undirected,0.381710945810075
0,13,Undirected,0.20303938678610495
1,2,Undirected,0.7364723616811037
1,3,Undirected,0.2646848421421435
1,6,Undirected,0.1751074386210249
1,11,Undirected,0.3657291779023159
1,12,Undirected,0.22397348653703988
2,3,Undirected,0.7769707302958462
2,4,Undirected,0.35620612767713794
2,5,Undirected,0.17976024104812596
2,6,Undirected,0.19317156241715733
2,11,Undirected,0.2720637680591616
2,12,Undirected,0.3888564813801866
2,13,Undirected,0.2040041844577783
3,4,Undirected,0.7443441971492477
3,5,Undirected,0.32166000731466565
3,6,Undirected,0.18086767413957383
3,11,Undirected,0.17302362067390828
3,12,Undirected,0.19311602770797742
4,5,Undirected,0.7598043020754975
4,6,Undirected,0.35812670106391953
4,7,Undirected,0.20501195914174156
4,11,Undirected,0.19674795542841927
4,12,Undirected,0.37314218640490837
4,13,Undirected,0.3104448995431225
5,6,Undirected,0.7326650331085918
5,7,Undirected,0.21976966203824994
5,12,Undirected,0.18969642269512937
5,13,Undirected,0.1689911676483614
6,7,Undirected,0.7579661090459607
6,8,Undirected,0.25039123032759475
6,11,Undirected,0.3078831382630557
6,12,Undirected,0.36109515304064593
6,13,Undirected,0.357302863872194
7,8,Undirected,0.7207311609005049
7,9,Undirected,0.2298092119090622
7,11,Undirected,0.2902835624001098
7,12,Undirected,0.20574475823015037
7,13,Undirected,0.25647567910528396
8,9,Undirected,0.7542079017421407
8,10,Undirected,0.32755555447957546
8,11,Undirected,0.35659249133897575
8,12,Undirected,0.20712113209321178
8,13,Undirected,0.31146246573808467
9,10,Undirected,0.7578801673033826
9,11,Undirected,0.2977850558093519
10,11,Undirected,0.7412292680926844
11,12,Undirected,0.3892146183017646
11,13,Undirected,0.3181859526304462
12,13,Undirected,0.37650941820225564
