Source,Target,Type,Weight
0,1,Undirected,0.7474980723557413
0,2,Undirected,0.31939414241311515
0,3,Undirected,0.2576412996219938
0,4,Undirected,0.17601619533779736
1,2,Undirected,0.7409645620605589
1,3,Undirected,0.24310397511685997
2,3,Undirected,0.7338266504807275
2,4,Undirected,0.28096105025998064
2,6,Undirected,0.21550488971563328
2,7,Undirected,0.3491237246753818
2,8,Undirected,0.33453968394751826
2,10,Undirected,0.20076474623624496
2,11,Undirected,0.3852259915934241
2,12,Undirected,0.385088655783605
2,13,Undirected,0.2198752851251783
3,4,Undirected,0.7487759409341793
3,5,Undirected,0.21070358946783466
3,6,Undirected,0.3342597997009253
3,7,Undirected,0.2889234873912706
3,8,Undirected,0.18048199054539132
3,11,Undirected,0.19280722137123715
3,12,Undirected,0.3718808911230468
3,13,Undirected,0.20157478377456942
4,5,Undirected,0.750206967171881
4,6,Undirected,0.2584394163389528
4,7,Undirected,0.22523767995154034
4,11,Undirected,0.2156425894196365
4,12,Undirected,0.3701417344181095
4,13,Undirected,0.32376529813311195
5,6,Undirected,0.7588397793553731
5,7,Undirected,0.2666808072276578
5,12,Undirected,0.1803806986858623
6,7,Undirected,0.7712859682100217
6,8,Undirected,0.25984184992996734
6,9,Undirected,0.24700706728222757
6,10,Undirected,0.19647454466553593
6,11,Undirected,0.21579170006119314
6,12,Undirected,0.3889289937047957
6,13,Undirected,0.25372947429538917
7,8,Undirected,0.7292652819686579
7,9,Undirected,0.24528612827944077
7,10,Undirected,0.22512923596331852
7,11,Undirected,0.2610967084652573
7,12,Undirected,0.3661533645387924
7,13,Undirected,0.20377586706808673
8,9,Undirected,0.7473098172894005
8,10,Undirected,0.3311456200086515
8,11,Undirected,0.21179207545028053
8,12,Undirected,0.21074161704582167
9,10,Undirected,0.7292283857220337
9,11,Undirected,0.22241455981176417
10,11,Undirected,0.7435800839223718
10,12,Undirected,0.20886655430321063
10,13,Undirected,0.21810293733307418
11,12,Undirected,0.38185780660531526
11,13,Undirected,0.3608767723538525
12,13,Undirected,0.38034617880451915
