Source,Target,Type,Weight
0,1,Undirected,0.7374930447437165
0,2,Undirected,0.3405203852521357
0,3,Undirected,0.3464606292223894
0,4,Undirected,0.3272295480752277
0,5,Undirected,0.33368022211277143
0,6,Undirected,0.29495945621125946
0,7,Undirected,0.2714807138066028
0,11,Undirected,0.26633643511723476
0,12,Undirected,0.3937983046305784
0,13,Undirected,0.2004224717992954
1,2,Undirected,0.7519648004147877
1,3,Undirected,0.27289321247178633
1,7,Undirected,0.1706567089143643
1,11,Undirected,0.1967402955524906
1,12,Undirected,0.17956216891611132
2,3,Undirected,0.7338486698163534
2,4,Undirected,0.2933712417419253
2,6,Undirected,0.19538217831892016
2,11,Undirected,0.3037368951446462
2,12,Undirected,0.3790324745113714
2,13,Undirected,0.22809359012105487
3,4,Undirected,0.7535425295329444
3,5,Undirected,0.26259582894818395
3,6,Undirected,0.1668331562632877
3,12,Undirected,0.2188812004800217
4,5,Undirected,0.7352752905893074
4,6,Undirected,0.31818423883845226
4,7,Undirected,0.19164788327598173
4,11,Undirected,0.18537511387323877
4,12,Undirected,0.336547959863988
4,13,Undirected,0.22833789032387877
5,6,Undirected,0.744014369044292
5,7,Undirected,0.21718567034723266
5,12,Undirected,0.17465099191158853
6,7,Undirected,0.7622713567492155
6,8,Undirected,0.22112477397508926
6,11,Undirected,0.2600633146889595
6,12,Undirected,0.3630226045252326
6,13,Undirected,0.3216880079506554
7,8,Undirected,0.7501426983130971
7,9,Undirected,0.215466252848017
7,11,Undirected,0.29114707032802345
7,12,Undirected,0.2209202764200236
7,13,Undirected,0.2598244657986697
8,9,Undirected,0.7519857645822268
8,10,Undirected,0.30653762129429896
8,11,Undirected,0.3881597821576418
8,12,Undirected,0.172375637566913
8,13,Undirected,0.24811992090552829
9,10,Undirected,0.7387978688794002
9,11,Undirected,0.2859512853137706
10,11,Undirected,0.7463099347844635
11,12,Undirected,0.39940636175651784
11,13,Undirected,0.3700915685239199
12,13,Undirected,0.3727117631800797
