Source,Target,Type,Weight
0,1,Undirected,0.7567722736137921
0,2,Undirected,0.20680324486963958
0,3,Undirected,0.25554806486940973
0,4,Undirected,0.16686444412228582
1,2,Undirected,0.7593646602564689
1,3,Undirected,0.23211674017050765
1,10,Undirected,0.16764432114646655
1,12,Undirected,0.1944895108474992
2,3,Undirected,0.7673044430183283
2,4,Undirected,0.2376343891074569
2,6,Undirected,0.1676624551023774
2,8,Undirected,0.27096884562200607
2,11,Undirected,0.215958450834397
2,12,Undirected,0.3831202195081382
2,13,Undirected,0.33120021844679937
3,4,Undirected,0.7427605793431367
3,5,Undirected,0.2054618318871874
3,12,Undirected,0.21429303495931845
3,13,Undirected,0.2842474359269766
4,5,Undirected,0.750164298934724
4,6,Undirected,0.3068165467323297
4,12,Undirected,0.17048219959913166
4,13,Undirected,0.21948371793750077
5,6,Undirected,0.7302578081126389
5,7,Undirected,0.20673077254826153
5,13,Undirected,0.1724904357819086
6,7,Undirected,0.7518562233865728
6,8,Undirected,0.2585989797240171
6,11,Undirected,0.2297436796310345
6,12,Undirected,0.20921254593713146
6,13,Undirected,0.21382221150979555
7,8,Undirected,0.7432519203048565
7,9,Undirected,0.2676110427173632
7,10,Undirected,0.1743732476114384
7,11,Undirected,0.29144148294468253
7,12,Undirected,0.18215232858836444
8,9,Undirected,0.7514551445684875
8,10,Undirected,0.26410878780648867
8,11,Undirected,0.35726822902691924
8,12,Undirected,0.40703508273596645
8,13,Undirected,0.2683724035140288
9,10,Undirected,0.7393414485776288
9,11,Undirected,0.3558804084131701
10,11,Undirected,0.7665384352144238
11,12,Undirected,0.3642993413295615
11,13,Undirected,0.19326525396964508
12,13,Undirected,0.37759515964212625
