Source,Target,Type,Weight
0,1,Undirected,0.7566653752812597
0,2,Undirected,0.3220164353137828
0,3,Undirected,0.3299381949566852
0,4,Undirected,0.2306605123525865
0,5,Undirected,0.18040994909831673
0,6,Undirected,0.20855527810973706
0,8,Undirected,0.18461626764302255
0,11,Undirected,0.26998841206695073
0,12,Undirected,0.3439026116091762
0,13,Undirected,0.3127918181261578
1,2,Undirected,0.7525615561141643
1,3,Undirected,0.24310983687666032
1,11,Undirected,0.30918145608898473
1,12,Undirected,0.21378988556596745
1,13,Undirected,0.19963588368649443
2,3,Undirected,0.7562310617875689
2,4,Undirected,0.351327349865351
2,5,Undirected,0.20058292039233355
2,6,Undirected,0.2131009911678734
2,8,Undirected,0.276539815913258
2,11,Undirected,0.25157414379521215
2,12,Undirected,0.38794350827201357
2,13,Undirected,0.1930153036144443
3,4,Undirected,0.7200214720453557
3,5,Undirected,0.31491891951146206
3,6,Undirected,0.18104259683112955
3,11,Undirected,0.16958365257682564
3,12,Undirected,0.21043953287214592
4,5,Undirected,0.744013445196889
4,6,Undirected,0.33999071861808733
4,7,Undirected,0.2017067753848622
4,8,Undirected,0.31920376837105624
4,11,Undirected,0.19558841592420112
4,12,Undirected,0.3596727815183094
4,13,Undirected,0.20223988791881212
5,6,Undirected,0.7406603477884662
5,7,Undirected,0.20784274471288164
5,12,Undirected,0.19356089781011457
5,13,Undirected,0.18329998570066564
6,7,Undirected,0.7485013435553289
6,8,Undirected,0.3310568575383421
6,11,Undirected,0.30520303626632034
6,12,Undirected,0.39599419628256943
6,13,Undirected,0.3238653719579787
7,8,Undirected,0.7408823014298045
7,9,Undirected,0.21022602822598632
7,11,Undirected,0.2759556673889637
7,12,Undirected,0.21522654929305718
7,13,Undirected,0.25282365592434886
8,9,Undirected,0.7332164770505367
8,10,Undirected,0.26789630290297045
8,11,Undirected,0.32094013186362486
8,12,Undirected,0.3889519681917103
8,13,Undirected,0.20292325712248196
9,10,Undirected,0.725743450289701
9,11,Undirected,0.29592786487363654
10,11,Undirected,0.7634473904287127
11,12,Undirected,0.379278121651377
11,13,Undirected,0.3452549041945924
12,13,Undirected,0.33056831482513505
