Source,Target,Type,Weight
0,1,Undirected,0.7677782749689932
0,2,Undirected,0.342847604822308
0,3,Undirected,0.36344446903433203
0,4,Undirected,0.2421300170506291
0,5,Undirected,0.20131118283682095
0,6,Undirected,0.21637261761042276
0,8,Undirected,0.1881499596318844
0,11,Undirected,0.28194063811838094
0,12,Undirected,0.35706317499969353
0,13,Undirected,0.33996861718912047
1,2,Undirected,0.7429424037298178
1,3,Undirected,0.23375844860735429
1,11,Undirected,0.33874160718254603
1,12,Undirected,0.2209014739180299
1,13,Undirected,0.20464098356384594
2,3,Undirected,0.7524742705731137
2,4,Undirected,0.34570246900545376
2,5,Undirected,0.20801412290710258
2,6,Undirected,0.20205820434629707
2,8,Undirected,0.3002431263337803
2,11,Undirected,0.3156381339387166
2,12,Undirected,0.3997798987049843
2,13,Undirected,0.21058895463166222
3,4,Undirected,0.7538438035259504
3,5,Undirected,0.30387850261788224
3,6,Undirected,0.17154783170913224
3,12,Undirected,0.2052343994505558
3,13,Undirected,0.16746759672988318
4,5,Undirected,0.7379939298504387
4,6,Undirected,0.3395101241801433
4,7,Undirected,0.19738731596519873
4,8,Undirected,0.3705785164857496
4,11,Undirected,0.2039528190276036
4,12,Undirected,0.3883186945142156
4,13,Undirected,0.23210130083516103
5,6,Undirected,0.7496805955828889
5,7,Undirected,0.21754510518015466
5,12,Undirected,0.20192649137469526
5,13,Undirected,0.19251072800040464
6,7,Undirected,0.7599789381142219
6,8,Undirected,0.3018776667886373
6,11,Undirected,0.2977735972908968
6,12,Undirected,0.3497572223717658
6,13,Undirected,0.37282914320579247
7,8,Undirected,0.7459984636462381
7,9,Undirected,0.23659123033301666
7,11,Undirected,0.28061900842558724
7,12,Undirected,0.20400265641429013
7,13,Undirected,0.2532241324547564
8,9,Undirected,0.7447562986519095
8,10,Undirected,0.2982311425314263
8,11,Undirected,0.32550491512496343
8,12,Undirected,0.3968588542359057
8,13,Undirected,0.21753070855622045
9,10,Undirected,0.7354936410889847
9,11,Undirected,0.3182166350445683
10,11,Undirected,0.7336114698154054
11,12,Undirected,0.37346486701821224
11,13,Undirected,0.38796783781788813
12,13,Undirected,0.36088673959538015
