Source,Target,Type,Weight
0,1,Undirected,0.7281438988602613
0,2,Undirected,0.3278229871669807
0,3,Undirected,0.340285946040759
0,4,Undirected,0.2357783776430392
0,5,Undirected,0.1900340396342223
0,6,Undirected,0.2023305985145939
0,8,Undirected,0.19274980544893708
0,11,Undirected,0.3292877991304731
0,12,Undirected,0.3702864621198538
0,13,Undirected,0.33275682935080153
1,2,Undirected,0.7182174976198141
1,3,Undirected,0.23865875534766828
1,11,Undirected,0.3552807030829252
1,12,Undirected,0.21751157618083786
1,13,Undirected,0.17827341998250038
2,3,Undirected,0.7455616610706194
2,4,Undirected,0.34368762714250434
2,5,Undirected,0.20470316580711234
2,6,Undirected,0.19567679857518053
2,8,Undirected,0.31026189709697577
2,11,Undirected,0.29703686481545993
2,12,Undirected,0.37360814552808586
2,13,Undirected,0.24706270567186348
3,4,Undirected,0.7296153480181699
3,5,Undirected,0.28551712805018803
3,11,Undirected,0.1698669318245513
3,12,Undirected,0.19731234340585158
3,13,Undirected,0.1972412862961853
4,5,Undirected,0.7627377427072354
4,6,Undirected,0.3284252944944672
4,7,Undirected,0.1934666517464289
4,8,Undirected,0.35389663507843594
4,11,Undirected,0.2038695465568035
4,12,Undirected,0.3845788634858658
4,13,Undirected,0.35967524896744496
5,6,Undirected,0.7539068787578586
5,7,Undirected,0.21495683647470099
5,12,Undirected,0.19640416316678339
5,13,Undirected,0.2962641705052605
6,7,Undirected,0.7346001728304506
6,8,Undirected,0.32434198881155374
6,11,Undirected,0.29082830482061167
6,12,Undirected,0.3488561110270132
6,13,Undirected,0.3601743997077595
7,8,Undirected,0.7209181569689805
7,9,Undirected,0.2304159789206085
7,11,Undirected,0.27597994401579484
7,12,Undirected,0.2095902422975422
7,13,Undirected,0.23561215679599679
8,9,Undirected,0.759824673291372
8,10,Undirected,0.3128880931733199
8,11,Undirected,0.34405706241188994
8,12,Undirected,0.39370700184467555
8,13,Undirected,0.21457996381770764
9,10,Undirected,0.7413728632832713
9,11,Undirected,0.3174987093560709
10,11,Undirected,0.7701893327511119
11,12,Undirected,0.39639793578025007
11,13,Undirected,0.2500719933347587
12,13,Undirected,0.37718673085990273
