Source,Target,Type,Weight
0,1,Undirected,0.7507571241356022
0,2,Undirected,0.32159682027130715
0,3,Undirected,0.32121649671022023
0,4,Undirected,0.3150563563721689
0,5,Undirected,0.34321130358227225
0,6,Undirected,0.33298764089322186
0,7,Undirected,0.25533639653924334
0,11,Undirected,0.26813418472019535
0,12,Undirected,0.39127233024498737
0,13,Undirected,0.19571286440246624
1,2,Undirected,0.7315466389533956
1,3,Undirected,0.26782710708112534
1,11,Undirected,0.23203856274423415
1,12,Undirected,0.19223093172080047
2,3,Undirected,0.7494253526658196
2,4,Undirected,0.351605431063505
2,5,Undirected,0.177355410635124
2,6,Undirected,0.20904125100675422
2,11,Undirected,0.3014412576764387
2,12,Undirected,0.38150287229739493
2,13,Undirected,0.3288629818073702
3,4,Undirected,0.7632471976491361
3,5,Undirected,0.3222638029013319
3,6,Undirected,0.18396510723458553
3,12,Undirected,0.2009085543382804
4,5,Undirected,0.7681869830131992
4,6,Undirected,0.3294090371539237
4,7,Undirected,0.19647198612785344
4,11,Undirected,0.19852765071056766
4,12,Undirected,0.36950873524406774
4,13,Undirected,0.22041224718014688
5,6,Undirected,0.7303534321816125
5,7,Undirected,0.2138574040592231
5,12,Undirected,0.17496320365859336
6,7,Undirected,0.7492386017119951
6,8,Undirected,0.2309271521136947
6,11,Undirected,0.29197987197394787
6,12,Undirected,0.3827867594219956
6,13,Undirected,0.2021085613419113
7,8,Undirected,0.7619410248799131
7,9,Undirected,0.23193622072446005
7,10,Undirected,0.1674806900055695
7,11,Undirected,0.2868593536967739
7,12,Undirected,0.21482962745792816
8,9,Undirected,0.7542932160792724
8,10,Undirected,0.3249819641884055
8,11,Undirected,0.33791507812168925
8,12,Undirected,0.18530846321142536
8,13,Undirected,0.1849027488205479
9,10,Undirected,0.7329992201306773
9,11,Undirected,0.27706672735181653
10,11,Undirected,0.7263567786350903
11,12,Undirected,0.3700516349600221
11,13,Undirected,0.32327622020220487
12,13,Undirected,0.3665457957211982
