Source,Target,Type,Weight
0,1,Undirected,0.745229892710842
0,2,Undirected,0.3038451959355211
0,3,Undirected,0.3202004428584025
0,4,Undirected,0.3317686336995549
0,5,Undirected,0.34465971469766066
0,6,Undirected,0.2997103510122709
0,7,Undirected,0.2418362819000104
0,11,Undirected,0.3067284125541846
0,12,Undirected,0.3930948162386814
0,13,Undirected,0.19941495872732842
1,2,Undirected,0.7482722657305081
1,3,Undirected,0.25867688898767593
1,6,Undirected,0.17934486826932516
1,11,Undirected,0.366575460609235
1,12,Undirected,0.21970402136076506
2,3,Undirected,0.7629108158416025
2,4,Undirected,0.31608882522353715
2,6,Undirected,0.19350110394666584
2,11,Undirected,0.2925416560912223
2,12,Undirected,0.3995631226347916
2,13,Undirected,0.21484529749819156
3,4,Undirected,0.7373304682544141
3,5,Undirected,0.24601541397158347
3,11,Undirected,0.19906010951783865
3,12,Undirected,0.2234188165307288
4,5,Undirected,0.7289565970309251
4,6,Undirected,0.33963727521816306
4,7,Undirected,0.19102037931329097
4,11,Undirected,0.19803653032284224
4,12,Undirected,0.37467702751327175
4,13,Undirected,0.3117633137220623
5,6,Undirected,0.7491335533835511
5,7,Undirected,0.21266617714062097
5,12,Undirected,0.19159162824453396
5,13,Undirected,0.17391600009918382
6,7,Undirected,0.7662019460739974
6,8,Undirected,0.2396310520594722
6,11,Undirected,0.3109176520821226
6,12,Undirected,0.3621050123390815
6,13,Undirected,0.3576750792388162
7,8,Undirected,0.7660205913838426
7,9,Undirected,0.24283672017950783
7,11,Undirected,0.28371553011455214
7,12,Undirected,0.207616241323468
7,13,Undirected,0.2325892864074558
8,9,Undirected,0.7395837383424597
8,10,Undirected,0.3242483881137332
8,11,Undirected,0.3455346101479801
8,12,Undirected,0.19283276827098278
8,13,Undirected,0.2880865147506227
9,10,Undirected,0.7249991724649577
9,11,Undirected,0.30645166239803767
10,11,Undirected,0.7576406604977197
11,12,Undirected,0.3826769221027896
11,13,Undirected,0.30363104537789626
12,13,Undirected,0.3678311880700137
