Source,Target,Type,Weight
0,1,Undirected,0.7445072385833412
0,2,Undirected,0.31818568711216816
0,3,Undirected,0.19023336322541282
0,12,Undirected,0.40499062139056785
0,13,Undirected,0.34391910795456593
1,2,Undirected,0.725170460626219
1,3,Undirected,0.28304104411766395
1,4,Undirected,0.20718049171026906
1,12,Undirected,0.21675207788370218
1,13,Undirected,0.19680271783904693
2,3,Undirected,0.7329596395511935
2,4,Undirected,0.22993343048970408
2,12,Undirected,0.3819047104813954
2,13,Undirected,0.32000349124902716
3,4,Undirected,0.7645165362109687
3,5,Undirected,0.22130486963112092
3,6,Undirected,0.20214181538724604
3,12,Undirected,0.2108424056691886
3,13,Undirected,0.20487570797646318
4,5,Undirected,0.7479354136639893
4,6,Undirected,0.26131408280514107
5,6,Undirected,0.7474978725300185
5,7,Undirected,0.23587135156972985
5,8,Undirected,0.22316426114732169
6,7,Undirected,0.7474973396619469
6,8,Undirected,0.24227001525716826
7,8,Undirected,0.7593669286902214
7,9,Undirected,0.20654905090843478
7,10,Undirected,0.2081849159567682
7,11,Undirected,0.22395093213753414
8,9,Undirected,0.7439312979400946
8,10,Undirected,0.2674926151496479
8,11,Undirected,0.17392084629040952
9,10,Undirected,0.7392031988224363
9,11,Undirected,0.2116086530667762
10,11,Undirected,0.7979058866500274
12,13,Undirected,0.34941820753454006
