Source,Target,Type,Weight
0,1,Undirected,0.7503117127798841
0,2,Undirected,0.26943785102592877
0,6,Undirected,0.38905811164472087
1,2,Undirected,0.7451300689799377
1,3,Undirected,0.2895802240293707
2,3,Undirected,0.752965979947675
2,4,Undirected,0.3764105848246273
2,5,Undirected,0.348073027631626
2,6,Undirected,0.32967966168546375
2,7,Undirected,0.1922025141602752
2,11,Undirected,0.2981436959831425
2,12,Undirected,0.37587858836543825
2,13,Undirected,0.3135410852205546
3,4,Undirected,0.7289178318542854
3,5,Undirected,0.2891720633151291
3,11,Undirected,0.17246485985059062
3,12,Undirected,0.17148322153797443
4,5,Undirected,0.7154193419744859
4,6,Undirected,0.33511424777897036
4,7,Undirected,0.2562712871829163
4,8,Undirected,0.2493108783559276
4,10,Undirected,0.17706061839236897
4,11,Undirected,0.2727309554573677
4,12,Undirected,0.35810110884622365
4,13,Undirected,0.18784485551549823
5,6,Undirected,0.7357708434657487
5,7,Undirected,0.21421867639001194
5,12,Undirected,0.17026093906106882
6,7,Undirected,0.7350362659078735
6,8,Undirected,0.2597472793847074
6,10,Undirected,0.19792496799642723
6,11,Undirected,0.2015022697388491
6,12,Undirected,0.3812849389274707
6,13,Undirected,0.2064986124141473
7,8,Undirected,0.7486299984141404
7,9,Undirected,0.31662412857299227
7,10,Undirected,0.3401909749187766
7,11,Undirected,0.20254158224021604
7,12,Undirected,0.22026325485373774
7,13,Undirected,0.17135319502747334
8,9,Undirected,0.7622947698719105
8,10,Undirected,0.3356228020360281
9,10,Undirected,0.7345990148960068
9,11,Undirected,0.2095639576917339
10,11,Undirected,0.7414736489659588
10,12,Undirected,0.2201612572196793
10,13,Undirected,0.1897793190284908
11,12,Undirected,0.3922323425711351
11,13,Undirected,0.3135584775200324
12,13,Undirected,0.3782616161368382
