Source,Target,Type,Weight
0,1,Undirected,0.7631573464900809
0,2,Undirected,0.2619373641618468
0,3,Undirected,0.19606147862832354
0,4,Undirected,0.18668726932284613
0,8,Undirected,0.19340345583329221
0,9,Undirected,0.185304680843995
0,11,Undirected,0.31060704687723323
0,12,Undirected,0.39213025260090006
0,13,Undirected,0.3417109172228232
1,2,Undirected,0.7544006663569424
1,3,Undirected,0.2246227371997348
1,8,Undirected,0.3027830706431797
2,3,Undirected,0.7335110141095325
2,4,Undirected,0.329589714905915
2,5,Undirected,0.34510834909137106
2,6,Undirected,0.20468764167638057
2,7,Undirected,0.18016539135366738
2,8,Undirected,0.1834689245677179
3,4,Undirected,0.756535308599933
3,5,Undirected,0.2574900444705995
4,5,Undirected,0.7476029289865234
4,6,Undirected,0.34406544480606704
4,7,Undirected,0.23705946392724012
4,8,Undirected,0.2351152138003188
4,9,Undirected,0.1773266624332325
5,6,Undirected,0.7548497923593646
5,7,Undirected,0.3094434118525353
5,8,Undirected,0.18150019594022923
6,7,Undirected,0.755388892175691
6,8,Undirected,0.247229713042161
7,8,Undirected,0.77085114710014
7,9,Undirected,0.21312050333849344
8,9,Undirected,0.7585111797692207
8,10,Undirected,0.21323650230445484
9,10,Undirected,0.7838362771783566
9,11,Undirected,0.26704580942600836
9,13,Undirected,0.1675296307042221
10,11,Undirected,0.7452723987298593
11,12,Undirected,0.39381050618540014
11,13,Undirected,0.3168159838923514
12,13,Undirected,0.38256857847400494
