Source,Target,Type,Weight
0,1,Undirected,0.7227985129765586
0,2,Undirected,0.24893755170985268
0,3,Undirected,0.17518913541865413
0,8,Undirected,0.17857448792346634
0,9,Undirected,0.28871975081312706
0,10,Undirected,0.3561714934001807
0,11,Undirected,0.3575852756476586
1,2,Undirected,0.7572065940079042
1,3,Undirected,0.27453379600554134
1,9,Undirected,0.2861573598582116
1,10,Undirected,0.19998375070995283
1,11,Undirected,0.249294311675424
1,12,Undirected,0.1750294699219844
2,3,Undirected,0.748162950709196
2,4,Undirected,0.2079381810981533
2,5,Undirected,0.18109156014744293
2,6,Undirected,0.26633132771720175
2,7,Undirected,0.1738766924699106
2,8,Undirected,0.3430572743073305
2,9,Undirected,0.361784616090589
2,10,Undirected,0.2109006090533059
2,11,Undirected,0.29469692189804786
2,12,Undirected,0.38733597362686234
2,13,Undirected,0.20616775392530878
3,4,Undirected,0.7568805679765821
3,5,Undirected,0.22345388206730898
3,6,Undirected,0.24210662055314294
3,8,Undirected,0.2175048310160774
3,9,Undirected,0.22864319854865156
4,5,Undirected,0.7316258822940443
4,6,Undirected,0.28987441966253846
4,7,Undirected,0.1799889302386178
5,6,Undirected,0.7378925949734755
5,7,Undirected,0.24996123319096786
6,7,Undirected,0.7587749838043856
6,8,Undirected,0.33674615355218157
6,9,Undirected,0.19545051760343773
6,12,Undirected,0.1843970596032383
7,8,Undirected,0.7278938865249864
7,9,Undirected,0.209170311338962
8,9,Undirected,0.730686404338367
8,10,Undirected,0.21358930415774358
9,10,Undirected,0.7308626830509302
9,11,Undirected,0.23837045084440334
10,11,Undirected,0.7735234408196024
11,12,Undirected,0.39476077292208905
11,13,Undirected,0.24014475889129638
12,13,Undirected,0.3797862593982137
