Source,Target,Type,Weight
0,1,Undirected,0.7350353642222671
0,2,Undirected,0.3321472244751797
0,3,Undirected,0.30701422491297686
0,4,Undirected,0.21981796785733265
0,5,Undirected,0.1825198516204621
0,6,Undirected,0.20173638476699599
0,8,Undirected,0.19418075872044063
0,11,Undirected,0.2968171393600537
0,12,Undirected,0.35985710058392323
0,13,Undirected,0.35961480620790437
1,2,Undirected,0.749005728567783
1,3,Undirected,0.24301796939539727
1,11,Undirected,0.3299812064383998
1,12,Undirected,0.21608370539900154
1,13,Undirected,0.17617849578495987
2,3,Undirected,0.7493228623916673
2,4,Undirected,0.36200312867484435
2,5,Undirected,0.21816394794654673
2,6,Undirected,0.20595012282949263
2,8,Undirected,0.3090469782200302
2,11,Undirected,0.31803132707568266
2,12,Undirected,0.38223127052157024
2,13,Undirected,0.3089396030023453
3,4,Undirected,0.7465819960934555
3,5,Undirected,0.28285976527173545
3,11,Undirected,0.16780343856094776
3,12,Undirected,0.20797534069236984
3,13,Undirected,0.26162074216437486
4,5,Undirected,0.7650996819429862
4,6,Undirected,0.3231762859734861
4,7,Undirected,0.1957892034328313
4,8,Undirected,0.3526070899152686
4,11,Undirected,0.19843222464722404
4,12,Undirected,0.37354276336062237
4,13,Undirected,0.3258265306891353
5,6,Undirected,0.7630705012212974
5,7,Undirected,0.21019629728522643
5,8,Undirected,0.1700973085613252
5,12,Undirected,0.2059366334619141
5,13,Undirected,0.34217303286181217
6,7,Undirected,0.7416155686253223
6,8,Undirected,0.31839060583503764
6,11,Undirected,0.30120742100036274
6,12,Undirected,0.37079486858511257
6,13,Undirected,0.2835957880490822
7,8,Undirected,0.7292282589372451
7,9,Undirected,0.218765461513161
7,11,Undirected,0.28816418094409596
7,12,Undirected,0.2107206324255553
7,13,Undirected,0.17842866195519816
8,9,Undirected,0.7360301718911253
8,10,Undirected,0.3104528500784995
8,11,Undirected,0.3483539640995516
8,12,Undirected,0.4019566991569296
8,13,Undirected,0.20694901597793097
9,10,Undirected,0.7462270141287151
9,11,Undirected,0.31950214296204704
10,11,Undirected,0.7342619539125588
11,12,Undirected,0.3701545393507356
11,13,Undirected,0.20384021912450312
12,13,Undirected,0.3613999104234345
