Source,Target,Type,Weight
0,1,Undirected,0.7344015118399653
0,2,Undirected,0.26046172654482075
0,3,Undirected,0.1701886758154506
0,8,Undirected,0.18395908807817477
0,9,Undirected,0.27703810530238526
0,10,Undirected,0.34708006748786446
0,11,Undirected,0.3304957723403756
1,2,Undirected,0.7356128957239066
1,3,Undirected,0.2788979395963082
1,4,Undirected,0.1688750763687613
1,8,Undirected,0.16969715016842254
1,9,Undirected,0.2652361059458602
1,10,Undirected,0.1941012311253242
1,11,Undirected,0.21793680041460067
2,3,Undirected,0.7600004203798711
2,4,Undirected,0.202669320021717
2,6,Undirected,0.28067201956986687
2,7,Undirected,0.21425459058527108
2,8,Undirected,0.30489790912912595
2,9,Undirected,0.36324752311984315
2,10,Undirected,0.2029266344207329
2,11,Undirected,0.2790521536887103
2,12,Undirected,0.3853972414210075
2,13,Undirected,0.2527364389220855
3,4,Undirected,0.7704855259243434
3,5,Undirected,0.22818328241744026
3,6,Undirected,0.2589996471586266
3,7,Undirected,0.1758273746817709
3,8,Undirected,0.19611844545922383
3,9,Undirected,0.2094118250889936
4,5,Undirected,0.7625371594022571
4,6,Undirected,0.30201556657153217
4,7,Undirected,0.17264749032622578
5,6,Undirected,0.7542928091288351
5,7,Undirected,0.23171132430494404
6,7,Undirected,0.7622722572273403
6,8,Undirected,0.2844561347396954
6,9,Undirected,0.17269096511277748
6,12,Undirected,0.1750272349178479
7,8,Undirected,0.7603522274901793
7,9,Undirected,0.24826046779441593
8,9,Undirected,0.7450042682773034
8,10,Undirected,0.2116298362919166
9,10,Undirected,0.7451689229163165
9,11,Undirected,0.23682784360557527
10,11,Undirected,0.7499112740827171
11,12,Undirected,0.39166334857042967
11,13,Undirected,0.3086875635600798
12,13,Undirected,0.37015718537838593
