Source,Target,Type,Weight
0,1,Undirected,0.7373695500754369
0,2,Undirected,0.3205886051011474
0,3,Undirected,0.323198250263379
0,4,Undirected,0.3216546791113618
0,5,Undirected,0.36332662836103663
0,6,Undirected,0.30550594863064734
0,7,Undirected,0.21022290934836724
0,11,Undirected,0.30060396663838823
0,12,Undirected,0.3770926608827806
0,13,Undirected,0.2040539476809349
1,2,Undirected,0.7425353957821593
1,3,Undirected,0.3035549688505987
1,11,Undirected,0.260877066829758
1,12,Undirected,0.18858625950574018
2,3,Undirected,0.72511348093815
2,4,Undirected,0.3161709095752664
2,5,Undirected,0.18909105729043768
2,6,Undirected,0.1982082966228775
2,11,Undirected,0.32744505817076247
2,12,Undirected,0.37247891170864844
2,13,Undirected,0.21108703352215716
3,4,Undirected,0.7544439535897706
3,5,Undirected,0.30623898826088647
3,6,Undirected,0.17902244609740572
3,11,Undirected,0.17773244248119557
3,12,Undirected,0.19767914917972398
4,5,Undirected,0.7645174420014105
4,6,Undirected,0.3306242607015884
4,7,Undirected,0.1942564108074321
4,11,Undirected,0.19589428976372864
4,12,Undirected,0.3675029659212581
4,13,Undirected,0.2832292492889057
5,6,Undirected,0.7705778896918886
5,7,Undirected,0.2167704719031254
5,12,Undirected,0.18936956155048928
5,13,Undirected,0.17824410073487001
6,7,Undirected,0.7390807587204856
6,8,Undirected,0.22878497690933788
6,11,Undirected,0.30390371312409503
6,12,Undirected,0.3783264767756942
6,13,Undirected,0.35648174786804265
7,8,Undirected,0.7486071499294863
7,9,Undirected,0.22037931077241502
7,11,Undirected,0.296192702535682
7,12,Undirected,0.22199430435870154
7,13,Undirected,0.3042436813805772
8,9,Undirected,0.7394241495101053
8,10,Undirected,0.30709247265032347
8,11,Undirected,0.34523606294792447
8,12,Undirected,0.1916348189392388
8,13,Undirected,0.2684091218442376
9,10,Undirected,0.7371097305315821
9,11,Undirected,0.3001798873297699
10,11,Undirected,0.7524752830503144
11,12,Undirected,0.405323363526479
11,13,Undirected,0.38242654026534684
12,13,Undirected,0.3905148090656926
