Source,Target,Type,Weight
0,1,Undirected,0.7587738856700723
0,2,Undirected,0.2755999614161736
0,3,Undirected,0.22158350033657753
0,8,Undirected,0.24523799751084518
0,9,Undirected,0.2726456456985466
0,11,Undirected,0.28969406890586114
0,12,Undirected,0.38921996377380147
0,13,Undirected,0.29974849822164973
1,2,Undirected,0.7464779570482372
1,3,Undirected,0.2075919084420728
1,8,Undirected,0.239025375998873
2,3,Undirected,0.7411248165875531
2,4,Undirected,0.27433634743507895
2,5,Undirected,0.3338903607091909
2,6,Undirected,0.2127728306860914
2,7,Undirected,0.19359175574903686
2,8,Undirected,0.3542337792070721
2,9,Undirected,0.20022642946248687
3,4,Undirected,0.7415753142979997
3,5,Undirected,0.24264703755457281
3,8,Undirected,0.1918608938258205
4,5,Undirected,0.7771591075324773
4,6,Undirected,0.3448482711807328
4,7,Undirected,0.22973429216622313
4,8,Undirected,0.22035082941311704
4,9,Undirected,0.17569672904384007
5,6,Undirected,0.7504810048487865
5,7,Undirected,0.2912558808556747
5,8,Undirected,0.17470133194071114
6,7,Undirected,0.7197423598339427
6,8,Undirected,0.24755257071262823
7,8,Undirected,0.7504818776862249
7,9,Undirected,0.20965528052082716
8,9,Undirected,0.7298491449907988
8,10,Undirected,0.21280873676371306
9,10,Undirected,0.7607044294400296
9,11,Undirected,0.2888530699088774
9,12,Undirected,0.18204858478552202
9,13,Undirected,0.29098941718919324
10,11,Undirected,0.7591246265962135
11,12,Undirected,0.37640639611164656
11,13,Undirected,0.2898382033655696
12,13,Undirected,0.3700534306425088
