Source,Target,Type,Weight
0,1,Undirected,0.737832560210399
0,2,Undirected,0.2758069415062715
0,3,Undirected,0.2033692457196398
0,4,Undirected,0.17920548423033406
0,5,Undirected,0.17311354377032462
0,6,Undirected,0.17051499601997896
0,12,Undirected,0.18284853356862732
1,2,Undirected,0.7246003779085461
1,3,Undirected,0.25180186778538477
1,4,Undirected,0.17108203625240515
1,12,Undirected,0.18150465715675432
2,3,Undirected,0.7421649456170011
2,4,Undirected,0.23743258088397542
2,5,Undirected,0.23297316759110429
2,6,Undirected,0.38956237965795854
2,7,Undirected,0.19347243457493904
2,8,Undirected,0.2788554220151635
2,11,Undirected,0.20341287910788822
2,12,Undirected,0.37699975605551295
2,13,Undirected,0.3286663328001447
3,4,Undirected,0.7556042441199461
3,5,Undirected,0.2798135245409496
3,6,Undirected,0.29306538357025724
4,5,Undirected,0.7405789392602428
4,6,Undirected,0.28908749673473355
5,6,Undirected,0.7483966353855146
5,7,Undirected,0.3063698021618323
6,7,Undirected,0.7575327642135239
6,8,Undirected,0.31819932566964004
6,11,Undirected,0.2965803105877295
6,12,Undirected,0.36590516973271053
6,13,Undirected,0.1954914202079479
7,8,Undirected,0.7303162350033972
7,9,Undirected,0.2546740751170921
7,11,Undirected,0.28284276976736483
7,12,Undirected,0.21548856976103772
8,9,Undirected,0.740578220067862
8,10,Undirected,0.272305717557635
8,11,Undirected,0.3189603710196912
8,12,Undirected,0.39066175577530216
8,13,Undirected,0.3403642038765273
9,10,Undirected,0.7306283636582805
9,11,Undirected,0.3320629192247803
10,11,Undirected,0.7548510150156592
10,13,Undirected,0.18273993487017778
11,12,Undirected,0.4021267646778814
11,13,Undirected,0.24795109344773175
12,13,Undirected,0.3703727513009791
