Source,Target,Type,Weight
0,1,Undirected,0.730354703946999
0,2,Undirected,0.22967096570353127
0,8,Undirected,0.16812902394105633
0,9,Undirected,0.3205757900428152
0,10,Undirected,0.36119963669084854
0,11,Undirected,0.34029144003512035
1,2,Undirected,0.7588635313436412
1,3,Undirected,0.2861828984200765
1,6,Undirected,0.174949074905979
1,9,Undirected,0.24836854889616058
1,10,Undirected,0.2012008623858985
1,11,Undirected,0.25975022311571033
1,12,Undirected,0.18275646490084024
2,3,Undirected,0.7463089388305898
2,4,Undirected,0.20299489171389803
2,6,Undirected,0.3135412727283193
2,7,Undirected,0.2815182816897041
2,8,Undirected,0.2593442491582125
2,9,Undirected,0.29594200070092386
2,10,Undirected,0.22096170906815074
2,11,Undirected,0.2525533648911838
2,12,Undirected,0.3880345264638129
2,13,Undirected,0.3412013010915779
3,4,Undirected,0.7465984749241462
3,5,Undirected,0.22011947727250064
3,6,Undirected,0.2902628508472653
3,7,Undirected,0.24677523911752416
3,8,Undirected,0.18348712791538122
3,9,Undirected,0.17947179724254766
4,5,Undirected,0.7722321470161577
4,6,Undirected,0.2956432435366209
4,7,Undirected,0.22433147220523783
5,6,Undirected,0.7517729415949355
5,7,Undirected,0.22007729746616728
6,7,Undirected,0.7573772341934467
6,8,Undirected,0.2758159193039789
6,9,Undirected,0.18113853165254948
7,8,Undirected,0.760002279479188
7,9,Undirected,0.2952179080252416
8,9,Undirected,0.7480632736471808
8,10,Undirected,0.21935850707283158
9,10,Undirected,0.7454394241515709
9,11,Undirected,0.25761566405912667
10,11,Undirected,0.7884789653138577
11,12,Undirected,0.37324635205721346
11,13,Undirected,0.2805061612250476
12,13,Undirected,0.3743931837886469
