Source,Target,Type,Weight
0,1,Undirected,0.7432119490747114
0,2,Undirected,0.2972965271846415
0,3,Undirected,0.23242508297760944
1,2,Undirected,0.7663098060631285
1,3,Undirected,0.24158686065480384
2,3,Undirected,0.7412317569515704
2,4,Undirected,0.2519053692434426
2,6,Undirected,0.21354976362049877
2,7,Undirected,0.30395009376550347
2,8,Undirected,0.21679527852659364
2,9,Undirected,0.16678048324661562
2,11,Undirected,0.33633068805512795
2,12,Undirected,0.3834125835591912
2,13,Undirected,0.20432273481503507
3,4,Undirected,0.7294422075905709
3,5,Undirected,0.20394936781737186
3,6,Undirected,0.28515503076208176
3,7,Undirected,0.25352508208292085
3,11,Undirected,0.19821378562497513
3,12,Undirected,0.3705078080141903
3,13,Undirected,0.19512981239958685
4,5,Undirected,0.7461634917137647
4,6,Undirected,0.2893279125186577
4,7,Undirected,0.2124053778318538
4,11,Undirected,0.2115899504378646
4,12,Undirected,0.38520239384925775
4,13,Undirected,0.2689560516368451
5,6,Undirected,0.7480833537031857
5,7,Undirected,0.26548355077058705
5,12,Undirected,0.178085308143802
5,13,Undirected,0.17613346942584063
6,7,Undirected,0.767301986544284
6,8,Undirected,0.22986490469408866
6,9,Undirected,0.277884139193035
6,11,Undirected,0.20855386778722682
6,12,Undirected,0.3696989419655276
6,13,Undirected,0.33177739903789943
7,8,Undirected,0.7557138383624721
7,9,Undirected,0.3115687090320372
7,10,Undirected,0.1699642914453455
7,11,Undirected,0.3173704202545438
7,12,Undirected,0.3732355575694142
7,13,Undirected,0.31906108816287765
8,9,Undirected,0.7662867756509106
8,10,Undirected,0.2948455192458519
8,11,Undirected,0.2533455160701167
8,12,Undirected,0.20459302937584917
8,13,Undirected,0.2140679725261579
9,10,Undirected,0.7550443803945353
9,11,Undirected,0.3158545773567358
9,12,Undirected,0.20334810643498233
9,13,Undirected,0.37302567082612614
10,11,Undirected,0.7382934880597957
10,13,Undirected,0.20791878172588832
11,12,Undirected,0.3816847896167422
11,13,Undirected,0.32108567780721575
12,13,Undirected,0.37355816686900345
