Source,Target,Type,Weight
0,1,Undirected,0.717904084251252
0,2,Undirected,0.2682923038120396
0,3,Undirected,0.23367424049119512
0,4,Undirected,0.17505617752431576
0,5,Undirected,0.16950297522033184
0,12,Undirected,0.1774076071131826
0,13,Undirected,0.31708682287516576
1,2,Undirected,0.73968619050953
1,3,Undirected,0.2489119053400968
1,4,Undirected,0.16718315368758022
1,12,Undirected,0.2006979418228694
1,13,Undirected,0.2805343035344426
2,3,Undirected,0.7100943498684669
2,4,Undirected,0.23415480318074625
2,5,Undirected,0.2340469294252896
2,6,Undirected,0.39433340531856476
2,7,Undirected,0.19655046599328252
2,8,Undirected,0.2939322388830151
2,11,Undirected,0.19457836523339825
2,12,Undirected,0.36736130641519277
2,13,Undirected,0.36869284477424563
3,4,Undirected,0.7505873045229987
3,5,Undirected,0.27688398834029254
3,6,Undirected,0.26163918354779353
3,13,Undirected,0.20219519668396915
4,5,Undirected,0.7533715829400827
4,6,Undirected,0.27262948328107445
5,6,Undirected,0.7477277427175812
5,7,Undirected,0.26986064837396295
5,13,Undirected,0.20205113768127042
6,7,Undirected,0.7702320463457305
6,8,Undirected,0.3002448027554663
6,11,Undirected,0.3146115286791804
6,12,Undirected,0.3828244574057427
6,13,Undirected,0.3027230177608449
7,8,Undirected,0.7149981035342451
7,9,Undirected,0.2644893093589954
7,11,Undirected,0.3111703698252201
7,12,Undirected,0.2149936818787507
7,13,Undirected,0.1864577140198481
8,9,Undirected,0.7412893983592959
8,10,Undirected,0.28223604918626155
8,11,Undirected,0.3549315321200756
8,12,Undirected,0.39830210629945
8,13,Undirected,0.19821884401893652
9,10,Undirected,0.7347999067989468
9,11,Undirected,0.34162758678210464
10,11,Undirected,0.7536073145998049
11,12,Undirected,0.4023115217447813
11,13,Undirected,0.26558661672176526
12,13,Undirected,0.37387673516060294
