Source,Target,Type,Weight
0,1,Undirected,0.733059111496781
0,2,Undirected,0.2843469855641655
0,3,Undirected,0.24941308328342263
0,4,Undirected,0.1764854143315462
0,13,Undirected,0.170765334788167
1,2,Undirected,0.7758225777602179
1,3,Undirected,0.23866834310395216
1,13,Undirected,0.19387931226553234
2,3,Undirected,0.7667163210813244
2,4,Undirected,0.25373093246497586
2,6,Undirected,0.22129524840622516
2,7,Undirected,0.34004160140689516
2,8,Undirected,0.20961177754895735
2,11,Undirected,0.3045428782574614
2,12,Undirected,0.38945321259363636
2,13,Undirected,0.3617731013852128
3,4,Undirected,0.7792310769162744
3,5,Undirected,0.22826228690261274
3,6,Undirected,0.30817996111365253
3,7,Undirected,0.28851653952176864
3,11,Undirected,0.1881822232822595
3,12,Undirected,0.3717601531959173
3,13,Undirected,0.30527547513513503
4,5,Undirected,0.7394225200774628
4,6,Undirected,0.2732200149576139
4,7,Undirected,0.2152544503993517
4,11,Undirected,0.21212315845786617
4,12,Undirected,0.37707425253189614
4,13,Undirected,0.3491340994803573
5,6,Undirected,0.7372710433088098
5,7,Undirected,0.2809941971601545
5,12,Undirected,0.18511098792849603
6,7,Undirected,0.7482298172767551
6,8,Undirected,0.2363188407626201
6,9,Undirected,0.3012566606187467
6,10,Undirected,0.20226179227608845
6,11,Undirected,0.19862826672223183
6,12,Undirected,0.3816374188658438
6,13,Undirected,0.1994347191535984
7,8,Undirected,0.7237645730322847
7,9,Undirected,0.2717542669422196
7,10,Undirected,0.17588953227007695
7,11,Undirected,0.2556809450121598
7,12,Undirected,0.3544694735504145
7,13,Undirected,0.20081334521975355
8,9,Undirected,0.7379129116515375
8,10,Undirected,0.2703008867533616
8,11,Undirected,0.21331022385778722
8,12,Undirected,0.19785811704803877
9,10,Undirected,0.7221392642943167
9,11,Undirected,0.262091778213191
9,12,Undirected,0.19219081836195642
10,11,Undirected,0.7644278488182846
10,12,Undirected,0.20371923365543637
11,12,Undirected,0.3512300870994182
11,13,Undirected,0.2908478467030896
12,13,Undirected,0.3836518003984421
