Source,Target,Type,Weight
0,1,Undirected,0.7498486645473148
0,2,Undirected,0.20695963592744404
1,2,Undirected,0.7485657322558028
1,3,Undirected,0.3116761596908729
1,4,Undirected,0.17924201422310929
1,7,Undirected,0.17399306633542072
1,8,Undirected,0.2003642600908386
1,12,Undirected,0.18067582506954266
2,3,Undirected,0.7407020071057383
2,4,Undirected,0.2944374794973978
2,5,Undirected,0.17079451236366544
2,12,Undirected,0.19467812532519427
2,13,Undirected,0.18420229760998813
3,4,Undirected,0.74380893547003
3,5,Undirected,0.30313186089669936
4,5,Undirected,0.7820137931343084
4,6,Undirected,0.2168688802579653
4,7,Undirected,0.17394197941744527
5,6,Undirected,0.7673287980548509
5,7,Undirected,0.2920956321705882
5,8,Undirected,0.18883224232164886
6,7,Undirected,0.7663781354315297
6,8,Undirected,0.24164108610083734
6,9,Undirected,0.17344565048115068
7,8,Undirected,0.7781694214013548
7,9,Undirected,0.241046994550342
8,9,Undirected,0.7440752820460055
8,10,Undirected,0.24738518537916787
8,11,Undirected,0.3653337191386588
8,12,Undirected,0.3832620381154524
8,13,Undirected,0.20635042926535618
9,10,Undirected,0.7451697172468881
9,11,Undirected,0.28527900393287847
10,11,Undirected,0.7569886884055028
11,12,Undirected,0.3908749157662238
11,13,Undirected,0.31461870286874855
12,13,Undirected,0.37815882637528847
