Source,Target,Type,Weight
0,1,Undirected,0.7434789884029939
0,2,Undirected,0.3433324457323981
0,3,Undirected,0.33903960130410044
0,4,Undirected,0.31761038603069935
0,5,Undirected,0.3622498420345876
0,6,Undirected,0.2844559804061064
0,7,Undirected,0.26047065511446493
0,11,Undirected,0.28935811238491965
0,12,Undirected,0.37732347709419367
0,13,Undirected,0.20411942914551892
1,2,Undirected,0.7408846570887976
1,3,Undirected,0.28743016583669284
1,4,Undirected,0.16783313041961884
1,6,Undirected,0.18489531513461688
1,7,Undirected,0.16697726805496968
1,10,Undirected,0.2227393015350798
1,11,Undirected,0.3692651074079477
1,12,Undirected,0.24124686485207417
1,13,Undirected,0.17461466618585197
2,3,Undirected,0.7650308128756991
2,4,Undirected,0.3300852642721821
2,5,Undirected,0.18395098785134328
2,6,Undirected,0.20771130518324465
2,11,Undirected,0.2442412108361633
2,12,Undirected,0.4033699045542489
2,13,Undirected,0.3652821438922703
3,4,Undirected,0.7336106357786619
3,5,Undirected,0.3101033196172712
3,6,Undirected,0.18354397642615455
3,11,Undirected,0.17765324785812897
3,12,Undirected,0.21042513231139218
3,13,Undirected,0.16763922879713303
4,5,Undirected,0.7428614137856159
4,6,Undirected,0.3011911555602758
4,7,Undirected,0.18746317156472936
4,11,Undirected,0.20402137156243555
4,12,Undirected,0.38536901967904047
4,13,Undirected,0.2805216387964474
5,6,Undirected,0.7572056371083304
5,7,Undirected,0.21775909013409955
5,12,Undirected,0.18814092914248762
6,7,Undirected,0.7597149844368433
6,8,Undirected,0.23981920063544623
6,11,Undirected,0.31023015944925936
6,12,Undirected,0.38382723791711304
6,13,Undirected,0.20811436350448714
7,8,Undirected,0.7667618041727355
7,9,Undirected,0.23840887648893855
7,11,Undirected,0.29063482267918167
7,12,Undirected,0.2103869022628546
8,9,Undirected,0.7624499701195445
8,10,Undirected,0.308264898684185
8,11,Undirected,0.33055221467723567
8,12,Undirected,0.18607520158460342
9,10,Undirected,0.7482936920148988
9,11,Undirected,0.2831962996204945
10,11,Undirected,0.7363276852573005
11,12,Undirected,0.38052257549205787
11,13,Undirected,0.2759139331963029
12,13,Undirected,0.385159769571039
