Source,Target,Type,Weight
0,1,Undirected,0.7426374182454241
0,2,Undirected,0.33691970710513286
0,5,Undirected,0.17126881145773087
0,6,Undirected,0.37013177200935304
1,2,Undirected,0.7461857266475383
1,3,Undirected,0.2646186808257473
1,5,Undirected,0.16759425534606504
1,6,Undirected,0.17922384692299145
2,3,Undirected,0.7494049996556096
2,4,Undirected,0.32985684904315415
2,5,Undirected,0.3272606461626282
2,6,Undirected,0.34972525960674183
2,7,Undirected,0.19833306380149596
2,11,Undirected,0.21330647039689624
2,12,Undirected,0.3840136293899835
2,13,Undirected,0.33119467410603065
3,4,Undirected,0.7445694879822609
3,5,Undirected,0.26761512358660455
3,6,Undirected,0.17495088466008013
3,11,Undirected,0.17223288139919507
3,12,Undirected,0.2066322061576861
4,5,Undirected,0.744818589708131
4,6,Undirected,0.3334556869591626
4,7,Undirected,0.31783038665651664
4,8,Undirected,0.2772754223598818
4,9,Undirected,0.18931574675090201
4,10,Undirected,0.2625439035921528
4,11,Undirected,0.30061499765166033
4,12,Undirected,0.3855833179733246
4,13,Undirected,0.20501059633426172
5,6,Undirected,0.7349562177275273
5,7,Undirected,0.21655574109410652
5,8,Undirected,0.17289123431601863
5,12,Undirected,0.18164858613239118
6,7,Undirected,0.7622934537114766
6,8,Undirected,0.2743272503897794
6,10,Undirected,0.17772888774950263
6,11,Undirected,0.1998199368873931
6,12,Undirected,0.3509292550623147
6,13,Undirected,0.2998518293138895
7,8,Undirected,0.757532558986721
7,9,Undirected,0.31125948172447815
7,10,Undirected,0.3310353797818971
7,11,Undirected,0.19188027392332044
7,12,Undirected,0.2031609041739032
7,13,Undirected,0.23298129452444766
8,9,Undirected,0.7339654007818598
8,10,Undirected,0.3210045351423595
9,10,Undirected,0.7447993458173776
9,11,Undirected,0.21898427896637723
10,11,Undirected,0.7525178770594401
10,12,Undirected,0.18473555396917457
11,12,Undirected,0.38762631945357706
11,13,Undirected,0.21980317669605373
12,13,Undirected,0.38764946274144424
