Source,Target,Type,Weight
0,1,Undirected,0.7482266805538225
0,2,Undirected,0.3254516225699007
0,3,Undirected,0.3215350630267304
0,4,Undirected,0.33374495410464206
0,5,Undirected,0.3460949269412237
0,6,Undirected,0.29659618668874643
0,7,Undirected,0.21498411672637674
0,11,Undirected,0.2978127332484314
0,12,Undirected,0.3967500635898662
0,13,Undirected,0.2073150104663261
1,2,Undirected,0.7615856028991176
1,3,Undirected,0.26588887867559663
1,11,Undirected,0.3132949638310224
1,12,Undirected,0.20322457294438756
2,3,Undirected,0.7557790654281726
2,4,Undirected,0.3214307336320159
2,6,Undirected,0.18804606857526018
2,11,Undirected,0.30141684394163715
2,12,Undirected,0.38462964793623644
2,13,Undirected,0.20458245133665967
3,4,Undirected,0.7685272601726056
3,5,Undirected,0.25430224074116514
3,11,Undirected,0.18421673069132222
3,12,Undirected,0.2083939614450423
4,5,Undirected,0.7535649356470927
4,6,Undirected,0.35921276272487923
4,7,Undirected,0.19792054099267747
4,11,Undirected,0.1946108306765359
4,12,Undirected,0.3834549271529584
4,13,Undirected,0.31445479297756534
5,6,Undirected,0.7535650033412993
5,7,Undirected,0.21500642204393236
5,12,Undirected,0.18070867478363492
5,13,Undirected,0.16734818003890783
6,7,Undirected,0.7389185229606604
6,8,Undirected,0.2437702160889003
6,11,Undirected,0.2647933066820994
6,12,Undirected,0.35368624569698165
6,13,Undirected,0.3440087798719091
7,8,Undirected,0.7301381861315308
7,9,Undirected,0.23421468883142713
7,11,Undirected,0.22533671267342792
7,12,Undirected,0.1993881499765591
7,13,Undirected,0.23666030051084225
8,9,Undirected,0.7620727494160636
8,10,Undirected,0.30349324787320486
8,11,Undirected,0.36354265973113836
8,12,Undirected,0.18823010732826234
8,13,Undirected,0.2992644222653146
9,10,Undirected,0.7396654499693327
9,11,Undirected,0.2872295322873887
10,11,Undirected,0.7307817587164541
11,12,Undirected,0.376947510852857
11,13,Undirected,0.31086962773354965
12,13,Undirected,0.3757145471521173
