Source,Target,Type,Weight
0,1,Undirected,0.7363680829166911
0,2,Undirected,0.3078773979242757
0,12,Undirected,0.4037873937162566
0,13,Undirected,0.3025540011453515
1,2,Undirected,0.7548514904941769
1,3,Undirected,0.2187126673220966
1,6,Undirected,0.22580439542644112
1,7,Undirected,0.2114539434865008
1,12,Undirected,0.20620657451398705
1,13,Undirected,0.20908564312853997
2,3,Undirected,0.7600898051509477
2,4,Undirected,0.21065296379894377
2,6,Undirected,0.2588780111906939
2,7,Undirected,0.2854045997436172
2,12,Undirected,0.3826924247264162
2,13,Undirected,0.27381203793895453
3,4,Undirected,0.7681851540022677
3,5,Undirected,0.2528454657707077
3,6,Undirected,0.3300293188630346
3,7,Undirected,0.28065427184528385
4,5,Undirected,0.7286870364001786
4,6,Undirected,0.30848783881832864
4,7,Undirected,0.17265291992391307
5,6,Undirected,0.765480814040974
5,7,Undirected,0.21970123635583447
5,8,Undirected,0.21552927460591423
6,7,Undirected,0.7416163553983866
6,8,Undirected,0.24461874842896045
7,8,Undirected,0.726030504745903
7,9,Undirected,0.2639588490667585
7,10,Undirected,0.1962202136708513
7,11,Undirected,0.19010006678854427
8,9,Undirected,0.7151436637220138
8,10,Undirected,0.23109986416015504
9,10,Undirected,0.7535882231717153
9,11,Undirected,0.2502083576300412
10,11,Undirected,0.7547219787037717
12,13,Undirected,0.3375528404131399
