Source,Target,Type,Weight
0,1,Undirected,0.7235571868051641
0,2,Undirected,0.284788397662623
0,6,Undirected,0.23915714222341178
1,2,Undirected,0.7396049959746998
1,3,Undirected,0.23238168645904678
2,3,Undirected,0.7392022868845164
2,4,Undirected,0.32737674171667697
2,5,Undirected,0.2373376202658283
2,6,Undirected,0.2025757420911836
2,11,Undirected,0.1921024589439381
2,12,Undirected,0.3743298317199673
2,13,Undirected,0.3637806858078572
3,4,Undirected,0.7612981461446737
3,5,Undirected,0.2914065139572839
3,6,Undirected,0.16835472120889355
3,12,Undirected,0.21103528904355415
3,13,Undirected,0.17424337783985944
4,5,Undirected,0.7554536549536309
4,6,Undirected,0.27430319188210345
4,7,Undirected,0.22628554756270255
4,8,Undirected,0.22168735933466055
4,10,Undirected,0.2509728231809798
4,11,Undirected,0.3407098077671657
4,12,Undirected,0.37849741821023586
4,13,Undirected,0.21675720817933009
5,6,Undirected,0.7515411165238816
5,7,Undirected,0.21803951250855147
5,8,Undirected,0.2638587520649823
6,7,Undirected,0.7378922055273163
6,8,Undirected,0.2870695295795701
7,8,Undirected,0.7728734805310439
7,9,Undirected,0.3463484807559726
7,10,Undirected,0.27426409011374464
8,9,Undirected,0.7651406464276642
8,10,Undirected,0.3228682540513411
9,10,Undirected,0.7531377567602412
9,11,Undirected,0.237648338134683
10,11,Undirected,0.727392673567436
11,12,Undirected,0.36834969080277113
11,13,Undirected,0.19846230776481205
12,13,Undirected,0.38194946939826646
