Source,Target,Type,Weight
0,1,Undirected,0.7526877610337527
0,2,Undirected,0.3218549533869786
0,3,Undirected,0.24957458174891142
0,4,Undirected,0.1693470468928119
1,2,Undirected,0.7259734526562099
1,3,Undirected,0.23258969914146574
2,3,Undirected,0.750439513842047
2,4,Undirected,0.2917895847294773
2,6,Undirected,0.21716410244515064
2,7,Undirected,0.32763653696564315
2,8,Undirected,0.3887755994904202
2,9,Undirected,0.17284566421249656
2,11,Undirected,0.3306332784367366
2,12,Undirected,0.3739554035670656
2,13,Undirected,0.19214536974674656
3,4,Undirected,0.7592106446867524
3,5,Undirected,0.22217782048443332
3,6,Undirected,0.352267796843056
3,7,Undirected,0.2784002425636879
3,8,Undirected,0.17560676448183976
3,11,Undirected,0.19694619354172244
3,12,Undirected,0.36121786532958566
3,13,Undirected,0.24058408710692392
4,5,Undirected,0.7731284169260088
4,6,Undirected,0.24570040805337487
4,7,Undirected,0.20084490486129156
4,11,Undirected,0.31881911997706247
4,12,Undirected,0.3947023008516445
4,13,Undirected,0.31852763110460397
5,6,Undirected,0.7680949804950246
5,7,Undirected,0.21620685403373366
5,12,Undirected,0.18673032192485153
5,13,Undirected,0.2532025935145716
6,7,Undirected,0.7577287381397807
6,8,Undirected,0.2413649794325215
6,9,Undirected,0.16817460856528105
6,11,Undirected,0.22179809481101992
6,12,Undirected,0.37539354618710946
6,13,Undirected,0.28308043430327134
7,8,Undirected,0.740233756783771
7,9,Undirected,0.25220541983476513
7,11,Undirected,0.31871533443079775
7,12,Undirected,0.350693581326126
7,13,Undirected,0.19283822955520402
8,9,Undirected,0.7614756124428151
8,10,Undirected,0.330950201680354
8,11,Undirected,0.29938000567738665
8,12,Undirected,0.20822272199555247
9,10,Undirected,0.7490685318561882
9,11,Undirected,0.3046471299403061
10,11,Undirected,0.7713325624857765
11,12,Undirected,0.37074196938639314
11,13,Undirected,0.3202925034535476
12,13,Undirected,0.3738636047608623
