Source,Target,Type,Weight
0,1,Undirected,0.7481678218219598
0,2,Undirected,0.2945626854753619
1,2,Undirected,0.7817494672690833
1,3,Undirected,0.26330120881273195
1,4,Undirected,0.2077232997341889
2,3,Undirected,0.7222694630968408
2,4,Undirected,0.2036173293071095
2,7,Undirected,0.252574230756747
2,8,Undirected,0.2524214514036059
2,9,Undirected,0.18742864129267592
2,10,Undirected,0.1767259893178273
2,11,Undirected,0.33708070689557346
2,12,Undirected,0.35277293154337735
2,13,Undirected,0.24656599147909944
3,4,Undirected,0.7221017802203042
3,5,Undirected,0.2619588114927004
3,6,Undirected,0.23911493069305123
3,7,Undirected,0.24211288153826244
3,8,Undirected,0.344905610107288
4,5,Undirected,0.7469765581408934
4,6,Undirected,0.3103855361647313
4,7,Undirected,0.17170854403018315
4,8,Undirected,0.24363810246975598
5,6,Undirected,0.7375315602031564
5,7,Undirected,0.21868830936574038
5,8,Undirected,0.2946777082002848
6,7,Undirected,0.761564100066337
6,8,Undirected,0.27314987423577797
7,8,Undirected,0.7517738174401035
7,9,Undirected,0.20891886396621995
8,9,Undirected,0.7458324475659022
8,10,Undirected,0.22208761203121413
9,10,Undirected,0.7369495889396699
9,11,Undirected,0.2156414585642631
10,11,Undirected,0.7540153033878163
10,12,Undirected,0.17378770316957676
10,13,Undirected,0.20869559679231148
11,12,Undirected,0.3953379144844461
11,13,Undirected,0.3019905813703748
12,13,Undirected,0.38377066048969394
