Source,Target,Type,Weight
0,1,Undirected,0.7727802809020385
0,2,Undirected,0.3289402265444934
0,3,Undirected,0.34441402824597983
0,4,Undirected,0.22607561395508785
0,5,Undirected,0.1707933161374222
0,6,Undirected,0.19669921926293318
0,11,Undirected,0.33217437114382137
0,12,Undirected,0.38090107542720447
0,13,Undirected,0.202591064942201
1,2,Undirected,0.7351770203896051
1,3,Undirected,0.24086056677033524
1,10,Undirected,0.20807112599792738
1,11,Undirected,0.3470840310300755
1,12,Undirected,0.20789891194567778
2,3,Undirected,0.7572716004914506
2,4,Undirected,0.34805029617813044
2,5,Undirected,0.19148171728664232
2,6,Undirected,0.2064948711848973
2,8,Undirected,0.20312735336299598
2,11,Undirected,0.2843352464124597
2,12,Undirected,0.38484047619135003
2,13,Undirected,0.34324964290384846
3,4,Undirected,0.74823075162484
3,5,Undirected,0.31448058643004406
3,6,Undirected,0.1749957318154896
3,11,Undirected,0.188443813129044
3,12,Undirected,0.22842478920980772
4,5,Undirected,0.7446330697687837
4,6,Undirected,0.3356970755972798
4,7,Undirected,0.20896143431414202
4,8,Undirected,0.18694728299351418
4,11,Undirected,0.20976715932536488
4,12,Undirected,0.3724580404568097
4,13,Undirected,0.3793518401526848
5,6,Undirected,0.7358342222849505
5,7,Undirected,0.20374171697420498
5,12,Undirected,0.20239722474355948
6,7,Undirected,0.7446749127724684
6,8,Undirected,0.24028313086048697
6,11,Undirected,0.279103125788331
6,12,Undirected,0.3672351248158704
6,13,Undirected,0.29014727400313894
7,8,Undirected,0.7299072524620838
7,9,Undirected,0.21287384337538834
7,11,Undirected,0.2664657412407484
7,12,Undirected,0.21334160188296686
7,13,Undirected,0.2546935452314246
8,9,Undirected,0.7379131063854942
8,10,Undirected,0.3265013047818232
8,11,Undirected,0.32012812745335545
8,12,Undirected,0.20524994636680097
8,13,Undirected,0.2972378513542866
9,10,Undirected,0.7507139901986483
9,11,Undirected,0.28743605542412626
10,11,Undirected,0.7647431203633743
11,12,Undirected,0.38876039284013464
11,13,Undirected,0.338516276255103
12,13,Undirected,0.3730063305098131
