Source,Target,Type,Weight
0,1,Undirected,0.739181443202676
0,2,Undirected,0.3287803610850408
0,3,Undirected,0.33666403765612124
0,4,Undirected,0.3670769976153102
0,5,Undirected,0.3727475690070685
0,6,Undirected,0.282956894365019
0,7,Undirected,0.2585335785751974
0,11,Undirected,0.3061124860684759
0,12,Undirected,0.37679004972657304
0,13,Undirected,0.19560866588982295
1,2,Undirected,0.7521130576747673
1,3,Undirected,0.2665689783991818
1,6,Undirected,0.1758637201076406
1,11,Undirected,0.32056221650948485
1,12,Undirected,0.21359739676543074
2,3,Undirected,0.7325657960233328
2,4,Undirected,0.33115111041667933
2,5,Undirected,0.1710621923020578
2,6,Undirected,0.18840578928937265
2,8,Undirected,0.17377098461927523
2,11,Undirected,0.3417009232181006
2,12,Undirected,0.37579944551647937
2,13,Undirected,0.33231804350642224
3,4,Undirected,0.7325079041462199
3,5,Undirected,0.2663213671594948
3,12,Undirected,0.1795574183346944
4,5,Undirected,0.735254474445974
4,6,Undirected,0.3250679520258039
4,7,Undirected,0.18552551180142476
4,8,Undirected,0.175822524846441
4,11,Undirected,0.19639605183580944
4,12,Undirected,0.3723649586823817
4,13,Undirected,0.21457590207944482
5,6,Undirected,0.7359110401727599
5,7,Undirected,0.21165644945748927
5,12,Undirected,0.18144317766429388
6,7,Undirected,0.7239921978837622
6,8,Undirected,0.2375913943995259
6,11,Undirected,0.2811453301384919
6,12,Undirected,0.334734209655161
6,13,Undirected,0.1965588295802878
7,8,Undirected,0.74100481556386
7,9,Undirected,0.23547662538956934
7,11,Undirected,0.29314807307901986
7,12,Undirected,0.21097522845442118
7,13,Undirected,0.17482936406905902
8,9,Undirected,0.7451679961994567
8,10,Undirected,0.29015522248463893
8,11,Undirected,0.33014611409428885
8,12,Undirected,0.21041318260935174
8,13,Undirected,0.36040676439793273
9,10,Undirected,0.733531859934251
9,11,Undirected,0.2999327953240763
10,11,Undirected,0.7361702090315605
11,12,Undirected,0.3800368792082251
11,13,Undirected,0.32270949225718776
12,13,Undirected,0.38094241628956643
