Source,Target,Type,Weight
0,1,Undirected,0.719667521917684
0,2,Undirected,0.33883536008543785
0,3,Undirected,0.36406265867997356
0,4,Undirected,0.28768184063526303
0,5,Undirected,0.2756022431897209
0,6,Undirected,0.32023987694640044
0,7,Undirected,0.28012864413003385
0,11,Undirected,0.3387630021369437
0,12,Undirected,0.36794060742644025
0,13,Undirected,0.19337761485770116
1,2,Undirected,0.7358896715703123
1,3,Undirected,0.24449722911565572
1,7,Undirected,0.1874481750512138
1,10,Undirected,0.1839177230864647
1,11,Undirected,0.3260721839150159
1,12,Undirected,0.21336667187581393
2,3,Undirected,0.7158948980653378
2,4,Undirected,0.34091387720463406
2,5,Undirected,0.1950254719027908
2,6,Undirected,0.20620004595656466
2,11,Undirected,0.2917993895893468
2,12,Undirected,0.3844051340119355
2,13,Undirected,0.23983296850181818
3,4,Undirected,0.7536509170911111
3,5,Undirected,0.3086918119654081
3,6,Undirected,0.1723641335660286
3,11,Undirected,0.17954329106823597
3,12,Undirected,0.21529586252286903
4,5,Undirected,0.7144322744638271
4,6,Undirected,0.32960082606408203
4,7,Undirected,0.19099414491006075
4,11,Undirected,0.20146969027985445
4,12,Undirected,0.38176848120677426
4,13,Undirected,0.318716908636625
5,6,Undirected,0.7474144213263898
5,7,Undirected,0.2159942834154574
5,12,Undirected,0.19871881610451417
6,7,Undirected,0.7491524197664382
6,8,Undirected,0.2166990865095738
6,11,Undirected,0.2957000614551886
6,12,Undirected,0.38959787756069586
6,13,Undirected,0.3232168550073674
7,8,Undirected,0.7421069710181699
7,9,Undirected,0.2042936350828089
7,11,Undirected,0.2849697956627941
7,12,Undirected,0.22215694414709727
7,13,Undirected,0.20486724207037094
8,9,Undirected,0.7323499474567394
8,10,Undirected,0.2987098790811199
8,11,Undirected,0.32141046206416846
8,12,Undirected,0.17210606611446808
8,13,Undirected,0.17776585788357324
9,10,Undirected,0.7626028764262881
9,11,Undirected,0.2987415799834002
10,11,Undirected,0.7429647103170196
11,12,Undirected,0.3880370394013154
11,13,Undirected,0.31944821871401324
12,13,Undirected,0.35617636296581184
