Source,Target,Type,Weight
0,1,Undirected,0.7516022581197489
0,2,Undirected,0.24835613654547323
1,2,Undirected,0.7518595253912559
1,3,Undirected,0.2536135344107882
2,3,Undirected,0.7504203811855658
2,4,Undirected,0.33967083147644145
2,5,Undirected,0.2753044111807235
2,6,Undirected,0.2049585226073291
2,11,Undirected,0.19886973933072902
2,12,Undirected,0.3635981261056583
2,13,Undirected,0.34099125982585665
3,4,Undirected,0.7685261336290191
3,5,Undirected,0.2440259288720047
3,12,Undirected,0.18683531050811422
4,5,Undirected,0.7457517544965447
4,6,Undirected,0.3042099857051978
4,7,Undirected,0.18999254851955616
4,11,Undirected,0.2868334392638995
4,12,Undirected,0.3743217471865655
4,13,Undirected,0.29085762871406906
5,6,Undirected,0.7684133551700312
5,7,Undirected,0.22757044541868354
5,12,Undirected,0.18814516576881785
5,13,Undirected,0.26226774119864427
6,7,Undirected,0.757881605212055
6,8,Undirected,0.24720255242595157
6,11,Undirected,0.20838311096316794
6,12,Undirected,0.19369628481061996
6,13,Undirected,0.3850913074922191
7,8,Undirected,0.7380926298944036
7,9,Undirected,0.3093724730235176
7,10,Undirected,0.29026998203764587
7,11,Undirected,0.19061455422513757
7,13,Undirected,0.22103665316793078
8,9,Undirected,0.7445081636574463
8,10,Undirected,0.31957364011804623
9,10,Undirected,0.7224223542682267
9,11,Undirected,0.22246077888089016
10,11,Undirected,0.7595412261645341
11,12,Undirected,0.3989638345616705
11,13,Undirected,0.3339631514218044
12,13,Undirected,0.37577025527231783
