Source,Target,Type,Weight
0,1,Undirected,0.7415340810899089
0,2,Undirected,0.338825916769092
0,3,Undirected,0.30760764020288606
0,4,Undirected,0.23758802978460472
0,5,Undirected,0.21036045967400405
0,6,Undirected,0.21926394757953596
0,8,Undirected,0.1950800961097504
0,11,Undirected,0.31562070017717575
0,12,Undirected,0.3828047165716326
0,13,Undirected,0.353743816784442
1,2,Undirected,0.7494894986602104
1,3,Undirected,0.25087497821302157
1,11,Undirected,0.30128130810683923
1,12,Undirected,0.20528896463353632
1,13,Undirected,0.16869635963231847
2,3,Undirected,0.7481037017034089
2,4,Undirected,0.3447089167202034
2,5,Undirected,0.20345173488968613
2,6,Undirected,0.20856108552105215
2,8,Undirected,0.308766825799375
2,11,Undirected,0.31450421449342436
2,12,Undirected,0.38800225605941313
2,13,Undirected,0.26219183362264653
3,4,Undirected,0.736290006316117
3,5,Undirected,0.3403113745092151
3,6,Undirected,0.17625638074132247
3,12,Undirected,0.20284184328764515
3,13,Undirected,0.23903886214350228
4,5,Undirected,0.7496807965773136
4,6,Undirected,0.34130305824109025
4,7,Undirected,0.20005044301713346
4,8,Undirected,0.3119796717652381
4,11,Undirected,0.20396230053966827
4,12,Undirected,0.3664063134028511
4,13,Undirected,0.3115748424447388
5,6,Undirected,0.7497637494765754
5,7,Undirected,0.21540428566967904
5,12,Undirected,0.19280963217034125
5,13,Undirected,0.3239299290101167
6,7,Undirected,0.7435820612926753
6,8,Undirected,0.30753670614225953
6,11,Undirected,0.3183565552066841
6,12,Undirected,0.37300961457310705
6,13,Undirected,0.33591678453068763
7,8,Undirected,0.7648078933248725
7,9,Undirected,0.2090010850924561
7,11,Undirected,0.2836278334101408
7,12,Undirected,0.20845187739703527
7,13,Undirected,0.2109512689604739
8,9,Undirected,0.7210680592322901
8,10,Undirected,0.2988456019300293
8,11,Undirected,0.3557796429737765
8,12,Undirected,0.38994741204878064
8,13,Undirected,0.19714053202276813
9,10,Undirected,0.7193864013579878
9,11,Undirected,0.31459932858838324
10,11,Undirected,0.7734760109344689
11,12,Undirected,0.39510236686279054
11,13,Undirected,0.2297217851276605
12,13,Undirected,0.3397725033958586
