Source,Target,Type,Weight
0,1,Undirected,0.769208860739181
0,2,Undirected,0.34882379055323237
0,3,Undirected,0.33952012785883723
0,4,Undirected,0.23312293392127487
0,5,Undirected,0.1826673528027346
0,6,Undirected,0.21419515594513938
0,8,Undirected,0.1976794473143748
0,11,Undirected,0.32060347969444436
0,12,Undirected,0.3894824697304724
0,13,Undirected,0.31470342552434954
1,2,Undirected,0.7266054213066186
1,3,Undirected,0.2444607199213586
1,11,Undirected,0.3587620509950905
1,12,Undirected,0.22280172678477594
1,13,Undirected,0.20344962299549466
2,3,Undirected,0.7715619280733449
2,4,Undirected,0.3477906694045665
2,5,Undirected,0.20018665551480944
2,6,Undirected,0.20780816524833257
2,8,Undirected,0.35573459169777
2,11,Undirected,0.2817326416673602
2,12,Undirected,0.38945885392442353
2,13,Undirected,0.19941882706296757
3,4,Undirected,0.7220831950330336
3,5,Undirected,0.28010221053010476
3,11,Undirected,0.1773928257457931
3,12,Undirected,0.21221094931156856
4,5,Undirected,0.7783806976320587
4,6,Undirected,0.35344063082810345
4,7,Undirected,0.20067447380832928
4,8,Undirected,0.3624401323666083
4,11,Undirected,0.2019678739303316
4,12,Undirected,0.38256655459574246
4,13,Undirected,0.2168293492664989
5,6,Undirected,0.7367698444428674
5,7,Undirected,0.2072521941989206
5,12,Undirected,0.19400660185200433
5,13,Undirected,0.17232728010184076
6,7,Undirected,0.7350942360538291
6,8,Undirected,0.302955297469127
6,11,Undirected,0.287561783765784
6,12,Undirected,0.3757567895602728
6,13,Undirected,0.3444488745246617
7,8,Undirected,0.7636931556185143
7,9,Undirected,0.22283868254398514
7,11,Undirected,0.28812205707810457
7,12,Undirected,0.21811557228150658
7,13,Undirected,0.26491484369325413
8,9,Undirected,0.7339261010630833
8,10,Undirected,0.2703128370408213
8,11,Undirected,0.3501708733383325
8,12,Undirected,0.38381877306955164
8,13,Undirected,0.2114457992888596
9,10,Undirected,0.7249618294815974
9,11,Undirected,0.307933070157986
10,11,Undirected,0.7475599568606826
11,12,Undirected,0.37414120567854164
11,13,Undirected,0.3534074255511564
12,13,Undirected,0.3559234428014185
