Source,Target,Type,Weight
0,1,Undirected,0.7528164404342614
0,2,Undirected,0.2507383661855099
0,8,Undirected,0.16852869203971396
0,9,Undirected,0.2998451198453558
0,10,Undirected,0.33960611784336436
0,11,Undirected,0.3339423052578327
1,2,Undirected,0.7554756305620879
1,3,Undirected,0.28305437671644956
1,4,Undirected,0.17153009623801319
1,6,Undirected,0.17492733159480792
1,9,Undirected,0.2883472499722776
1,10,Undirected,0.19647509687665649
1,11,Undirected,0.2085480400391171
2,3,Undirected,0.7427605793431367
2,4,Undirected,0.20840214146747005
2,5,Undirected,0.17023503882895874
2,6,Undirected,0.3372975115134441
2,7,Undirected,0.2943457776056714
2,8,Undirected,0.28480585986666024
2,9,Undirected,0.3356293281962455
2,10,Undirected,0.19263247505879594
2,11,Undirected,0.31817933894347383
2,12,Undirected,0.3831388029360519
2,13,Undirected,0.285375452441076
3,4,Undirected,0.7781938213402796
3,5,Undirected,0.2250355529330137
3,6,Undirected,0.2947751483344549
3,7,Undirected,0.2673893262780988
3,8,Undirected,0.20248805701542263
3,9,Undirected,0.19294297582067044
4,5,Undirected,0.7522443063636349
4,6,Undirected,0.3191501147761424
4,7,Undirected,0.23389354789456973
5,6,Undirected,0.7402530267606606
5,7,Undirected,0.2238003670401489
6,7,Undirected,0.7514325944931006
6,8,Undirected,0.3501323168823419
6,9,Undirected,0.23274651502060661
6,12,Undirected,0.18545019214855316
6,13,Undirected,0.30874755187709174
7,8,Undirected,0.7539085048969495
7,9,Undirected,0.2910397143271298
8,9,Undirected,0.7263557094365194
8,10,Undirected,0.23147457380363526
8,13,Undirected,0.17613629491863883
9,10,Undirected,0.7380130184576981
9,11,Undirected,0.27146064821062216
10,11,Undirected,0.7432545544743153
11,12,Undirected,0.37733359278760314
11,13,Undirected,0.2001277021842303
12,13,Undirected,0.3756374918512544
