Source,Target,Type,Weight
0,1,Undirected,0.7461854611479749
0,2,Undirected,0.33031901668777675
0,3,Undirected,0.31104956490701563
0,4,Undirected,0.19225911092702513
0,7,Undirected,0.2070016566828755
0,8,Undirected,0.17241266763902446
1,2,Undirected,0.7814398205464279
1,3,Undirected,0.3191500662070447
1,4,Undirected,0.17292636163249125
2,3,Undirected,0.7724830324815333
2,4,Undirected,0.3138609007050209
2,8,Undirected,0.2711271893840649
2,11,Undirected,0.29330684392472617
2,12,Undirected,0.3792533608599114
2,13,Undirected,0.30983388301346204
3,4,Undirected,0.7690023925535016
3,5,Undirected,0.2783950315730449
3,8,Undirected,0.18089656778601065
4,5,Undirected,0.7367885462102364
4,6,Undirected,0.26126764300843897
4,7,Undirected,0.29283720039162214
4,8,Undirected,0.3324372813832447
4,11,Undirected,0.1980955115774042
4,12,Undirected,0.3624878380057804
4,13,Undirected,0.1941041055642476
5,6,Undirected,0.7642517194189593
5,7,Undirected,0.28421365191866904
5,8,Undirected,0.16809885002910055
6,7,Undirected,0.7480611389537891
6,8,Undirected,0.22625705707403398
6,9,Undirected,0.17331382089525596
7,8,Undirected,0.7670777416446662
7,9,Undirected,0.2504439474939388
8,9,Undirected,0.7448180606531674
8,10,Undirected,0.2935656939665774
8,11,Undirected,0.33666020043395034
8,12,Undirected,0.36385790860367895
8,13,Undirected,0.1989892798381633
9,10,Undirected,0.7482275481554067
9,11,Undirected,0.32074840151699785
10,11,Undirected,0.7383760196935293
11,12,Undirected,0.3671979269616241
11,13,Undirected,0.33294111997116943
12,13,Undirected,0.3805969167350781
