Source,Target,Type,Weight
0,1,Undirected,0.7503126523347182
0,2,Undirected,0.2708117533079867
0,3,Undirected,0.303088313995812
0,4,Undirected,0.3697088810876234
0,5,Undirected,0.3762107452675464
0,6,Undirected,0.33279941703227117
0,7,Undirected,0.2119984658771905
0,11,Undirected,0.3449732673320259
0,12,Undirected,0.3961181347569131
0,13,Undirected,0.20129408220054829
1,2,Undirected,0.7612998043252817
1,3,Undirected,0.2752575085580243
1,6,Undirected,0.17341784021874368
1,11,Undirected,0.33507663343811245
1,12,Undirected,0.2083107894883485
2,3,Undirected,0.7331377858291626
2,4,Undirected,0.29755455409921566
2,6,Undirected,0.19053937451102299
2,8,Undirected,0.16809333930527737
2,11,Undirected,0.3057773811854102
2,12,Undirected,0.3642993096880785
2,13,Undirected,0.20612598997437323
3,4,Undirected,0.7442601279204193
3,5,Undirected,0.2705154209379884
3,11,Undirected,0.17031027356977757
3,12,Undirected,0.18100653224820143
4,5,Undirected,0.8051450298183449
4,6,Undirected,0.3578534173462886
4,7,Undirected,0.2009069375887646
4,8,Undirected,0.1741954138178533
4,11,Undirected,0.19640865135664337
4,12,Undirected,0.3904343989291293
4,13,Undirected,0.3300492118541244
5,6,Undirected,0.7527098461812345
5,7,Undirected,0.20693594676694652
5,12,Undirected,0.19564231564380455
5,13,Undirected,0.1701386387429118
6,7,Undirected,0.7494688073642035
6,8,Undirected,0.2297297622967718
6,11,Undirected,0.2759598796312617
6,12,Undirected,0.3881159262847867
6,13,Undirected,0.3626566783349956
7,8,Undirected,0.7470605768959317
7,9,Undirected,0.21495851099181454
7,11,Undirected,0.26550452394767116
7,12,Undirected,0.22100318055009469
7,13,Undirected,0.24402507702465046
8,9,Undirected,0.7523476649002248
8,10,Undirected,0.305313852120591
8,11,Undirected,0.35258494798361917
8,12,Undirected,0.2165491221619226
8,13,Undirected,0.2910693232601315
9,10,Undirected,0.74739510965678
9,11,Undirected,0.2850194470561406
10,11,Undirected,0.7542292624238981
11,12,Undirected,0.38093335166718467
11,13,Undirected,0.2554196467779174
12,13,Undirected,0.3643452905616826
