Source,Target,Type,Weight
0,1,Undirected,0.7333332633972235
0,2,Undirected,0.33462770778284123
0,3,Undirected,0.3007075650933789
0,4,Undirected,0.34653373646424884
0,5,Undirected,0.3176638599556848
0,6,Undirected,0.2896837047597992
0,7,Undirected,0.21411999080279887
0,11,Undirected,0.3198380702641088
0,12,Undirected,0.3897630767232129
0,13,Undirected,0.19587096205366233
1,2,Undirected,0.7646773824952072
1,3,Undirected,0.25382349144672595
1,6,Undirected,0.16829181820793518
1,11,Undirected,0.33145710912904536
1,12,Undirected,0.2112617628612017
2,3,Undirected,0.7496372503032335
2,4,Undirected,0.3187656198272741
2,6,Undirected,0.1908101327485522
2,11,Undirected,0.3554287983403
2,12,Undirected,0.39016353122821534
2,13,Undirected,0.2742188679373574
3,4,Undirected,0.7585354599119827
3,5,Undirected,0.27385228039605286
3,6,Undirected,0.1669177016087567
3,12,Undirected,0.1863742317063666
4,5,Undirected,0.7662013862051914
4,6,Undirected,0.3772454890546926
4,7,Undirected,0.21288062850556347
4,11,Undirected,0.2030759761877026
4,12,Undirected,0.38152140326390915
4,13,Undirected,0.3457788198205774
5,6,Undirected,0.7494039284751691
5,7,Undirected,0.2115521923066758
5,12,Undirected,0.18119108476605322
6,7,Undirected,0.7700976276781742
6,8,Undirected,0.22693650350497882
6,11,Undirected,0.2960730667226487
6,12,Undirected,0.370640081015307
6,13,Undirected,0.28897623842215253
7,8,Undirected,0.7370073432696769
7,9,Undirected,0.22287434783158552
7,11,Undirected,0.29150074892331845
7,12,Undirected,0.2208113919890969
7,13,Undirected,0.2009729952887371
8,9,Undirected,0.7556476015197253
8,10,Undirected,0.3095501324164504
8,11,Undirected,0.3288420197966737
8,12,Undirected,0.19668042141892436
8,13,Undirected,0.2800239865822552
9,10,Undirected,0.7517743564227598
9,11,Undirected,0.28868839248423894
10,11,Undirected,0.7302591431167618
11,12,Undirected,0.39145648871433597
11,13,Undirected,0.2821879133023321
12,13,Undirected,0.38768726461074826
