Source,Target,Type,Weight
0,1,Undirected,0.7484614735342399
0,2,Undirected,0.3344858729037833
0,3,Undirected,0.3057572973305546
0,4,Undirected,0.22661758595742773
0,5,Undirected,0.18642675155328808
0,6,Undirected,0.2173228020070591
0,8,Undirected,0.1965545555878697
0,11,Undirected,0.2932793208943154
0,12,Undirected,0.3821143018369401
0,13,Undirected,0.3540512889774281
1,2,Undirected,0.7630720977185452
1,3,Undirected,0.23749082012195294
1,8,Undirected,0.1690649250936239
1,11,Undirected,0.3393809812675115
1,12,Undirected,0.22855060377886535
1,13,Undirected,0.17253323533300244
2,3,Undirected,0.7640479034607823
2,4,Undirected,0.3391213722343277
2,5,Undirected,0.19051652581548018
2,6,Undirected,0.20707039340029473
2,8,Undirected,0.30617755682616604
2,11,Undirected,0.27939818236477765
2,12,Undirected,0.392157456730001
2,13,Undirected,0.28477062824918137
3,4,Undirected,0.748965202963073
3,5,Undirected,0.3380112613901297
3,6,Undirected,0.18292880677392886
3,11,Undirected,0.17637091959456636
3,12,Undirected,0.21598645305915376
3,13,Undirected,0.2949274329995799
4,5,Undirected,0.7403546843279827
4,6,Undirected,0.3382977115423346
4,7,Undirected,0.2007711850184429
4,8,Undirected,0.33532528552349605
4,11,Undirected,0.20379572887939618
4,12,Undirected,0.3732236013271346
4,13,Undirected,0.3340333402274814
5,6,Undirected,0.7286082385131355
5,7,Undirected,0.20554036683895066
5,12,Undirected,0.1901498629560421
5,13,Undirected,0.3182291414551198
6,7,Undirected,0.7731061861062022
6,8,Undirected,0.31220418490020835
6,11,Undirected,0.28260087695597985
6,12,Undirected,0.3901795011906403
6,13,Undirected,0.30614854865522284
7,8,Undirected,0.7539917183770004
7,9,Undirected,0.22366696365893912
7,11,Undirected,0.27842519149803935
7,12,Undirected,0.2177062832933075
7,13,Undirected,0.1950505397262738
8,9,Undirected,0.7641587775511743
8,10,Undirected,0.2872599449013172
8,11,Undirected,0.3302595073631745
8,12,Undirected,0.387056134667316
8,13,Undirected,0.20194152170444393
9,10,Undirected,0.7478314637713149
9,11,Undirected,0.3322513897660839
10,11,Undirected,0.7629806222607384
11,12,Undirected,0.39680771745478316
11,13,Undirected,0.20046651687094544
12,13,Undirected,0.36597911382757176
