Source,Target,Type,Weight
0,1,Undirected,0.7518785293289352
0,2,Undirected,0.3342615312069178
0,3,Undirected,0.31949557179544563
0,4,Undirected,0.22968560542960637
0,5,Undirected,0.184905813759822
0,6,Undirected,0.20483460584649554
0,11,Undirected,0.32458789456935866
0,12,Undirected,0.38143764651295864
0,13,Undirected,0.20422038505363146
1,2,Undirected,0.7309213978372638
1,3,Undirected,0.24295693185129147
1,8,Undirected,0.22788217183243648
1,10,Undirected,0.2494821271562372
1,11,Undirected,0.35735933489291116
1,12,Undirected,0.21992467522825102
1,13,Undirected,0.1896750623227804
2,3,Undirected,0.7540363142665322
2,4,Undirected,0.35561964648508937
2,5,Undirected,0.20678069248072897
2,6,Undirected,0.20791453537493187
2,8,Undirected,0.21155033569707138
2,11,Undirected,0.2758833893731554
2,12,Undirected,0.3846097910300716
2,13,Undirected,0.3788259414641636
3,4,Undirected,0.7528811007063448
3,5,Undirected,0.3111702543984852
3,6,Undirected,0.17178254021340938
3,11,Undirected,0.17951210827125336
3,12,Undirected,0.21258611166216404
4,5,Undirected,0.7409037646541565
4,6,Undirected,0.33961381728060464
4,7,Undirected,0.21087191681248318
4,8,Undirected,0.18485295779435018
4,11,Undirected,0.20983923597238327
4,12,Undirected,0.3905509171554795
4,13,Undirected,0.3794610126188331
5,6,Undirected,0.7832370293005401
5,7,Undirected,0.2033582811390768
5,12,Undirected,0.21683822734931119
5,13,Undirected,0.1722265871147551
6,7,Undirected,0.7417785974361858
6,8,Undirected,0.2320080149253203
6,11,Undirected,0.284879541840399
6,12,Undirected,0.38380725304699276
6,13,Undirected,0.2761883684133206
7,8,Undirected,0.7271242681285301
7,9,Undirected,0.21949582417743438
7,11,Undirected,0.2965792200857118
7,12,Undirected,0.2213034684298185
7,13,Undirected,0.24016951050885907
8,9,Undirected,0.7386371230883713
8,10,Undirected,0.32507004309927245
8,11,Undirected,0.3430599118807252
8,12,Undirected,0.20898515216793176
8,13,Undirected,0.3019561003201986
9,10,Undirected,0.7357304467800136
9,11,Undirected,0.2987375584896286
10,11,Undirected,0.7546787274563044
11,12,Undirected,0.37637076204171277
11,13,Undirected,0.32382478997886643
12,13,Undirected,0.37317355948230324
