Source,Target,Type,Weight
0,1,Undirected,0.7364493441133229
0,2,Undirected,0.2448847665390914
0,3,Undirected,0.1699250560845736
0,8,Undirected,0.16961618647143267
0,11,Undirected,0.17399800344087848
1,2,Undirected,0.728608934644746
1,3,Undirected,0.2965350824571489
1,4,Undirected,0.2093342744208364
1,6,Undirected,0.1694190486884911
2,3,Undirected,0.737629228541298
2,4,Undirected,0.20662518238498723
2,6,Undirected,0.2941455669570974
2,7,Undirected,0.25516023254034176
2,8,Undirected,0.268250865068722
2,11,Undirected,0.3256601691275883
2,12,Undirected,0.3829363372940725
2,13,Undirected,0.33108515912959174
3,4,Undirected,0.7567540455170625
3,5,Undirected,0.24822285553719367
3,6,Undirected,0.2832042733872368
3,7,Undirected,0.2489000294338261
4,5,Undirected,0.7292822732483824
4,6,Undirected,0.29118727344196593
5,6,Undirected,0.7408002553226588
5,7,Undirected,0.2218840067717857
6,7,Undirected,0.7338657469455971
6,8,Undirected,0.2329879466084102
6,13,Undirected,0.1745768441641243
7,8,Undirected,0.7435806771323586
7,9,Undirected,0.27822273531897707
7,13,Undirected,0.16752483972861185
8,9,Undirected,0.7455003719677695
8,10,Undirected,0.27581822279275764
8,11,Undirected,0.2826100740022226
8,12,Undirected,0.21028410261120437
8,13,Undirected,0.38533690786880126
9,10,Undirected,0.7496383221507877
9,11,Undirected,0.24214424723941505
10,11,Undirected,0.7541839656538516
11,12,Undirected,0.37322745381044375
11,13,Undirected,0.3087626662469644
12,13,Undirected,0.3884907985574828
