Source,Target,Type,Weight
0,1,Undirected,0.7536492920630345
0,2,Undirected,0.3150420630289332
0,3,Undirected,0.1998254393554215
0,4,Undirected,0.179089376457184
0,12,Undirected,0.3633003819921052
0,13,Undirected,0.2031492536041122
1,2,Undirected,0.7146321487213118
1,3,Undirected,0.2028310532049094
1,12,Undirected,0.1711149801163628
2,3,Undirected,0.7341266892857214
2,4,Undirected,0.22743080916446112
2,5,Undirected,0.18539063271438094
2,12,Undirected,0.3856437641767139
2,13,Undirected,0.2367092640974869
3,4,Undirected,0.752370202451663
3,5,Undirected,0.23966128498278325
3,12,Undirected,0.36640602532613364
3,13,Undirected,0.3102867318019369
4,5,Undirected,0.7396064305828546
4,6,Undirected,0.24127164988625274
4,12,Undirected,0.21929423535331524
4,13,Undirected,0.2524344101783518
5,6,Undirected,0.7321733340990862
5,7,Undirected,0.2750742430202511
5,8,Undirected,0.20293109184109703
5,12,Undirected,0.1800244667880649
5,13,Undirected,0.2659745150961938
6,7,Undirected,0.7281436460443694
6,8,Undirected,0.2166177908921145
6,13,Undirected,0.17189618321411582
7,8,Undirected,0.7374492820588289
7,9,Undirected,0.23549034868348875
7,11,Undirected,0.25885022791857165
8,9,Undirected,0.7371098600717514
8,10,Undirected,0.2811284646538416
8,11,Undirected,0.29649431138355253
8,13,Undirected,0.1671873520176305
9,10,Undirected,0.734916232367735
9,11,Undirected,0.3005538202071751
10,11,Undirected,0.7580340544797939
12,13,Undirected,0.3689860902150468
