Source,Target,Type,Weight
0,1,Undirected,0.7377520965002673
0,2,Undirected,0.3521801258184404
0,3,Undirected,0.3273137410380556
0,4,Undirected,0.3470865872756058
0,5,Undirected,0.3438360219432476
0,6,Undirected,0.307366485176761
0,7,Undirected,0.2762250737946274
0,11,Undirected,0.31796656847361787
0,12,Undirected,0.37990700289773577
0,13,Undirected,0.1921301252401567
1,2,Undirected,0.7432751016369208
1,3,Undirected,0.25583903876882147
1,6,Undirected,0.1786312387463875
1,10,Undirected,0.21344046175519818
1,11,Undirected,0.3398196590950061
1,12,Undirected,0.2211815851463653
2,3,Undirected,0.7742152225079839
2,4,Undirected,0.30848645479287307
2,5,Undirected,0.1733959883855432
2,6,Undirected,0.2116009666547303
2,11,Undirected,0.247359332685394
2,12,Undirected,0.39099741954813705
2,13,Undirected,0.20696114731654403
3,4,Undirected,0.7363898671741314
3,5,Undirected,0.303868375557278
3,6,Undirected,0.18129089122954553
3,11,Undirected,0.17381083508105405
3,12,Undirected,0.19892985958865386
4,5,Undirected,0.7593877576700254
4,6,Undirected,0.33158980649492603
4,7,Undirected,0.19970190675311092
4,11,Undirected,0.18842639068498945
4,12,Undirected,0.3577611744497539
4,13,Undirected,0.29452907308784326
5,6,Undirected,0.7510312277602135
5,7,Undirected,0.2185230786159249
5,12,Undirected,0.17825484243014544
6,7,Undirected,0.7692791895899163
6,8,Undirected,0.24045079938649935
6,11,Undirected,0.273934840366474
6,12,Undirected,0.386749880405761
6,13,Undirected,0.30899251870912076
7,8,Undirected,0.7588399166458305
7,9,Undirected,0.2250231417971168
7,11,Undirected,0.28989273156682993
7,12,Undirected,0.22057603300091558
7,13,Undirected,0.23102270093442295
8,9,Undirected,0.7570119830787416
8,10,Undirected,0.30397837836897634
8,11,Undirected,0.3563931783778318
8,12,Undirected,0.19585539504214508
8,13,Undirected,0.2364781672725534
9,10,Undirected,0.7344385476295893
9,11,Undirected,0.3196566675898491
10,11,Undirected,0.7258205620929182
11,12,Undirected,0.37844885472930234
11,13,Undirected,0.3081322127850613
12,13,Undirected,0.36328810981142
