Source,Target,Type,Weight
0,1,Undirected,0.7512239863442608
0,2,Undirected,0.32535861710424513
0,3,Undirected,0.2313835013344134
0,12,Undirected,0.39182880358879457
0,13,Undirected,0.2115578903810076
1,2,Undirected,0.7726901642142349
1,3,Undirected,0.206761202697067
1,12,Undirected,0.18275026977021583
2,3,Undirected,0.7392022868845164
2,4,Undirected,0.22874083316927069
2,5,Undirected,0.2131809032624276
2,6,Undirected,0.1689338301040338
2,12,Undirected,0.38156242764917175
2,13,Undirected,0.35968872800592955
3,4,Undirected,0.7520506867657997
3,5,Undirected,0.219669432464349
3,12,Undirected,0.3793513254989185
3,13,Undirected,0.314840367085968
4,5,Undirected,0.752795632594155
4,6,Undirected,0.25312877134683776
4,8,Undirected,0.16701750809143964
4,12,Undirected,0.2065101622813928
4,13,Undirected,0.24575358736732963
5,6,Undirected,0.7346369069789214
5,7,Undirected,0.26061615408518524
5,8,Undirected,0.21183916299998676
5,12,Undirected,0.18755253013009318
5,13,Undirected,0.3675603882747796
6,7,Undirected,0.7751457566664125
6,8,Undirected,0.23856224169005855
6,13,Undirected,0.21310291840416282
7,8,Undirected,0.7338473858537986
7,9,Undirected,0.2075600212750922
7,11,Undirected,0.2739410665763088
8,9,Undirected,0.7427013937922349
8,10,Undirected,0.26085475796559976
8,11,Undirected,0.270913259009183
9,10,Undirected,0.7389800365639989
9,11,Undirected,0.2813008894540134
10,11,Undirected,0.7573792172437367
12,13,Undirected,0.3770654388565371
