Source,Target,Type,Weight
0,1,Undirected,0.7649433314551572
0,2,Undirected,0.3323257583236656
0,3,Undirected,0.3280946039233172
0,4,Undirected,0.2289551732367417
0,5,Undirected,0.18127904403629122
0,6,Undirected,0.20365758832704164
0,11,Undirected,0.3256229785899389
0,12,Undirected,0.3800412179827834
0,13,Undirected,0.2021238720387433
1,2,Undirected,0.7217462170436775
1,3,Undirected,0.24490618624156743
1,10,Undirected,0.1906829792906198
1,11,Undirected,0.3536002521052823
1,12,Undirected,0.21884979341221164
2,3,Undirected,0.7595604828636361
2,4,Undirected,0.34445563529308965
2,5,Undirected,0.1856791295228339
2,6,Undirected,0.21209943091283426
2,8,Undirected,0.20906148564055058
2,11,Undirected,0.29729675898429975
2,12,Undirected,0.3947325748881131
2,13,Undirected,0.35255643730304626
3,4,Undirected,0.73887856088022
3,5,Undirected,0.29455244581249324
3,6,Undirected,0.17292326746041792
3,11,Undirected,0.18461948561890276
3,12,Undirected,0.21777645688328298
4,5,Undirected,0.723028521787068
4,6,Undirected,0.34260077217629903
4,7,Undirected,0.20976216574891118
4,8,Undirected,0.17088181254246781
4,11,Undirected,0.20456197695747574
4,12,Undirected,0.37147051097494466
4,13,Undirected,0.34858293935678225
5,6,Undirected,0.7451684595575985
5,7,Undirected,0.20507244194337867
5,12,Undirected,0.20136925006193312
6,7,Undirected,0.7424537059942419
6,8,Undirected,0.23726420820535252
6,11,Undirected,0.2815829750918502
6,12,Undirected,0.3834835354034153
6,13,Undirected,0.29799607546157447
7,8,Undirected,0.7584268972136613
7,9,Undirected,0.22414361594508592
7,11,Undirected,0.286871125613977
7,12,Undirected,0.22255176314652864
7,13,Undirected,0.24827889608310122
8,9,Undirected,0.7560166470225936
8,10,Undirected,0.3355910074209524
8,11,Undirected,0.34646867122621855
8,12,Undirected,0.21534224356389509
8,13,Undirected,0.2819654864032773
9,10,Undirected,0.7301988185180945
9,11,Undirected,0.2900569207551251
10,11,Undirected,0.727373247402916
11,12,Undirected,0.3884235573203643
11,13,Undirected,0.3094479093933726
12,13,Undirected,0.3802666950501188
