Source,Target,Type,Weight
0,1,Undirected,0.7466628689429273
0,2,Undirected,0.2182633078409443
1,2,Undirected,0.7465620629962647
1,3,Undirected,0.3603614316120263
1,4,Undirected,0.34258247132386604
1,5,Undirected,0.23951383471888002
1,6,Undirected,0.35804391413851694
1,7,Undirected,0.34467784161516457
1,8,Undirected,0.2509224350514551
2,3,Undirected,0.7335897854763948
2,4,Undirected,0.2110501130701802
2,7,Undirected,0.20927620131250677
2,8,Undirected,0.24896816881216483
2,9,Undirected,0.19109559089590727
2,10,Undirected,0.19869328603695788
2,11,Undirected,0.32607907909627754
2,12,Undirected,0.3899176500435023
2,13,Undirected,0.22280646098279744
3,4,Undirected,0.7431904177556125
3,5,Undirected,0.25547050370088653
3,6,Undirected,0.20404175771422856
3,7,Undirected,0.2047096199031658
3,8,Undirected,0.32423334884036614
3,9,Undirected,0.1726382522668756
4,5,Undirected,0.7706662398972226
4,6,Undirected,0.2872223726861323
4,7,Undirected,0.1782857718032711
4,8,Undirected,0.22438166041307414
5,6,Undirected,0.7669174265879265
5,7,Undirected,0.257311007751101
5,8,Undirected,0.3590417652411984
6,7,Undirected,0.7576440135061843
6,8,Undirected,0.277414341797848
7,8,Undirected,0.7289534931312758
7,9,Undirected,0.2230703789751675
8,9,Undirected,0.7773702676682538
8,10,Undirected,0.22755874078532567
9,10,Undirected,0.7651676560767768
9,11,Undirected,0.21531104801345036
10,11,Undirected,0.7386584564231463
10,12,Undirected,0.19140761655828778
11,12,Undirected,0.3926435502439662
11,13,Undirected,0.3056650703128103
12,13,Undirected,0.3723234423556548
