Source,Target,Type,Weight
0,1,Undirected,0.743498954895982
0,2,Undirected,0.2080792600495643
0,3,Undirected,0.3246289695572882
0,4,Undirected,0.20156777025592446
1,2,Undirected,0.7635357114575758
1,3,Undirected,0.261131251403541
1,10,Undirected,0.17073177482884505
1,12,Undirected,0.17477804713481454
1,13,Undirected,0.24920031746080787
2,3,Undirected,0.7444879447045654
2,4,Undirected,0.22261561930796295
2,6,Undirected,0.19541017835267463
2,8,Undirected,0.2889569472264658
2,10,Undirected,0.1805203325878335
2,11,Undirected,0.21966825898026637
2,12,Undirected,0.36576993831458904
2,13,Undirected,0.31845909164040176
3,4,Undirected,0.7512846726376393
3,5,Undirected,0.21096671786036303
3,12,Undirected,0.21063703190643532
3,13,Undirected,0.18694086714308025
4,5,Undirected,0.7413731908906439
4,6,Undirected,0.303952736963409
4,7,Undirected,0.16859068802122562
4,12,Undirected,0.18448247970114068
5,6,Undirected,0.7423330772050973
5,7,Undirected,0.22764648076125024
6,7,Undirected,0.7523681105861498
6,8,Undirected,0.33713822863179627
6,11,Undirected,0.29015170984441624
6,12,Undirected,0.34307775865566453
6,13,Undirected,0.19055320755855337
7,8,Undirected,0.7403151547713993
7,9,Undirected,0.2501267986549473
7,10,Undirected,0.16800409973993696
7,11,Undirected,0.29134712438516075
7,12,Undirected,0.19842381352200492
8,9,Undirected,0.732862115364824
8,10,Undirected,0.2757230500253155
8,11,Undirected,0.34393086785410154
8,12,Undirected,0.37242741588114653
8,13,Undirected,0.2791480783871389
9,10,Undirected,0.7517321160003115
9,11,Undirected,0.3612698861686126
9,12,Undirected,0.16766236127284964
9,13,Undirected,0.16746902766240881
10,11,Undirected,0.7392403296342859
10,12,Undirected,0.17508419419896354
10,13,Undirected,0.25533619446612
11,12,Undirected,0.3967483747643945
11,13,Undirected,0.3732519654376289
12,13,Undirected,0.37170048890048435
