Source,Target,Type,Weight
0,1,Undirected,0.753757303965646
0,2,Undirected,0.29018204178705975
0,3,Undirected,0.3419328567218483
0,4,Undirected,0.31409775070938334
0,5,Undirected,0.3367251207153148
0,6,Undirected,0.2821652087393565
0,7,Undirected,0.25750204286109835
0,11,Undirected,0.35450983017302357
0,12,Undirected,0.3804904723709007
0,13,Undirected,0.1913883492824233
1,2,Undirected,0.7467260775892572
1,3,Undirected,0.29903023979004095
1,10,Undirected,0.19524322544871034
1,11,Undirected,0.33284185713882136
1,12,Undirected,0.19958665620554356
2,3,Undirected,0.7368085432678516
2,4,Undirected,0.32925572012874427
2,5,Undirected,0.187904571466613
2,6,Undirected,0.19668204464349437
2,8,Undirected,0.1919442700871091
2,11,Undirected,0.3373799367599234
2,12,Undirected,0.3828124729043358
2,13,Undirected,0.28217462423509243
3,4,Undirected,0.7251141077286911
3,5,Undirected,0.33113134579978015
3,6,Undirected,0.1825224250450311
3,11,Undirected,0.20842523537573604
3,12,Undirected,0.21360403229108504
4,5,Undirected,0.7409245746992243
4,6,Undirected,0.32429113233188706
4,7,Undirected,0.19529877196055603
4,11,Undirected,0.20370322523242534
4,12,Undirected,0.39569181898062306
4,13,Undirected,0.273918274301497
5,6,Undirected,0.740903175707627
5,7,Undirected,0.21645935932054233
5,12,Undirected,0.18987120929053886
6,7,Undirected,0.7800144796198328
6,8,Undirected,0.25506379568596393
6,11,Undirected,0.291450940389261
6,12,Undirected,0.38088360771795515
6,13,Undirected,0.26403561717031243
7,8,Undirected,0.7328805552434642
7,9,Undirected,0.21813165730495143
7,11,Undirected,0.27031569411736045
7,12,Undirected,0.21247656670860166
7,13,Undirected,0.1950393472895867
8,9,Undirected,0.7456046025747981
8,10,Undirected,0.31159734140703715
8,11,Undirected,0.3618584337099931
8,12,Undirected,0.2033127592243691
8,13,Undirected,0.26750684344394243
9,10,Undirected,0.7637816030657582
9,11,Undirected,0.3019975828984123
10,11,Undirected,0.7455009682456314
11,12,Undirected,0.39405662128736124
11,13,Undirected,0.3085632756421664
12,13,Undirected,0.3850143167395378
