Source,Target,Type,Weight
0,1,Undirected,0.752690530048462
0,2,Undirected,0.21382753107768607
0,3,Undirected,0.209402164703984
1,2,Undirected,0.7537144340947501
1,3,Undirected,0.2168034365971378
1,11,Undirected,0.20281798893218217
1,12,Undirected,0.17486572086482968
1,13,Undirected,0.20388272683347478
2,3,Undirected,0.7638481607599902
2,4,Undirected,0.2685949627301871
2,5,Undirected,0.2150271225212025
2,6,Undirected,0.18289099797613553
2,8,Undirected,0.2006734368868457
2,11,Undirected,0.1890083521757187
2,12,Undirected,0.39837807100018796
2,13,Undirected,0.2833365848702475
3,4,Undirected,0.7327036219034204
3,5,Undirected,0.21823334957043822
4,5,Undirected,0.7717440703844346
4,6,Undirected,0.23954633646316337
5,6,Undirected,0.7329205755333581
5,7,Undirected,0.21104278574802654
6,7,Undirected,0.7283548084603897
6,8,Undirected,0.2274595220268873
6,11,Undirected,0.22834025218391021
6,12,Undirected,0.20021971972607497
6,13,Undirected,0.3656988526921123
7,8,Undirected,0.7608353816866555
7,9,Undirected,0.24957443324409442
7,11,Undirected,0.2819497353803794
7,12,Undirected,0.17620185404351846
7,13,Undirected,0.25256105991844807
8,9,Undirected,0.7688901085625676
8,10,Undirected,0.21517778943367916
8,11,Undirected,0.348169734472166
8,12,Undirected,0.38835303120719133
8,13,Undirected,0.3175323122868225
9,10,Undirected,0.749825272446714
9,11,Undirected,0.3193989825054539
10,11,Undirected,0.7459142856507714
11,12,Undirected,0.26407302040493047
11,13,Undirected,0.37055870884580744
12,13,Undirected,0.3806466549129127
