Source,Target,Type,Weight
0,1,Undirected,0.710991050366522
0,2,Undirected,0.30657306705949616
0,12,Undirected,0.3814575935208203
0,13,Undirected,0.203997993046478
1,2,Undirected,0.7713093001040935
1,3,Undirected,0.2789791168602983
1,4,Undirected,0.17962111855504984
1,6,Undirected,0.23362858042991672
1,12,Undirected,0.20813032916944055
2,3,Undirected,0.7425559032013808
2,4,Undirected,0.2093402924702151
2,6,Undirected,0.2651475919212843
2,7,Undirected,0.2742767162550144
2,12,Undirected,0.3885973024741125
2,13,Undirected,0.30304537078280686
3,4,Undirected,0.7357328988485317
3,5,Undirected,0.3126390104805489
3,6,Undirected,0.32671857952995503
3,7,Undirected,0.24154426009425187
3,13,Undirected,0.1684489474430789
4,5,Undirected,0.7367070160461039
4,6,Undirected,0.3049561230191376
4,7,Undirected,0.17212585632973018
4,8,Undirected,0.18116499219975807
5,6,Undirected,0.786965168901931
5,7,Undirected,0.215571457323954
6,7,Undirected,0.755389300309689
6,8,Undirected,0.28212831212726147
7,8,Undirected,0.7609487766557691
7,9,Undirected,0.21193442898624365
7,13,Undirected,0.23010082118204878
8,9,Undirected,0.7691837514465851
8,10,Undirected,0.252798040637745
9,10,Undirected,0.7234079323157259
9,11,Undirected,0.20630022977641901
10,11,Undirected,0.7393842630628087
12,13,Undirected,0.36825221675015246
