Source,Target,Type,Weight
0,1,Undirected,0.7322314926803107
0,2,Undirected,0.31597343122727267
0,3,Undirected,0.3043888544857489
0,4,Undirected,0.33541012911554346
0,5,Undirected,0.3457556174620805
0,6,Undirected,0.27645307282277015
0,7,Undirected,0.20221299671536172
0,8,Undirected,0.19419814664869964
0,11,Undirected,0.2830238549414212
0,12,Undirected,0.3862525781688074
0,13,Undirected,inf
1,2,Undirected,0.7493433448162384
1,3,Undirected,0.29550123176474224
1,11,Undirected,0.34874556730696554
1,12,Undirected,0.22244076949381794
1,13,Undirected,inf
2,3,Undirected,0.743932221583503
2,4,Undirected,0.3168858528276915
2,5,Undirected,0.17171360541321273
2,6,Undirected,0.205534323557358
2,8,Undirected,0.25321891935881935
2,11,Undirected,0.3145869406829837
2,12,Undirected,0.4126969602063611
2,13,Undirected,inf
3,4,Undirected,0.7527107917516486
3,5,Undirected,0.27837880853213676
3,11,Undirected,0.19081919558387034
3,12,Undirected,0.20790835167889934
3,13,Undirected,inf
4,5,Undirected,0.7583365320135305
4,6,Undirected,0.3330709881334789
4,7,Undirected,0.19295893548121454
4,8,Undirected,0.22719769945688845
4,11,Undirected,0.20039089158023665
4,12,Undirected,0.377959442682694
4,13,Undirected,inf
5,6,Undirected,0.7482509074159243
5,7,Undirected,0.21783499961048067
5,12,Undirected,0.18855495911252346
5,13,Undirected,inf
6,7,Undirected,0.7476003971584332
6,8,Undirected,0.27938958400014385
6,11,Undirected,0.30113106221057545
6,12,Undirected,0.3841397500598286
6,13,Undirected,inf
7,8,Undirected,0.7810591429716941
7,9,Undirected,0.2208921436666007
7,11,Undirected,0.3002190781909511
7,12,Undirected,0.21647962544823104
7,13,Undirected,inf
8,9,Undirected,0.7656150232205122
8,10,Undirected,0.3099169181388008
8,11,Undirected,0.34578061571034424
8,12,Undirected,0.3897207046093073
8,13,Undirected,inf
9,10,Undirected,0.7316453448383231
9,11,Undirected,0.29689147286711964
9,13,Undirected,inf
10,11,Undirected,0.7665813752869446
10,13,Undirected,inf
11,12,Undirected,0.3905257535115674
11,13,Undirected,inf
12,13,Undirected,inf
