Source,Target,Type,Weight
0,1,Undirected,0.7385962159636864
0,2,Undirected,0.31781092787245324
0,3,Undirected,0.2960951174390208
0,4,Undirected,0.33566521318318004
0,5,Undirected,0.3442534079561095
0,6,Undirected,0.29128759717997926
0,7,Undirected,0.26357041011323157
0,11,Undirected,0.2936857587084925
0,12,Undirected,0.36030512212977295
0,13,Undirected,0.18634907574181017
1,2,Undirected,0.737732696989727
1,3,Undirected,0.2568168323945871
1,4,Undirected,0.17087123101232277
1,6,Undirected,0.19594418396750832
1,10,Undirected,0.20404042762684227
1,11,Undirected,0.34928025502106025
1,12,Undirected,0.22457847736762127
2,3,Undirected,0.7521771924985716
2,4,Undirected,0.29370504893083776
2,5,Undirected,0.1684837815785778
2,6,Undirected,0.20989655061973544
2,8,Undirected,0.179243469604622
2,11,Undirected,0.33399838841929796
2,12,Undirected,0.3884149244979448
2,13,Undirected,0.35190128281961064
3,4,Undirected,0.756944767159352
3,5,Undirected,0.26885617935625217
3,12,Undirected,0.1827537733914629
4,5,Undirected,0.7561644616022404
4,6,Undirected,0.34372396033086894
4,7,Undirected,0.19199985351573676
4,8,Undirected,0.1783679891023952
4,11,Undirected,0.203298332105101
4,12,Undirected,0.38886704464572874
4,13,Undirected,0.3243984310896267
5,6,Undirected,0.7457298105932008
5,7,Undirected,0.2152914200114321
5,12,Undirected,0.1899573727420873
6,7,Undirected,0.7390620055215947
6,8,Undirected,0.31204161979375944
6,11,Undirected,0.319964261804254
6,12,Undirected,0.375555155016302
6,13,Undirected,0.3361196492812818
7,8,Undirected,0.7287635087958282
7,9,Undirected,0.23846436893278952
7,11,Undirected,0.29138313173731234
7,12,Undirected,0.21385779660650528
7,13,Undirected,0.16734039500642023
8,9,Undirected,0.751369797983236
8,10,Undirected,0.2857693564216966
8,11,Undirected,0.3528308883156667
8,12,Undirected,0.22023380897377748
8,13,Undirected,0.3207271858603973
9,10,Undirected,0.7588406717442346
9,11,Undirected,0.3183538247052594
10,11,Undirected,0.7313122633956095
11,12,Undirected,0.3875915022517767
11,13,Undirected,0.30147299927792603
12,13,Undirected,0.3724891662708775
