Source,Target,Type,Weight
0,1,Undirected,0.7799653076344032
0,2,Undirected,0.3018613723318979
0,5,Undirected,0.18776113536668293
0,6,Undirected,0.2749722998926611
1,2,Undirected,0.7395452038486007
1,3,Undirected,0.269602416038497
2,3,Undirected,0.7402743228851734
2,4,Undirected,0.3209913674580436
2,5,Undirected,0.3486097968543446
2,6,Undirected,0.23965586221232382
2,12,Undirected,0.3837366728873735
2,13,Undirected,0.29643456900272547
3,4,Undirected,0.7571612806326622
3,5,Undirected,0.27281179366932584
3,12,Undirected,0.19029092984181592
3,13,Undirected,0.17997464232096053
4,5,Undirected,0.7422278546913798
4,6,Undirected,0.21099199697046708
4,12,Undirected,0.3833809371293522
4,13,Undirected,0.20568073131903095
5,6,Undirected,0.725208138583213
5,7,Undirected,0.24540926606182017
5,8,Undirected,0.19863455037824496
5,12,Undirected,0.20583841863950175
6,7,Undirected,0.7590371170117315
6,8,Undirected,0.254564315680086
6,12,Undirected,0.18426838145974442
7,8,Undirected,0.7610122180419581
7,9,Undirected,0.3142400982959292
7,10,Undirected,0.3076034215870174
7,11,Undirected,0.18164619462347179
7,12,Undirected,0.17267218211519209
8,9,Undirected,0.7294415732952604
8,10,Undirected,0.3308955290055377
9,10,Undirected,0.7287624958115265
9,11,Undirected,0.22847904126378865
10,11,Undirected,0.7590134915094009
11,12,Undirected,0.1950696623548885
11,13,Undirected,0.21137634326884688
12,13,Undirected,0.37626687067692266
