Source,Target,Type,Weight
0,1,Undirected,0.7458509490950055
0,2,Undirected,0.28127757287790145
0,3,Undirected,0.33158073650807707
0,4,Undirected,0.17568131892342717
0,9,Undirected,0.179103952444643
0,11,Undirected,0.2212487187072331
0,12,Undirected,0.3854444167221496
0,13,Undirected,0.30866686845570085
1,2,Undirected,0.7484815081897822
1,3,Undirected,0.2963970092218439
2,3,Undirected,0.7416795649552982
2,4,Undirected,0.23929945682846337
2,5,Undirected,0.21662181842333678
3,4,Undirected,0.7808682163499794
3,5,Undirected,0.3015154112881805
3,6,Undirected,0.17522460252507338
4,5,Undirected,0.7458117587710326
4,6,Undirected,0.3542956586553841
4,7,Undirected,0.22888035958132663
4,8,Undirected,0.25211073338649675
4,9,Undirected,0.2593929112078435
5,6,Undirected,0.7472481073180022
5,7,Undirected,0.3224233408355002
5,8,Undirected,0.1912998360614465
6,7,Undirected,0.7375326625566649
6,8,Undirected,0.26668017985683096
7,8,Undirected,0.765256934090957
7,9,Undirected,0.20566695450107803
8,9,Undirected,0.7410679863811682
8,10,Undirected,0.20743515574214463
9,10,Undirected,0.7405593254230121
9,11,Undirected,0.26706294900046806
9,13,Undirected,0.17210478082604472
10,11,Undirected,0.7427609739451287
11,12,Undirected,0.39169454821065813
11,13,Undirected,0.32849628761094074
12,13,Undirected,0.3824126281477235
