Source,Target,Type,Weight
0,1,Undirected,0.7446505203076991
0,2,Undirected,0.30992479585165356
0,3,Undirected,0.3213841596371212
0,4,Undirected,0.3129681964086033
0,5,Undirected,0.35615888154176917
0,6,Undirected,0.3220431133338375
0,7,Undirected,0.2436092066686701
0,11,Undirected,0.31520732021577735
0,12,Undirected,0.377897125189757
0,13,Undirected,0.20240906271321024
1,2,Undirected,0.7536712982466732
1,3,Undirected,0.2673594305414656
1,6,Undirected,0.17748067974658915
1,11,Undirected,0.3474735598745342
1,12,Undirected,0.21291600894568222
1,13,Undirected,0.16704705550522736
2,3,Undirected,0.7345378425504233
2,4,Undirected,0.3023729001241124
2,5,Undirected,0.1684148986190899
2,6,Undirected,0.20327718785570323
2,11,Undirected,0.3219213551093175
2,12,Undirected,0.3981434230030862
2,13,Undirected,0.35255448143784734
3,4,Undirected,0.7763862413745742
3,5,Undirected,0.2952295031853123
3,6,Undirected,0.17519370157043046
3,11,Undirected,0.19049399406068787
3,12,Undirected,0.20654418902909305
4,5,Undirected,0.7653899474028719
4,6,Undirected,0.3603332901491641
4,7,Undirected,0.19912389935524424
4,8,Undirected,0.16756033692447356
4,11,Undirected,0.19600298777747788
4,12,Undirected,0.37639008128772433
4,13,Undirected,0.2803444899323252
5,6,Undirected,0.7177355356782739
5,7,Undirected,0.2077593328644805
5,12,Undirected,0.18279617785816238
6,7,Undirected,0.7396651890894419
6,8,Undirected,0.22354274974534816
6,11,Undirected,0.28882810670853476
6,12,Undirected,0.38477668103068274
6,13,Undirected,0.2030923581991265
7,8,Undirected,0.7535654095067945
7,9,Undirected,0.2115134023413452
7,11,Undirected,0.2997455206335964
7,12,Undirected,0.22216346316824298
8,9,Undirected,0.7381121782321963
8,10,Undirected,0.3060671629353114
8,11,Undirected,0.3317745121986719
8,12,Undirected,0.21392775845562903
8,13,Undirected,0.25746521340931916
9,10,Undirected,0.7410248457657271
9,11,Undirected,0.2843811869104637
10,11,Undirected,0.7798937364884696
11,12,Undirected,0.3745746042000576
11,13,Undirected,0.29503873527173
12,13,Undirected,0.3873116159669045
