Source,Target,Type,Weight
0,1,Undirected,0.7841011368548962
0,2,Undirected,0.2764488090691838
0,3,Undirected,0.20002355853031015
0,11,Undirected,0.1678585198512931
0,12,Undirected,0.18216796127999635
1,2,Undirected,0.7386351068918079
1,3,Undirected,0.2160633129861845
1,12,Undirected,0.1823092993432125
2,3,Undirected,0.7396064305828546
2,4,Undirected,0.22352862051481615
2,6,Undirected,0.20888804511893802
2,8,Undirected,0.21719228326283468
2,11,Undirected,0.2083854507616001
2,12,Undirected,0.35584025237205397
2,13,Undirected,0.3218620418479344
3,4,Undirected,0.7390999687129975
3,5,Undirected,0.22097246547568647
3,6,Undirected,0.18541136679384299
3,8,Undirected,0.17520200028254182
3,12,Undirected,0.22177421742746173
3,13,Undirected,0.2992166001384829
4,5,Undirected,0.7402534187028044
4,6,Undirected,0.2685204717295133
4,12,Undirected,0.1988116909107077
4,13,Undirected,0.19159346612225298
5,6,Undirected,0.7340028421736144
5,7,Undirected,0.2720788927490068
5,11,Undirected,0.1698323899289323
5,12,Undirected,0.1817454951919798
5,13,Undirected,0.17541471238839976
6,7,Undirected,0.7747278236149812
6,8,Undirected,0.31726088005299097
6,11,Undirected,0.2870589987363202
6,12,Undirected,0.3901517723643363
6,13,Undirected,0.3110733031083568
7,8,Undirected,0.7717464133826658
7,9,Undirected,0.253439983912501
7,10,Undirected,0.17075941148374368
7,11,Undirected,0.27982018886427057
7,12,Undirected,0.2261163700052336
7,13,Undirected,0.19090504004664408
8,9,Undirected,0.731155905255408
8,10,Undirected,0.287349174026915
8,11,Undirected,0.3462612154208647
8,12,Undirected,0.4074244568480474
8,13,Undirected,0.36928360651061265
9,10,Undirected,0.7211250867922205
9,11,Undirected,0.31757229413603694
10,11,Undirected,0.7530726467624398
10,12,Undirected,0.16679529997435819
11,12,Undirected,0.40140498789460255
11,13,Undirected,0.2002246133925759
12,13,Undirected,0.3876703513939131
