Source,Target,Type,Weight
0,1,Undirected,0.7445097495041177
0,2,Undirected,0.3474798929435213
0,3,Undirected,0.3289793914918479
0,4,Undirected,0.2241713370097476
0,5,Undirected,0.19095731061266902
0,6,Undirected,0.20011773360238963
0,8,Undirected,0.18545986822603205
0,11,Undirected,0.312454274096699
0,12,Undirected,0.33992781150334783
0,13,Undirected,0.34758888667989907
1,2,Undirected,0.7614754741969935
1,3,Undirected,0.25385206508576025
1,11,Undirected,0.32618984755190644
1,12,Undirected,0.2135987455929991
1,13,Undirected,0.17354708503405977
2,3,Undirected,0.7528189401547833
2,4,Undirected,0.35969535994028495
2,5,Undirected,0.20910013196183427
2,6,Undirected,0.21905706372834632
2,8,Undirected,0.29733355649456245
2,11,Undirected,0.3141148519573314
2,12,Undirected,0.4062356625621501
2,13,Undirected,0.31836805765611714
3,4,Undirected,0.7305327948265167
3,5,Undirected,0.29397016552250427
3,6,Undirected,0.17270106212925387
3,11,Undirected,0.17611585282182315
3,12,Undirected,0.21082691138643178
3,13,Undirected,0.28068975075499336
4,5,Undirected,0.7343212804416394
4,6,Undirected,0.3536858579759909
4,7,Undirected,0.20505712240739365
4,8,Undirected,0.34156760512499945
4,11,Undirected,0.1988365915867214
4,12,Undirected,0.3606696963362347
4,13,Undirected,0.33102806439410354
5,6,Undirected,0.7703941748168426
5,7,Undirected,0.2127557995086783
5,12,Undirected,0.19795293554630625
5,13,Undirected,0.33759720811085714
6,7,Undirected,0.7462461327093834
6,8,Undirected,0.3266736664576491
6,11,Undirected,0.3007879154269208
6,12,Undirected,0.38577535778668925
6,13,Undirected,0.31275361387302514
7,8,Undirected,0.7538435325487985
7,9,Undirected,0.22450087235336724
7,11,Undirected,0.29863918265090494
7,12,Undirected,0.21609103068775132
7,13,Undirected,0.19148135013693987
8,9,Undirected,0.7551285925533046
8,10,Undirected,0.30855830439123005
8,11,Undirected,0.33171193262607523
8,12,Undirected,0.39123159996903206
8,13,Undirected,0.2046617933299925
9,10,Undirected,0.734243508722361
9,11,Undirected,0.2999152732831685
10,11,Undirected,0.7383732900058982
11,12,Undirected,0.38680780347087346
11,13,Undirected,0.20987392765148283
12,13,Undirected,0.3652067321686631
