Source,Target,Type,Weight
0,1,Undirected,0.7686612720110471
0,2,Undirected,0.3286169691332412
0,3,Undirected,0.34543398443551376
0,4,Undirected,0.23770619829811523
0,5,Undirected,0.19135333574400987
0,6,Undirected,0.20601421640652176
0,7,Undirected,0.16845982648851224
0,11,Undirected,0.3117488078367702
0,12,Undirected,0.3976372163733886
0,13,Undirected,0.31157174099077684
1,2,Undirected,0.7321128206372428
1,3,Undirected,0.24537308689848317
1,8,Undirected,0.1691728161812033
1,10,Undirected,0.23308937968597124
1,11,Undirected,0.33624912506606847
1,12,Undirected,0.21602721271750777
2,3,Undirected,0.7757079347653607
2,4,Undirected,0.33861575451830356
2,5,Undirected,0.1935827135504724
2,6,Undirected,0.2098275416658079
2,8,Undirected,0.17044563385616066
2,11,Undirected,0.266508509926373
2,12,Undirected,0.3708772299654156
2,13,Undirected,0.21790217701434766
3,4,Undirected,0.7541624041328844
3,5,Undirected,0.2955273202039653
3,6,Undirected,0.1692289368415922
3,11,Undirected,0.1843941898498224
3,12,Undirected,0.22407002188183808
3,13,Undirected,0.2093300954234495
4,5,Undirected,0.7501854982697709
4,6,Undirected,0.35101286736307347
4,7,Undirected,0.20103468320687376
4,8,Undirected,0.18128377645950525
4,11,Undirected,0.21109077302240048
4,12,Undirected,0.3858819754105932
4,13,Undirected,0.30745370184738136
5,6,Undirected,0.7390401931021043
5,7,Undirected,0.21686975490116492
5,12,Undirected,0.20930352090473248
5,13,Undirected,0.3089318435559971
6,7,Undirected,0.7380519778632129
6,8,Undirected,0.2839525304233355
6,11,Undirected,0.3177597395316588
6,12,Undirected,0.3910869227923186
6,13,Undirected,0.325862577846105
7,8,Undirected,0.7621833279665754
7,9,Undirected,0.21857523456310946
7,11,Undirected,0.2977231649241943
7,12,Undirected,0.22356638982120675
7,13,Undirected,0.23402966526697982
8,9,Undirected,0.754615862426623
8,10,Undirected,0.3076852879066072
8,11,Undirected,0.36176586216253376
8,12,Undirected,0.20784134401066862
9,10,Undirected,0.7436256320204612
9,11,Undirected,0.30090748525936395
10,11,Undirected,0.7557988127935176
11,12,Undirected,0.38584747084919296
11,13,Undirected,0.20633826790742704
12,13,Undirected,0.3640190869650082
