Source,Target,Type,Weight
0,1,Undirected,0.7601309925750335
0,2,Undirected,0.31835380054173906
0,3,Undirected,0.33559653882144064
0,4,Undirected,0.3209796009825519
0,5,Undirected,0.37838316701257557
0,6,Undirected,0.3128574495328289
0,7,Undirected,0.2320435949213023
0,11,Undirected,0.3000038266670052
0,12,Undirected,0.39053535313187304
0,13,Undirected,0.20376689784808796
1,2,Undirected,0.7645389725752916
1,3,Undirected,0.28679193884512866
1,11,Undirected,0.24668798043766121
1,12,Undirected,0.18354182389191265
2,3,Undirected,0.7692545695022207
2,4,Undirected,0.32792343191015705
2,6,Undirected,0.19601502392527853
2,11,Undirected,0.28711193583068384
2,12,Undirected,0.3837416582952273
2,13,Undirected,0.21089708837295085
3,4,Undirected,0.7377904443537177
3,5,Undirected,0.3007455784318667
3,6,Undirected,0.17745875313841025
3,11,Undirected,0.17422018855455493
3,12,Undirected,0.19725972764704638
4,5,Undirected,0.7314082913786396
4,6,Undirected,0.3894263823472093
4,7,Undirected,0.20044498045492457
4,11,Undirected,0.19972335986340942
4,12,Undirected,0.37915003146699094
4,13,Undirected,0.3228108522466207
5,6,Undirected,0.7498245351836007
5,7,Undirected,0.21259940861706253
5,12,Undirected,0.1852944643116213
6,7,Undirected,0.7789458436018342
6,8,Undirected,0.23957424904000177
6,11,Undirected,0.29059195332020893
6,12,Undirected,0.3739894145661975
6,13,Undirected,0.3534407797447439
7,8,Undirected,0.7569474309777684
7,9,Undirected,0.2189179182028695
7,11,Undirected,0.2723043562942284
7,12,Undirected,0.21143019488277212
7,13,Undirected,0.21824284265831528
8,9,Undirected,0.7227041096983257
8,10,Undirected,0.32204187699797954
8,11,Undirected,0.36725795523420235
8,12,Undirected,0.1943522566071966
8,13,Undirected,0.28923258379206773
9,10,Undirected,0.7386978092522504
9,11,Undirected,0.3035897720968962
10,11,Undirected,0.7408020216742184
11,12,Undirected,0.3950562212606598
11,13,Undirected,0.2938000357241674
12,13,Undirected,0.37938690851839163
