Source,Target,Type,Weight
0,1,Undirected,0.7374304819077143
0,2,Undirected,0.3096135875819256
0,12,Undirected,0.3853827228191873
0,13,Undirected,0.20453436498828328
1,2,Undirected,0.770465286707948
1,3,Undirected,0.221401759008192
1,4,Undirected,0.16979885192880592
1,6,Undirected,0.234521369532369
1,12,Undirected,0.21187912146754806
2,3,Undirected,0.744652701682573
2,4,Undirected,0.22227879775070586
2,6,Undirected,0.25133574607749304
2,7,Undirected,0.2698950657890715
2,12,Undirected,0.383369618578533
2,13,Undirected,0.3204041474739217
3,4,Undirected,0.7679367005301473
3,5,Undirected,0.2886641133375315
3,6,Undirected,0.32745916972241845
3,7,Undirected,0.2391180660501813
4,5,Undirected,0.7589473616593433
4,6,Undirected,0.30732011444609786
5,6,Undirected,0.74548308032469
5,7,Undirected,0.2192515001486662
5,8,Undirected,0.2355308933038153
6,7,Undirected,0.7371095362214135
6,8,Undirected,0.2952668923504244
7,8,Undirected,0.7351953836441751
7,9,Undirected,0.2083725928723456
8,9,Undirected,0.7330172185393428
8,10,Undirected,0.24101907015674987
9,10,Undirected,0.7452320112761031
9,11,Undirected,0.21651263585389668
10,11,Undirected,0.7447569598610598
12,13,Undirected,0.3877102718212188
