Source,Target,Type,Weight
0,1,Undirected,0.7206209536196165
0,2,Undirected,0.3533365687878494
0,3,Undirected,0.3567651992521913
0,4,Undirected,0.23015109855437835
0,5,Undirected,0.17608005360774642
0,6,Undirected,0.2063989671548267
0,11,Undirected,0.31041808672278065
0,12,Undirected,0.40136711386095597
0,13,Undirected,0.2977749079992631
1,2,Undirected,0.7532426460677936
1,3,Undirected,0.2583729817382843
1,11,Undirected,0.35169458553692506
1,12,Undirected,0.2088046862849857
1,13,Undirected,0.1894375746810507
2,3,Undirected,0.7577279168084443
2,4,Undirected,0.34080263196917887
2,5,Undirected,0.1938145747607945
2,6,Undirected,0.22253610590889755
2,8,Undirected,0.19748601665862622
2,11,Undirected,0.28566071483421746
2,12,Undirected,0.3985325108740465
2,13,Undirected,0.20045825814303844
3,4,Undirected,0.7294401144202328
3,5,Undirected,0.2830486653204946
3,6,Undirected,0.1712596644043846
3,11,Undirected,0.1839284981331339
3,12,Undirected,0.21470340418953549
4,5,Undirected,0.743747670415635
4,6,Undirected,0.36064913514970154
4,7,Undirected,0.20384461770143117
4,8,Undirected,0.1681753098527791
4,11,Undirected,0.19751361845752952
4,12,Undirected,0.3576110990892918
4,13,Undirected,0.2023819311993768
5,6,Undirected,0.746309005227432
5,7,Undirected,0.21086120958798976
5,12,Undirected,0.19955425645878053
6,7,Undirected,0.7663135162590021
6,8,Undirected,0.2665873445655462
6,11,Undirected,0.27683455436860327
6,12,Undirected,0.39252258432213344
6,13,Undirected,0.29273686900897816
7,8,Undirected,0.7525184846158441
7,9,Undirected,0.23827376409698459
7,11,Undirected,0.26648326356709073
7,12,Undirected,0.22374010219177928
7,13,Undirected,0.2681931638591337
8,9,Undirected,0.7669228254358563
8,10,Undirected,0.3073709225464561
8,11,Undirected,0.3117793042012524
8,12,Undirected,0.2099316605351778
8,13,Undirected,0.20427492964617022
9,10,Undirected,0.7386570905324725
9,11,Undirected,0.29292759632614124
10,11,Undirected,0.753329568754571
11,12,Undirected,0.3838296966565036
11,13,Undirected,0.3467840917838053
12,13,Undirected,0.37692928603767833
