Source,Target,Type,Weight
0,1,Undirected,0.7482918897567978
0,2,Undirected,0.3448257321651324
0,3,Undirected,0.20423442620859403
0,4,Undirected,0.19699897524746848
0,12,Undirected,0.3856410693969375
0,13,Undirected,0.3013659928887379
1,2,Undirected,0.7456463560020181
1,3,Undirected,0.20951471536886354
1,12,Undirected,0.17883447429758406
2,3,Undirected,0.7556262965555198
2,4,Undirected,0.25309003613784115
2,12,Undirected,0.38137646557654004
2,13,Undirected,0.2900100306880836
3,4,Undirected,0.7364899491070356
3,5,Undirected,0.2565908919894263
3,12,Undirected,0.3732329669852472
3,13,Undirected,0.21572135717061572
4,5,Undirected,0.7534789061407403
4,6,Undirected,0.20575515400397784
4,12,Undirected,0.3561947838315934
4,13,Undirected,0.3066202437008326
5,6,Undirected,0.7422902489615725
5,7,Undirected,0.2534604757822593
6,7,Undirected,0.769618175764638
6,8,Undirected,0.2481449932596304
7,8,Undirected,0.7717480463898462
7,9,Undirected,0.20582229764458018
7,11,Undirected,0.2515217642906959
8,9,Undirected,0.7457489700022261
8,10,Undirected,0.30005975721244804
8,11,Undirected,0.2928788328542102
9,10,Undirected,0.7577938343106491
9,11,Undirected,0.2938624884887679
10,11,Undirected,0.7569893715133457
12,13,Undirected,0.37621965401602414
