Source,Target,Type,Weight
0,1,Undirected,0.7186078795279702
0,2,Undirected,0.35778888505402184
0,3,Undirected,0.343072034016145
0,4,Undirected,0.30074516870767537
0,5,Undirected,0.3148452592161942
0,6,Undirected,0.29729037408949904
0,7,Undirected,0.2996939470569065
0,11,Undirected,0.3383205240893937
0,12,Undirected,0.37773267848804404
0,13,Undirected,0.19083925146931932
1,2,Undirected,0.7450660714149314
1,3,Undirected,0.25476322282610214
1,7,Undirected,0.19676468002536646
1,10,Undirected,0.173053603697682
1,11,Undirected,0.30430458202035615
1,12,Undirected,0.21306147968143269
2,3,Undirected,0.7096126597633612
2,4,Undirected,0.3492938679301849
2,5,Undirected,0.21707742425923687
2,6,Undirected,0.20572392947192228
2,11,Undirected,0.2638156181992914
2,12,Undirected,0.37840955543889127
2,13,Undirected,0.30637134628979346
3,4,Undirected,0.7459983309630542
3,5,Undirected,0.318087813478453
3,6,Undirected,0.17527763235051247
3,11,Undirected,0.17196117550600848
3,12,Undirected,0.20928426277452097
4,5,Undirected,0.74566531227583
4,6,Undirected,0.3142400747528498
4,7,Undirected,0.18637333730284805
4,11,Undirected,0.20452546849955797
4,12,Undirected,0.3765496759968327
4,13,Undirected,0.31216644931711657
5,6,Undirected,0.7566439446398305
5,7,Undirected,0.2136357144501607
5,12,Undirected,0.20695518358515333
6,7,Undirected,0.7675090172113408
6,8,Undirected,0.21431379540208106
6,11,Undirected,0.2883557345116791
6,12,Undirected,0.390662010481911
6,13,Undirected,0.284265621751074
7,8,Undirected,0.7498693768230816
7,9,Undirected,0.20735900041419356
7,11,Undirected,0.31295729099210196
7,12,Undirected,0.2346447761307587
7,13,Undirected,0.18551298983335118
8,9,Undirected,0.7559072374043515
8,10,Undirected,0.30007216520143476
8,11,Undirected,0.312059890919388
9,10,Undirected,0.7390231347339397
9,11,Undirected,0.2944400425159138
10,11,Undirected,0.7741924289874366
11,12,Undirected,0.39044991855976313
11,13,Undirected,0.33501876935613567
12,13,Undirected,0.3701743364748507
