Source,Target,Type,Weight
0,1,Undirected,0.7367697797325179
0,2,Undirected,0.3418449323165121
0,3,Undirected,0.3470923605079892
0,4,Undirected,0.2936240387992473
0,5,Undirected,0.21019073552004053
0,6,Undirected,0.3047634105800025
0,7,Undirected,0.27798147322153466
0,8,Undirected,0.20540816060676523
0,11,Undirected,0.3411178860747212
0,12,Undirected,0.3990277519193851
0,13,Undirected,0.21300817863681804
1,2,Undirected,0.7499950826490467
1,3,Undirected,0.25648443058498854
1,7,Undirected,0.18375574961786043
1,10,Undirected,0.19270963464552313
1,11,Undirected,0.24971006202648427
1,12,Undirected,0.19943680541561493
2,3,Undirected,0.7402133121085991
2,4,Undirected,0.3080950250740616
2,6,Undirected,0.1994657710348375
2,11,Undirected,0.30062753779450707
2,12,Undirected,0.39926929685529206
2,13,Undirected,0.20594371162035413
3,4,Undirected,0.7282789276288374
3,5,Undirected,0.31458823841780037
3,6,Undirected,0.1816591126669159
3,12,Undirected,0.21649636406412576
4,5,Undirected,0.7493211890404444
4,6,Undirected,0.353266454525631
4,7,Undirected,0.19300087989874493
4,11,Undirected,0.20184758483817752
4,12,Undirected,0.3844274009596057
4,13,Undirected,0.3011324675026304
5,6,Undirected,0.7508837327208782
5,7,Undirected,0.20848629836292956
5,12,Undirected,0.18139261198279066
6,7,Undirected,0.7167579937118187
6,8,Undirected,0.26985561326226837
6,11,Undirected,0.2620836224854699
6,12,Undirected,0.35418250865484496
6,13,Undirected,0.3342388632175992
7,8,Undirected,0.7580324104948614
7,9,Undirected,0.2200085877909644
7,11,Undirected,0.27842628196085784
7,12,Undirected,0.22042640220498716
7,13,Undirected,0.23377129483189973
8,9,Undirected,0.7684586878502094
8,10,Undirected,0.29597445348368934
8,11,Undirected,0.35029788612970186
8,12,Undirected,0.20371638401164743
8,13,Undirected,0.3364010392546907
9,10,Undirected,0.7365287478698364
9,11,Undirected,0.29418121708411094
10,11,Undirected,0.7469965798976845
11,12,Undirected,0.3796768309909707
11,13,Undirected,0.3441062336635223
12,13,Undirected,0.37938450636870225
