Source,Target,Type,Weight
0,1,Undirected,0.7412877606955793
0,2,Undirected,0.33534970985637613
0,3,Undirected,0.31647190040353657
0,4,Undirected,0.3320591335927334
0,5,Undirected,0.3522851350815623
0,6,Undirected,0.2886042276697999
0,7,Undirected,0.2199124063342766
0,11,Undirected,0.288107847010847
0,12,Undirected,0.36467391828853213
0,13,Undirected,0.1958573156324276
1,2,Undirected,0.7798735075122927
1,3,Undirected,0.27306039125533116
1,4,Undirected,0.16814282750036802
1,6,Undirected,0.1750608536540574
1,11,Undirected,0.3324188119559701
1,12,Undirected,0.2268392495831847
1,13,Undirected,0.17196124600795112
2,3,Undirected,0.748313183657161
2,4,Undirected,0.31854744387622114
2,5,Undirected,0.17220688685653324
2,6,Undirected,0.18981310602063084
2,11,Undirected,0.3032778386201613
2,12,Undirected,0.3842063960323901
2,13,Undirected,0.358483967167505
3,4,Undirected,0.7636276676443148
3,5,Undirected,0.30812286408608597
3,6,Undirected,0.17786544034068982
3,12,Undirected,0.1907866636596671
4,5,Undirected,0.7319377904951138
4,6,Undirected,0.3795893817521785
4,7,Undirected,0.2010376124942962
4,11,Undirected,0.19297653144810983
4,12,Undirected,0.35081877291417013
4,13,Undirected,0.24912598398819297
5,6,Undirected,0.7561005310076545
5,7,Undirected,0.20875008572865072
5,12,Undirected,0.18006007921210665
6,7,Undirected,0.7706925081678022
6,8,Undirected,0.22750166708558509
6,11,Undirected,0.3185618877061872
6,12,Undirected,0.37145873334136303
6,13,Undirected,0.20689711644602365
7,8,Undirected,0.7599779053435856
7,9,Undirected,0.2173164288535094
7,11,Undirected,0.30505841692557295
7,12,Undirected,0.21849710103388417
7,13,Undirected,0.17345958047825386
8,9,Undirected,0.7369330153775739
8,10,Undirected,0.3138873954832228
8,11,Undirected,0.32233069546990667
8,12,Undirected,0.1922044166235147
8,13,Undirected,0.25773534035251755
9,10,Undirected,0.7501402163337721
9,11,Undirected,0.3017018665029318
10,11,Undirected,0.750651313732505
11,12,Undirected,0.37883271620170145
11,13,Undirected,0.31005992431064716
12,13,Undirected,0.371142759882641
