Source,Target,Type,Weight
0,1,Undirected,0.7466430644396693
0,2,Undirected,0.3303838823420802
0,3,Undirected,0.17507226738217643
0,4,Undirected,0.19017284796977768
0,5,Undirected,0.32962211806862357
0,6,Undirected,0.32614672817438334
1,2,Undirected,0.7398274266816515
1,3,Undirected,0.24990407334373393
2,3,Undirected,0.7438277324776447
2,4,Undirected,0.33527982445208626
2,5,Undirected,0.33321112240712575
2,6,Undirected,0.2669762535023772
2,7,Undirected,0.1971336383654228
2,10,Undirected,0.18738722510267128
2,11,Undirected,0.26109217385934674
2,12,Undirected,0.3887492228359619
2,13,Undirected,0.19723215965975827
3,4,Undirected,0.7768296331801857
3,5,Undirected,0.2656494436459916
3,11,Undirected,0.170341924647884
3,12,Undirected,0.20749522929133493
4,5,Undirected,0.7766882277394446
4,6,Undirected,0.210578614434906
4,11,Undirected,0.20867869293220573
4,12,Undirected,0.39059525233008474
4,13,Undirected,0.2918343717147965
5,6,Undirected,0.7238406402746874
5,7,Undirected,0.2629557608685362
5,8,Undirected,0.19411292703021435
5,12,Undirected,0.21794099038842854
6,7,Undirected,0.7638700710025323
6,8,Undirected,0.2485010736198318
6,12,Undirected,0.1841180095976738
7,8,Undirected,0.7448183251805552
7,9,Undirected,0.34158162492462785
7,10,Undirected,0.3083293012311842
7,11,Undirected,0.17671452274906074
7,12,Undirected,0.2063329490328635
7,13,Undirected,0.17849999544632447
8,9,Undirected,0.7723216591522368
8,10,Undirected,0.3026969541829124
8,13,Undirected,0.16747107380467102
9,10,Undirected,0.7436438923762523
9,11,Undirected,0.20982214634799357
10,11,Undirected,0.7445085601184808
10,12,Undirected,0.20078498654589166
10,13,Undirected,0.26869491640952237
11,12,Undirected,0.3975835421822721
11,13,Undirected,0.38622704065541497
12,13,Undirected,0.3773450330004529
