Source,Target,Type,Weight
0,1,Undirected,0.7627595199364231
0,2,Undirected,0.3740154938554974
0,3,Undirected,0.20550820052540433
0,4,Undirected,0.3342371319464427
0,5,Undirected,0.20042714552125582
0,11,Undirected,0.23571241752489777
0,12,Undirected,0.38183517586860066
0,13,Undirected,0.31853817825620356
1,2,Undirected,0.7734761535720197
1,3,Undirected,0.2557478579620568
1,4,Undirected,0.2921516439931212
1,5,Undirected,0.30873505238840854
1,6,Undirected,0.1830183019872846
1,7,Undirected,0.26717257186303434
1,11,Undirected,0.25058802365680605
1,12,Undirected,0.22509103343964187
2,3,Undirected,0.7483109807836821
2,4,Undirected,0.288475681591324
2,5,Undirected,0.19653024158160423
2,11,Undirected,0.17114398400682765
2,12,Undirected,0.20377644128345562
3,4,Undirected,0.7507559818958133
3,5,Undirected,0.23961251625865032
3,6,Undirected,0.17983483320606317
3,12,Undirected,0.1951168499611795
4,5,Undirected,0.734619150609568
4,6,Undirected,0.21925917933588626
4,11,Undirected,0.3330211916022494
4,12,Undirected,0.39982627787380287
4,13,Undirected,0.27240772727169404
5,6,Undirected,0.7432748382045702
5,7,Undirected,0.3096094280384092
5,8,Undirected,0.1772119873826098
5,9,Undirected,0.19604217938606508
5,11,Undirected,0.3248448153599413
5,12,Undirected,0.2343918837661464
5,13,Undirected,0.17071183139354332
6,7,Undirected,0.7468075800282801
6,8,Undirected,0.33035694946527244
6,9,Undirected,0.30154857768752585
6,11,Undirected,0.17735035615493056
7,8,Undirected,0.7409237893932805
7,9,Undirected,0.2515581802182364
7,11,Undirected,0.24865602680974558
8,9,Undirected,0.7499940768352044
8,10,Undirected,0.21333404948157073
9,10,Undirected,0.7432126075444965
9,11,Undirected,0.3374661492238922
10,11,Undirected,0.7735472649413916
11,12,Undirected,0.39113210923638064
11,13,Undirected,0.3531231283262857
12,13,Undirected,0.37051703786649953
