Source,Target,Type,Weight
0,1,Undirected,0.7384329577791856
0,2,Undirected,0.3115731759841886
1,2,Undirected,0.774472904045349
1,3,Undirected,0.367585159820473
1,4,Undirected,0.3503408684850217
1,5,Undirected,0.3352855600162019
1,6,Undirected,0.3533108232640589
1,7,Undirected,0.2513508077999637
1,8,Undirected,0.20125452034121158
2,3,Undirected,0.7294446179228109
2,4,Undirected,0.23141521277566568
2,7,Undirected,0.22769054917107973
2,8,Undirected,0.18201404557086126
2,10,Undirected,0.16942967013133442
2,11,Undirected,0.31165513140802775
2,12,Undirected,0.35863259898213523
2,13,Undirected,0.20657187835581098
3,4,Undirected,0.7467668265849663
3,5,Undirected,0.2923303824322871
3,6,Undirected,0.20400739937726317
3,7,Undirected,0.275671438710009
3,8,Undirected,0.29458958090961884
3,9,Undirected,0.17555469630862103
3,10,Undirected,0.18331717805713435
3,11,Undirected,0.20425310433450747
3,12,Undirected,0.17389364765365484
4,5,Undirected,0.7556257520354387
4,6,Undirected,0.24711106041727987
4,7,Undirected,0.18816349855020528
4,8,Undirected,0.2688929957169361
5,6,Undirected,0.746998708519665
5,7,Undirected,0.31372614724642606
5,8,Undirected,0.38046748572216454
6,7,Undirected,0.7642715638698129
6,8,Undirected,0.2615347058649303
7,8,Undirected,0.7516874554535596
7,9,Undirected,0.21908901096995387
8,9,Undirected,0.7699395813789088
8,10,Undirected,0.23302879924973943
9,10,Undirected,0.7357315437560145
9,11,Undirected,0.21014482007015142
10,11,Undirected,0.742943522317334
10,12,Undirected,0.17136712700913803
10,13,Undirected,0.17820497797411855
11,12,Undirected,0.4032616639116296
11,13,Undirected,0.29546875778199777
12,13,Undirected,0.37051000088071456
