Source,Target,Type,Weight
0,1,Undirected,0.7666723849140266
0,2,Undirected,0.32719233005681064
0,3,Undirected,0.32692490563202303
0,4,Undirected,0.3297295784515562
0,5,Undirected,0.35034031248525216
0,6,Undirected,0.32052904704313134
0,7,Undirected,0.24658912704251715
0,11,Undirected,0.3233911761163704
0,12,Undirected,0.3931527024149112
0,13,Undirected,0.20206279891709128
1,2,Undirected,0.7490695351890719
1,3,Undirected,0.24930533612649194
1,6,Undirected,0.17945634743379765
1,11,Undirected,0.3621786793076343
1,12,Undirected,0.2176878205070316
2,3,Undirected,0.7363495963976611
2,4,Undirected,0.32233738377693777
2,5,Undirected,0.18288991339739394
2,6,Undirected,0.20461360978983206
2,8,Undirected,0.1840580426262275
2,11,Undirected,0.3318670210122904
2,12,Undirected,0.3765308473924436
2,13,Undirected,0.24835548949012537
3,4,Undirected,0.7481883746125654
3,5,Undirected,0.3070229895532641
3,6,Undirected,0.177930028763694
3,11,Undirected,0.18020389318748045
3,12,Undirected,0.20205238355877192
4,5,Undirected,0.737611197512211
4,6,Undirected,0.3579516341176748
4,7,Undirected,0.20245646753261295
4,11,Undirected,0.1956164568582711
4,12,Undirected,0.37837255123243174
4,13,Undirected,0.37078306819933776
5,6,Undirected,0.7371103134627026
5,7,Undirected,0.20654195142095388
5,12,Undirected,0.1809733086737318
6,7,Undirected,0.7387769829347665
6,8,Undirected,0.2337858625432074
6,11,Undirected,0.25385458479051587
6,12,Undirected,0.37819401551799536
6,13,Undirected,0.2995664600445946
7,8,Undirected,0.7487749383876442
7,9,Undirected,0.24106109771979856
7,11,Undirected,0.26281336922558196
7,12,Undirected,0.22051429206530998
7,13,Undirected,0.21863211063213148
8,9,Undirected,0.7495728780797456
8,10,Undirected,0.3135580555815755
8,11,Undirected,0.37665111918518507
8,12,Undirected,0.2101201224880467
8,13,Undirected,0.26900167655296964
9,10,Undirected,0.7302955715415355
9,11,Undirected,0.2957363187797989
10,11,Undirected,0.7479778954133768
11,12,Undirected,0.39014030452550413
11,13,Undirected,0.26789431805015684
12,13,Undirected,0.386005774021688
