Source,Target,Type,Weight
0,1,Undirected,0.7331164498341475
0,2,Undirected,0.2925653266578773
0,3,Undirected,0.18058627299358823
0,5,Undirected,0.27580668759725935
0,6,Undirected,0.22541695621025998
1,2,Undirected,0.7211802013415318
1,3,Undirected,0.28240011930775916
1,6,Undirected,0.1768463738032007
1,13,Undirected,0.1720673040435347
2,3,Undirected,0.7185867652901491
2,4,Undirected,0.3545877831128353
2,5,Undirected,0.34892596575565654
2,6,Undirected,0.308781578339622
2,7,Undirected,0.1854518648897592
2,12,Undirected,0.39363302959278923
2,13,Undirected,0.3435795461294195
3,4,Undirected,0.7513700671848845
3,5,Undirected,0.32049485587258525
3,6,Undirected,0.18313353256794246
3,12,Undirected,0.202126248716201
3,13,Undirected,0.31979059122890335
4,5,Undirected,0.7528161026354641
4,6,Undirected,0.29291663131180334
4,7,Undirected,0.2363770410557274
4,8,Undirected,0.24021963440694677
4,10,Undirected,0.21238261950973247
4,12,Undirected,0.3695314911136056
4,13,Undirected,0.2541649982111571
5,6,Undirected,0.7191082127127025
5,7,Undirected,0.20468532424753827
5,8,Undirected,0.16903955093710604
6,7,Undirected,0.7161330661147458
6,8,Undirected,0.28951328296139717
6,12,Undirected,0.21038774650926617
7,8,Undirected,0.7535212754174855
7,9,Undirected,0.29840005418335946
7,10,Undirected,0.29811960154945566
7,11,Undirected,0.18255199286279536
7,12,Undirected,0.18803170359528756
8,9,Undirected,0.7559089403002276
8,10,Undirected,0.33799606231699253
9,10,Undirected,0.7523935511594568
9,11,Undirected,0.23102084313521803
10,11,Undirected,0.7464963577569215
10,12,Undirected,0.16673527997968474
12,13,Undirected,0.3778136587663936
