Source,Target,Type,Weight
0,1,Undirected,0.7712420031274042
0,2,Undirected,0.33697560365800117
0,3,Undirected,0.320933501414599
0,4,Undirected,0.228069925499295
0,5,Undirected,0.18741016670699967
0,6,Undirected,0.1999840939775107
0,8,Undirected,0.19912694338842968
0,11,Undirected,0.3312818882109713
0,12,Undirected,0.38279091666668946
0,13,Undirected,0.3059234641388357
1,2,Undirected,0.7564696098548185
1,3,Undirected,0.2334912913058688
1,11,Undirected,0.3254927649071905
1,12,Undirected,0.20487504749054072
1,13,Undirected,0.17142446099620065
2,3,Undirected,0.7495949817592116
2,4,Undirected,0.34483157218070265
2,5,Undirected,0.20128173676752484
2,6,Undirected,0.20123818243178862
2,8,Undirected,0.29226031078383985
2,11,Undirected,0.28228209270686144
2,12,Undirected,0.38872854200660956
2,13,Undirected,0.20080761516061338
3,4,Undirected,0.7427597901404102
3,5,Undirected,0.3087081251109086
3,6,Undirected,0.1708117064897065
3,11,Undirected,0.18381513306830347
3,12,Undirected,0.2230438072232878
3,13,Undirected,0.17649645012842827
4,5,Undirected,0.7572066623579663
4,6,Undirected,0.3388390280661821
4,7,Undirected,0.1945853521530835
4,8,Undirected,0.3259110414371993
4,11,Undirected,0.2046714807010832
4,12,Undirected,0.4049844038234168
4,13,Undirected,0.2328296162675377
5,6,Undirected,0.7459154132052316
5,7,Undirected,0.2210156413352129
5,12,Undirected,0.21649113436538886
5,13,Undirected,0.2030670684721187
6,7,Undirected,0.7317036110375263
6,8,Undirected,0.3218480134193374
6,11,Undirected,0.2871465696892689
6,12,Undirected,0.3696965305869534
6,13,Undirected,0.33643155730291924
7,8,Undirected,0.7222714531275669
7,9,Undirected,0.22549024983949634
7,11,Undirected,0.26561858997782367
7,12,Undirected,0.21156452785084984
7,13,Undirected,0.26925931194787867
8,9,Undirected,0.7550893048020038
8,10,Undirected,0.2821873627304069
8,11,Undirected,0.3414382822584709
8,12,Undirected,0.3750582353295704
8,13,Undirected,0.21235633950127927
9,10,Undirected,0.7451484694873247
9,11,Undirected,0.30920073863690395
10,11,Undirected,0.7366689101181535
11,12,Undirected,0.38842326955343454
11,13,Undirected,0.33442911928167857
12,13,Undirected,0.3619623600237494
