Source,Target,Type,Weight
0,1,Undirected,0.7596712278351329
0,2,Undirected,0.2145147311431231
0,3,Undirected,0.17879451272776317
1,2,Undirected,0.7646744548784983
1,3,Undirected,0.21768723300343532
1,11,Undirected,0.18191167418779766
2,3,Undirected,0.7370294243908131
2,4,Undirected,0.31792839110028753
2,5,Undirected,0.33040748800035796
2,6,Undirected,0.19820795942446925
2,8,Undirected,0.23193683635426585
2,11,Undirected,0.3099616477974993
2,12,Undirected,0.38813381224994414
2,13,Undirected,0.3187788478127534
3,4,Undirected,0.7351153008049403
3,5,Undirected,0.26019615531902207
4,5,Undirected,0.7498477261541482
4,6,Undirected,0.3466585537583899
4,7,Undirected,0.19129343206898178
4,8,Undirected,0.333561470509784
4,11,Undirected,0.20433153404055954
4,12,Undirected,0.35239905956431544
4,13,Undirected,0.20454866881337794
5,6,Undirected,0.7502692339374376
5,7,Undirected,0.21336478328155262
5,8,Undirected,0.16823913801059323
5,12,Undirected,0.19945947262058386
6,7,Undirected,0.7533297040584358
6,8,Undirected,0.34472730380980715
6,9,Undirected,0.16864322248130262
6,11,Undirected,0.30720414755599607
6,12,Undirected,0.35800931883463694
6,13,Undirected,0.19579675286638928
7,8,Undirected,0.7297718732133281
7,9,Undirected,0.28113750957835915
7,11,Undirected,0.27783670321162307
7,12,Undirected,0.20118241019971736
8,9,Undirected,0.7671001882953641
8,10,Undirected,0.21051323462112523
8,11,Undirected,0.3493685250936538
8,12,Undirected,0.39944424704359827
8,13,Undirected,0.2901954131414815
9,10,Undirected,0.7502487679658052
9,11,Undirected,0.33274600594901027
9,13,Undirected,0.17066981950268775
10,11,Undirected,0.7504815419792775
11,12,Undirected,0.39088755611961223
11,13,Undirected,0.2905013833138652
12,13,Undirected,0.3799617583616555
