Source,Target,Type,Weight
0,1,Undirected,0.7551939225879704
0,2,Undirected,0.32484315487978344
0,3,Undirected,0.33911591595612317
0,4,Undirected,0.3377434622508849
0,5,Undirected,0.26740071364166934
0,6,Undirected,0.35709780049998585
0,7,Undirected,0.27464865004322425
0,8,Undirected,0.18255566369016013
0,11,Undirected,0.2990297494499114
0,12,Undirected,0.389105934808421
0,13,Undirected,0.21163171565378916
1,2,Undirected,0.7693642080254792
1,3,Undirected,0.2642980455901879
1,7,Undirected,0.1998634127411172
1,10,Undirected,0.1936729768204933
1,11,Undirected,0.25816957618817415
1,12,Undirected,0.18935801990471748
2,3,Undirected,0.7429252305443065
2,4,Undirected,0.3443897644664624
2,5,Undirected,0.19975543401128418
2,6,Undirected,0.20932290793823297
2,11,Undirected,0.2841813970344968
2,12,Undirected,0.3911039530992742
2,13,Undirected,0.20786559118309372
3,4,Undirected,0.7556438577489138
3,5,Undirected,0.28356373075756597
3,6,Undirected,0.17290326495533698
3,12,Undirected,0.1810510368931442
4,5,Undirected,0.7477490045220917
4,6,Undirected,0.3207023192880894
4,7,Undirected,0.19223658804695917
4,11,Undirected,0.19974552150518535
4,12,Undirected,0.3841232153050559
4,13,Undirected,0.2526937740321081
5,6,Undirected,0.7689342288060678
5,7,Undirected,0.22463512826678764
5,12,Undirected,0.1929589177270664
6,7,Undirected,0.748084220972414
6,8,Undirected,0.2200200595070733
6,11,Undirected,0.2747959669899227
6,12,Undirected,0.37172315314663795
6,13,Undirected,0.35635239184843087
7,8,Undirected,0.7216515296862634
7,9,Undirected,0.20732527858365477
7,11,Undirected,0.29376980692513877
7,12,Undirected,0.222865679121975
7,13,Undirected,0.22363354823133827
8,9,Undirected,0.7584465774685543
8,10,Undirected,0.3109208557694952
8,11,Undirected,0.38352522835196323
8,12,Undirected,0.1924583101457915
8,13,Undirected,0.24894854462907218
9,10,Undirected,0.7329618170124115
9,11,Undirected,0.2928184737332452
10,11,Undirected,0.7587541197959509
11,12,Undirected,0.3991194126499504
11,13,Undirected,0.32349229119908685
12,13,Undirected,0.3683650895653352
