Source,Target,Type,Weight
0,1,Undirected,0.7435811385185583
0,2,Undirected,0.36159077374127424
0,3,Undirected,0.34708598411315406
0,4,Undirected,0.2675163639392648
0,5,Undirected,0.24884704479657843
0,6,Undirected,0.36490790440767057
0,7,Undirected,0.24608966402101315
0,11,Undirected,0.3527480690881955
0,12,Undirected,0.3761928278125013
0,13,Undirected,0.19177611683430848
1,2,Undirected,0.7664891266120301
1,3,Undirected,0.24278046723227983
1,7,Undirected,0.17596127085340232
1,10,Undirected,0.17709868689617062
1,11,Undirected,0.3478583093503491
1,12,Undirected,0.20975654301462818
2,3,Undirected,0.7630251079645934
2,4,Undirected,0.3464363051487821
2,5,Undirected,0.19656817037447788
2,6,Undirected,0.20311582467522468
2,11,Undirected,0.2824297269612899
2,12,Undirected,0.3830743810952156
2,13,Undirected,0.3160697934610246
3,4,Undirected,0.7407207782196545
3,5,Undirected,0.30520030465427295
3,6,Undirected,0.17577681097760195
3,11,Undirected,0.18161698239057827
3,12,Undirected,0.21973528270609585
4,5,Undirected,0.7564041953404803
4,6,Undirected,0.3249665546566292
4,7,Undirected,0.1855248388872926
4,11,Undirected,0.20305002210925702
4,12,Undirected,0.37087499995578826
4,13,Undirected,0.3175834514215448
5,6,Undirected,0.7425951465169119
5,7,Undirected,0.20667845282479994
5,12,Undirected,0.1919345906502139
6,7,Undirected,0.7395216026390933
6,8,Undirected,0.2179285341819564
6,11,Undirected,0.2718212968669001
6,12,Undirected,0.3735769988015941
6,13,Undirected,0.2749298353745864
7,8,Undirected,0.7390210513230893
7,9,Undirected,0.21039182009342045
7,11,Undirected,0.2602191104489261
7,12,Undirected,0.21609107521990079
7,13,Undirected,0.18499307671469403
8,9,Undirected,0.755823191998874
8,10,Undirected,0.3250835979387132
8,11,Undirected,0.31292492949813955
8,12,Undirected,0.17930018660573352
8,13,Undirected,0.18579992543734683
9,10,Undirected,0.7376086031920802
9,11,Undirected,0.2741215707060178
10,11,Undirected,0.7480632736471808
11,12,Undirected,0.38302603520716655
11,13,Undirected,0.3299952778061452
12,13,Undirected,0.37178546112193955
