Source,Target,Type,Weight
0,1,Undirected,0.7406385063142185
0,2,Undirected,0.326084123917291
0,3,Undirected,0.16984288444718001
0,5,Undirected,0.18511088989251284
0,6,Undirected,0.28641083851928817
1,2,Undirected,0.7710805099351689
1,3,Undirected,0.26757384253993255
2,3,Undirected,0.7351348205969006
2,4,Undirected,0.32910732303308876
2,5,Undirected,0.31750354024095967
2,6,Undirected,0.16905478541916663
2,7,Undirected,0.1776421873088812
2,11,Undirected,0.2065648586837286
2,12,Undirected,0.39011033164973646
2,13,Undirected,0.27513470882407987
3,4,Undirected,0.7748240700475908
3,5,Undirected,0.3057774703538006
3,12,Undirected,0.21311731964386682
3,13,Undirected,0.25114442362370826
4,5,Undirected,0.7454176973398745
4,6,Undirected,0.25832818592910634
4,7,Undirected,0.22025964598007494
4,8,Undirected,0.19839291626855365
4,10,Undirected,0.24915309532165508
4,11,Undirected,0.33568963332847523
4,12,Undirected,0.3818382696205491
4,13,Undirected,0.33988828258892473
5,6,Undirected,0.7363884450171105
5,7,Undirected,0.357322862618295
5,8,Undirected,0.19155041653487304
6,7,Undirected,0.7658170195152332
6,8,Undirected,0.3626566783349956
6,9,Undirected,0.18298122253135693
7,8,Undirected,0.7477500709767334
7,9,Undirected,0.30890845380061693
7,10,Undirected,0.32999517395401706
7,11,Undirected,0.190384318770851
8,9,Undirected,0.7470607099572466
8,10,Undirected,0.3192283787920464
9,10,Undirected,0.7464997457119199
9,11,Undirected,0.2186087732798342
10,11,Undirected,0.7362287458759083
11,12,Undirected,0.3779947309875627
11,13,Undirected,0.27511086938441287
12,13,Undirected,0.38638857426593565
