Source,Target,Type,Weight
0,1,Undirected,0.7512628056037922
0,2,Undirected,0.25798005676995106
0,3,Undirected,0.17789864923041296
0,4,Undirected,0.1699626247102558
0,8,Undirected,0.21145805846366336
0,9,Undirected,0.17187176918630556
0,11,Undirected,0.324057342712236
0,12,Undirected,0.37891297079392594
0,13,Undirected,0.31956229386430773
1,2,Undirected,0.7389786694837672
1,3,Undirected,0.20887714312634847
1,8,Undirected,0.26621681781870615
2,3,Undirected,0.7426795632815311
2,4,Undirected,0.22467753290023101
2,5,Undirected,0.22161426843056162
3,4,Undirected,0.7478929367398689
3,5,Undirected,0.266564471959056
4,5,Undirected,0.7619388102481154
4,6,Undirected,0.3465818712643306
4,7,Undirected,0.22690161309186924
4,8,Undirected,0.23018876415593967
4,9,Undirected,0.17801358033976145
5,6,Undirected,0.7403986618361245
5,7,Undirected,0.3166248217227233
5,8,Undirected,0.18812221262692058
6,7,Undirected,0.7650571867982296
6,8,Undirected,0.2656590174787037
7,8,Undirected,0.7539076918265272
7,9,Undirected,0.20950004345537132
8,9,Undirected,0.7328595543439574
8,10,Undirected,0.21587333219828767
9,10,Undirected,0.7417985382994272
9,11,Undirected,0.2956018214912884
10,11,Undirected,0.7340085582624754
11,12,Undirected,0.363869745807603
11,13,Undirected,0.2532749905089148
12,13,Undirected,0.39009570975113717
