Source,Target,Type,Weight
0,1,Undirected,0.7708519262917543
0,2,Undirected,0.35962359381632863
0,3,Undirected,0.33007658811481455
0,4,Undirected,0.3068770673282946
0,5,Undirected,0.2023010486383483
0,6,Undirected,0.30235175709577655
0,7,Undirected,0.3064590066625526
0,8,Undirected,0.21606340202765492
0,12,Undirected,0.38686242540363736
0,13,Undirected,0.19181710992537238
1,2,Undirected,0.7495326259394726
1,3,Undirected,0.24044440352612473
1,7,Undirected,0.19754130240269865
1,8,Undirected,0.2907786653256045
1,9,Undirected,0.1742143270722069
1,12,Undirected,0.18609840102745137
2,3,Undirected,0.7356712794508088
2,4,Undirected,0.33885268788702366
2,5,Undirected,0.20629564341475698
2,6,Undirected,0.19186206986145854
2,7,Undirected,0.21564396420096643
2,8,Undirected,0.16842799165101038
2,12,Undirected,0.3818320474063749
2,13,Undirected,0.23467045513928533
3,4,Undirected,0.7400119303719358
3,5,Undirected,0.20649832775063506
3,12,Undirected,0.21639916426653327
4,5,Undirected,0.7518773836742754
4,6,Undirected,0.33515891406154236
4,7,Undirected,0.21373865926982707
4,12,Undirected,0.394092683805919
4,13,Undirected,0.2838953905742461
5,6,Undirected,0.7680941365372417
5,7,Undirected,0.2371420003338066
5,12,Undirected,0.21151126909262696
5,13,Undirected,0.24147742614544637
6,7,Undirected,0.7472476413699332
6,8,Undirected,0.23291800225704176
6,9,Undirected,0.17110925590736978
6,12,Undirected,0.38514427860239675
6,13,Undirected,0.33226631345794927
7,8,Undirected,0.7366302259590822
7,9,Undirected,0.24019806371098237
7,12,Undirected,0.3716208894633799
7,13,Undirected,0.25235883354651517
8,9,Undirected,0.7458335748729561
8,10,Undirected,0.2528446579315189
8,12,Undirected,0.2070037612334832
8,13,Undirected,0.18777698903827186
9,10,Undirected,0.7664025017189816
9,11,Undirected,0.24832875728694978
9,13,Undirected,0.17905249588943367
10,11,Undirected,0.7667634161532582
12,13,Undirected,0.37106799500678117
