Source,Target,Type,Weight
0,1,Undirected,0.7379104450303161
0,2,Undirected,0.2754695647239567
0,12,Undirected,0.3843515911543228
0,13,Undirected,0.37369638950276146
1,2,Undirected,0.7718149346222236
1,3,Undirected,0.2271504508669218
1,4,Undirected,0.18644697212770897
1,6,Undirected,0.17248410847271498
1,13,Undirected,0.20950412459447107
2,3,Undirected,0.7366300965874405
2,4,Undirected,0.22901595471382125
3,4,Undirected,0.7518591884506738
3,5,Undirected,0.31096573738096267
3,6,Undirected,0.2632443944744525
4,5,Undirected,0.7597406490656538
4,6,Undirected,0.3116558492872002
5,6,Undirected,0.7491326836795931
5,7,Undirected,0.24105738474108152
5,8,Undirected,0.3082106691360924
6,7,Undirected,0.7617168587286534
6,8,Undirected,0.2681650255163481
7,8,Undirected,0.7353926048255195
7,9,Undirected,0.20707438042642184
8,9,Undirected,0.7267401318693428
8,10,Undirected,0.23449475298713146
9,10,Undirected,0.7403334489174732
9,11,Undirected,0.2089810912227527
10,11,Undirected,0.7611469366237759
12,13,Undirected,0.3808346720750835
