Source,Target,Type,Weight
0,1,Undirected,0.7297334021606129
0,2,Undirected,0.32190129336766393
0,3,Undirected,0.33981778693219034
0,4,Undirected,0.31609373240753874
0,5,Undirected,0.3337230199441942
0,6,Undirected,0.3624782833429276
0,7,Undirected,0.2708506813622324
0,11,Undirected,0.2838435944311135
0,12,Undirected,0.40182292140687226
0,13,Undirected,0.20164351107348397
1,2,Undirected,0.7631585962065542
1,3,Undirected,0.2681495099433807
1,6,Undirected,0.1799833847125624
1,7,Undirected,0.17450710101722694
1,11,Undirected,0.35620349584060224
1,12,Undirected,0.2252411151129593
1,13,Undirected,0.17831364925637033
2,3,Undirected,0.7582511231029277
2,4,Undirected,0.3183179942350217
2,5,Undirected,0.17642118754904965
2,6,Undirected,0.20942924530845583
2,11,Undirected,0.29408969534333534
2,12,Undirected,0.40175656619393607
2,13,Undirected,0.3491824361810036
3,4,Undirected,0.7506922907306065
3,5,Undirected,0.3046262207951519
3,6,Undirected,0.18026684435889911
3,11,Undirected,0.1945816329550818
3,12,Undirected,0.20918744100508826
4,5,Undirected,0.7571839708153273
4,6,Undirected,0.3109792481995058
4,7,Undirected,0.1915017203315068
4,11,Undirected,0.19352208474158047
4,12,Undirected,0.3719059516777205
4,13,Undirected,0.22768694001160827
5,6,Undirected,0.7350953955500158
5,7,Undirected,0.2169161659614213
5,12,Undirected,0.18119393395964117
6,7,Undirected,0.742290183277878
6,8,Undirected,0.23801834185990872
6,11,Undirected,0.3028120566487517
6,12,Undirected,0.3798269114576617
6,13,Undirected,0.1981428454406025
7,8,Undirected,0.752922794566424
7,9,Undirected,0.22799278912271645
7,11,Undirected,0.30347923785201475
7,12,Undirected,0.21837128487244428
8,9,Undirected,0.7664688867069682
8,10,Undirected,0.31990049481831556
8,11,Undirected,0.33178495754583626
8,12,Undirected,0.20227753591540493
8,13,Undirected,0.2184590678838653
9,10,Undirected,0.7575312592195519
9,11,Undirected,0.27719125815090745
10,11,Undirected,0.7300432537552772
11,12,Undirected,0.38628349090236613
11,13,Undirected,0.34037936807802416
12,13,Undirected,0.3753274369258025
