Source,Target,Type,Weight
0,1,Undirected,0.7592769578770315
0,2,Undirected,0.34422614396013895
0,3,Undirected,0.3393908400245017
0,4,Undirected,0.3048964463092939
0,5,Undirected,0.3173246552767931
0,6,Undirected,0.3471935525019343
0,7,Undirected,0.2733822309214999
0,11,Undirected,0.3386834823666817
0,12,Undirected,0.3860630124410236
0,13,Undirected,0.20399414344816746
1,2,Undirected,0.7518603340498852
1,3,Undirected,0.26906041662082686
1,7,Undirected,0.1893728789652773
1,10,Undirected,0.19854334468366064
1,11,Undirected,0.34495874077637395
1,12,Undirected,0.21926399342903927
2,3,Undirected,0.7692756622600062
2,4,Undirected,0.3257022241349133
2,5,Undirected,0.20246489173402618
2,6,Undirected,0.19878836043433387
2,11,Undirected,0.2871026989257086
2,12,Undirected,0.38369110804961093
2,13,Undirected,0.28783899094285625
3,4,Undirected,0.7374295095121776
3,5,Undirected,0.2958293691850097
3,6,Undirected,0.1692694771703746
3,11,Undirected,0.17723057285524718
3,12,Undirected,0.20713651608396746
4,5,Undirected,0.7578583254568638
4,6,Undirected,0.3119675125079195
4,7,Undirected,0.1909942318822497
4,11,Undirected,0.2019378465529965
4,12,Undirected,0.37653324734322713
4,13,Undirected,0.3455001699780466
5,6,Undirected,0.7350937207233647
5,7,Undirected,0.22869216753927615
5,12,Undirected,0.20510236575326282
6,7,Undirected,0.7631379764081185
6,8,Undirected,0.23211874409507036
6,11,Undirected,0.2887702206260765
6,12,Undirected,0.3746895456687009
6,13,Undirected,0.3035087087081872
7,8,Undirected,0.7463117939054731
7,9,Undirected,0.21353006406557637
7,11,Undirected,0.2525535017551618
7,12,Undirected,0.2122663872551421
7,13,Undirected,0.18838407552207667
8,9,Undirected,0.7562304482215764
8,10,Undirected,0.3295967855562517
8,11,Undirected,0.35307417008540426
8,12,Undirected,0.1698194626854649
8,13,Undirected,0.18057684998638668
9,10,Undirected,0.7717709092160322
9,11,Undirected,0.30606691725751517
10,11,Undirected,0.7640498520056722
11,12,Undirected,0.381318978935608
11,13,Undirected,0.30263302676102305
12,13,Undirected,0.3744817990394533
