Source,Target,Type,Weight
0,1,Undirected,0.762316521813095
0,2,Undirected,0.2726411618533887
0,3,Undirected,0.2699056254641683
0,8,Undirected,0.29356318724082364
0,9,Undirected,0.36407236025656126
0,11,Undirected,0.21748890596594062
0,12,Undirected,0.2217756245962961
0,13,Undirected,0.16950705795791696
1,2,Undirected,0.7423515369138255
1,3,Undirected,0.28444224538737156
1,8,Undirected,0.260801637670806
2,3,Undirected,0.7391215241646497
2,4,Undirected,0.3008649203658809
2,5,Undirected,0.2755353268627735
2,6,Undirected,0.1907226217376018
2,7,Undirected,0.21925856039638908
2,8,Undirected,0.2812064397104977
3,4,Undirected,0.7594935700328529
3,5,Undirected,0.30661114341804246
3,6,Undirected,0.16989588575528275
3,8,Undirected,0.187155979677601
4,5,Undirected,0.728514399492057
4,6,Undirected,0.33012847001345763
4,7,Undirected,0.22484046543427572
4,8,Undirected,0.2387527648970301
4,9,Undirected,0.16802516557331368
5,6,Undirected,0.7350940428048202
5,7,Undirected,0.32780902358287584
5,8,Undirected,0.19040151743640987
6,7,Undirected,0.7355133744482515
6,8,Undirected,0.2622920802725689
7,8,Undirected,0.7495740837013766
7,9,Undirected,0.23912959941910655
8,9,Undirected,0.7612087532661864
8,10,Undirected,0.20209845287838363
9,10,Undirected,0.7242941902916558
9,11,Undirected,0.2977537055368237
9,12,Undirected,0.20864016070793628
9,13,Undirected,0.18322316422953255
10,11,Undirected,0.7842973142755794
11,12,Undirected,0.39272604970761166
11,13,Undirected,0.32211439177898316
12,13,Undirected,0.3796111973385337
