Source,Target,Type,Weight
0,1,Undirected,0.728744389192187
0,2,Undirected,0.3318814637617881
0,3,Undirected,0.31430890624231894
0,4,Undirected,0.36602516838424515
0,5,Undirected,0.3510238247893738
0,6,Undirected,0.30657239481323534
0,7,Undirected,0.2661624373026335
0,11,Undirected,0.34365670773533696
0,12,Undirected,0.3993978043283052
0,13,Undirected,0.20430816400869353
1,2,Undirected,0.7264528935765625
1,3,Undirected,0.26404341279263716
1,4,Undirected,0.17399508733887123
1,6,Undirected,0.1738173321362881
1,7,Undirected,0.17180529620051904
1,11,Undirected,0.35340763399531655
1,12,Undirected,0.21653244245863493
2,3,Undirected,0.7387751611638159
2,4,Undirected,0.2912468203172777
2,6,Undirected,0.18776273238094898
2,11,Undirected,0.2938052836987362
2,12,Undirected,0.39542114012939533
2,13,Undirected,0.21002143225036426
3,4,Undirected,0.7680265556056977
3,5,Undirected,0.266182217143507
3,12,Undirected,0.17786384131590366
4,5,Undirected,0.771331214931478
4,6,Undirected,0.315760747189056
4,7,Undirected,0.1815780945240726
4,11,Undirected,0.20424268076309743
4,12,Undirected,0.3778288719607879
4,13,Undirected,0.26409445307729906
5,6,Undirected,0.7486682827733275
5,7,Undirected,0.20557036691994002
5,12,Undirected,0.1668292544004689
6,7,Undirected,0.7217426153650516
6,8,Undirected,0.2290873034642765
6,11,Undirected,0.26103947671415323
6,12,Undirected,0.3475665640339593
6,13,Undirected,0.3443032006138233
7,8,Undirected,0.7494261560967983
7,9,Undirected,0.22193263599822974
7,11,Undirected,0.28814594819148626
7,12,Undirected,0.22327493223719
7,13,Undirected,0.2809232636764684
8,9,Undirected,0.7547222503128254
8,10,Undirected,0.3162770509822918
8,11,Undirected,0.32503538010186805
8,12,Undirected,0.21492722827101784
8,13,Undirected,0.2974796350443343
9,10,Undirected,0.7510936314329779
9,11,Undirected,0.29806288799020114
10,11,Undirected,0.7422906430639834
11,12,Undirected,0.38596623932791896
11,13,Undirected,0.27923120452169975
12,13,Undirected,0.3603517410411744
