Source,Target,Type,Weight
0,1,Undirected,0.7468124999944358
0,2,Undirected,0.3315497554978016
0,3,Undirected,0.18708427058257315
0,4,Undirected,0.1955821046298679
0,12,Undirected,0.38234336156823434
0,13,Undirected,0.3301736103977154
1,2,Undirected,0.7415365064458083
1,3,Undirected,0.2213680121601081
1,12,Undirected,0.186280250359565
1,13,Undirected,0.1759939201319095
2,3,Undirected,0.7554322928941289
2,4,Undirected,0.3120414572901707
2,5,Undirected,0.18978572509362807
2,7,Undirected,0.1735251144711111
2,12,Undirected,0.38371385401194347
2,13,Undirected,0.2572446470741493
3,4,Undirected,0.7522394494809808
3,5,Undirected,0.26483114228912946
3,12,Undirected,0.21036364593860576
3,13,Undirected,0.16944360595105512
4,5,Undirected,0.7547437759519965
4,6,Undirected,0.21546822310369085
4,7,Undirected,0.21495582296385887
4,11,Undirected,0.2554931150083407
4,12,Undirected,0.36077318911479783
4,13,Undirected,0.20013912335110723
5,6,Undirected,0.7587508942128454
5,7,Undirected,0.2793023647151479
5,12,Undirected,0.20587572074594843
6,7,Undirected,0.7406806209681834
6,8,Undirected,0.285011428850226
6,9,Undirected,0.1990077851289234
6,12,Undirected,0.17333227098904144
7,8,Undirected,0.7572039283651069
7,9,Undirected,0.21899390610343053
7,10,Undirected,0.2643340072500668
7,11,Undirected,0.2265379048112861
8,9,Undirected,0.751792682292927
8,10,Undirected,0.24104502744174017
9,10,Undirected,0.7264332030386054
9,11,Undirected,0.21854664819905917
10,11,Undirected,0.7305710957101568
12,13,Undirected,0.38533230573250044
