Source,Target,Type,Weight
0,1,Undirected,0.7424321528768355
0,2,Undirected,0.25450141785970476
0,3,Undirected,0.23426280258986293
0,4,Undirected,0.20233903176646925
0,5,Undirected,0.20314425528955307
0,6,Undirected,0.18075968556472619
0,11,Undirected,0.1750677952447954
0,12,Undirected,0.21102817509983615
0,13,Undirected,0.244269744638394
1,2,Undirected,0.7487761414438086
1,3,Undirected,0.2789921251965242
1,4,Undirected,0.17682502109394058
1,12,Undirected,0.2169544268375003
1,13,Undirected,0.3371498545794959
2,3,Undirected,0.7350965550498604
2,4,Undirected,0.2124743709335054
2,5,Undirected,0.19951133255443615
2,6,Undirected,0.27848244310064607
2,7,Undirected,0.17510283310377628
2,8,Undirected,0.3177217080765761
2,11,Undirected,0.19977410111266206
2,12,Undirected,0.3855431255353803
2,13,Undirected,0.3228549330259275
3,4,Undirected,0.7589074009187832
3,5,Undirected,0.30818134239029843
3,6,Undirected,0.29437616638276937
3,12,Undirected,0.20011492653728558
4,5,Undirected,0.7599564931981214
4,6,Undirected,0.3181874733345754
5,6,Undirected,0.7517951752193003
5,7,Undirected,0.2615159530938979
5,11,Undirected,0.16996467714076757
5,12,Undirected,0.17628463475117717
6,7,Undirected,0.7360897845110311
6,8,Undirected,0.23808646396611946
6,11,Undirected,0.3171987136913582
6,12,Undirected,0.36561714953137014
6,13,Undirected,0.1962438266513114
7,8,Undirected,0.785455188291461
7,9,Undirected,0.2682420470462705
7,10,Undirected,0.16960497924774282
7,11,Undirected,0.3000909938158834
7,12,Undirected,0.22085613303147988
8,9,Undirected,0.7418004406088442
8,10,Undirected,0.25901701706152475
8,11,Undirected,0.33937137021737696
8,12,Undirected,0.3849772816534356
8,13,Undirected,0.2744096661617214
9,10,Undirected,0.7589495589355174
9,11,Undirected,0.3545587078429904
10,11,Undirected,0.7452916008579294
11,12,Undirected,0.37841658842203146
11,13,Undirected,0.26297132422170927
12,13,Undirected,0.3837251226866204
