Source,Target,Type,Weight
0,1,Undirected,0.739283849087745
0,2,Undirected,0.3313945968581423
0,3,Undirected,0.29969431109387357
0,4,Undirected,0.3439759408154952
0,5,Undirected,0.20664122578928124
0,6,Undirected,0.2990354843980953
0,7,Undirected,0.3352139599382017
0,8,Undirected,0.21371520055111495
0,9,Undirected,0.17113204332354326
0,12,Undirected,0.39264935789538724
0,13,Undirected,0.3245146134726164
1,2,Undirected,0.7446318799890959
1,3,Undirected,0.2655919478661924
1,7,Undirected,0.18041443448303568
1,10,Undirected,0.23037257014100151
1,11,Undirected,0.1722575254737026
1,12,Undirected,0.18887139105720507
1,13,Undirected,0.22360178778902862
2,3,Undirected,0.7489006118078104
2,4,Undirected,0.3369527826313993
2,5,Undirected,0.19683738937264014
2,6,Undirected,0.20417292592574562
2,7,Undirected,0.18912446319419518
2,12,Undirected,0.3852027829940063
2,13,Undirected,0.3103107210354187
3,4,Undirected,0.7543366944804415
3,5,Undirected,0.21379470223115354
3,12,Undirected,0.1881584507705683
4,5,Undirected,0.7391794240334506
4,6,Undirected,0.320925201460846
4,7,Undirected,0.2025745288865603
4,12,Undirected,0.3663740836289125
4,13,Undirected,0.19788559889788446
5,6,Undirected,0.7510313622397377
5,7,Undirected,0.25532411729180526
5,12,Undirected,0.21551620663063548
6,7,Undirected,0.7251705860039427
6,8,Undirected,0.23643489683978114
6,9,Undirected,0.16818221514968937
6,12,Undirected,0.3885987786060099
6,13,Undirected,0.20700905344789702
7,8,Undirected,0.7240298159899562
7,9,Undirected,0.24443462011004471
7,12,Undirected,0.3275099506927887
7,13,Undirected,0.2374842311481536
8,9,Undirected,0.7496799926002617
8,10,Undirected,0.3068841625519439
8,11,Undirected,0.3065109415525123
8,12,Undirected,0.20430673092688426
8,13,Undirected,0.210022399764135
9,10,Undirected,0.7396075391475133
9,11,Undirected,0.25010467976697226
9,12,Undirected,0.17884949690391916
9,13,Undirected,0.24908488428012976
10,11,Undirected,0.7549379696196389
10,13,Undirected,0.24082701605374107
12,13,Undirected,0.38924961936299474
