Source,Target,Type,Weight
0,1,Undirected,0.741578461058637
0,2,Undirected,0.3000504840914305
0,3,Undirected,0.3173324099029286
0,4,Undirected,0.3619506153577442
0,5,Undirected,0.3669284757413907
0,6,Undirected,0.3190866961294561
0,7,Undirected,0.2707783778284089
0,11,Undirected,0.2962017805705009
0,12,Undirected,0.3811436096645343
0,13,Undirected,0.19335470437913435
1,2,Undirected,0.741617011043882
1,3,Undirected,0.27527356855813506
1,6,Undirected,0.18717624181810377
1,10,Undirected,0.1911778326362579
1,11,Undirected,0.33612727225081
1,12,Undirected,0.21164769157748656
2,3,Undirected,0.7740800529746863
2,4,Undirected,0.3013617055520109
2,6,Undirected,0.2206407566009099
2,8,Undirected,0.177672498002706
2,10,Undirected,0.17041895727572415
2,11,Undirected,0.3078383512216238
2,12,Undirected,0.3926614883544145
2,13,Undirected,0.36248855854176426
3,4,Undirected,0.7386557246468504
3,5,Undirected,0.2629201072917117
3,6,Undirected,0.1679625489084387
3,11,Undirected,0.19638597338296723
3,12,Undirected,0.21558985096696914
4,5,Undirected,0.7570961564270395
4,6,Undirected,0.3392291354222801
4,7,Undirected,0.19600091778231268
4,8,Undirected,0.18186980522696
4,11,Undirected,0.19963586468239636
4,12,Undirected,0.3923006155511882
4,13,Undirected,0.25597568980875596
5,6,Undirected,0.7383110975922311
5,7,Undirected,0.21409395664835038
5,12,Undirected,0.18567090999154937
6,7,Undirected,0.739182745898353
6,8,Undirected,0.35203900920539627
6,11,Undirected,0.29308883176299233
6,12,Undirected,0.37518125961421744
6,13,Undirected,0.29493056449654803
7,8,Undirected,0.7547188552137054
7,9,Undirected,0.23925501138460997
7,11,Undirected,0.28326452138721747
7,12,Undirected,0.22172469645900558
7,13,Undirected,0.1739830197579613
8,9,Undirected,0.7407003720363315
8,10,Undirected,0.29381882639725276
8,11,Undirected,0.33640306282653853
8,12,Undirected,0.21902498855345787
8,13,Undirected,0.2989700678806747
9,10,Undirected,0.7499291069767675
9,11,Undirected,0.32755575912417595
10,11,Undirected,0.737689359962798
10,13,Undirected,0.20060757593120798
11,12,Undirected,0.38956086001447604
11,13,Undirected,0.30103337252081747
12,13,Undirected,0.35115213337924606
