Source,Target,Type,Weight
0,1,Undirected,0.7442411109646238
0,2,Undirected,0.2968862611648112
0,3,Undirected,0.2989514222755554
0,4,Undirected,0.31849403485836925
0,5,Undirected,0.33543826783724057
0,6,Undirected,0.3303444863641569
0,7,Undirected,0.27927731412492124
0,11,Undirected,0.3245710907359623
0,12,Undirected,0.37921482002253787
0,13,Undirected,0.19807173152675792
1,2,Undirected,0.7646966913859351
1,3,Undirected,0.26712669759481755
1,6,Undirected,0.18039815468730241
1,7,Undirected,0.16792023878336873
1,11,Undirected,0.32559479427649873
1,12,Undirected,0.21293697908088968
2,3,Undirected,0.7371702307453281
2,4,Undirected,0.32079626355273627
2,5,Undirected,0.17159878545995125
2,6,Undirected,0.1975729028383902
2,11,Undirected,0.2939485743616368
2,12,Undirected,0.382158274220327
2,13,Undirected,0.351190473698502
3,4,Undirected,0.7625363969294227
3,5,Undirected,0.299855880863611
3,6,Undirected,0.17864613591796333
3,11,Undirected,0.1913782368251292
3,12,Undirected,0.20299259280769127
4,5,Undirected,0.7669424582509274
4,6,Undirected,0.2882083767320968
4,7,Undirected,0.18599831327632815
4,11,Undirected,0.19399782593874682
4,12,Undirected,0.37266768608266154
4,13,Undirected,0.28725663972580967
5,6,Undirected,0.754078068391218
5,7,Undirected,0.21160090260364262
5,12,Undirected,0.1857020000878412
6,7,Undirected,0.7376905276602466
6,8,Undirected,0.2312498318405182
6,11,Undirected,0.29204708427022663
6,12,Undirected,0.3693182038312622
6,13,Undirected,0.20328392673817697
7,8,Undirected,0.7357114115408863
7,9,Undirected,0.21800775727027083
7,11,Undirected,0.2896981907607894
7,12,Undirected,0.2220643306669897
8,9,Undirected,0.7430881116556899
8,10,Undirected,0.3021229042553023
8,11,Undirected,0.35083409067241256
8,12,Undirected,0.21312422859854807
8,13,Undirected,0.245223286689328
9,10,Undirected,0.7461232730806263
9,11,Undirected,0.3166330441441589
10,11,Undirected,0.7243140777437991
11,12,Undirected,0.39321038446419687
11,13,Undirected,0.2489641491492264
12,13,Undirected,0.3842517313206867
