Source,Target,Type,Weight
0,1,Undirected,0.7327221178082505
0,2,Undirected,0.28362668264346064
0,3,Undirected,0.2538413722611675
1,2,Undirected,0.7670305378187774
1,3,Undirected,0.2415232018795293
2,3,Undirected,0.7457489037049957
2,4,Undirected,0.23147092033098937
2,6,Undirected,0.216087445909927
2,7,Undirected,0.3396766907489757
2,8,Undirected,0.38816272778845645
2,10,Undirected,0.17290732781240759
2,11,Undirected,0.33447397651722677
2,12,Undirected,0.3864941065763647
2,13,Undirected,0.20923675922635301
3,4,Undirected,0.7558856453500679
3,5,Undirected,0.20582009585005684
3,6,Undirected,0.3144826849866171
3,7,Undirected,0.26579772193515105
3,8,Undirected,0.1708653421230676
3,11,Undirected,0.20056112879136584
3,12,Undirected,0.38135084062035846
3,13,Undirected,0.21293358466542558
4,5,Undirected,0.7599324662143095
4,6,Undirected,0.31468701565233104
4,7,Undirected,0.20315771587841955
4,11,Undirected,0.21223337016028884
4,12,Undirected,0.37537725185415227
4,13,Undirected,0.38561401731312706
5,6,Undirected,0.7493205866358337
5,7,Undirected,0.2512680508691663
5,12,Undirected,0.17420059393362367
6,7,Undirected,0.7414497934423572
6,8,Undirected,0.23404504878821553
6,9,Undirected,0.2907908619251178
6,10,Undirected,0.20752738405903445
6,11,Undirected,0.19277379547401405
6,12,Undirected,0.3798264987026705
6,13,Undirected,0.23744513512785217
7,8,Undirected,0.773315077979504
7,9,Undirected,0.26848592276192973
7,10,Undirected,0.21013334434190595
7,11,Undirected,0.24901147708910176
7,12,Undirected,0.38791387197476396
7,13,Undirected,0.2027712577249573
8,9,Undirected,0.741701139977809
8,10,Undirected,0.3617802472813892
8,11,Undirected,0.21110915374215947
8,12,Undirected,0.21069954613965525
9,10,Undirected,0.723954708644021
9,11,Undirected,0.21548639985828455
10,11,Undirected,0.7343833168047782
10,12,Undirected,0.21328885476152942
10,13,Undirected,0.22958950029859798
11,12,Undirected,0.3623518646377815
11,13,Undirected,0.326894763025099
12,13,Undirected,0.37281277248958483
