Source,Target,Type,Weight
0,1,Undirected,0.7652106521132714
0,2,Undirected,0.2761822033027786
0,8,Undirected,0.21878805626900238
0,11,Undirected,0.20356254250892208
0,12,Undirected,0.367594953394021
0,13,Undirected,0.380605654515331
1,2,Undirected,0.7400291649868422
1,3,Undirected,0.28023499014104003
1,4,Undirected,0.1888275666464827
1,8,Undirected,0.1977192004426628
1,12,Undirected,0.2240677475344451
1,13,Undirected,0.2020989397754118
2,3,Undirected,0.7463936708126417
2,4,Undirected,0.3566088328853515
2,8,Undirected,0.32461711075645394
2,11,Undirected,0.287172717693528
2,12,Undirected,0.3993903881871285
2,13,Undirected,0.20150558054094897
3,4,Undirected,0.7487539523631347
3,5,Undirected,0.21476646428673105
4,5,Undirected,0.7307857058291966
4,6,Undirected,0.20579442519070912
4,7,Undirected,0.18387631220478462
5,6,Undirected,0.750417695978516
5,7,Undirected,0.3005623490892596
5,8,Undirected,0.18224546815658557
6,7,Undirected,0.7160813487304135
6,8,Undirected,0.21149795859256848
7,8,Undirected,0.7357527095804759
7,9,Undirected,0.25736209959363177
8,9,Undirected,0.7556296317581411
8,10,Undirected,0.29943617413700063
8,11,Undirected,0.3246256781506996
8,12,Undirected,0.40476218278194676
8,13,Undirected,0.33390678768809157
9,10,Undirected,0.7340057965455052
9,11,Undirected,0.3111930412960481
10,11,Undirected,0.747309617564316
11,12,Undirected,0.3640358951218646
11,13,Undirected,0.32268476422062314
12,13,Undirected,0.3895294567033727
