Source,Target,Type,Weight
0,1,Undirected,0.7480831535644185
0,2,Undirected,0.3107868873740752
0,3,Undirected,0.3129741047996257
0,4,Undirected,0.310376463654916
0,5,Undirected,0.3627047232856072
0,6,Undirected,0.2965622973611333
0,7,Undirected,0.2565713975313185
0,11,Undirected,0.27098481173670713
0,12,Undirected,0.3898172322789142
0,13,Undirected,0.1935044427134572
1,2,Undirected,0.7500795806439845
1,3,Undirected,0.3012745128742781
1,11,Undirected,0.20599213927320398
1,12,Undirected,0.18520858521317757
2,3,Undirected,0.7408017599919744
2,4,Undirected,0.31839708328721694
2,5,Undirected,0.18819615527956052
2,6,Undirected,0.19519861112804612
2,11,Undirected,0.28489449954375357
2,12,Undirected,0.3800730042493685
2,13,Undirected,0.20452367333782923
3,4,Undirected,0.7390597916650882
3,5,Undirected,0.3099884963728284
3,6,Undirected,0.1785497971388809
3,12,Undirected,0.19546552841957862
4,5,Undirected,0.7324877560814431
4,6,Undirected,0.3172940966166903
4,7,Undirected,0.19583538656102595
4,11,Undirected,0.20229944842909994
4,12,Undirected,0.38590061470045967
4,13,Undirected,0.33020376283766967
5,6,Undirected,0.7574671657087647
5,7,Undirected,0.22086199442777246
5,12,Undirected,0.18852578755052274
6,7,Undirected,0.7489428689432475
6,8,Undirected,0.23018146248259222
6,11,Undirected,0.29486722164801255
6,12,Undirected,0.38298308687013827
6,13,Undirected,0.30874896097383875
7,8,Undirected,0.7372498548325959
7,9,Undirected,0.22210706394366408
7,11,Undirected,0.2671210324670552
7,12,Undirected,0.21415707471814396
7,13,Undirected,0.23167159766255108
8,9,Undirected,0.7318792315790154
8,10,Undirected,0.28907765411119407
8,11,Undirected,0.3612910783765648
8,12,Undirected,0.18142897185589166
8,13,Undirected,0.23559034695550474
9,10,Undirected,0.7506075203131636
9,11,Undirected,0.2979134218665388
10,11,Undirected,0.732703941893836
11,12,Undirected,0.37930665887248277
11,13,Undirected,0.32652677376082767
12,13,Undirected,0.36117562497841843
