Source,Target,Type,Weight
0,1,Undirected,0.7584025554541673
0,2,Undirected,0.3481934932217601
0,3,Undirected,0.3775975051922646
0,4,Undirected,0.22881443217982267
0,5,Undirected,0.19152268954714421
0,6,Undirected,0.19837792161736004
0,8,Undirected,0.1977404347522719
0,11,Undirected,0.3072142056568729
0,12,Undirected,0.3734308516108135
0,13,Undirected,0.33944349383595385
1,2,Undirected,0.7164467092130692
1,3,Undirected,0.2402749820608829
1,11,Undirected,0.31816488151227357
1,12,Undirected,0.21824690813272446
1,13,Undirected,0.18036285826459128
2,3,Undirected,0.7526461607285532
2,4,Undirected,0.3440229161383118
2,5,Undirected,0.20963899622487225
2,6,Undirected,0.20083271062467853
2,8,Undirected,0.30818290483290406
2,11,Undirected,0.2781094279291274
2,12,Undirected,0.38428591585169875
2,13,Undirected,0.23812966509268726
3,4,Undirected,0.7580549474094572
3,5,Undirected,0.30448628088907037
3,6,Undirected,0.1696997180049194
3,11,Undirected,0.1768552026869248
3,12,Undirected,0.2181400977866678
3,13,Undirected,0.22333390023587335
4,5,Undirected,0.7643171055583183
4,6,Undirected,0.3491022504975845
4,7,Undirected,0.20390126138354042
4,8,Undirected,0.3571043372346326
4,11,Undirected,0.19635078047757437
4,12,Undirected,0.3789457326521117
4,13,Undirected,0.32252891092172603
5,6,Undirected,0.7529869323868
5,7,Undirected,0.20927745434873873
5,12,Undirected,0.2163250107019996
5,13,Undirected,0.324364262350991
6,7,Undirected,0.7761981667579938
6,8,Undirected,0.3329909454304394
6,11,Undirected,0.27043815220179956
6,12,Undirected,0.35471895085223637
6,13,Undirected,0.315143943246945
7,8,Undirected,0.7354339960322056
7,9,Undirected,0.22035145453466082
7,11,Undirected,0.25523735688438265
7,12,Undirected,0.20380971169867504
7,13,Undirected,0.20252959185181202
8,9,Undirected,0.7541007775269085
8,10,Undirected,0.3197225552106502
8,11,Undirected,0.35256132706098725
8,12,Undirected,0.39693145204868596
8,13,Undirected,0.20563634147592263
9,10,Undirected,0.7375701445367405
9,11,Undirected,0.30960949660140735
10,11,Undirected,0.7491309442777349
11,12,Undirected,0.38516825830152374
11,13,Undirected,0.26283402144191675
12,13,Undirected,0.37280985639950087
