Source,Target,Type,Weight
0,1,Undirected,0.7550219541734531
0,2,Undirected,0.31581398052486076
0,3,Undirected,0.32277182570876717
0,4,Undirected,0.32133754989985935
0,5,Undirected,0.3562060369235065
0,6,Undirected,0.33392194021813376
0,7,Undirected,0.23506453606252958
0,11,Undirected,0.29191661171877425
0,12,Undirected,0.3903176233036047
0,13,Undirected,0.20804571634462096
1,2,Undirected,0.77204373456174
1,3,Undirected,0.30899964379947714
1,4,Undirected,0.16841466869766836
1,6,Undirected,0.1717295225954123
1,11,Undirected,0.3066764936417132
1,12,Undirected,0.2068704214001163
1,13,Undirected,0.17598542808646375
2,3,Undirected,0.7518581102428403
2,4,Undirected,0.31456353610386173
2,5,Undirected,0.16900236199342253
2,6,Undirected,0.19670490175222569
2,11,Undirected,0.3202954385262896
2,12,Undirected,0.3920402345827144
2,13,Undirected,0.4002696136742956
3,4,Undirected,0.7541637601670548
3,5,Undirected,0.31445773991296583
3,6,Undirected,0.17768357738130844
3,11,Undirected,0.18745063800104328
3,12,Undirected,0.21220530189455142
4,5,Undirected,0.7443424799129499
4,6,Undirected,0.37485778511749074
4,7,Undirected,0.19452124297207288
4,11,Undirected,0.20310903791984933
4,12,Undirected,0.39150263764418
4,13,Undirected,0.299778941562567
5,6,Undirected,0.7475600900999491
5,7,Undirected,0.20778786367052404
5,12,Undirected,0.19784635744745566
6,7,Undirected,0.7614297175879604
6,8,Undirected,0.23803514583334753
6,11,Undirected,0.3106397589479837
6,12,Undirected,0.3627108395810085
6,13,Undirected,0.19907237289314916
7,8,Undirected,0.7311560964393675
7,9,Undirected,0.22842896918578218
7,11,Undirected,0.28222913635732655
7,12,Undirected,0.2083825933157458
8,9,Undirected,0.7479155415980927
8,10,Undirected,0.3123383548348878
8,11,Undirected,0.3325119440748153
8,12,Undirected,0.19365400185569326
8,13,Undirected,0.22317190813049875
9,10,Undirected,0.751095245458634
9,11,Undirected,0.29317194434610233
10,11,Undirected,0.7484812410539865
11,12,Undirected,0.37313707425512327
11,13,Undirected,0.33212037152659857
12,13,Undirected,0.39057473833202966
