Source,Target,Type,Weight
0,1,Undirected,0.7481875071018255
0,2,Undirected,0.33735429325416727
0,3,Undirected,0.33962605460457523
0,4,Undirected,0.3355897722787574
0,5,Undirected,0.31909167256202986
0,6,Undirected,0.26554266395960247
0,7,Undirected,0.29515361090117365
0,11,Undirected,0.33038632863731426
0,12,Undirected,0.3783071970929641
0,13,Undirected,0.19278106098748043
1,2,Undirected,0.738075420420859
1,3,Undirected,0.28641782080790057
1,4,Undirected,0.17367567404175782
1,6,Undirected,0.17607010457319233
1,8,Undirected,0.19910692254181772
1,10,Undirected,0.19566338000271127
1,11,Undirected,0.3546167732060368
1,12,Undirected,0.22183305231580305
1,13,Undirected,0.2165595426907881
2,3,Undirected,0.7463117275081347
2,4,Undirected,0.3071591529319819
2,5,Undirected,0.1743964051497846
2,6,Undirected,0.19135055965753925
2,8,Undirected,0.1807138602137853
2,11,Undirected,0.34151584753994096
2,12,Undirected,0.38424257892548314
2,13,Undirected,0.2922430221061572
3,4,Undirected,0.7383126571485101
3,5,Undirected,0.2847512178444198
3,12,Undirected,0.1783141040994902
4,5,Undirected,0.7378937633144194
4,6,Undirected,0.35243195716136216
4,7,Undirected,0.209424581508241
4,11,Undirected,0.2110020805893061
4,12,Undirected,0.3966872864792025
4,13,Undirected,0.30552706774349503
5,6,Undirected,0.7471411541977596
5,7,Undirected,0.21894568744798198
5,12,Undirected,0.18560793965603686
6,7,Undirected,0.7633169267273412
6,8,Undirected,0.2522717851632599
6,11,Undirected,0.3198529972491891
6,12,Undirected,0.36758847797937394
6,13,Undirected,0.22187175303327064
7,8,Undirected,0.7265278909587352
7,9,Undirected,0.21730872752009855
7,11,Undirected,0.26626177158020936
7,12,Undirected,0.20705379266521906
7,13,Undirected,0.1717399012874236
8,9,Undirected,0.7212941769261062
8,10,Undirected,0.3122017215850778
8,11,Undirected,0.3704343456244621
8,12,Undirected,0.20538782235446704
8,13,Undirected,0.27986175004205294
9,10,Undirected,0.7623174223979307
9,11,Undirected,0.32337205267236374
10,11,Undirected,0.7497447182713076
11,12,Undirected,0.37759577152196167
11,13,Undirected,0.27728368944362175
12,13,Undirected,0.37467378096250237
