Source,Target,Type,Weight
0,1,Undirected,0.7582511231029277
0,2,Undirected,0.3551351367370154
0,3,Undirected,0.3576771838365849
0,4,Undirected,0.19577871196653351
0,8,Undirected,0.18173012389595253
1,2,Undirected,0.7595615145000721
1,3,Undirected,0.272973471817304
1,4,Undirected,0.2879501460825725
1,8,Undirected,0.32687960464306853
1,11,Undirected,0.24188914067988646
1,12,Undirected,0.35856380045293396
1,13,Undirected,0.20257613345061354
2,3,Undirected,0.7454373044068698
2,4,Undirected,0.3144949467759256
2,8,Undirected,0.1930393775469778
2,11,Undirected,0.16846373733450562
2,12,Undirected,0.21335742459526577
2,13,Undirected,0.18517597594882343
3,4,Undirected,0.7320742301581726
3,5,Undirected,0.2913806419037934
3,8,Undirected,0.16821317457256738
4,5,Undirected,0.7689132252471976
4,6,Undirected,0.2517771996913101
4,7,Undirected,0.2616077042063769
4,8,Undirected,0.2743650959106014
4,11,Undirected,0.19092690433052195
4,12,Undirected,0.3341638756630808
4,13,Undirected,0.19264806484484595
5,6,Undirected,0.7324869245978228
5,7,Undirected,0.278293511626438
6,7,Undirected,0.7401510052724437
6,8,Undirected,0.22917770399162124
6,9,Undirected,0.167625655177375
7,8,Undirected,0.7318605866500087
7,9,Undirected,0.24219849944825014
8,9,Undirected,0.7289182118850241
8,10,Undirected,0.2972847269523578
8,11,Undirected,0.3558990100717041
8,12,Undirected,0.3889168763874559
8,13,Undirected,0.22158134642171007
9,10,Undirected,0.7685039554747083
9,11,Undirected,0.33601549436682093
10,11,Undirected,0.7558872800365698
11,12,Undirected,0.40633641228240563
11,13,Undirected,0.34590286557361366
12,13,Undirected,0.38452989035641616
