Source,Target,Type,Weight
0,1,Undirected,0.7481260524219271
0,2,Undirected,0.26736515691520707
0,3,Undirected,0.23601134843081273
0,4,Undirected,0.16848908780818736
1,2,Undirected,0.7663568512069063
1,3,Undirected,0.2578389912820591
1,13,Undirected,0.1891025152598817
2,3,Undirected,0.7914854117487437
2,4,Undirected,0.2507053790517305
2,6,Undirected,0.2244516637651676
2,7,Undirected,0.32364493153137236
2,8,Undirected,0.23786489255229473
2,9,Undirected,0.16913091719734333
2,11,Undirected,0.3412173172240103
2,12,Undirected,0.38607978569614554
2,13,Undirected,0.3723472403914032
3,4,Undirected,0.7667603323703517
3,5,Undirected,0.21199188686902995
3,6,Undirected,0.34440772159683897
3,7,Undirected,0.2767750742583061
3,8,Undirected,0.1708990938848473
3,11,Undirected,0.20386052945459354
3,12,Undirected,0.3840696454416875
3,13,Undirected,0.30311216686004266
4,5,Undirected,0.7511777044981878
4,6,Undirected,0.3056331302703593
4,7,Undirected,0.2042457241768408
4,11,Undirected,0.22570026314721747
4,12,Undirected,0.3809105882199088
4,13,Undirected,0.3804583746661026
5,6,Undirected,0.7564655850690216
5,7,Undirected,0.262338327115811
5,12,Undirected,0.18209989639206106
6,7,Undirected,0.7152901370788126
6,8,Undirected,0.22296505443535933
6,9,Undirected,0.25750982107127374
6,10,Undirected,0.171864374499175
6,11,Undirected,0.20679080578278106
6,12,Undirected,0.38620285782291847
6,13,Undirected,0.2053131425054827
7,8,Undirected,0.7326634973202687
7,9,Undirected,0.2911000494015253
7,10,Undirected,0.17856045408455318
7,11,Undirected,0.2950764082756672
7,12,Undirected,0.3842711287993726
7,13,Undirected,0.19627778715783034
8,9,Undirected,0.7450673949347261
8,10,Undirected,0.2712576992249538
8,11,Undirected,0.23123509402548142
8,12,Undirected,0.20897598923328511
9,10,Undirected,0.7644954946063138
9,11,Undirected,0.2962222186438949
9,12,Undirected,0.19903133714404372
10,11,Undirected,0.7437647497552218
11,12,Undirected,0.39771183399948873
11,13,Undirected,0.30665288364053794
12,13,Undirected,0.3778218948403485
