Source,Target,Type,Weight
0,1,Undirected,0.7622491918045432
0,2,Undirected,0.27901389506897645
0,3,Undirected,0.2097243020347083
0,4,Undirected,0.17329898345242747
0,5,Undirected,0.18131763145958846
0,6,Undirected,0.17244202807386266
0,11,Undirected,0.16763849177220053
0,12,Undirected,0.17881283702966766
0,13,Undirected,0.2152273444738509
1,2,Undirected,0.793024986701156
1,3,Undirected,0.2530737574475313
1,4,Undirected,0.17305026221774614
1,12,Undirected,0.19688556557874856
1,13,Undirected,0.3207784516135348
2,3,Undirected,0.7272194515196597
2,4,Undirected,0.25675657311014477
2,5,Undirected,0.2418862391238378
2,6,Undirected,0.37379083774411387
2,7,Undirected,0.20641554431633127
2,8,Undirected,0.27720706825468233
2,11,Undirected,0.1949998847008433
2,12,Undirected,0.36363737248472033
2,13,Undirected,0.30917411750050033
3,4,Undirected,0.7462485226008487
3,5,Undirected,0.26781556366875875
3,6,Undirected,0.2707952481138192
4,5,Undirected,0.7461244012670032
4,6,Undirected,0.30862612243210075
5,6,Undirected,0.7573815422124737
5,7,Undirected,0.30402449532076137
6,7,Undirected,0.7690943305408162
6,8,Undirected,0.28995231134832844
6,11,Undirected,0.2902445524098067
6,12,Undirected,0.38445002287376
6,13,Undirected,0.20340484931673727
7,8,Undirected,0.7303945124425807
7,9,Undirected,0.24002360461626818
7,11,Undirected,0.2759211572639236
7,12,Undirected,0.2285621366580447
8,9,Undirected,0.7472476413699332
8,10,Undirected,0.2660403943607584
8,11,Undirected,0.36139751267276826
8,12,Undirected,0.3773896123165139
8,13,Undirected,0.19869851954276693
9,10,Undirected,0.737347837441177
9,11,Undirected,0.34509097186009313
10,11,Undirected,0.7436256979407103
10,12,Undirected,0.17819719485092467
10,13,Undirected,0.18332538281588534
11,12,Undirected,0.40255350531122885
11,13,Undirected,0.28260521834420976
12,13,Undirected,0.3718683621121798
