Source,Target,Type,Weight
0,1,Undirected,0.747729675558936
0,2,Undirected,0.2790403278519477
0,3,Undirected,0.18496271291440067
0,4,Undirected,0.16722221296378176
1,2,Undirected,0.739181443202676
1,3,Undirected,0.2074845748328866
1,11,Undirected,0.1790691605996478
1,12,Undirected,0.21455715421049917
1,13,Undirected,0.265764392040851
2,3,Undirected,0.7470598450595476
2,4,Undirected,0.2543070051287592
2,5,Undirected,0.18238630794683125
2,6,Undirected,0.20577219323326418
2,8,Undirected,0.26144900318727743
2,11,Undirected,0.19624977669666785
2,12,Undirected,0.38036759854810587
2,13,Undirected,0.2991023799450202
3,4,Undirected,0.7485639954857403
3,5,Undirected,0.21897398961321993
3,6,Undirected,0.16956113853062676
3,12,Undirected,0.18648704502504276
4,5,Undirected,0.7622713567492155
4,6,Undirected,0.2621763951708283
4,12,Undirected,0.1711369730177275
5,6,Undirected,0.7452511451142592
5,7,Undirected,0.27011053894416714
5,11,Undirected,0.1810316884353651
5,12,Undirected,0.18503701663244862
6,7,Undirected,0.7478313971032994
6,8,Undirected,0.29810432468699183
6,11,Undirected,0.3113334147363452
6,12,Undirected,0.36013963887498607
6,13,Undirected,0.19760261423349923
7,8,Undirected,0.7535850413610764
7,9,Undirected,0.25077392587423264
7,10,Undirected,0.16825237921064787
7,11,Undirected,0.30043993280776154
7,12,Undirected,0.20415940997631454
7,13,Undirected,0.16927797561766647
8,9,Undirected,0.7555600070038254
8,10,Undirected,0.27766954555264417
8,11,Undirected,0.36605471711187876
8,12,Undirected,0.388996337912226
8,13,Undirected,0.32428468864045185
9,10,Undirected,0.7336320005485225
9,11,Undirected,0.3447991144056559
9,13,Undirected,0.17272174336661095
10,11,Undirected,0.7389389612652453
10,13,Undirected,0.2211267558110894
11,12,Undirected,0.3896739611119824
11,13,Undirected,0.30719307765598936
12,13,Undirected,0.3869551860137925
