Source,Target,Type,Weight
0,1,Undirected,0.7355118911850975
0,2,Undirected,0.3231358515969412
0,3,Undirected,0.18918161652409163
1,2,Undirected,0.7399092574303318
1,3,Undirected,0.21693106478021004
2,3,Undirected,0.7672144761451821
2,4,Undirected,0.3524669638692925
2,5,Undirected,0.18378471982442077
2,6,Undirected,0.2950148910528624
2,7,Undirected,0.17447095123619974
2,12,Undirected,0.36884299331768955
2,13,Undirected,0.3322037850428206
3,4,Undirected,0.7310187246791567
3,5,Undirected,0.21372937971811373
3,6,Undirected,0.31498570688851746
3,12,Undirected,0.18145108992979642
4,5,Undirected,0.735871079959037
4,6,Undirected,0.3235346116832423
4,7,Undirected,0.17118843754487045
4,12,Undirected,0.39459145951097346
4,13,Undirected,0.20976906869684134
5,6,Undirected,0.7485659326528671
5,7,Undirected,0.2776182871663668
5,8,Undirected,0.3280154470470192
5,9,Undirected,0.18331938942371864
5,12,Undirected,0.21619403807481463
6,7,Undirected,0.7462479251265474
6,8,Undirected,0.28910704449864827
6,12,Undirected,0.18999182559851469
6,13,Undirected,0.17274171812094025
7,8,Undirected,0.7583154864587489
7,9,Undirected,0.24624040926722077
7,10,Undirected,0.17660782102882053
8,9,Undirected,0.7636255127107852
8,10,Undirected,0.2401751215848531
8,13,Undirected,0.17583928665905843
9,10,Undirected,0.735074267526785
9,11,Undirected,0.2267609572100541
10,11,Undirected,0.7394452024256417
12,13,Undirected,0.3778244814500634
