Source,Target,Type,Weight
0,1,Undirected,0.7149617227453597
0,2,Undirected,0.31021503873265116
0,3,Undirected,0.331885350389031
0,4,Undirected,0.313447335995375
0,5,Undirected,0.34912976930471107
0,6,Undirected,0.2911740935207838
0,7,Undirected,0.2676803148417338
0,11,Undirected,0.2812798741803053
0,12,Undirected,0.39256722132812694
0,13,Undirected,0.20096488735713913
1,2,Undirected,0.7429874788935285
1,3,Undirected,0.26413919189467594
1,6,Undirected,0.17453042484800227
1,7,Undirected,0.1667938672662009
1,11,Undirected,0.3170691807810434
1,12,Undirected,0.22718586085555006
1,13,Undirected,0.16753071473392547
2,3,Undirected,0.7564263627041382
2,4,Undirected,0.3122365137039487
2,5,Undirected,0.17450412426455836
2,6,Undirected,0.20322813752731436
2,11,Undirected,0.28757836525262964
2,12,Undirected,0.4011088699265892
2,13,Undirected,0.34957989692891234
3,4,Undirected,0.7626713090356908
3,5,Undirected,0.28975170548383405
3,6,Undirected,0.17218573495729578
3,11,Undirected,0.18609684871334048
3,12,Undirected,0.2170132245331139
4,5,Undirected,0.7487556231818576
4,6,Undirected,0.3150233227294184
4,7,Undirected,0.18718807038796714
4,11,Undirected,0.19880123109427833
4,12,Undirected,0.3796876231983005
4,13,Undirected,0.24694592888449174
5,6,Undirected,0.7573374386208863
5,7,Undirected,0.21845417529213393
5,12,Undirected,0.18587419506885
6,7,Undirected,0.7631580407765053
6,8,Undirected,0.24943168309224342
6,11,Undirected,0.2925553886345238
6,12,Undirected,0.3759131522514481
6,13,Undirected,0.2030751109448583
7,8,Undirected,0.7611224890131566
7,9,Undirected,0.2193120313159483
7,11,Undirected,0.28294570871818425
7,12,Undirected,0.21586895470487644
8,9,Undirected,0.748168022006033
8,10,Undirected,0.29839992680696376
8,11,Undirected,0.34355174153938195
8,12,Undirected,0.2024226605058192
8,13,Undirected,0.22281060357110719
9,10,Undirected,0.7493000385252364
9,11,Undirected,0.29652705312780137
10,11,Undirected,0.7442382056819551
11,12,Undirected,0.3852371369605211
11,13,Undirected,0.3136505341281861
12,13,Undirected,0.3716370239543194
