Source,Target,Type,Weight
0,1,Undirected,0.7562528099363768
0,2,Undirected,0.34271308259350447
0,3,Undirected,0.3072390724689573
0,4,Undirected,0.32329134524542963
0,5,Undirected,0.19806174224090098
0,6,Undirected,0.2912515123114285
0,7,Undirected,0.3496136399118811
0,8,Undirected,0.24722697339608538
0,12,Undirected,0.3885135413647545
0,13,Undirected,0.20369220482627148
1,2,Undirected,0.7489216729169
1,3,Undirected,0.26820851297599646
1,7,Undirected,0.2005104854507057
1,8,Undirected,0.23082817612289164
1,12,Undirected,0.19608976538910244
2,3,Undirected,0.7518562233865728
2,4,Undirected,0.361609634223966
2,5,Undirected,0.18858222344357656
2,6,Undirected,0.20607822838632397
2,7,Undirected,0.2058283982754852
2,12,Undirected,0.38241193082510927
2,13,Undirected,0.20301986865750474
3,4,Undirected,0.7473075537446945
3,5,Undirected,0.20936413821304437
3,6,Undirected,0.16711615555832512
3,12,Undirected,0.20351864739102085
4,5,Undirected,0.7345999798411231
4,6,Undirected,0.34952897426014856
4,7,Undirected,0.20879936422862042
4,12,Undirected,0.35844885790951436
4,13,Undirected,0.23901251790042094
5,6,Undirected,0.7452555149175338
5,7,Undirected,0.22755441975875554
5,12,Undirected,0.20083563402910767
5,13,Undirected,0.19733922817630553
6,7,Undirected,0.7301409188211428
6,8,Undirected,0.22657990484549817
6,12,Undirected,0.37283623541986194
6,13,Undirected,0.31502365397798193
7,8,Undirected,0.7547670005737721
7,9,Undirected,0.2435043789875016
7,12,Undirected,0.3763045782648269
7,13,Undirected,0.29802358038365373
8,9,Undirected,0.7585584383148057
8,10,Undirected,0.24068453662862474
8,12,Undirected,0.2114346500042294
8,13,Undirected,0.21339596021985213
9,10,Undirected,0.7485011431928452
9,11,Undirected,0.2737067591468303
9,13,Undirected,0.16760373835540143
10,11,Undirected,0.7431717846240858
12,13,Undirected,0.38443162915247037
