Source,Target,Type,Weight
0,1,Undirected,0.7466432638086282
0,2,Undirected,0.2676572201492097
0,3,Undirected,0.19653025999902912
0,9,Undirected,0.3869436911346684
0,11,Undirected,0.28738248679379963
0,12,Undirected,0.3987653052173147
0,13,Undirected,0.26926539657594223
1,2,Undirected,0.7556262284904668
1,3,Undirected,0.2408602901392375
1,8,Undirected,0.2863895808179046
2,3,Undirected,0.7492566033947403
2,4,Undirected,0.33939476720978573
2,5,Undirected,0.3409436675726408
2,6,Undirected,0.19703804785432005
3,4,Undirected,0.7670106199681148
3,5,Undirected,0.2823180604095321
4,5,Undirected,0.7505017520726993
4,6,Undirected,0.3313711902876882
4,7,Undirected,0.21664972437788743
4,8,Undirected,0.2038041658750432
5,6,Undirected,0.7605289082486746
5,7,Undirected,0.3039966868647218
5,8,Undirected,0.1764367574334477
6,7,Undirected,0.7459359087598345
6,8,Undirected,0.2523104979606981
7,8,Undirected,0.7781457448169352
7,9,Undirected,0.2184869029356073
8,9,Undirected,0.7741697082557074
8,10,Undirected,0.21580910973617526
9,10,Undirected,0.7672124412571238
9,11,Undirected,0.3064518863033388
9,12,Undirected,0.2338618838445267
9,13,Undirected,0.18623545346333764
10,11,Undirected,0.7556469889001449
11,12,Undirected,0.38176417239999577
11,13,Undirected,0.30458403510029375
12,13,Undirected,0.3839997070314735
