Source,Target,Type,Weight
0,1,Undirected,0.7478313971032994
0,2,Undirected,0.304814417883359
0,3,Undirected,0.3155268664743301
0,4,Undirected,0.3162689185834713
0,5,Undirected,0.3607666104683373
0,6,Undirected,0.31883671498230864
0,7,Undirected,0.25567234178707865
0,11,Undirected,0.30024596336606163
0,12,Undirected,0.4070218504624322
0,13,Undirected,0.25063839737385374
1,2,Undirected,0.7487961929490434
1,3,Undirected,0.2583143445403702
1,4,Undirected,0.16998914482771144
1,6,Undirected,0.1899654943677094
1,7,Undirected,0.18397517769599941
1,10,Undirected,0.1744637085634009
1,11,Undirected,0.35921983859745527
1,12,Undirected,0.24964989645696642
1,13,Undirected,0.28995708199604875
2,3,Undirected,0.742864242543713
2,4,Undirected,0.3246019870176355
2,5,Undirected,0.1759089037425283
2,6,Undirected,0.19825161742498795
2,11,Undirected,0.2162653363754721
2,12,Undirected,0.36797350080967606
2,13,Undirected,0.3490257901711509
3,4,Undirected,0.7806544253886005
3,5,Undirected,0.30744633236659197
3,6,Undirected,0.17809317223962215
3,11,Undirected,0.16760318916880756
3,12,Undirected,0.21167589026879274
3,13,Undirected,0.19366351569936735
4,5,Undirected,0.7560577349023608
4,6,Undirected,0.3311294112947366
4,7,Undirected,0.19763004377136362
4,11,Undirected,0.2030453628749217
4,12,Undirected,0.40386332653343804
4,13,Undirected,0.21057630970326957
5,6,Undirected,0.7557135660392452
5,7,Undirected,0.2169561326218681
5,12,Undirected,0.18254792493219363
6,7,Undirected,0.7476000640244348
6,8,Undirected,0.22882983681152388
6,11,Undirected,0.28117299768421145
6,12,Undirected,0.3739573040185371
6,13,Undirected,0.19295602384458127
7,8,Undirected,0.7530942136248103
7,9,Undirected,0.2301479413677786
7,11,Undirected,0.27849215066276195
7,12,Undirected,0.2133529314877455
8,9,Undirected,0.7352532500036594
8,10,Undirected,0.3080017218647896
8,11,Undirected,0.340597285082571
8,12,Undirected,0.1878405651038485
9,10,Undirected,0.7346008161289413
9,11,Undirected,0.2816849421768383
10,11,Undirected,0.7441582532816482
11,12,Undirected,0.3875936154632914
11,13,Undirected,0.34281367016326525
12,13,Undirected,0.37613706180047185
