Source,Target,Type,Weight
0,1,Undirected,0.7430064318364923
0,2,Undirected,0.2662459346322832
0,3,Undirected,0.16684988059999548
0,8,Undirected,0.17854012945562403
0,9,Undirected,0.29727821615379496
0,10,Undirected,0.3426265757821739
0,11,Undirected,0.33225575882103225
1,2,Undirected,0.7489853314693986
1,3,Undirected,0.2589195774077004
1,8,Undirected,0.18883814250402478
1,9,Undirected,0.3280733548262906
1,10,Undirected,0.19874233743661815
1,11,Undirected,0.2679578821694301
1,12,Undirected,0.1796683615552995
2,3,Undirected,0.7571418720374955
2,4,Undirected,0.20188636960491285
2,5,Undirected,0.17025278392241777
2,6,Undirected,0.28037632947673363
2,7,Undirected,0.19275405730750095
2,8,Undirected,0.311488742176492
2,9,Undirected,0.32417531032860214
2,10,Undirected,0.3170768989556574
2,11,Undirected,0.3050423762896997
2,12,Undirected,0.36380731718402665
2,13,Undirected,0.31117662608235286
3,4,Undirected,0.7790911837473372
3,5,Undirected,0.22698029743844728
3,6,Undirected,0.30809359930887437
3,7,Undirected,0.1846404214532569
3,8,Undirected,0.2151847884718565
3,9,Undirected,0.19684409603906486
4,5,Undirected,0.7501010434841081
4,6,Undirected,0.30631373177085214
4,7,Undirected,0.2046529456665806
5,6,Undirected,0.7283007417484983
5,7,Undirected,0.250506426481424
5,13,Undirected,0.19287519001013878
6,7,Undirected,0.7771352764012759
6,8,Undirected,0.3509591770511759
6,9,Undirected,0.2040607977313431
6,10,Undirected,0.16672113661707502
6,12,Undirected,0.18464373781292182
6,13,Undirected,0.2797995808914073
7,8,Undirected,0.739787822923788
7,9,Undirected,0.20956856487515685
8,9,Undirected,0.7332151312117844
8,10,Undirected,0.2507739108806704
9,10,Undirected,0.7485635278951773
9,11,Undirected,0.24209395981831686
10,11,Undirected,0.7598263250594534
11,12,Undirected,0.39742023414068034
11,13,Undirected,0.1983685769112496
12,13,Undirected,0.3634204413427421
