Source,Target,Type,Weight
0,1,Undirected,0.7580994771679753
0,2,Undirected,0.24849032628668846
0,3,Undirected,0.2615096103739341
0,4,Undirected,0.2061798546502968
0,13,Undirected,0.18703258064047193
1,2,Undirected,0.7397670114458919
1,3,Undirected,0.2280166360709438
1,4,Undirected,0.1671108022888616
1,11,Undirected,0.17480779621272224
1,12,Undirected,0.18941233775236327
1,13,Undirected,0.368100642690138
2,3,Undirected,0.7422693621326185
2,4,Undirected,0.32809994229332745
2,5,Undirected,0.2331902010282976
2,6,Undirected,0.3402049371238317
2,8,Undirected,0.2750368148192787
2,11,Undirected,0.2086678127805294
2,12,Undirected,0.37645869414741606
2,13,Undirected,0.3446595730886236
3,4,Undirected,0.7393426866742435
3,5,Undirected,0.2077529937493369
4,5,Undirected,0.7548942180805839
4,6,Undirected,0.23779145058259218
5,6,Undirected,0.7467460859204946
5,7,Undirected,0.24237809652559944
5,12,Undirected,0.18930345979578914
6,7,Undirected,0.7512632765726465
6,8,Undirected,0.30512064304352443
6,11,Undirected,0.3234213743209241
6,12,Undirected,0.4036770640464143
6,13,Undirected,0.21342271538485103
7,8,Undirected,0.7441377232739261
7,9,Undirected,0.26599885541263996
7,10,Undirected,0.17472984657715127
7,11,Undirected,0.2697938008785609
7,12,Undirected,0.22342376741236714
8,9,Undirected,0.71905156532386
8,10,Undirected,0.2913062903915966
8,11,Undirected,0.34145593290820236
8,12,Undirected,0.39294643874302226
8,13,Undirected,0.21063698959386065
9,10,Undirected,0.7111540945154309
9,11,Undirected,0.34285606851719774
10,11,Undirected,0.7435201086871741
11,12,Undirected,0.3943553542364131
11,13,Undirected,0.31420768281737416
12,13,Undirected,0.3734046875717777
