Source,Target,Type,Weight
0,1,Undirected,0.773891023413304
0,2,Undirected,0.3330943709304818
0,3,Undirected,0.32715894825631614
0,4,Undirected,0.2715588080973304
0,5,Undirected,0.2268477639483145
0,6,Undirected,0.3522325634633994
0,7,Undirected,0.27568997524162697
0,8,Undirected,0.18186622501612787
0,11,Undirected,0.3287108165763574
0,12,Undirected,0.3936853467493277
0,13,Undirected,0.2115436991176937
1,2,Undirected,0.7476449065302156
1,3,Undirected,0.27716149315119093
1,10,Undirected,0.21042382326723474
1,11,Undirected,0.287320828818725
1,12,Undirected,0.20333702584190408
2,3,Undirected,0.7626040549995127
2,4,Undirected,0.3424431523518277
2,5,Undirected,0.19994035592714882
2,6,Undirected,0.20636935429573863
2,11,Undirected,0.2679741460109183
2,12,Undirected,0.3810746288834723
2,13,Undirected,0.20387499684050683
3,4,Undirected,0.7528819791355158
3,5,Undirected,0.3290255345002669
3,6,Undirected,0.18201384020759703
3,11,Undirected,0.18710713806158744
3,12,Undirected,0.21675201067620073
4,5,Undirected,0.7272792848279799
4,6,Undirected,0.3263083069475059
4,7,Undirected,0.18744872795268447
4,11,Undirected,0.19286981532099368
4,12,Undirected,0.3803597685070066
4,13,Undirected,0.23821952388400766
5,6,Undirected,0.7449844193379249
5,7,Undirected,0.20941734570919782
5,12,Undirected,0.19912372919464516
6,7,Undirected,0.7370285825642817
6,8,Undirected,0.23985502232251357
6,11,Undirected,0.27347222811746663
6,12,Undirected,0.3879288689539184
6,13,Undirected,0.3302561267953029
7,8,Undirected,0.7642054893270879
7,9,Undirected,0.21224874964994653
7,11,Undirected,0.2846312375546479
7,12,Undirected,0.22527024562237216
7,13,Undirected,0.26373277569065595
8,9,Undirected,0.745480297836362
8,10,Undirected,0.2907912449753923
8,11,Undirected,0.3310582424528296
8,12,Undirected,0.20708720128947616
8,13,Undirected,0.328511956529912
9,10,Undirected,0.7288991474983184
9,11,Undirected,0.3121511160342505
10,11,Undirected,0.7377312047619438
11,12,Undirected,0.3806686612960638
11,13,Undirected,0.34127101138105964
12,13,Undirected,0.3662514574991798
