Source,Target,Type,Weight
0,1,Undirected,0.7500797818524072
0,2,Undirected,0.3065856161975409
0,3,Undirected,0.32273037500644414
0,4,Undirected,0.22080204609806206
0,5,Undirected,0.1899003000605699
0,6,Undirected,0.20105850541428472
0,11,Undirected,0.34394525155836336
0,12,Undirected,0.3888950599071949
0,13,Undirected,0.36337730654008354
1,2,Undirected,0.745915214224785
1,3,Undirected,0.26109298650115126
1,8,Undirected,0.18559259793193855
1,10,Undirected,0.24324422757287228
1,11,Undirected,0.3588266278653254
1,12,Undirected,0.223230156389226
1,13,Undirected,0.1715564762743219
2,3,Undirected,0.738213963218524
2,4,Undirected,0.3466026641351246
2,5,Undirected,0.19136835245068334
2,6,Undirected,0.20019426122741593
2,8,Undirected,0.23742247393495094
2,11,Undirected,0.26358452236277785
2,12,Undirected,0.37928354064912284
2,13,Undirected,0.2411908189439184
3,4,Undirected,0.7564050138046533
3,5,Undirected,0.3064641792064439
3,6,Undirected,0.17160129883848987
3,11,Undirected,0.18466578487880878
3,12,Undirected,0.22969800789481754
3,13,Undirected,0.27542920731453857
4,5,Undirected,0.7530940784055241
4,6,Undirected,0.32059014885800524
4,7,Undirected,0.195844823324259
4,8,Undirected,0.1817124879072909
4,11,Undirected,0.20455331748850922
4,12,Undirected,0.38604783958656663
4,13,Undirected,0.3341059803901811
5,6,Undirected,0.7625370900864819
5,7,Undirected,0.20860697544295928
5,12,Undirected,0.21185210986175354
5,13,Undirected,0.3377013672210424
6,7,Undirected,0.7356530214442046
6,8,Undirected,0.23625031570983399
6,11,Undirected,0.2743847854524064
6,12,Undirected,0.3627266488078107
6,13,Undirected,0.29902919515431003
7,8,Undirected,0.7514334022336235
7,9,Undirected,0.20996825373940672
7,11,Undirected,0.2714376168443244
7,12,Undirected,0.2071357591054359
7,13,Undirected,0.1819371457492864
8,9,Undirected,0.7295557642251541
8,10,Undirected,0.30652644256681577
8,11,Undirected,0.3462615584487847
8,12,Undirected,0.20977901477629496
9,10,Undirected,0.7259351925665747
9,11,Undirected,0.31812154122887043
10,11,Undirected,0.7417795157418646
11,12,Undirected,0.3644641730921197
11,13,Undirected,0.19996931546892266
12,13,Undirected,0.37557661023963973
