Source,Target,Type,Weight
0,1,Undirected,0.7607903229551206
0,2,Undirected,0.3545967764298328
0,3,Undirected,0.20825464767942986
0,12,Undirected,0.3937336120497409
0,13,Undirected,0.29750168476313765
1,2,Undirected,0.7499720166634064
1,3,Undirected,0.21077955242794014
1,12,Undirected,0.174501554174437
2,3,Undirected,0.7636012531692662
2,4,Undirected,0.22728937345836198
2,5,Undirected,0.17869301963350562
2,7,Undirected,0.20033472675444966
2,12,Undirected,0.3649871628507939
2,13,Undirected,0.2839242555279309
3,4,Undirected,0.755904104095986
3,5,Undirected,0.23673446165947296
3,12,Undirected,0.3657160714372908
3,13,Undirected,0.26743684255092537
4,5,Undirected,0.7634692082002008
4,6,Undirected,0.23330066025865015
4,12,Undirected,0.20238581784531376
4,13,Undirected,0.18616510893775426
5,6,Undirected,0.7941270664575024
5,7,Undirected,0.21105251314428747
5,13,Undirected,0.19226392283670404
6,7,Undirected,0.7314440692059166
6,8,Undirected,0.21295589898396833
7,8,Undirected,0.7469970455327062
7,9,Undirected,0.2003682419195205
7,11,Undirected,0.26290895002189807
8,9,Undirected,0.7367702974156326
8,10,Undirected,0.22355633264562141
8,11,Undirected,0.2700475839060215
9,10,Undirected,0.7216295533541772
9,11,Undirected,0.3048640019142385
10,11,Undirected,0.7588643551386989
12,13,Undirected,0.389718604351022
