Source,Target,Type,Weight
0,1,Undirected,0.745480032838557
0,2,Undirected,0.31597309797831047
0,3,Undirected,0.347205364952283
0,4,Undirected,0.28479870455179096
0,5,Undirected,0.37347195018455426
0,6,Undirected,0.3116218810166191
0,7,Undirected,0.2324312138812889
0,11,Undirected,0.26942146095370983
0,12,Undirected,0.3801484447309299
0,13,Undirected,0.1971616422139394
1,2,Undirected,0.7515375479935008
1,3,Undirected,0.28559156747493525
1,11,Undirected,0.203892281121896
1,12,Undirected,0.17837589335646864
2,3,Undirected,0.7421884531880514
2,4,Undirected,0.31062489733606247
2,5,Undirected,0.18551853670895393
2,6,Undirected,0.198580832306807
2,11,Undirected,0.30389536787331334
2,12,Undirected,0.38118192001794354
2,13,Undirected,0.21847752516763055
3,4,Undirected,0.7657719280580754
3,5,Undirected,0.32092507868368736
3,6,Undirected,0.18303171944571503
3,12,Undirected,0.2161164392610487
4,5,Undirected,0.762540625207086
4,6,Undirected,0.3480179804554855
4,7,Undirected,0.20378093611556583
4,11,Undirected,0.19365418067872117
4,12,Undirected,0.3602811363546366
4,13,Undirected,0.2882921522652354
5,6,Undirected,0.7547442512954244
5,7,Undirected,0.2074309291223192
5,12,Undirected,0.19309675278446145
6,7,Undirected,0.7422899862268643
6,8,Undirected,0.22305379461244473
6,11,Undirected,0.29507773686573613
6,12,Undirected,0.3864380576123194
6,13,Undirected,0.3416899277044989
7,8,Undirected,0.7604179130887554
7,9,Undirected,0.2132157332656081
7,11,Undirected,0.2788546433578633
7,12,Undirected,0.21644148716415426
7,13,Undirected,0.2610431646594334
8,9,Undirected,0.732881131504624
8,10,Undirected,0.29842113647522733
8,11,Undirected,0.39138416311679713
8,12,Undirected,0.17847585686882253
8,13,Undirected,0.2516412340854005
9,10,Undirected,0.7430268994684306
9,11,Undirected,0.29080955192297225
10,11,Undirected,0.7700275732138684
11,12,Undirected,0.3890567402858813
11,13,Undirected,0.3646404709067727
12,13,Undirected,0.3871726463612378
