Source,Target,Type,Weight
0,1,Undirected,0.7505015506378264
0,2,Undirected,0.29405423231783545
0,3,Undirected,0.17909610589423455
1,2,Undirected,0.7629124810547583
1,3,Undirected,0.2294127382992942
2,3,Undirected,0.7703709690009689
2,4,Undirected,0.32634105833122024
2,5,Undirected,0.32225568159205203
2,6,Undirected,0.2854721021951445
2,7,Undirected,0.17573335916490723
2,11,Undirected,0.255820578962838
2,12,Undirected,0.38287215826572396
2,13,Undirected,0.3155295486975607
3,4,Undirected,0.7457489037049957
3,5,Undirected,0.2514920842098043
3,11,Undirected,0.17468725999943358
4,5,Undirected,0.7670781625072822
4,6,Undirected,0.22685949371703162
4,7,Undirected,0.17099133869746821
4,10,Undirected,0.17354704194908083
4,11,Undirected,0.33275128556924033
4,12,Undirected,0.3506524471827277
4,13,Undirected,0.20652466244725115
5,6,Undirected,0.7656804331896402
5,7,Undirected,0.24874096615043315
5,8,Undirected,0.20593885797356712
5,11,Undirected,0.18192256264422846
5,12,Undirected,0.2537889812254542
6,7,Undirected,0.7509465152313912
6,8,Undirected,0.26552207136265243
6,11,Undirected,0.20149106028690555
6,12,Undirected,0.36243092471341387
6,13,Undirected,0.20721967418574844
7,8,Undirected,0.7360877821969873
7,9,Undirected,0.34619479515610035
7,10,Undirected,0.3228497391179852
7,11,Undirected,0.1993972876518131
7,12,Undirected,0.21681278327323253
8,9,Undirected,0.7402335608230575
8,10,Undirected,0.3191686206781621
8,12,Undirected,0.17460191650220697
9,10,Undirected,0.7645184174704404
9,11,Undirected,0.20761632353881668
10,11,Undirected,0.7600891164359804
10,12,Undirected,0.18817415211122018
10,13,Undirected,0.17041042696459757
11,12,Undirected,0.3901343168395867
11,13,Undirected,0.3020210904028917
12,13,Undirected,0.3841551603255282
