Source,Target,Type,Weight
0,1,Undirected,0.7793989715986899
0,2,Undirected,0.26821801487395786
0,3,Undirected,0.25261137809514594
0,8,Undirected,0.20837315187801447
0,9,Undirected,0.23339223546846338
0,11,Undirected,0.25362598707568723
0,12,Undirected,0.3912190468266637
0,13,Undirected,0.3045605913652947
1,2,Undirected,0.7584044753108324
1,3,Undirected,0.268986426276671
1,8,Undirected,0.30271637581946365
2,3,Undirected,0.7573380539845029
2,4,Undirected,0.3516903980387261
2,5,Undirected,0.3304206066047978
2,6,Undirected,0.2094701199596472
2,7,Undirected,0.184794888575525
2,8,Undirected,0.3430375218554024
3,4,Undirected,0.7908393725368784
3,5,Undirected,0.25907514160234574
3,6,Undirected,0.16958518846648768
3,8,Undirected,0.20942263657670235
4,5,Undirected,0.731154184604271
4,6,Undirected,0.3546450183723075
4,7,Undirected,0.22153996193000247
4,8,Undirected,0.19034201809089266
5,6,Undirected,0.7533727331527693
5,7,Undirected,0.32188498886799166
5,8,Undirected,0.2403144373016146
6,7,Undirected,0.7743596602997094
6,8,Undirected,0.24954390440674254
7,8,Undirected,0.744242497584803
7,9,Undirected,0.21310705450084638
8,9,Undirected,0.7146298352858431
8,10,Undirected,0.22255327467068853
9,10,Undirected,0.7588401912268945
9,11,Undirected,0.294712389916845
9,12,Undirected,0.18248360899094312
9,13,Undirected,0.3112739652078223
10,11,Undirected,0.7189591241196217
11,12,Undirected,0.3886702944255987
11,13,Undirected,0.30356243857178217
12,13,Undirected,0.3790843057096045
