Source,Target,Type,Weight
0,1,Undirected,0.7536718399535539
0,2,Undirected,0.3718890024592193
0,3,Undirected,0.20485043241602743
0,4,Undirected,0.2088660550531813
0,7,Undirected,0.16977864477077578
0,11,Undirected,0.17927327182235298
0,12,Undirected,0.3829411620773664
0,13,Undirected,0.3278362344554827
1,2,Undirected,0.7594521766306306
1,3,Undirected,0.21482155123721894
1,12,Undirected,0.19578169113620394
2,3,Undirected,0.7613205321923671
2,4,Undirected,0.3401577847909398
2,5,Undirected,0.18997476970059538
2,11,Undirected,0.2669353731640693
2,12,Undirected,0.3957231410592252
2,13,Undirected,0.25628444069027784
3,4,Undirected,0.759366378765643
3,5,Undirected,0.21924203371190004
3,12,Undirected,0.20859404870700957
3,13,Undirected,0.20291609055381338
4,5,Undirected,0.7490084036794826
4,6,Undirected,0.20938086064172728
4,11,Undirected,0.19301874999367236
4,12,Undirected,0.3543395978072412
4,13,Undirected,0.3453821577508012
5,6,Undirected,0.7624702062365143
5,7,Undirected,0.22684945708269594
5,12,Undirected,0.2086326676772232
5,13,Undirected,0.2821842302068905
6,7,Undirected,0.7658616268322103
6,8,Undirected,0.2718545423057065
6,9,Undirected,0.1676256149823578
6,11,Undirected,0.1853577791063097
6,13,Undirected,0.1890098512329002
7,8,Undirected,0.7625381991403978
7,9,Undirected,0.2108682910760914
7,11,Undirected,0.2655426135248512
7,12,Undirected,0.18831740848051168
7,13,Undirected,0.17189304126256902
8,9,Undirected,0.749236460305448
8,10,Undirected,0.2105206942804559
8,11,Undirected,0.22168002464201322
9,10,Undirected,0.742457188780044
9,11,Undirected,0.2924649979147516
10,11,Undirected,0.748920736842453
11,12,Undirected,0.22151375350717892
12,13,Undirected,0.3804888155826182
