Source,Target,Type,Weight
0,1,Undirected,0.7209180950131776
0,2,Undirected,0.37256960146558293
0,3,Undirected,0.18552451063826775
1,2,Undirected,0.7593619106579691
1,3,Undirected,0.2988452825375925
1,4,Undirected,0.26204049400486806
1,5,Undirected,0.17085388570727933
2,3,Undirected,0.7529653040819556
2,4,Undirected,0.3120231651109291
2,7,Undirected,0.18489983070151572
2,8,Undirected,0.3204263240558785
2,11,Undirected,0.20397870682787955
2,12,Undirected,0.37438416082392106
2,13,Undirected,0.2855414055407084
3,4,Undirected,0.7569248915676305
3,5,Undirected,0.21349202333725234
4,5,Undirected,0.7570526326429203
4,6,Undirected,0.22723797470548973
4,7,Undirected,0.36441138663947825
4,8,Undirected,0.296683672043863
4,9,Undirected,0.2475878755194305
5,6,Undirected,0.7377519667342656
5,7,Undirected,0.30410387214932344
5,8,Undirected,0.18778684219150793
6,7,Undirected,0.7339067738237542
6,8,Undirected,0.21958221464809816
7,8,Undirected,0.7843699160023896
7,9,Undirected,0.25502503977105107
8,9,Undirected,0.7273561557591238
8,10,Undirected,0.28358830992265377
8,11,Undirected,0.31039963980266405
8,12,Undirected,0.400516259934356
8,13,Undirected,0.31435316929943974
9,10,Undirected,0.7286852640515178
9,11,Undirected,0.3134037960058034
10,11,Undirected,0.7521979661639465
11,12,Undirected,0.3995873706770238
11,13,Undirected,0.34353468953357447
12,13,Undirected,0.377347307546804
