Source,Target,Type,Weight
0,1,Undirected,0.762404442783458
0,2,Undirected,0.23416575813513502
0,3,Undirected,0.24989141771583864
0,4,Undirected,0.17872152721602894
0,8,Undirected,0.2880208755364807
0,9,Undirected,0.29096188328737294
0,11,Undirected,0.20978065156328773
0,12,Undirected,0.38933525220672294
0,13,Undirected,0.35121661695226697
1,2,Undirected,0.7585993227360192
1,3,Undirected,0.30989113516997635
1,7,Undirected,0.24055273796735624
1,8,Undirected,0.27168199058379866
2,3,Undirected,0.7352748394529629
2,4,Undirected,0.3093013386231779
2,5,Undirected,0.3389209761283275
2,6,Undirected,0.2287461474829058
2,7,Undirected,0.23820726641932163
2,8,Undirected,0.17628568685827878
3,4,Undirected,0.7499330625080404
3,5,Undirected,0.3143459365376008
3,6,Undirected,0.18470750335479202
4,5,Undirected,0.7326457082414135
4,6,Undirected,0.330096097120864
4,7,Undirected,0.21691814038603044
4,8,Undirected,0.17900472053387853
5,6,Undirected,0.7230269014948971
5,7,Undirected,0.3031985197697998
5,8,Undirected,0.17015005465583052
6,7,Undirected,0.7622035499319809
6,8,Undirected,0.2787422101219685
7,8,Undirected,0.7354917709889517
7,9,Undirected,0.222159956499212
8,9,Undirected,0.7238591911157816
8,10,Undirected,0.20709560625732978
8,13,Undirected,0.2291939090204381
9,10,Undirected,0.7627368411290124
9,11,Undirected,0.2916813082064228
9,12,Undirected,0.2021022896905621
9,13,Undirected,0.28171750322887057
10,11,Undirected,0.759125313564445
11,12,Undirected,0.3824855123821849
11,13,Undirected,0.26682326288475605
12,13,Undirected,0.37488398565926895
