Source,Target,Type,Weight
0,1,Undirected,0.7516672488051526
0,2,Undirected,0.26151660531905174
0,8,Undirected,0.1933652764001001
0,12,Undirected,0.21486570278840017
0,13,Undirected,0.18768711415955022
1,2,Undirected,0.7533081913544304
1,3,Undirected,0.23338000224126493
1,8,Undirected,0.17325690534042845
1,12,Undirected,0.1844292653343754
2,3,Undirected,0.7239534590695611
2,4,Undirected,0.23203111757648284
2,8,Undirected,0.29964990511059664
2,11,Undirected,0.26417244814306656
2,12,Undirected,0.3856946529436512
2,13,Undirected,0.26874692723874344
3,4,Undirected,0.7811790105671295
3,5,Undirected,0.29364989961387905
4,5,Undirected,0.7631586656353673
4,6,Undirected,0.2283576071381788
4,9,Undirected,0.23753689936799602
5,6,Undirected,0.7567087862875688
5,7,Undirected,0.30610681156521125
5,8,Undirected,0.19815621306985978
5,9,Undirected,0.2999327524279634
6,7,Undirected,0.7545296606796481
6,8,Undirected,0.2383809367271226
6,9,Undirected,0.212888343335078
7,8,Undirected,0.7374291205546809
7,9,Undirected,0.2479679805139908
8,9,Undirected,0.7362110416982248
8,10,Undirected,0.25858520495522835
8,11,Undirected,0.3305501306303427
8,12,Undirected,0.38253284970239115
8,13,Undirected,0.19478032146175892
9,10,Undirected,0.7346201156075843
9,11,Undirected,0.32487744975589095
10,11,Undirected,0.7310185972710617
11,12,Undirected,0.38032955515911293
11,13,Undirected,0.31387280870883777
12,13,Undirected,0.36415119288204606
