Source,Target,Type,Weight
0,1,Undirected,0.7531592597307893
0,2,Undirected,0.3140836618092813
0,3,Undirected,0.34365296286613
0,4,Undirected,0.2380351728512924
0,5,Undirected,0.19672732126807788
0,6,Undirected,0.21044683948214363
0,11,Undirected,0.3175675092473287
0,12,Undirected,0.396631843010991
0,13,Undirected,0.32583445329190136
1,2,Undirected,0.7583577158525323
1,3,Undirected,0.2556232739518529
1,10,Undirected,0.25022707624649126
1,11,Undirected,0.3355001950143517
1,12,Undirected,0.21030841695169564
1,13,Undirected,0.19534483315900747
2,3,Undirected,0.7468099070312202
2,4,Undirected,0.31956209908587024
2,5,Undirected,0.18235906131455093
2,6,Undirected,0.202229805317053
2,8,Undirected,0.19634206694170664
2,11,Undirected,0.3133858823093416
2,12,Undirected,0.38377016889055454
2,13,Undirected,0.19591945332625071
3,4,Undirected,0.7571424187448665
3,5,Undirected,0.2926518384201686
3,6,Undirected,0.17026689695280067
3,11,Undirected,0.19634660744301002
3,12,Undirected,0.2306340800775631
3,13,Undirected,0.17108893107924572
4,5,Undirected,0.7517734132036185
4,6,Undirected,0.3198284123690964
4,7,Undirected,0.19997400621695768
4,11,Undirected,0.203967398704507
4,12,Undirected,0.37161104481938745
4,13,Undirected,0.2008640070125862
5,6,Undirected,0.7675746809850267
5,7,Undirected,0.2124565265622325
5,12,Undirected,0.21593383533710625
5,13,Undirected,0.17473923704729924
6,7,Undirected,0.7438084738010948
6,8,Undirected,0.2352466876873943
6,11,Undirected,0.2820921650847268
6,12,Undirected,0.37858918324356106
6,13,Undirected,0.3132026948115469
7,8,Undirected,0.7333563430376236
7,9,Undirected,0.22535954707840966
7,11,Undirected,0.29763770565069003
7,12,Undirected,0.22509453660987977
7,13,Undirected,0.2427922722864431
8,9,Undirected,0.7669216334758788
8,10,Undirected,0.31705628603570335
8,11,Undirected,0.35876159069210306
8,12,Undirected,0.2069701344103027
8,13,Undirected,0.18841746906745413
9,10,Undirected,0.7640281402099505
9,11,Undirected,0.2910878874575059
10,11,Undirected,0.7516023928038481
11,12,Undirected,0.3734051862167742
11,13,Undirected,0.3124008874998129
12,13,Undirected,0.3657438480527296
