Source,Target,Type,Weight
0,1,Undirected,0.772024408118406
0,2,Undirected,0.3246717639174158
0,3,Undirected,0.29738999282174994
0,4,Undirected,0.33609713256364065
0,5,Undirected,0.20350180159304065
0,6,Undirected,0.3091073796875309
0,7,Undirected,0.34017974528109834
0,8,Undirected,0.23555451770815888
0,12,Undirected,0.3875026249690847
0,13,Undirected,0.3088562719199158
1,2,Undirected,0.7614969720252753
1,3,Undirected,0.27191890687445974
1,7,Undirected,0.2006071537620346
1,8,Undirected,0.2380724634604554
1,12,Undirected,0.19637460877746798
1,13,Undirected,0.23834658332149453
2,3,Undirected,0.7288201770901191
2,4,Undirected,0.32706690286973
2,5,Undirected,0.19559695323631668
2,6,Undirected,0.20560656403096914
2,7,Undirected,0.20341607541737283
2,12,Undirected,0.3836375182738258
2,13,Undirected,0.31139658596283765
3,4,Undirected,0.7449422769302468
3,5,Undirected,0.20640266428121717
3,6,Undirected,0.16678016492146036
3,12,Undirected,0.19538594638670273
3,13,Undirected,0.17416403584811738
4,5,Undirected,0.754398970249895
4,6,Undirected,0.34120407674338865
4,7,Undirected,0.21340171462006155
4,12,Undirected,0.3910517363853421
4,13,Undirected,0.20236818265507112
5,6,Undirected,0.7620934501598118
5,7,Undirected,0.22313564898082172
5,12,Undirected,0.21013976638400222
6,7,Undirected,0.7206168060262153
6,8,Undirected,0.22442514620821763
6,12,Undirected,0.3888669364865183
6,13,Undirected,0.20386774307254735
7,8,Undirected,0.7331157450627079
7,9,Undirected,0.2329470824131924
7,12,Undirected,0.38060762316151664
7,13,Undirected,0.2839636996935256
8,9,Undirected,0.7652357120970089
8,10,Undirected,0.24619259693703197
8,12,Undirected,0.20519969855345188
8,13,Undirected,0.2231254643455498
9,10,Undirected,0.7453983562438449
9,11,Undirected,0.2837386384238426
10,11,Undirected,0.7549370863862437
12,13,Undirected,0.38335521730205124
