Source,Target,Type,Weight
0,1,Undirected,0.7466204035285137
0,2,Undirected,0.320997607233479
0,3,Undirected,0.17288801312567612
0,12,Undirected,0.3850679030055429
0,13,Undirected,0.3262093311039052
1,2,Undirected,0.7371709433337835
1,3,Undirected,0.3214770008078498
1,4,Undirected,0.20541630910788294
1,6,Undirected,0.2039658712120365
1,12,Undirected,0.22692896469568025
1,13,Undirected,0.27388126729794965
2,3,Undirected,0.7314509573177681
2,4,Undirected,0.2248851179842832
2,6,Undirected,0.20379147103649944
2,12,Undirected,0.376744799767107
2,13,Undirected,0.3385401293123105
3,4,Undirected,0.7545303393566359
3,5,Undirected,0.30509782681199443
3,6,Undirected,0.3053583521687098
3,7,Undirected,0.18221596787809635
3,8,Undirected,0.18631154487273055
3,12,Undirected,0.2053055247559763
3,13,Undirected,0.21297397874090826
4,5,Undirected,0.7606811828841366
4,6,Undirected,0.28534530163758237
4,8,Undirected,0.17384035665443656
5,6,Undirected,0.7198337671788002
5,7,Undirected,0.21970344594073613
5,8,Undirected,0.2995433330800421
6,7,Undirected,0.7484188700657719
6,8,Undirected,0.27904996295570866
6,13,Undirected,0.18473184377029303
7,8,Undirected,0.7551100357184007
7,9,Undirected,0.2099377129819896
7,13,Undirected,0.19599005560405888
8,9,Undirected,0.7536708242537915
8,10,Undirected,0.2399238980403059
9,10,Undirected,0.7414745009773354
9,11,Undirected,0.20956316192602267
10,11,Undirected,0.7606126931327037
12,13,Undirected,0.3626025019142451
