Source,Target,Type,Weight
0,1,Undirected,0.7444874821923478
0,2,Undirected,0.30328803600955384
0,3,Undirected,0.30786449424333656
0,4,Undirected,0.33280871225931935
0,5,Undirected,0.35243853149491505
0,6,Undirected,0.28813664463572625
0,7,Undirected,0.24756572116086095
0,11,Undirected,0.3147693419771305
0,12,Undirected,0.38811366371990624
0,13,Undirected,0.19829255724017947
1,2,Undirected,0.7870108710897763
1,3,Undirected,0.27308752159263205
1,7,Undirected,0.1693359435716959
1,10,Undirected,0.17634290482730833
1,11,Undirected,0.3043975140494236
1,12,Undirected,0.2067289384651888
2,3,Undirected,0.7380922402370663
2,4,Undirected,0.3003817522359595
2,6,Undirected,0.18724292235999695
2,11,Undirected,0.29898588117633934
2,12,Undirected,0.3571246482440941
2,13,Undirected,0.20148074249831655
3,4,Undirected,0.7537128765135274
3,5,Undirected,0.27850940405764235
3,6,Undirected,0.16824746582084252
3,11,Undirected,0.17672698712860108
3,12,Undirected,0.19682515965896624
4,5,Undirected,0.7489836596253496
4,6,Undirected,0.3440899734165871
4,7,Undirected,0.19546724096502555
4,11,Undirected,0.1986337413822694
4,12,Undirected,0.37522741033484247
4,13,Undirected,0.314549428977427
5,6,Undirected,0.7713345483638512
5,7,Undirected,0.21080643953424905
5,12,Undirected,0.18676068677711732
5,13,Undirected,0.16982239177137748
6,7,Undirected,0.7455219048286019
6,8,Undirected,0.24216194644832947
6,11,Undirected,0.26889678823694513
6,12,Undirected,0.37992895825305495
6,13,Undirected,0.3616238822071011
7,8,Undirected,0.7617409295108357
7,9,Undirected,0.22960609041576274
7,11,Undirected,0.2820844245602267
7,12,Undirected,0.21547918192481605
7,13,Undirected,0.2487936694964055
8,9,Undirected,0.7415550576656941
8,10,Undirected,0.30232318601035624
8,11,Undirected,0.3941228643946325
8,12,Undirected,0.1988055656594297
8,13,Undirected,0.2688968571928446
9,10,Undirected,0.7306086370180787
9,11,Undirected,0.31249822584056786
10,11,Undirected,0.7464965570475407
11,12,Undirected,0.3955875846563509
11,13,Undirected,0.28613621784671567
12,13,Undirected,0.37475784124392714
