Source,Target,Type,Weight
0,1,Undirected,0.7385363267418373
0,2,Undirected,0.291687860141288
0,3,Undirected,0.23822983411908266
1,2,Undirected,0.7675522767877648
1,3,Undirected,0.2333590710734396
1,7,Undirected,0.19181389930765413
2,3,Undirected,0.754679270612348
2,4,Undirected,0.3107209017335251
2,5,Undirected,0.27253518756456324
2,6,Undirected,0.329113262546416
2,7,Undirected,0.27537768785647465
2,12,Undirected,0.3749110611663197
2,13,Undirected,0.20027541842782298
3,4,Undirected,0.7190892881634893
3,5,Undirected,0.27695518233806393
3,6,Undirected,0.19520715078440687
3,12,Undirected,0.1679472685400706
4,5,Undirected,0.763449266430125
4,6,Undirected,0.30165682025836177
4,12,Undirected,0.37799684304489806
4,13,Undirected,0.3364389245579566
5,6,Undirected,0.7310185335670308
5,7,Undirected,0.22747439932454655
5,12,Undirected,0.17754799522881756
6,7,Undirected,0.7816074304347129
6,8,Undirected,0.22866885229313594
6,12,Undirected,0.36784089797890723
6,13,Undirected,0.3421291288052989
7,8,Undirected,0.7320946749383529
7,9,Undirected,0.2032831582465525
7,11,Undirected,0.1811471997208272
7,12,Undirected,0.21155266179932422
7,13,Undirected,0.18894010213017454
8,9,Undirected,0.7698241270246224
8,10,Undirected,0.28032200608857505
8,11,Undirected,0.1921165726872174
9,10,Undirected,0.757988915983633
9,11,Undirected,0.21717386257090776
10,11,Undirected,0.7312911610236462
12,13,Undirected,0.38435926941109594
