Source,Target,Type,Weight
0,1,Undirected,0.7322720813395104
0,2,Undirected,0.32139226170498725
0,3,Undirected,0.33249009260850565
0,4,Undirected,0.3407574178016841
0,5,Undirected,0.37082630716745396
0,6,Undirected,0.29591767622264264
0,7,Undirected,0.19992278220482546
0,8,Undirected,0.20392917859449206
0,11,Undirected,0.28566997592550125
0,12,Undirected,0.40060267517097686
0,13,Undirected,inf
1,2,Undirected,0.7517936255604212
1,3,Undirected,0.29784862220200414
1,4,Undirected,0.16916936360791046
1,10,Undirected,0.1716112267013934
1,11,Undirected,0.32390311257288545
1,12,Undirected,0.21157315078089753
1,13,Undirected,inf
2,3,Undirected,0.734480667519938
2,4,Undirected,0.3209119666239019
2,5,Undirected,0.2003554164028654
2,6,Undirected,0.2056403339623687
2,8,Undirected,0.2862921135106227
2,11,Undirected,0.2710724312626878
2,12,Undirected,0.3782997587318767
2,13,Undirected,inf
3,4,Undirected,0.7631590822085104
3,5,Undirected,0.28942635975159164
3,6,Undirected,0.16919095474062576
3,11,Undirected,0.18282669512174923
3,12,Undirected,0.19243192651963864
3,13,Undirected,inf
4,5,Undirected,0.7382334530162281
4,6,Undirected,0.3363629197104409
4,7,Undirected,0.19656525934142194
4,8,Undirected,0.2502369591337298
4,11,Undirected,0.19063635201737184
4,12,Undirected,0.36835955750875604
4,13,Undirected,inf
5,6,Undirected,0.7477292756599048
5,7,Undirected,0.21683300354083207
5,12,Undirected,0.19246647040241757
5,13,Undirected,inf
6,7,Undirected,0.7418600731158536
6,8,Undirected,0.29649039208189104
6,11,Undirected,0.2814412855982492
6,12,Undirected,0.38246556235688217
6,13,Undirected,inf
7,8,Undirected,0.7505014163479712
7,9,Undirected,0.22422308376664485
7,11,Undirected,0.27766947202401476
7,12,Undirected,0.217462587376657
7,13,Undirected,inf
8,9,Undirected,0.7622931766256487
8,10,Undirected,0.29924279366921197
8,11,Undirected,0.34595245172935646
8,12,Undirected,0.40685717079380773
8,13,Undirected,inf
9,10,Undirected,0.7610335516353052
9,11,Undirected,0.34377861540534577
9,13,Undirected,inf
10,11,Undirected,0.7293633097200093
10,13,Undirected,inf
11,12,Undirected,0.3815047114327056
11,13,Undirected,inf
12,13,Undirected,inf
