Source,Target,Type,Weight
0,1,Undirected,0.7650538376279067
0,2,Undirected,0.33076007398583923
0,3,Undirected,0.2646208845570647
0,4,Undirected,0.19560667719402644
0,5,Undirected,0.19763749370470782
0,12,Undirected,0.20369772477293768
1,2,Undirected,0.7598466286287792
1,3,Undirected,0.23221865017993149
1,11,Undirected,0.177819065214337
1,12,Undirected,0.19838965065707906
2,3,Undirected,0.7438073526074951
2,4,Undirected,0.23923099369374856
2,5,Undirected,0.2151230492615567
2,6,Undirected,0.19190771820325536
2,8,Undirected,0.33675410237770986
2,10,Undirected,0.17538054694861221
2,11,Undirected,0.2592128534547405
2,12,Undirected,0.3619154796184476
2,13,Undirected,0.2773907294324953
3,4,Undirected,0.744652701682573
3,5,Undirected,0.27676230836556054
3,6,Undirected,0.16981167978380984
3,8,Undirected,0.1725082143165024
3,12,Undirected,0.21192770403737984
3,13,Undirected,0.2593303628123718
4,5,Undirected,0.7275652209133994
4,6,Undirected,0.3556467549161802
4,12,Undirected,0.18886057336327747
4,13,Undirected,0.2761683282643591
5,6,Undirected,0.7468942873049906
5,7,Undirected,0.2532003160126243
5,8,Undirected,0.16709125644633094
5,11,Undirected,0.17088924824366372
5,12,Undirected,0.21409701659004005
5,13,Undirected,0.2680165268713102
6,7,Undirected,0.7652116293520765
6,8,Undirected,0.30727258714729583
6,9,Undirected,0.1676430480301291
6,11,Undirected,0.3271998597682791
6,12,Undirected,0.37284180332838085
6,13,Undirected,0.3587551465742992
7,8,Undirected,0.7733358949534179
7,9,Undirected,0.2679268836197582
7,11,Undirected,0.2577589563055261
7,12,Undirected,0.20946968058738352
7,13,Undirected,0.19828269564743825
8,9,Undirected,0.7403951983361556
8,10,Undirected,0.2822884001673686
8,11,Undirected,0.3306529315058817
8,12,Undirected,0.41035021155375956
8,13,Undirected,0.33908436072597925
9,10,Undirected,0.7237449655141711
9,11,Undirected,0.35684933890241133
10,11,Undirected,0.7724841706554276
11,12,Undirected,0.3957456930392774
11,13,Undirected,0.20541683224361904
12,13,Undirected,0.38811642908056476
