Source,Target,Type,Weight
0,1,Undirected,0.7495948477935915
0,2,Undirected,0.3765204366925517
0,3,Undirected,0.34611843192152447
0,4,Undirected,0.3183003356557809
0,5,Undirected,0.2734926635400518
0,6,Undirected,0.34964820554023024
0,7,Undirected,0.2514413215718799
0,11,Undirected,0.28963115514818316
0,12,Undirected,0.3878270701427903
0,13,Undirected,0.19547250631930696
1,2,Undirected,0.7502704418001643
1,3,Undirected,0.2454810529753495
1,6,Undirected,0.1731293356591688
1,7,Undirected,0.19630723890619206
1,10,Undirected,0.18008539052597952
1,11,Undirected,0.3441447449607864
1,12,Undirected,0.2316485153698751
2,3,Undirected,0.7447357356333595
2,4,Undirected,0.3286686507076717
2,5,Undirected,0.19832141647022733
2,6,Undirected,0.19576926329813601
2,11,Undirected,0.29634354537553526
2,12,Undirected,0.387972754335679
2,13,Undirected,0.32757167102473067
3,4,Undirected,0.7412299230539287
3,5,Undirected,0.34574575597757184
3,6,Undirected,0.1761487518367447
3,12,Undirected,0.20713757995503948
4,5,Undirected,0.7597378279358392
4,6,Undirected,0.32670453173485603
4,7,Undirected,0.1922558678710283
4,11,Undirected,0.2118625327001827
4,12,Undirected,0.3876292569933406
4,13,Undirected,0.31848271676895745
5,6,Undirected,0.757011573189402
5,7,Undirected,0.21508476976880114
5,12,Undirected,0.2004455743687593
6,7,Undirected,0.7504827505256935
6,8,Undirected,0.2551867324685154
6,11,Undirected,0.29642015564675867
6,12,Undirected,0.37930484086855415
6,13,Undirected,0.23902507632405393
7,8,Undirected,0.7589055471721328
7,9,Undirected,0.21349426193043056
7,11,Undirected,0.27170990378189014
7,12,Undirected,0.21349463141148814
8,9,Undirected,0.7152183564180866
8,10,Undirected,0.3130295330988693
8,11,Undirected,0.2975531608936504
8,12,Undirected,0.17310335560099407
9,10,Undirected,0.7475609561563394
9,11,Undirected,0.2781804602405536
10,11,Undirected,0.7507561162767845
11,12,Undirected,0.3917113022373462
11,13,Undirected,0.31030022959369
12,13,Undirected,0.3624759652383608
