Source,Target,Type,Weight
0,1,Undirected,0.7522209669176787
0,2,Undirected,0.3304019961955321
0,3,Undirected,0.3420006632407653
0,4,Undirected,0.23400302965653477
0,5,Undirected,0.18091115852819556
0,6,Undirected,0.19102977534814178
0,7,Undirected,0.17057719970279261
0,11,Undirected,0.30387971350726395
0,12,Undirected,0.38067995912479724
0,13,Undirected,0.27739188518898183
1,2,Undirected,0.7502693010408203
1,3,Undirected,0.23766387787885915
1,10,Undirected,0.18219923471442276
1,11,Undirected,0.3625541393092401
1,12,Undirected,0.22181491526850722
1,13,Undirected,0.18655486165695678
2,3,Undirected,0.7496608986520844
2,4,Undirected,0.32498007568682125
2,5,Undirected,0.18327518824327252
2,6,Undirected,0.2005050410407991
2,8,Undirected,0.21159067627731928
2,11,Undirected,0.3153685062781905
2,12,Undirected,0.38792646505386413
2,13,Undirected,0.190917222944748
3,4,Undirected,0.72496007520786
3,5,Undirected,0.26096401856953555
3,11,Undirected,0.18813350284754451
3,12,Undirected,0.2236510060099852
4,5,Undirected,0.7570151255784253
4,6,Undirected,0.3289366149636804
4,7,Undirected,0.19233694182765732
4,8,Undirected,0.17585956137079006
4,11,Undirected,0.21167683035457893
4,12,Undirected,0.40149074943911195
4,13,Undirected,0.22785899668688564
5,6,Undirected,0.7725064368568265
5,7,Undirected,0.2228492672647846
5,12,Undirected,0.21385016400109233
5,13,Undirected,0.20071615155966777
6,7,Undirected,0.7712874574376816
6,8,Undirected,0.2849350073942544
6,11,Undirected,0.30454856126482616
6,12,Undirected,0.3554759714727902
6,13,Undirected,0.3556691021252614
7,8,Undirected,0.7464994799888478
7,9,Undirected,0.23701946289428047
7,11,Undirected,0.270367009828682
7,12,Undirected,0.20518319564780946
7,13,Undirected,0.2842123808413811
8,9,Undirected,0.7570518127766428
8,10,Undirected,0.33891306160627654
8,11,Undirected,0.35078852280395034
8,12,Undirected,0.20392777065438275
8,13,Undirected,0.21316387169827047
9,10,Undirected,0.7704177358101368
9,11,Undirected,0.30149902587794086
10,11,Undirected,0.77629068405797
11,12,Undirected,0.37773485565477355
11,13,Undirected,0.32402384655021504
12,13,Undirected,0.36798015121712413
