Source,Target,Type,Weight
0,1,Undirected,0.7638039963138293
0,2,Undirected,0.32151179619009307
0,3,Undirected,0.3283847444476545
0,4,Undirected,0.22649897812839434
0,5,Undirected,0.18242316253082355
0,6,Undirected,0.19500737338527327
0,11,Undirected,0.30041406721209524
0,12,Undirected,0.3602195307626138
0,13,Undirected,0.31761959775340937
1,2,Undirected,0.7585122771432635
1,3,Undirected,0.26339330738107186
1,11,Undirected,0.32763471985785714
1,12,Undirected,0.21411037207378175
1,13,Undirected,0.16962692868905763
2,3,Undirected,0.7362902001944515
2,4,Undirected,0.318981159496892
2,5,Undirected,0.18774286409493998
2,6,Undirected,0.2031722805128212
2,8,Undirected,0.1803544512199789
2,11,Undirected,0.29185161207451654
2,12,Undirected,0.3907697083563688
2,13,Undirected,0.23025725567956926
3,4,Undirected,0.7435201086871741
3,5,Undirected,0.3037647880869101
3,6,Undirected,0.17149096209187784
3,11,Undirected,0.18393916151047224
3,12,Undirected,0.2219985578020327
3,13,Undirected,0.2260214009616799
4,5,Undirected,0.780488022731136
4,6,Undirected,0.34350481039769554
4,7,Undirected,0.20004567235370777
4,8,Undirected,0.17906260136646368
4,11,Undirected,0.22044141639479636
4,12,Undirected,0.3865968102267999
4,13,Undirected,0.29951464862529953
5,6,Undirected,0.7376506334251989
5,7,Undirected,0.20722372839118
5,12,Undirected,0.20681115772325012
5,13,Undirected,0.3054933097152796
6,7,Undirected,0.7343817095128543
6,8,Undirected,0.2824306398199686
6,11,Undirected,0.3100242406009925
6,12,Undirected,0.37200533683422277
6,13,Undirected,0.3123693854015506
7,8,Undirected,0.7769471265968959
7,9,Undirected,0.24973477279057607
7,11,Undirected,0.27510231634578314
7,12,Undirected,0.20892960379676379
7,13,Undirected,0.20400186263449943
8,9,Undirected,0.7682310929529796
8,10,Undirected,0.3333760157236521
8,11,Undirected,0.34568973290192007
8,12,Undirected,0.20889401673082944
9,10,Undirected,0.7385549882480716
9,11,Undirected,0.2965374724720546
10,11,Undirected,0.7417793845551999
11,12,Undirected,0.38410597845920563
11,13,Undirected,0.21067844290882343
12,13,Undirected,0.3787219898998536
