Source,Target,Type,Weight
0,1,Undirected,0.7481664872642093
0,2,Undirected,0.3027233673447809
0,12,Undirected,0.36872016783024
0,13,Undirected,0.36559471385222
1,2,Undirected,0.7284339310637794
1,3,Undirected,0.21197052398105362
1,6,Undirected,0.17011601850293342
1,12,Undirected,0.21963172617919915
1,13,Undirected,0.1715424713936648
2,3,Undirected,0.7669423180129697
2,4,Undirected,0.20930673790098622
2,6,Undirected,0.2469662855983399
2,7,Undirected,0.2715386957971912
2,12,Undirected,0.3817434984301322
2,13,Undirected,0.22944890739032328
3,4,Undirected,0.7604184645374076
3,5,Undirected,0.28248700125278015
3,6,Undirected,0.3460683698696133
3,7,Undirected,0.24914575455278787
4,5,Undirected,0.7475815422412667
4,6,Undirected,0.31701981252894845
4,7,Undirected,0.18276009617521388
4,8,Undirected,0.18503229845690541
5,6,Undirected,0.7466218654812723
5,7,Undirected,0.2145350078467883
5,8,Undirected,0.22086034297114723
6,7,Undirected,0.7447361323368016
6,8,Undirected,0.2574439898888437
7,8,Undirected,0.747810797255801
7,9,Undirected,0.22913373403882908
7,10,Undirected,0.21956396103624165
7,11,Undirected,0.18001279998242062
8,9,Undirected,0.7272963728592459
8,10,Undirected,0.2593049671539936
9,10,Undirected,0.730939803871731
9,11,Undirected,0.20253829598927908
10,11,Undirected,0.7249991724649577
12,13,Undirected,0.3708566033995554
