Source,Target,Type,Weight
0,1,Undirected,0.7485015439179199
0,2,Undirected,0.3244667148664143
0,3,Undirected,0.3215167253235018
0,4,Undirected,0.27737904399121766
0,5,Undirected,0.3439452233538445
0,6,Undirected,0.3288032226338192
0,7,Undirected,0.21208390147035192
0,11,Undirected,0.3180007768239878
0,12,Undirected,0.38112712403452975
0,13,Undirected,0.19076951682229584
1,2,Undirected,0.7107594212221211
1,3,Undirected,0.26629211549942056
1,6,Undirected,0.17203506504660812
1,11,Undirected,0.35992682876387827
1,12,Undirected,0.21636563038102147
2,3,Undirected,0.7268348368487565
2,4,Undirected,0.3624402576440274
2,5,Undirected,0.20846006196689731
2,6,Undirected,0.2061628086442509
2,8,Undirected,0.16747953974815202
2,11,Undirected,0.3146786106828421
2,12,Undirected,0.38435088674245915
2,13,Undirected,0.286119919351956
3,4,Undirected,0.760416603401412
3,5,Undirected,0.3439679294885689
3,6,Undirected,0.1865054541554441
3,11,Undirected,0.18389651541799576
3,12,Undirected,0.20411128387884941
4,5,Undirected,0.7257626639130982
4,6,Undirected,0.30735948024984744
4,7,Undirected,0.18341841074262455
4,11,Undirected,0.1916634367122845
4,12,Undirected,0.3673098969706486
4,13,Undirected,0.28759972092369457
5,6,Undirected,0.7414727314174352
5,7,Undirected,0.21193194456051967
5,12,Undirected,0.19317222077146307
6,7,Undirected,0.7495732799531917
6,8,Undirected,0.2608300360894449
6,11,Undirected,0.291847895782366
6,12,Undirected,0.3812244306611292
6,13,Undirected,0.28288672192652264
7,8,Undirected,0.758141956582076
7,9,Undirected,0.2194222195716293
7,11,Undirected,0.24094217301450235
7,12,Undirected,0.20680546774931394
7,13,Undirected,0.17837646989377376
8,9,Undirected,0.7639596726285749
8,10,Undirected,0.30652220875265757
8,11,Undirected,0.361251061108845
8,12,Undirected,0.2004487164230918
8,13,Undirected,0.25671002633994267
9,10,Undirected,0.7562961736152728
9,11,Undirected,0.3025666381050227
10,11,Undirected,0.742658851784607
11,12,Undirected,0.37645342314426583
11,13,Undirected,0.31582696466804505
12,13,Undirected,0.38063570448983264
