Source,Target,Type,Weight
0,1,Undirected,0.7479168752607332
0,2,Undirected,0.2623192784628779
0,3,Undirected,0.2685893899511688
0,8,Undirected,0.2669582245115063
0,9,Undirected,0.2878382205667806
0,11,Undirected,0.25735598834533074
0,12,Undirected,0.36675137012455616
0,13,Undirected,0.20676572823980482
1,2,Undirected,0.748669552304317
1,3,Undirected,0.289893813524149
1,8,Undirected,0.2869562849612829
1,9,Undirected,0.16838473017760772
2,3,Undirected,0.7552596039225996
2,4,Undirected,0.33466324538062153
2,5,Undirected,0.30788630232082026
2,6,Undirected,0.2077409134548901
2,7,Undirected,0.21732739631426187
2,8,Undirected,0.23536967026504385
2,9,Undirected,0.16797679605202243
3,4,Undirected,0.7405382743936841
3,5,Undirected,0.29590832332463407
3,6,Undirected,0.17650080244393393
3,8,Undirected,0.18608545485989011
3,9,Undirected,0.1691512569640784
4,5,Undirected,0.7550666720193185
4,6,Undirected,0.35843237792476373
4,7,Undirected,0.22799102930651938
4,8,Undirected,0.23768979094901624
4,9,Undirected,0.17993742715507716
5,6,Undirected,0.7232537507231582
5,7,Undirected,0.30286053207453384
5,8,Undirected,0.18129154945235249
6,7,Undirected,0.7387778287600476
6,8,Undirected,0.2487178675239873
7,8,Undirected,0.7456658425351086
7,9,Undirected,0.22045045369872127
8,9,Undirected,0.7309810775194211
8,10,Undirected,0.20508820500684066
9,10,Undirected,0.7549371543272007
9,11,Undirected,0.2798222050246261
9,12,Undirected,0.18616619965743286
10,11,Undirected,0.7507759379969178
11,12,Undirected,0.3917548035521011
11,13,Undirected,0.27792451947523916
12,13,Undirected,0.3743998343262452
