Source,Target,Type,Weight
0,1,Undirected,0.7679358569201541
0,2,Undirected,0.3635212340729394
0,3,Undirected,0.22184347131413212
0,4,Undirected,0.3109159926441155
0,5,Undirected,0.21419480591241039
0,11,Undirected,0.24691446982286908
0,12,Undirected,0.40382393743705153
0,13,Undirected,0.21828777569845204
1,2,Undirected,0.7572081660624544
1,3,Undirected,0.26609904676323237
1,4,Undirected,0.2520206154024749
1,5,Undirected,0.28801608927769234
1,6,Undirected,0.17516330894505122
1,7,Undirected,0.21305457479441267
1,11,Undirected,0.26699358809872903
1,12,Undirected,0.22107225660991872
2,3,Undirected,0.7539272060007105
2,4,Undirected,0.24635559351712377
2,5,Undirected,0.1808127673358381
2,12,Undirected,0.19915740775297686
3,4,Undirected,0.7364100365377928
3,5,Undirected,0.25890143749017386
3,6,Undirected,0.2572489543502067
3,12,Undirected,0.18670462095610588
3,13,Undirected,0.16853821337046854
4,5,Undirected,0.7649231033529709
4,6,Undirected,0.29984627736801517
4,10,Undirected,0.17897775690471657
4,11,Undirected,0.2747564906352428
4,12,Undirected,0.3745104884802173
4,13,Undirected,0.37092767469966675
5,6,Undirected,0.756986229227477
5,7,Undirected,0.2878653442383885
5,8,Undirected,0.17418692083101323
5,9,Undirected,0.192119811045493
5,11,Undirected,0.32038960952653833
5,12,Undirected,0.26262198843282203
5,13,Undirected,0.29648402081797504
6,7,Undirected,0.7684808633918148
6,8,Undirected,0.25200079476034953
6,9,Undirected,0.1749477176149739
6,11,Undirected,0.17958274229603485
7,8,Undirected,0.7358314468127509
7,9,Undirected,0.25404204351532605
7,10,Undirected,0.16709032453807693
7,11,Undirected,0.2505958688853648
8,9,Undirected,0.7378315867541915
8,10,Undirected,0.2075165620253415
9,10,Undirected,0.7359307959363913
9,11,Undirected,0.3476366523707242
10,11,Undirected,0.7520493383198563
10,13,Undirected,0.2140641923510619
11,12,Undirected,0.3831756951567691
11,13,Undirected,0.31013922792760307
12,13,Undirected,0.3867151848099991
