Source,Target,Type,Weight
0,1,Undirected,0.7521773948339344
0,2,Undirected,0.24897428722474574
0,3,Undirected,0.18203945100117044
0,4,Undirected,0.16674981024340527
0,11,Undirected,0.1724276372342704
0,12,Undirected,0.1812676684271204
1,2,Undirected,0.7636033384561202
1,3,Undirected,0.22338916343892545
1,12,Undirected,0.19249215676555842
2,3,Undirected,0.7316247337172311
2,4,Undirected,0.245350293761406
2,5,Undirected,0.16905189637974638
2,6,Undirected,0.2026443509275211
2,8,Undirected,0.2987313030478498
2,11,Undirected,0.21705005948003253
2,12,Undirected,0.3843228180311123
2,13,Undirected,0.3070610204038753
3,4,Undirected,0.7584886843010642
3,5,Undirected,0.21769710800440303
3,6,Undirected,0.18141534892717512
3,12,Undirected,0.2124738973409051
3,13,Undirected,0.26344518871772543
4,5,Undirected,0.7341242479119275
4,6,Undirected,0.2921371150716015
4,12,Undirected,0.20312099865138208
4,13,Undirected,0.22389197253321116
5,6,Undirected,0.7627370491853362
5,7,Undirected,0.2864202852263393
5,11,Undirected,0.17136730905002223
5,12,Undirected,0.18431086005324854
5,13,Undirected,0.2018371139519393
6,7,Undirected,0.7422708070955167
6,8,Undirected,0.3589304476755162
6,11,Undirected,0.30495428271211944
6,12,Undirected,0.37313179627341836
6,13,Undirected,0.3304245111525158
7,8,Undirected,0.7502927208545419
7,9,Undirected,0.26826527709270126
7,10,Undirected,0.17664313589004546
7,11,Undirected,0.2677916249483003
7,12,Undirected,0.20542488082155377
7,13,Undirected,0.19609687961132058
8,9,Undirected,0.7197421745723601
8,10,Undirected,0.3031347527838459
8,11,Undirected,0.3469691537494687
8,12,Undirected,0.3933220740468445
8,13,Undirected,0.3344892072446674
9,10,Undirected,0.750480333436754
9,11,Undirected,0.3381584743756696
10,11,Undirected,0.7481690229280061
11,12,Undirected,0.40036490320013846
11,13,Undirected,0.2034735866863211
12,13,Undirected,0.3827592679844349
