Source,Target,Type,Weight
0,1,Undirected,0.7578158778201707
0,2,Undirected,0.3209582810493917
0,3,Undirected,0.3149923540659982
0,4,Undirected,0.3171008708377101
0,5,Undirected,0.35603036411609856
0,6,Undirected,0.32039112689372456
0,7,Undirected,0.26226597006770463
0,11,Undirected,0.3151235808727389
0,12,Undirected,0.4012405988172774
0,13,Undirected,0.1960670510062737
1,2,Undirected,0.7531392443476005
1,3,Undirected,0.2613319924995553
1,6,Undirected,0.1809258764951616
1,11,Undirected,0.3639390167798955
1,12,Undirected,0.22202988790579586
1,13,Undirected,0.1967219696436007
2,3,Undirected,0.7388779751489694
2,4,Undirected,0.31656796962858413
2,5,Undirected,0.16973655509947727
2,6,Undirected,0.20619789689456225
2,8,Undirected,0.17140951096087234
2,11,Undirected,0.26616289333758925
2,12,Undirected,0.3754047010615915
2,13,Undirected,0.35499158246807233
3,4,Undirected,0.7531610178895997
3,5,Undirected,0.30914041460729264
3,6,Undirected,0.1760615903933923
3,11,Undirected,0.17807015659443134
3,12,Undirected,0.20419047945454227
4,5,Undirected,0.7412276961904206
4,6,Undirected,0.34604390099340565
4,7,Undirected,0.20093080653452056
4,8,Undirected,0.1978787277197342
4,11,Undirected,0.1937079677479751
4,12,Undirected,0.36738907607380816
4,13,Undirected,0.28532689977105435
5,6,Undirected,0.7366085568427319
5,7,Undirected,0.21218784619044184
5,12,Undirected,0.18579110265981838
6,7,Undirected,0.7444051641716821
6,8,Undirected,0.3115837305354142
6,11,Undirected,0.2919609296325617
6,12,Undirected,0.38077883509731125
6,13,Undirected,0.2611661449845257
7,8,Undirected,0.7597364517825569
7,9,Undirected,0.24505476875085228
7,10,Undirected,0.16753511791236814
7,11,Undirected,0.2835137419844226
7,12,Undirected,0.21582767722958685
8,9,Undirected,0.742291956741709
8,10,Undirected,0.32301092751325333
8,11,Undirected,0.35185605717741464
8,12,Undirected,0.24855806473940867
8,13,Undirected,0.31511467908001295
9,10,Undirected,0.7466444600246176
9,11,Undirected,0.3164377575680028
10,11,Undirected,0.7492581426122187
11,12,Undirected,0.3676026855312464
11,13,Undirected,0.28695624569665246
12,13,Undirected,0.3398650102811033
