Source,Target,Type,Weight
0,1,Undirected,0.7446122491731568
0,2,Undirected,0.33031373592881996
0,3,Undirected,0.33761633899568433
0,4,Undirected,0.23736961463566802
0,5,Undirected,0.1957625565763657
0,6,Undirected,0.20364200485345588
0,11,Undirected,0.31412245049578547
0,12,Undirected,0.39156414992440486
0,13,Undirected,0.2079594606614734
1,2,Undirected,0.7261259048108241
1,3,Undirected,0.23084522525701823
1,8,Undirected,0.18515771389088106
1,10,Undirected,0.2210170621868691
1,11,Undirected,0.34969735529069007
1,12,Undirected,0.2103864590362009
1,13,Undirected,0.17107417906048825
2,3,Undirected,0.7279309005183745
2,4,Undirected,0.30074516870767537
2,5,Undirected,0.17995717552756368
2,6,Undirected,0.20006042398097493
2,8,Undirected,0.215770918719317
2,11,Undirected,0.29101015179929274
2,12,Undirected,0.380800822194158
2,13,Undirected,0.38251069702916335
3,4,Undirected,0.770280423090944
3,5,Undirected,0.34344996110878967
3,6,Undirected,0.18168426170409738
3,11,Undirected,0.1917560388944863
3,12,Undirected,0.23165473331756678
3,13,Undirected,0.18323316963243486
4,5,Undirected,0.7461454392497245
4,6,Undirected,0.3279818457924559
4,7,Undirected,0.19577986341400025
4,8,Undirected,0.17774129980410888
4,11,Undirected,0.20798963479389593
4,12,Undirected,0.38003866980159234
4,13,Undirected,0.35732322791301474
5,6,Undirected,0.7387165439729925
5,7,Undirected,0.210835474292654
5,12,Undirected,0.20828554882144448
6,7,Undirected,0.7581636777347408
6,8,Undirected,0.318810662463191
6,11,Undirected,0.31108770005071684
6,12,Undirected,0.3750825184330664
6,13,Undirected,0.29175347685951886
7,8,Undirected,0.7584026925864639
7,9,Undirected,0.2428200749133055
7,11,Undirected,0.2692553190601552
7,12,Undirected,0.21569870360795504
7,13,Undirected,0.19871762982773272
8,9,Undirected,0.7426583915422404
8,10,Undirected,0.3635735423287599
8,11,Undirected,0.3492788588852466
8,12,Undirected,0.22203684612797184
8,13,Undirected,0.28383224253514067
9,10,Undirected,0.7313895428989734
9,11,Undirected,0.320636100809429
10,11,Undirected,0.7461635580847295
11,12,Undirected,0.3933834953163652
11,13,Undirected,0.3093188112015442
12,13,Undirected,0.3836937405461431
