Source,Target,Type,Weight
0,1,Undirected,0.7441784543305998
0,2,Undirected,0.3192656782225513
0,3,Undirected,0.3172029117328513
0,4,Undirected,0.3346275742974547
0,5,Undirected,0.3808702918277461
0,6,Undirected,0.30762830632453797
0,7,Undirected,0.20178968803381508
0,11,Undirected,0.3079797843622226
0,12,Undirected,0.3895181701142346
0,13,Undirected,0.1971868357943858
1,2,Undirected,0.7386161811961492
1,3,Undirected,0.27419486428534073
1,4,Undirected,0.16731525550027984
1,6,Undirected,0.17520331761073413
1,10,Undirected,0.16949301580979623
1,11,Undirected,0.3613335325089599
1,12,Undirected,0.21899880003203814
2,3,Undirected,0.7590150023986683
2,4,Undirected,0.3007563826147015
2,6,Undirected,0.1966200491223853
2,10,Undirected,0.19078414697738666
2,11,Undirected,0.3170118096101884
2,12,Undirected,0.3747370151510007
2,13,Undirected,0.30729681049908886
3,4,Undirected,0.768866922796526
3,5,Undirected,0.28360953732599664
3,6,Undirected,0.17018004425334232
3,11,Undirected,0.19895780986571368
3,12,Undirected,0.20908103630877187
4,5,Undirected,0.7496779826651766
4,6,Undirected,0.3608697242007388
4,7,Undirected,0.20278259046667943
4,8,Undirected,0.16933446688499568
4,11,Undirected,0.1983897257273999
4,12,Undirected,0.3787281111649876
4,13,Undirected,0.2945318445268272
5,6,Undirected,0.7458945871610863
5,7,Undirected,0.2107806116797967
5,12,Undirected,0.1897967520952604
6,7,Undirected,0.752540762361479
6,8,Undirected,0.2472913419753644
6,11,Undirected,0.29219515800697776
6,12,Undirected,0.3863738741020959
6,13,Undirected,0.21478562271691595
7,8,Undirected,0.7083826039314411
7,9,Undirected,0.2254805279367006
7,11,Undirected,0.2773522647470749
7,12,Undirected,0.2153078427461146
7,13,Undirected,0.18068533624637526
8,9,Undirected,0.7557130213933805
8,10,Undirected,0.34129489321840706
8,11,Undirected,0.37235229786592966
8,12,Undirected,0.2147594044642346
8,13,Undirected,0.3176139455886628
9,10,Undirected,0.7378324304160896
9,11,Undirected,0.30560052891143785
10,11,Undirected,0.7628266626606317
10,12,Undirected,0.16693680821170861
10,13,Undirected,0.27808606584141954
11,12,Undirected,0.3828049611358827
11,13,Undirected,0.33522138113027433
12,13,Undirected,0.3777997059068585
