Source,Target,Type,Weight
0,1,Undirected,0.7721802551213528
0,2,Undirected,0.3428564048315871
0,3,Undirected,0.35498749635749477
0,4,Undirected,0.23202939755394347
0,5,Undirected,0.17873799326981335
0,6,Undirected,0.20535978590860027
0,11,Undirected,0.31018679745730343
0,12,Undirected,0.3863276808681998
0,13,Undirected,0.200568532800716
1,2,Undirected,0.7436844375274551
1,3,Undirected,0.25029125429138727
1,10,Undirected,0.1897065469614959
1,11,Undirected,0.3156760008119375
1,12,Undirected,0.21719376785025757
2,3,Undirected,0.7627788708108284
2,4,Undirected,0.33073800879711956
2,5,Undirected,0.17991603154419222
2,6,Undirected,0.2158329193490737
2,11,Undirected,0.3162392305312653
2,12,Undirected,0.3914323406815991
2,13,Undirected,0.3238281401698994
3,4,Undirected,0.7242000211511856
3,5,Undirected,0.299953043659099
3,6,Undirected,0.17116873655367873
3,11,Undirected,0.17487384271217093
3,12,Undirected,0.20976795664109524
4,5,Undirected,0.734418936199309
4,6,Undirected,0.3442780764113886
4,7,Undirected,0.1972540316102776
4,11,Undirected,0.20599835115035897
4,12,Undirected,0.38208631518670266
4,13,Undirected,0.37491364158583235
5,6,Undirected,0.7608794795482655
5,7,Undirected,0.21555612430016147
5,12,Undirected,0.20130948230447998
6,7,Undirected,0.7343228231878278
6,8,Undirected,0.2631450201030357
6,11,Undirected,0.3112471013782409
6,12,Undirected,0.39967806997499383
6,13,Undirected,0.3450531852624431
7,8,Undirected,0.7473919133387581
7,9,Undirected,0.23833777982344734
7,11,Undirected,0.28597842498945725
7,12,Undirected,0.2175224279759413
7,13,Undirected,0.21129694782169844
8,9,Undirected,0.7461225430794945
8,10,Undirected,0.30132780091334355
8,11,Undirected,0.34489381181674816
8,12,Undirected,0.2034427547082137
8,13,Undirected,0.24166731678952164
9,10,Undirected,0.7469766246565809
9,11,Undirected,0.2839972512358639
10,11,Undirected,0.7503559415197721
11,12,Undirected,0.39748633230386715
11,13,Undirected,0.3148016135528109
12,13,Undirected,0.3783678750166663
