Source,Target,Type,Weight
0,1,Undirected,0.7338683150037023
0,2,Undirected,0.20874991949725274
1,2,Undirected,0.7600868436854437
1,3,Undirected,0.20810676363454497
1,11,Undirected,0.19775210717557096
1,12,Undirected,0.16714615086409174
1,13,Undirected,0.1671512665911711
2,3,Undirected,0.7480620061715101
2,4,Undirected,0.36740095105626247
2,5,Undirected,0.3210440938253397
2,6,Undirected,0.1997201834473586
2,8,Undirected,0.24285018989462084
2,11,Undirected,0.28317241925006204
2,12,Undirected,0.36585684764335574
2,13,Undirected,0.3634268967013558
3,4,Undirected,0.7479782288841871
3,5,Undirected,0.2760808548907957
4,5,Undirected,0.7384737168012426
4,6,Undirected,0.32665964796523855
4,7,Undirected,0.1927538801429823
4,8,Undirected,0.33846035906960004
4,11,Undirected,0.1985139886369628
4,12,Undirected,0.3785395371412517
4,13,Undirected,0.21234438446513193
5,6,Undirected,0.7439314298890125
5,7,Undirected,0.21665502888885926
5,8,Undirected,0.1856681648302167
5,12,Undirected,0.21152103972454434
6,7,Undirected,0.7569462698238459
6,8,Undirected,0.37860859420740145
6,11,Undirected,0.3039175861910554
6,12,Undirected,0.38379973730748035
6,13,Undirected,0.18912749912928295
7,8,Undirected,0.7649424944090203
7,9,Undirected,0.2569605437317414
7,11,Undirected,0.2780417863731879
7,12,Undirected,0.21835002647705637
8,9,Undirected,0.7644059762227559
8,10,Undirected,0.21182191724231691
8,11,Undirected,0.3170131513887329
8,12,Undirected,0.35440651519942246
8,13,Undirected,0.2931843630402259
9,10,Undirected,0.7408198819242717
9,11,Undirected,0.3201479443434821
10,11,Undirected,0.7757539170282751
11,12,Undirected,0.3828048213848444
11,13,Undirected,0.2979314937929755
12,13,Undirected,0.35400515051133746
