Source,Target,Type,Weight
0,1,Undirected,0.7483137844430882
0,2,Undirected,0.30093626439603727
0,3,Undirected,0.23363961634632396
0,4,Undirected,0.1716489124820148
1,2,Undirected,0.7600856728798653
1,3,Undirected,0.24595586157007687
2,3,Undirected,0.7742174376238526
2,4,Undirected,0.2461436475656843
2,6,Undirected,0.21409528989790527
2,7,Undirected,0.31330081435874424
2,8,Undirected,0.21014488324276648
2,11,Undirected,0.3245762397077942
2,12,Undirected,0.39151911943146656
2,13,Undirected,0.20463403460377105
3,4,Undirected,0.7464972877807216
3,5,Undirected,0.20660006358131458
3,6,Undirected,0.29928731397758834
3,7,Undirected,0.27938960261075124
3,11,Undirected,0.2060242346317257
3,12,Undirected,0.38487494214447715
3,13,Undirected,0.2013360757345114
4,5,Undirected,0.7452743188981401
4,6,Undirected,0.3069232146069055
4,7,Undirected,0.22295230176517158
4,11,Undirected,0.22850211863968176
4,12,Undirected,0.3883991705861828
4,13,Undirected,0.28339501266333894
5,6,Undirected,0.741008742969076
5,7,Undirected,0.22733510266790982
5,12,Undirected,0.17459316580153433
5,13,Undirected,0.1794439557225681
6,7,Undirected,0.7420037815744484
6,8,Undirected,0.23037224115731855
6,9,Undirected,0.2413679518357942
6,11,Undirected,0.21414638116293785
6,12,Undirected,0.36496772610435196
6,13,Undirected,0.3482773106138578
7,8,Undirected,0.75605746233123
7,9,Undirected,0.2987726065749856
7,10,Undirected,0.17470705158857763
7,11,Undirected,0.3089349609406793
7,12,Undirected,0.3757855400248893
7,13,Undirected,0.32252352909287413
8,9,Undirected,0.7304160082906831
8,10,Undirected,0.33397764423002274
8,11,Undirected,0.24509205712696963
8,12,Undirected,0.20413172774324834
8,13,Undirected,0.21186362426825467
9,10,Undirected,0.7474984720075072
9,11,Undirected,0.26657289201027595
9,12,Undirected,0.1900958795149598
9,13,Undirected,0.35223336212692546
10,11,Undirected,0.777228161267787
10,12,Undirected,0.17019969786670913
10,13,Undirected,0.2414240523123513
11,12,Undirected,0.4119348742221413
11,13,Undirected,0.33375778134800044
12,13,Undirected,0.3693678349903191
