Source,Target,Type,Weight
0,1,Undirected,0.7524532791596671
0,2,Undirected,0.3167966012620491
0,3,Undirected,0.3515157325831299
0,4,Undirected,0.3561677430180388
0,5,Undirected,0.2963606106649302
0,6,Undirected,0.29905153915890187
0,7,Undirected,0.2698772829406745
0,8,Undirected,0.19378788962449642
0,11,Undirected,0.3238248649823847
0,12,Undirected,0.3755305416980146
0,13,Undirected,0.20665336179562743
1,2,Undirected,0.755626160425426
1,3,Undirected,0.27835283343177397
1,4,Undirected,0.16771838277774614
1,10,Undirected,0.2684623623718064
1,11,Undirected,0.36556552609599174
1,12,Undirected,0.20600919754083907
1,13,Undirected,0.18263171956767926
2,3,Undirected,0.74997704546375
2,4,Undirected,0.29731667403170325
2,5,Undirected,0.16781250212551097
2,6,Undirected,0.18343406897863143
2,8,Undirected,0.1681922504200291
2,11,Undirected,0.28768178144010853
2,12,Undirected,0.38365222150916417
2,13,Undirected,0.32845551426187675
3,4,Undirected,0.7439943748594247
3,5,Undirected,0.29306261918343607
3,6,Undirected,0.16710334556969186
3,11,Undirected,0.18333249847474395
3,12,Undirected,0.18542041584565652
4,5,Undirected,0.7415328356430448
4,6,Undirected,0.31900129561116
4,7,Undirected,0.1941621155600259
4,11,Undirected,0.20153542139136235
4,12,Undirected,0.39354099106968776
4,13,Undirected,0.19972006932650646
5,6,Undirected,0.7447335537719822
5,7,Undirected,0.2699028812586112
5,12,Undirected,0.20004294363652475
6,7,Undirected,0.7342226224307135
6,8,Undirected,0.3185129726915046
6,11,Undirected,0.289825485740362
6,12,Undirected,0.3464654372082692
6,13,Undirected,0.23348341469404923
7,8,Undirected,0.7583163090643599
7,9,Undirected,0.22371745157673636
7,11,Undirected,0.2688903410165818
7,12,Undirected,0.20380806772662505
7,13,Undirected,0.17745549464608953
8,9,Undirected,0.7350348489743423
8,10,Undirected,0.30533650062413276
8,11,Undirected,0.35326196173357016
8,12,Undirected,0.20925469319668205
8,13,Undirected,0.33621818192894926
9,10,Undirected,0.7445064456645095
9,11,Undirected,0.3226929816516867
10,11,Undirected,0.7782619038164726
10,13,Undirected,0.1945876992929565
11,12,Undirected,0.3502657659737881
11,13,Undirected,0.35063216219198606
12,13,Undirected,0.3823339861892086
