Source,Target,Type,Weight
0,1,Undirected,0.735253378892132
0,2,Undirected,0.30939435833649664
0,12,Undirected,0.3892899379835723
0,13,Undirected,0.35295799691920465
1,2,Undirected,0.7703029868381217
1,3,Undirected,0.21576095131234263
1,6,Undirected,0.26639800992117757
1,12,Undirected,0.206791233988769
2,3,Undirected,0.758208494392755
2,4,Undirected,0.22304712834607598
2,6,Undirected,0.2501180281894908
2,7,Undirected,0.27657258429313464
2,12,Undirected,0.40845075360226674
2,13,Undirected,0.3290212499846052
3,4,Undirected,0.741698516807741
3,5,Undirected,0.2761955341088944
3,6,Undirected,0.33384948634364836
3,7,Undirected,0.2655464129964215
3,8,Undirected,0.22313270507462965
4,5,Undirected,0.7243882588179114
4,6,Undirected,0.29671500728646416
4,7,Undirected,0.17109498893633296
4,8,Undirected,0.2113890205424593
5,6,Undirected,0.7237446533011381
5,7,Undirected,0.20803106372054397
5,8,Undirected,0.22847381402686143
6,7,Undirected,0.7191273232031286
6,8,Undirected,0.3211022701678415
7,8,Undirected,0.7477474714988737
7,9,Undirected,0.21006996615884907
7,11,Undirected,0.17515931493533773
8,9,Undirected,0.7382928382776212
8,10,Undirected,0.23532595949814233
9,10,Undirected,0.7293066837486637
9,11,Undirected,0.20873240434737084
10,11,Undirected,0.7529865944349814
12,13,Undirected,0.36357644178079906
