Source,Target,Type,Weight
0,1,Undirected,0.7588402598721915
0,2,Undirected,0.3465543517552648
0,3,Undirected,0.20426888096136753
0,4,Undirected,0.27054518902765273
0,5,Undirected,0.2180964956606935
0,11,Undirected,0.2762704870116504
0,12,Undirected,0.36985839083403194
0,13,Undirected,0.3331187094547312
1,2,Undirected,0.7571409153014959
1,3,Undirected,0.2556800566088504
1,4,Undirected,0.2124977302793702
1,5,Undirected,0.3197287457540295
1,6,Undirected,0.19947681319080604
1,7,Undirected,0.2582840259459952
1,11,Undirected,0.300991851993356
1,12,Undirected,0.2015924359771718
2,3,Undirected,0.762138109440297
2,4,Undirected,0.23021330016101688
2,5,Undirected,0.21825428996784704
2,11,Undirected,0.19605801438196793
2,12,Undirected,0.1831286870860583
2,13,Undirected,0.1798485436839917
3,4,Undirected,0.7513702690862475
3,5,Undirected,0.31997094990307734
3,6,Undirected,0.22974659921348442
3,11,Undirected,0.1814317343582056
3,12,Undirected,0.16778193161969754
4,5,Undirected,0.7467888315622717
4,6,Undirected,0.24749884373191763
4,10,Undirected,0.1697771328639286
4,11,Undirected,0.313656773235186
4,12,Undirected,0.34229319163389654
4,13,Undirected,0.34773196368595033
5,6,Undirected,0.7508195494657377
5,7,Undirected,0.2812798364537328
5,8,Undirected,0.17277139001109382
5,9,Undirected,0.20166414228128984
5,11,Undirected,0.3590484962830816
5,12,Undirected,0.23866554546374294
5,13,Undirected,0.18537730962325788
6,7,Undirected,0.7414732557305992
6,8,Undirected,0.36571450892870766
6,9,Undirected,0.25147705078490945
6,11,Undirected,0.17895932243077584
7,8,Undirected,0.7569461332177363
7,9,Undirected,0.2545287542030004
7,11,Undirected,0.2574097678146838
8,9,Undirected,0.7693676656042923
8,10,Undirected,0.21228121284462323
9,10,Undirected,0.7453145122777401
9,11,Undirected,0.3599194779297566
10,11,Undirected,0.74608159893941
11,12,Undirected,0.3839850826107738
11,13,Undirected,0.2022460510872951
12,13,Undirected,0.37916360437859736
