Source,Target,Type,Weight
0,1,Undirected,0.7505864986004473
0,2,Undirected,0.34910890459496896
0,3,Undirected,0.32362470433964396
0,4,Undirected,0.2987738409622584
0,5,Undirected,0.20033853516622643
0,6,Undirected,0.3132534547619065
0,7,Undirected,0.33094077496861457
0,8,Undirected,0.24092883108241467
0,9,Undirected,0.1717318710514052
0,12,Undirected,0.39111613414292423
0,13,Undirected,0.19984771888028588
1,2,Undirected,0.7778856138498856
1,3,Undirected,0.2596001296544913
1,7,Undirected,0.1953870021998777
1,8,Undirected,0.16896657798108516
1,9,Undirected,0.1819282440954814
1,10,Undirected,0.1772341825731338
1,12,Undirected,0.2042710098983901
2,3,Undirected,0.7617622348055432
2,4,Undirected,0.3675749157855236
2,5,Undirected,0.2083305932113984
2,6,Undirected,0.22090957163292693
2,7,Undirected,0.1895595081065842
2,9,Undirected,0.1817165974166053
2,12,Undirected,0.39262256326507994
2,13,Undirected,0.31189995771734336
3,4,Undirected,0.7500168759447735
3,5,Undirected,0.20973539751878106
3,12,Undirected,0.2064910081013046
4,5,Undirected,0.7390399326630829
4,6,Undirected,0.30875243831600635
4,7,Undirected,0.19100212928713828
4,12,Undirected,0.3131520448302076
4,13,Undirected,0.3053417909451391
5,6,Undirected,0.780181841365409
5,7,Undirected,0.2785285646731448
5,12,Undirected,0.20368379688029933
5,13,Undirected,0.2218214376943243
6,7,Undirected,0.7604372832020175
6,8,Undirected,0.22473702744079194
6,9,Undirected,0.18831328246040543
6,12,Undirected,0.38647181323688884
6,13,Undirected,0.2691720312666155
7,8,Undirected,0.7334525879740506
7,9,Undirected,0.30204357926665043
7,12,Undirected,0.3241621568189647
7,13,Undirected,0.1850241360916665
8,9,Undirected,0.7433349056131453
8,10,Undirected,0.23656206049684134
8,11,Undirected,0.21158448545363726
8,12,Undirected,0.18913311074902556
9,10,Undirected,0.7440126533295124
9,11,Undirected,0.23934804355430622
9,12,Undirected,0.2066053962363895
9,13,Undirected,0.18265667728123788
10,11,Undirected,0.7603494018166211
12,13,Undirected,0.3724686577110165
