Source,Target,Type,Weight
0,1,Undirected,0.7506919548353882
0,2,Undirected,0.26052711984540444
0,8,Undirected,0.2742192444284048
0,9,Undirected,0.25909765927111983
0,10,Undirected,0.2514778499087035
0,11,Undirected,0.28922931284537434
1,2,Undirected,0.7525384670176464
1,3,Undirected,0.26361344725838004
1,8,Undirected,0.22402940180793687
1,9,Undirected,0.34088212501925147
1,10,Undirected,0.18140786346522728
1,11,Undirected,0.18072074343659406
1,12,Undirected,0.1733069031226781
2,3,Undirected,0.7559081229092496
2,4,Undirected,0.1975228455770569
2,5,Undirected,0.16697448946890914
2,6,Undirected,0.3448399923571764
2,7,Undirected,0.20178617373213475
2,8,Undirected,0.29120892587173225
2,9,Undirected,0.18976085892732533
2,11,Undirected,0.2984863342094418
2,12,Undirected,0.38005278853262503
2,13,Undirected,0.28923721111131034
3,4,Undirected,0.7329794293066018
3,5,Undirected,0.24800308130659415
3,6,Undirected,0.29122611263190235
3,7,Undirected,0.1796039510347932
3,8,Undirected,0.17577762130018906
4,5,Undirected,0.7523043480093495
4,6,Undirected,0.27900548737541786
5,6,Undirected,0.7577915752656618
5,7,Undirected,0.24423310424212752
6,7,Undirected,0.7397688381118073
6,8,Undirected,0.2756443178964645
6,12,Undirected,0.17992319372179627
6,13,Undirected,0.19944188849124922
7,8,Undirected,0.7519667552234282
7,9,Undirected,0.2324765359272154
8,9,Undirected,0.7514554811470278
8,10,Undirected,0.20570693858950198
8,11,Undirected,0.1918881043122193
8,12,Undirected,0.1904558303004434
8,13,Undirected,0.27959461852032774
9,10,Undirected,0.7627378814117666
9,11,Undirected,0.28243876071837676
10,11,Undirected,0.7415547954511722
11,12,Undirected,0.39219603293572053
11,13,Undirected,0.37665213389309204
12,13,Undirected,0.37458470685244744
