Source,Target,Type,Weight
0,1,Undirected,0.7523040106699612
0,2,Undirected,0.35036202705076613
0,3,Undirected,0.29508631071124364
0,4,Undirected,0.3048126457411552
0,5,Undirected,0.20310107143787556
0,6,Undirected,0.28512271692330154
0,7,Undirected,0.31782564215411363
0,8,Undirected,0.2667721635727833
0,9,Undirected,0.2970171975647205
0,10,Undirected,0.2042068827045509
0,12,Undirected,0.38704970552118595
0,13,Undirected,0.2040705672945201
1,2,Undirected,0.740963318526035
1,3,Undirected,0.2839770424519647
1,7,Undirected,0.19065506952087316
1,8,Undirected,0.20715562650996813
1,9,Undirected,0.21665843107481136
1,10,Undirected,0.25239489994657605
1,11,Undirected,0.19090366717843713
1,12,Undirected,0.19870320734138555
2,3,Undirected,0.7452350567347691
2,4,Undirected,0.33590174633023506
2,5,Undirected,0.20283605573689437
2,6,Undirected,0.2056361196756656
2,7,Undirected,0.19007827086084714
2,9,Undirected,0.22944351016781203
2,10,Undirected,0.17838451146048048
2,12,Undirected,0.3874050930933283
2,13,Undirected,0.20143127825248316
3,4,Undirected,0.7214246295334206
3,5,Undirected,0.21321872479839735
3,12,Undirected,0.20140351847668922
4,5,Undirected,0.7523919990327602
4,6,Undirected,0.32432488440867385
4,7,Undirected,0.20162048046417996
4,9,Undirected,0.18394498575297163
4,12,Undirected,0.37215337499303486
4,13,Undirected,0.2180845432837845
5,6,Undirected,0.749868304314693
5,7,Undirected,0.24395110257441074
5,12,Undirected,0.21699676515108637
5,13,Undirected,0.1996825686705428
6,7,Undirected,0.7239351532982099
6,8,Undirected,0.21928100491804223
6,9,Undirected,0.22469590037382317
6,12,Undirected,0.38226941660746355
6,13,Undirected,0.32913673863414855
7,8,Undirected,0.7397066060764945
7,9,Undirected,0.31681409338328775
7,10,Undirected,0.19173358113353967
7,12,Undirected,0.33032619670972013
7,13,Undirected,0.2819649746095297
8,9,Undirected,0.7314485337080645
8,10,Undirected,0.26179350757963354
8,11,Undirected,0.2333970927529835
8,12,Undirected,0.18965298641560854
8,13,Undirected,0.20043967370365695
9,10,Undirected,0.7354941569803226
9,11,Undirected,0.2773993336284814
9,12,Undirected,0.36228188220905105
9,13,Undirected,0.36369334081015536
10,11,Undirected,0.7423525880280692
10,12,Undirected,0.21061649115058068
10,13,Undirected,0.22557911923385673
12,13,Undirected,0.3684645655283951
