Source,Target,Type,Weight
0,1,Undirected,0.7633789574207742
0,2,Undirected,0.3186701734559995
0,3,Undirected,0.31819708065855495
0,4,Undirected,0.2304655330093496
0,5,Undirected,0.1803618655100263
0,6,Undirected,0.2110373702282168
0,7,Undirected,0.170682445903202
0,11,Undirected,0.31529454073319235
0,12,Undirected,0.3878566573118673
0,13,Undirected,0.1969562555891796
1,2,Undirected,0.7541874915544405
1,3,Undirected,0.2558991022826693
1,11,Undirected,0.35537697053008166
1,12,Undirected,0.22705180899105468
1,13,Undirected,0.16749955113054402
2,3,Undirected,0.75947507308784
2,4,Undirected,0.3264508869068203
2,5,Undirected,0.19234011705758008
2,6,Undirected,0.20170002426572614
2,8,Undirected,0.16810481926474663
2,11,Undirected,0.2989204650534636
2,12,Undirected,0.39650998189269976
2,13,Undirected,0.36012105509710374
3,4,Undirected,0.7294597145765279
3,5,Undirected,0.3043620836450327
3,6,Undirected,0.1719474146337224
3,11,Undirected,0.1915803041950488
3,12,Undirected,0.23225372894155683
3,13,Undirected,0.16735222640532565
4,5,Undirected,0.7480818193087077
4,6,Undirected,0.33703292703211546
4,7,Undirected,0.1991588451599504
4,8,Undirected,0.18458193329972314
4,11,Undirected,0.21166016643539146
4,12,Undirected,0.4037311914991963
4,13,Undirected,0.40246404521702217
5,6,Undirected,0.7527103189661446
5,7,Undirected,0.21012208039647975
5,12,Undirected,0.2090084587974224
6,7,Undirected,0.74829349176357
6,8,Undirected,0.2750066271531199
6,11,Undirected,0.3056735575972156
6,12,Undirected,0.3647674767181899
6,13,Undirected,0.2638375567871695
7,8,Undirected,0.7445092208878099
7,9,Undirected,0.24316725761187638
7,11,Undirected,0.27994079888138584
7,12,Undirected,0.20946103997409543
7,13,Undirected,0.1947467143633075
8,9,Undirected,0.7195553559413569
8,10,Undirected,0.31810207090371073
8,11,Undirected,0.31920046459555534
8,12,Undirected,0.20445065691951944
8,13,Undirected,0.266730056568874
9,10,Undirected,0.7538204324627914
9,11,Undirected,0.26892287332945214
10,11,Undirected,0.7302000897450796
11,12,Undirected,0.3904645306745191
11,13,Undirected,0.3032669183054956
12,13,Undirected,0.3658121116199025
