node,degree_cent,bet_cent,clust_coeff,close_cent
0,0.38461538461538464,0.0,1.0,0.5909090909090909
1,0.46153846153846156,0.017908017908017906,0.8,0.65
2,0.9230769230769231,0.35005087505087507,0.3787878787878788,0.9285714285714286
3,0.5384615384615385,0.07017704517704518,0.5714285714285714,0.6842105263157895
4,0.3076923076923077,0.010856735856735857,0.8333333333333334,0.5909090909090909
5,0.3076923076923077,0.003205128205128205,0.8333333333333334,0.5
6,0.5384615384615385,0.07253764753764753,0.5238095238095238,0.6842105263157895
7,0.46153846153846156,0.0365995115995116,0.6666666666666666,0.65
8,0.38461538461538464,0.01673789173789174,0.7,0.6190476190476191
9,0.6153846153846154,0.06038868538868539,0.6071428571428571,0.7222222222222222
10,0.46153846153846156,0.012820512820512818,0.8,0.6190476190476191
11,0.46153846153846156,0.02564102564102564,0.7333333333333333,0.6190476190476191
12,0.23076923076923078,0.00641025641025641,0.6666666666666666,0.5416666666666666
13,0.23076923076923078,0.008974358974358974,0.6666666666666666,0.5652173913043478
