node,degree_cent,bet_cent,clust_coeff,close_cent
0,0.38461538461538464,0.004166666666666667,0.9,0.5909090909090909
1,0.46153846153846156,0.04084249084249083,0.6666666666666666,0.65
2,0.8461538461538463,0.33035714285714285,0.36363636363636365,0.8666666666666667
3,0.46153846153846156,0.05209096459096458,0.6,0.65
4,0.3076923076923077,0.013278388278388276,0.8333333333333334,0.5652173913043478
5,0.3076923076923077,0.003205128205128205,0.8333333333333334,0.48148148148148145
6,0.5384615384615385,0.06159951159951161,0.6190476190476191,0.6842105263157895
7,0.46153846153846156,0.04236874236874237,0.6666666666666666,0.65
8,0.38461538461538464,0.023717948717948717,0.7,0.6190476190476191
9,0.6153846153846154,0.07805250305250304,0.5714285714285714,0.7222222222222222
10,0.38461538461538464,0.012820512820512818,0.7,0.5652173913043478
11,0.5384615384615385,0.06826923076923076,0.5714285714285714,0.65
12,0.23076923076923078,0.0,1.0,0.5416666666666666
13,0.23076923076923078,0.0,1.0,0.5416666666666666
