node,degree_cent,bet_cent,clust_coeff,close_cent
0,0.23076923076923078,0.01103988603988604,0.6666666666666666,0.52
1,0.23076923076923078,0.00641025641025641,0.6666666666666666,0.48148148148148145
2,0.6923076923076923,0.1366096866096866,0.5,0.7647058823529411
3,0.46153846153846156,0.051709401709401706,0.6,0.65
4,0.6923076923076923,0.09494301994301993,0.5555555555555556,0.7647058823529411
5,0.38461538461538464,0.01225071225071225,0.7,0.6190476190476191
6,0.6923076923076923,0.12699430199430198,0.5,0.7647058823529411
7,0.6153846153846154,0.08311965811965812,0.4642857142857143,0.6842105263157895
8,0.38461538461538464,0.016025641025641024,0.7,0.5909090909090909
9,0.3076923076923077,0.005341880341880341,0.6666666666666666,0.5416666666666666
10,0.38461538461538464,0.008547008547008546,0.7,0.5652173913043478
11,0.6153846153846154,0.11196581196581197,0.5,0.7222222222222222
12,0.5384615384615385,0.021225071225071224,0.7142857142857143,0.6842105263157895
13,0.38461538461538464,0.006125356125356125,0.8,0.6190476190476191
