node,degree_cent,bet_cent,clust_coeff,close_cent
0,0.6153846153846154,0.010164835164835163,0.8571428571428571,0.7222222222222222
1,0.46153846153846156,0.023504273504273504,0.7333333333333333,0.65
2,0.6923076923076923,0.026617826617826613,0.75,0.7647058823529411
3,0.6153846153846154,0.02094017094017094,0.7857142857142857,0.7222222222222222
4,0.6923076923076923,0.021703296703296703,0.7777777777777778,0.7647058823529411
5,0.46153846153846156,0.007600732600732601,0.8,0.6190476190476191
6,0.6923076923076923,0.030982905982905987,0.7222222222222222,0.7647058823529411
7,0.5384615384615385,0.039957264957264954,0.6666666666666666,0.6842105263157895
8,0.5384615384615385,0.039957264957264954,0.6190476190476191,0.6842105263157895
9,0.3076923076923077,0.005341880341880341,0.8333333333333334,0.5909090909090909
10,0.3076923076923077,0.009615384615384616,0.6666666666666666,0.5652173913043478
11,0.9230769230769231,0.1749084249084249,0.5454545454545454,0.9285714285714286
12,0.8461538461538463,0.06572039072039072,0.6545454545454545,0.8666666666666667
13,0.6153846153846154,0.010164835164835165,0.8571428571428571,0.7222222222222222
