node,degree_cent,bet_cent,clust_coeff,close_cent
0,0.3076923076923077,0.004273504273504273,0.8333333333333334,0.40625
1,0.3076923076923077,0.019230769230769232,0.6666666666666666,0.41935483870967744
2,0.5384615384615385,0.3700854700854701,0.42857142857142855,0.5652173913043478
3,0.38461538461538464,0.08504273504273503,0.6,0.52
4,0.3076923076923077,0.014957264957264958,0.8333333333333334,0.5
5,0.3076923076923077,0.05042735042735043,0.6666666666666666,0.5
6,0.46153846153846156,0.41965811965811967,0.4666666666666667,0.6190476190476191
7,0.38461538461538464,0.2153846153846154,0.5,0.52
8,0.3076923076923077,0.1371794871794872,0.6666666666666666,0.5
9,0.3076923076923077,0.07051282051282051,0.6666666666666666,0.3939393939393939
10,0.3076923076923077,0.07051282051282051,0.6666666666666666,0.3939393939393939
11,0.15384615384615385,0.0,1.0,0.29545454545454547
12,0.3076923076923077,0.004273504273504273,0.8333333333333334,0.40625
13,0.23076923076923078,0.0,1.0,0.3939393939393939
