node,degree_cent,bet_cent,clust_coeff,close_cent
0,0.7692307692307693,0.08737281237281237,0.5777777777777777,0.8125
1,0.38461538461538464,0.013888888888888888,0.8,0.6190476190476191
2,0.6153846153846154,0.07272079772079772,0.5714285714285714,0.7222222222222222
3,0.38461538461538464,0.013888888888888888,0.7,0.5652173913043478
4,0.46153846153846156,0.01282051282051282,0.7333333333333333,0.5909090909090909
5,0.46153846153846156,0.024287749287749287,0.6666666666666666,0.6190476190476191
6,0.6153846153846154,0.05045787545787545,0.6428571428571429,0.7222222222222222
7,0.5384615384615385,0.0572039072039072,0.6190476190476191,0.6842105263157895
8,0.5384615384615385,0.05993080993080993,0.5714285714285714,0.6842105263157895
9,0.3076923076923077,0.006105006105006104,0.8333333333333334,0.5416666666666666
10,0.23076923076923078,0.0,1.0,0.5
11,0.7692307692307693,0.17627187627187624,0.5111111111111111,0.8125
12,0.6153846153846154,0.029700854700854696,0.6785714285714286,0.7222222222222222
13,0.5384615384615385,0.02355514855514855,0.7142857142857143,0.6842105263157895
