node,degree_cent,bet_cent,clust_coeff,close_cent
0,0.23076923076923078,0.0,1.0,0.4642857142857143
1,0.5384615384615385,0.08302808302808302,0.6190476190476191,0.6842105263157895
2,0.5384615384615385,0.08302808302808302,0.6190476190476191,0.6842105263157895
3,0.38461538461538464,0.041666666666666664,0.6,0.5416666666666666
4,0.6153846153846154,0.12985347985347984,0.5,0.7222222222222222
5,0.3076923076923077,0.020757020757020753,0.6666666666666666,0.52
6,0.38461538461538464,0.029624542124542127,0.7,0.5909090909090909
7,0.38461538461538464,0.029624542124542127,0.7,0.5909090909090909
8,0.7692307692307693,0.30966117216117217,0.4,0.8125
9,0.38461538461538464,0.035042735042735036,0.6,0.5652173913043478
10,0.23076923076923078,0.0,1.0,0.5
11,0.3076923076923077,0.01282051282051282,0.6666666666666666,0.52
12,0.46153846153846156,0.045405982905982904,0.6666666666666666,0.65
13,0.3076923076923077,0.0,1.0,0.5652173913043478
