node,degree_cent,bet_cent,clust_coeff,close_cent
0,0.23076923076923078,0.011217948717948718,0.6666666666666666,0.52
1,0.23076923076923078,0.00641025641025641,0.6666666666666666,0.48148148148148145
2,0.6923076923076923,0.21635725385725388,0.4166666666666667,0.7647058823529411
3,0.3076923076923077,0.019230769230769232,0.6666666666666666,0.5416666666666666
4,0.6153846153846154,0.08988233988233987,0.5714285714285714,0.7222222222222222
5,0.38461538461538464,0.020848595848595847,0.7,0.6190476190476191
6,0.6153846153846154,0.10798368298368297,0.5357142857142857,0.7222222222222222
7,0.6153846153846154,0.07778887778887777,0.5714285714285714,0.6842105263157895
8,0.38461538461538464,0.02469474969474969,0.6,0.5652173913043478
9,0.3076923076923077,0.003729603729603729,0.8333333333333334,0.52
10,0.38461538461538464,0.012373737373737372,0.7,0.5416666666666666
11,0.6153846153846154,0.12134948384948384,0.5357142857142857,0.7222222222222222
12,0.5384615384615385,0.05736346986346986,0.6190476190476191,0.6842105263157895
13,0.23076923076923078,0.0,1.0,0.5416666666666666
