node,degree_cent,bet_cent,clust_coeff,close_cent
0,0.6923076923076923,0.037872312872312866,0.7222222222222222,0.7647058823529411
1,0.38461538461538464,0.005154105154105154,0.9,0.6190476190476191
2,0.5384615384615385,0.016718466718466718,0.8095238095238095,0.6842105263157895
3,0.46153846153846156,0.01645299145299145,0.7333333333333333,0.5909090909090909
4,0.6923076923076923,0.0434990934990935,0.6944444444444444,0.7647058823529411
5,0.38461538461538464,0.012917637917637918,0.7,0.5909090909090909
6,0.6153846153846154,0.020370370370370372,0.7857142857142857,0.7222222222222222
7,0.5384615384615385,0.04186091686091686,0.6666666666666666,0.6842105263157895
8,0.7692307692307693,0.10494690494690495,0.6,0.8125
9,0.3076923076923077,0.005698005698005697,0.8333333333333334,0.5652173913043478
10,0.23076923076923078,0.0,1.0,0.52
11,0.8461538461538463,0.1539044289044289,0.5454545454545454,0.8666666666666667
12,0.8461538461538463,0.0871859621859622,0.6181818181818182,0.8666666666666667
13,0.5384615384615385,0.0047008547008547015,0.9047619047619048,0.6842105263157895
