node,degree_cent,bet_cent,clust_coeff,close_cent
0,0.6153846153846154,0.028952991452991458,0.7142857142857143,0.7222222222222222
1,0.3076923076923077,0.005448717948717949,0.8333333333333334,0.5909090909090909
2,0.7692307692307693,0.06047008547008547,0.6666666666666666,0.8125
3,0.46153846153846156,0.010683760683760682,0.8,0.5909090909090909
4,0.6923076923076923,0.032692307692307694,0.75,0.7647058823529411
5,0.5384615384615385,0.02051282051282051,0.7142857142857143,0.65
6,0.6153846153846154,0.013247863247863246,0.8214285714285714,0.7222222222222222
7,0.5384615384615385,0.03824786324786325,0.6666666666666666,0.6842105263157895
8,0.6923076923076923,0.08023504273504276,0.6388888888888888,0.7647058823529411
9,0.3076923076923077,0.005341880341880341,0.8333333333333334,0.5652173913043478
10,0.23076923076923078,0.0,1.0,0.52
11,0.8461538461538463,0.18258547008547008,0.5272727272727272,0.8666666666666667
12,0.7692307692307693,0.04786324786324786,0.7111111111111111,0.8125
13,0.6153846153846154,0.012179487179487178,0.8214285714285714,0.7222222222222222
