node,degree_cent,bet_cent,clust_coeff,close_cent
0,0.3076923076923077,0.004273504273504273,0.8333333333333334,0.4482758620689655
1,0.3076923076923077,0.017948717948717947,0.6666666666666666,0.4642857142857143
2,0.6153846153846154,0.41520146520146517,0.35714285714285715,0.65
3,0.38461538461538464,0.05384615384615385,0.6,0.52
4,0.3076923076923077,0.011538461538461539,0.8333333333333334,0.5
5,0.38461538461538464,0.0612026862026862,0.6,0.52
6,0.46153846153846156,0.12124542124542122,0.6,0.6190476190476191
7,0.38461538461538464,0.2556471306471306,0.5,0.6190476190476191
8,0.38461538461538464,0.15695970695970696,0.5,0.52
9,0.3076923076923077,0.14481074481074485,0.5,0.4642857142857143
10,0.23076923076923078,0.022283272283272284,0.6666666666666666,0.38235294117647056
11,0.15384615384615385,0.0,1.0,0.3333333333333333
12,0.3076923076923077,0.004273504273504273,0.8333333333333334,0.4482758620689655
13,0.23076923076923078,0.0,1.0,0.43333333333333335
