node,degree_cent,bet_cent,clust_coeff,close_cent
0,0.15384615384615385,0.0,1.0,0.41935483870967744
1,0.23076923076923078,0.00641025641025641,0.6666666666666666,0.43333333333333335
2,0.5384615384615385,0.22179487179487176,0.42857142857142855,0.65
3,0.38461538461538464,0.06025641025641027,0.6,0.5909090909090909
4,0.7692307692307693,0.29172771672771675,0.4222222222222222,0.8125
5,0.46153846153846156,0.09041514041514041,0.6,0.65
6,0.3076923076923077,0.0,1.0,0.5416666666666666
7,0.5384615384615385,0.05409035409035408,0.6190476190476191,0.6190476190476191
8,0.46153846153846156,0.03806471306471306,0.6666666666666666,0.5909090909090909
9,0.3076923076923077,0.003205128205128205,0.8333333333333334,0.4642857142857143
10,0.38461538461538464,0.013156288156288155,0.8,0.5652173913043478
11,0.46153846153846156,0.07203907203907203,0.5333333333333333,0.5909090909090909
12,0.38461538461538464,0.031105006105006102,0.7,0.6190476190476191
13,0.3076923076923077,0.01517094017094017,0.8333333333333334,0.5909090909090909
