node,degree_cent,bet_cent,clust_coeff,close_cent
0,0.23076923076923078,0.0,1.0,0.5
1,0.23076923076923078,0.0,1.0,0.5
2,0.7692307692307693,0.28639601139601145,0.4666666666666667,0.8125
3,0.38461538461538464,0.03205128205128205,0.6,0.5652173913043478
4,0.6923076923076923,0.08233618233618233,0.6388888888888888,0.7647058823529411
5,0.38461538461538464,0.021367521367521364,0.7,0.5909090909090909
6,0.5384615384615385,0.017806267806267807,0.8095238095238095,0.6842105263157895
7,0.5384615384615385,0.0438034188034188,0.6666666666666666,0.6190476190476191
8,0.6923076923076923,0.1150997150997151,0.6111111111111112,0.7647058823529411
9,0.3076923076923077,0.005698005698005697,0.8333333333333334,0.52
10,0.23076923076923078,0.0,1.0,0.48148148148148145
11,0.6923076923076923,0.1150997150997151,0.6111111111111112,0.7647058823529411
12,0.5384615384615385,0.011111111111111112,0.8571428571428571,0.6842105263157895
13,0.38461538461538464,0.0,1.0,0.6190476190476191
