node,degree_cent,bet_cent,clust_coeff,close_cent
0,0.23076923076923078,0.00641025641025641,0.6666666666666666,0.43333333333333335
1,0.3076923076923077,0.024572649572649572,0.6666666666666666,0.5
2,0.6153846153846154,0.24754273504273508,0.39285714285714285,0.65
3,0.46153846153846156,0.03771367521367521,0.6666666666666666,0.5909090909090909
4,0.3076923076923077,0.007905982905982904,0.8333333333333334,0.5
5,0.38461538461538464,0.03258547008547009,0.7,0.5416666666666666
6,0.5384615384615385,0.12980769230769232,0.5714285714285714,0.65
7,0.5384615384615385,0.2987179487179487,0.42857142857142855,0.6842105263157895
8,0.38461538461538464,0.1485042735042735,0.5,0.5652173913043478
9,0.3076923076923077,0.14893162393162393,0.5,0.5
10,0.23076923076923078,0.020726495726495726,0.6666666666666666,0.40625
11,0.15384615384615385,0.0,1.0,0.35135135135135137
12,0.23076923076923078,0.00641025641025641,0.6666666666666666,0.43333333333333335
13,0.23076923076923078,0.0311965811965812,0.6666666666666666,0.52
