node,degree_cent,bet_cent,clust_coeff,close_cent
0,0.3076923076923077,0.016254578754578752,0.6666666666666666,0.5909090909090909
1,0.6153846153846154,0.08058608058608056,0.5714285714285714,0.7222222222222222
2,0.46153846153846156,0.022435897435897436,0.6666666666666666,0.5909090909090909
3,0.38461538461538464,0.030448717948717948,0.6,0.5652173913043478
4,0.6923076923076923,0.17384004884004883,0.4444444444444444,0.7647058823529411
5,0.3076923076923077,0.014957264957264954,0.6666666666666666,0.5416666666666666
6,0.3076923076923077,0.009081196581196582,0.8333333333333334,0.5909090909090909
7,0.38461538461538464,0.04540598290598291,0.6,0.6190476190476191
8,0.6923076923076923,0.22794566544566544,0.3611111111111111,0.7647058823529411
9,0.3076923076923077,0.017628205128205128,0.6666666666666666,0.5416666666666666
10,0.23076923076923078,0.0,1.0,0.5
11,0.46153846153846156,0.07013125763125762,0.5333333333333333,0.6190476190476191
12,0.46153846153846156,0.02235958485958486,0.7333333333333333,0.65
13,0.38461538461538464,0.012515262515262514,0.8,0.6190476190476191
