node,degree_cent,bet_cent,clust_coeff,close_cent
0,0.5384615384615385,0.022222222222222223,0.7619047619047619,0.65
1,0.6153846153846154,0.06987179487179487,0.6428571428571429,0.7222222222222222
2,0.38461538461538464,0.00641025641025641,0.8,0.5416666666666666
3,0.3076923076923077,0.003846153846153846,0.8333333333333334,0.5416666666666666
4,0.6923076923076923,0.1177350427350427,0.5555555555555556,0.7647058823529411
5,0.6923076923076923,0.12735042735042734,0.5,0.7647058823529411
6,0.3076923076923077,0.04145299145299145,0.5,0.5909090909090909
7,0.46153846153846156,0.06410256410256408,0.5333333333333333,0.65
8,0.3076923076923077,0.021367521367521364,0.5,0.48148148148148145
9,0.38461538461538464,0.03461538461538461,0.6,0.5909090909090909
10,0.23076923076923078,0.010683760683760684,0.6666666666666666,0.52
11,0.6923076923076923,0.18888888888888888,0.5,0.7647058823529411
12,0.5384615384615385,0.022222222222222223,0.7619047619047619,0.65
13,0.3076923076923077,0.0,1.0,0.5652173913043478
