node,degree_cent,bet_cent,clust_coeff,close_cent
0,0.6923076923076923,0.03600427350427351,0.7222222222222222,0.7222222222222222
1,0.46153846153846156,0.0641025641025641,0.6,0.65
2,0.6153846153846154,0.020085470085470084,0.75,0.65
3,0.46153846153846156,0.01730769230769231,0.6666666666666666,0.5909090909090909
4,0.6153846153846154,0.016239316239316237,0.7857142857142857,0.65
5,0.38461538461538464,0.004700854700854701,0.8,0.5652173913043478
6,0.6153846153846154,0.024252136752136753,0.7857142857142857,0.6842105263157895
7,0.7692307692307693,0.15341880341880343,0.6,0.8125
8,0.6153846153846154,0.16816239316239318,0.5357142857142857,0.7222222222222222
9,0.38461538461538464,0.14316239316239315,0.5,0.6190476190476191
10,0.23076923076923078,0.022435897435897436,0.6666666666666666,0.48148148148148145
11,0.15384615384615385,0.0,1.0,0.40625
12,0.6923076923076923,0.039636752136752135,0.7222222222222222,0.7222222222222222
13,0.5384615384615385,0.008440170940170938,0.9047619047619048,0.65
