node,degree_cent,bet_cent,clust_coeff,close_cent
0,0.38461538461538464,0.036996336996337,0.7,0.5416666666666666
1,0.3076923076923077,0.2192307692307692,0.5,0.5652173913043478
2,0.46153846153846156,0.2902930402930403,0.4,0.5416666666666666
3,0.38461538461538464,0.036996336996337,0.7,0.5416666666666666
4,0.38461538461538464,0.11062271062271063,0.6,0.5416666666666666
5,0.38461538461538464,0.10366300366300366,0.5,0.5416666666666666
6,0.3076923076923077,0.09423076923076923,0.5,0.52
7,0.38461538461538464,0.08836996336996336,0.5,0.5
8,0.38461538461538464,0.057387057387057384,0.6,0.4642857142857143
9,0.38461538461538464,0.2111416361416361,0.5,0.5416666666666666
10,0.23076923076923078,0.0,1.0,0.40625
11,0.3076923076923077,0.007478632478632477,0.8333333333333334,0.43333333333333335
12,0.15384615384615385,0.0,1.0,0.37142857142857144
13,0.15384615384615385,0.0,1.0,0.37142857142857144
