node,degree_cent,bet_cent,clust_coeff,close_cent
0,0.38461538461538464,0.03888888888888889,0.6,0.5652173913043478
1,0.23076923076923078,0.0,1.0,0.48148148148148145
2,0.5384615384615385,0.13878205128205126,0.5238095238095238,0.6842105263157895
3,0.38461538461538464,0.03205128205128205,0.6,0.5416666666666666
4,0.6923076923076923,0.17232905982905983,0.4444444444444444,0.7647058823529411
5,0.3076923076923077,0.015384615384615387,0.6666666666666666,0.5416666666666666
6,0.3076923076923077,0.009615384615384616,0.8333333333333334,0.5652173913043478
7,0.46153846153846156,0.09423076923076923,0.4666666666666667,0.65
8,0.6923076923076923,0.23856837606837608,0.4166666666666667,0.7647058823529411
9,0.3076923076923077,0.02297008547008547,0.6666666666666666,0.5416666666666666
10,0.23076923076923078,0.0,1.0,0.48148148148148145
11,0.38461538461538464,0.02564102564102564,0.6,0.52
12,0.38461538461538464,0.022435897435897436,0.8,0.6190476190476191
13,0.38461538461538464,0.022435897435897436,0.8,0.6190476190476191
