node,degree_cent,bet_cent,clust_coeff,close_cent
0,0.7692307692307693,0.056310946469317516,0.6888888888888889,0.7647058823529411
1,0.38461538461538464,0.013850214642069845,0.8,0.5909090909090909
2,0.6923076923076923,0.047000812159183204,0.6944444444444444,0.7222222222222222
3,0.46153846153846156,0.01111111111111111,0.8,0.5416666666666666
4,0.5384615384615385,0.009341073707589543,0.8571428571428571,0.6190476190476191
5,0.5384615384615385,0.009341073707589543,0.8571428571428571,0.6190476190476191
6,0.5384615384615385,0.014529914529914529,0.8095238095238095,0.65
7,0.6923076923076923,0.11053320736578656,0.6944444444444444,0.7647058823529411
8,0.6923076923076923,0.19065561135696885,0.5555555555555556,0.7647058823529411
9,0.38461538461538464,0.13159879336349925,0.5,0.5909090909090909
10,0.23076923076923078,0.02652086475615887,0.6666666666666666,0.5
11,0.15384615384615385,0.0,1.0,0.3939393939393939
12,0.6923076923076923,0.037721202879573916,0.75,0.7222222222222222
13,0.6153846153846154,0.05943389189995524,0.6785714285714286,0.7222222222222222
