node,degree_cent,bet_cent,clust_coeff,close_cent
0,0.7692307692307693,0.0629323291087997,0.6888888888888889,0.7647058823529411
1,0.38461538461538464,0.02917164534811593,0.6,0.5909090909090909
2,0.6153846153846154,0.02329059829059829,0.7142857142857143,0.5909090909090909
3,0.46153846153846156,0.008974358974358974,0.8,0.5416666666666666
4,0.6153846153846154,0.016892176450999982,0.8214285714285714,0.65
5,0.5384615384615385,0.011550296109119637,0.8571428571428571,0.6190476190476191
6,0.6153846153846154,0.023965740142210725,0.8214285714285714,0.6842105263157895
7,0.6923076923076923,0.16399115590292057,0.5833333333333334,0.7647058823529411
8,0.6153846153846154,0.22553875862699393,0.5,0.7222222222222222
9,0.3076923076923077,0.11709173179761415,0.5,0.5416666666666666
10,0.23076923076923078,0.035045020339137985,0.6666666666666666,0.48148148148148145
11,0.15384615384615385,0.0,1.0,0.37142857142857144
12,0.6923076923076923,0.047547713724184315,0.75,0.7222222222222222
13,0.5384615384615385,0.01605975723622782,0.8571428571428571,0.65
