node,degree_cent,bet_cent,clust_coeff,close_cent
0,0.7692307692307693,0.08879731379731379,0.6,0.8125
1,0.3076923076923077,0.009401709401709401,0.8333333333333334,0.5909090909090909
2,0.5384615384615385,0.03141025641025641,0.7142857142857143,0.6842105263157895
3,0.38461538461538464,0.013888888888888888,0.7,0.5416666666666666
4,0.6153846153846154,0.043070818070818064,0.6785714285714286,0.7222222222222222
5,0.38461538461538464,0.016666666666666663,0.7,0.5909090909090909
6,0.6153846153846154,0.030158730158730152,0.75,0.7222222222222222
7,0.6153846153846154,0.06211843711843713,0.6428571428571429,0.7222222222222222
8,0.5384615384615385,0.03998778998778998,0.6666666666666666,0.65
9,0.3076923076923077,0.006105006105006104,0.8333333333333334,0.5652173913043478
10,0.23076923076923078,0.0,1.0,0.52
11,0.8461538461538463,0.21993284493284493,0.509090909090909,0.8666666666666667
12,0.6153846153846154,0.020512820512820506,0.7857142857142857,0.7222222222222222
13,0.6153846153846154,0.020512820512820506,0.7857142857142857,0.7222222222222222
