node,degree_cent,bet_cent,clust_coeff,close_cent
0,0.15384615384615385,0.0,1.0,0.4642857142857143
1,0.23076923076923078,0.00641025641025641,0.6666666666666666,0.48148148148148145
2,0.6923076923076923,0.2694444444444445,0.4722222222222222,0.7647058823529411
3,0.38461538461538464,0.026068376068376066,0.7,0.5652173913043478
4,0.6153846153846154,0.04408831908831908,0.7142857142857143,0.7222222222222222
5,0.5384615384615385,0.046866096866096864,0.6666666666666666,0.65
6,0.5384615384615385,0.015170940170940174,0.7619047619047619,0.6190476190476191
7,0.46153846153846156,0.03141025641025641,0.6666666666666666,0.5909090909090909
8,0.6153846153846154,0.10890313390313391,0.5714285714285714,0.7222222222222222
9,0.3076923076923077,0.005341880341880341,0.8333333333333334,0.52
10,0.23076923076923078,0.0,1.0,0.48148148148148145
11,0.6923076923076923,0.14608262108262107,0.5555555555555556,0.7647058823529411
12,0.6153846153846154,0.029843304843304844,0.75,0.7222222222222222
13,0.5384615384615385,0.026780626780626777,0.7619047619047619,0.6842105263157895
