node,degree_cent,bet_cent,clust_coeff,close_cent
0,0.3076923076923077,0.021214896214896212,0.6666666666666666,0.5
1,0.23076923076923078,0.004273504273504273,0.6666666666666666,0.43333333333333335
2,0.6153846153846154,0.1050650738150738,0.5357142857142857,0.65
3,0.46153846153846156,0.055135836385836384,0.6,0.5909090909090909
4,0.6923076923076923,0.271491008991009,0.5,0.7647058823529411
5,0.5384615384615385,0.08826035076035076,0.5714285714285714,0.65
6,0.5384615384615385,0.08513153513153512,0.5714285714285714,0.65
7,0.46153846153846156,0.07626609501609502,0.6666666666666666,0.6190476190476191
8,0.46153846153846156,0.07626609501609502,0.6666666666666666,0.6190476190476191
9,0.3076923076923077,0.02773892773892774,0.6666666666666666,0.4482758620689655
10,0.38461538461538464,0.13039599289599288,0.6,0.5652173913043478
11,0.15384615384615385,0.0,1.0,0.38235294117647056
12,0.38461538461538464,0.007478632478632477,0.8,0.5652173913043478
13,0.3076923076923077,0.0,1.0,0.5416666666666666
