node,degree_cent,bet_cent,clust_coeff,close_cent
0,0.38461538461538464,0.0,1.0,0.5652173913043478
1,0.46153846153846156,0.04618945868945868,0.7333333333333333,0.65
2,0.7692307692307693,0.2791666666666666,0.4444444444444444,0.8125
3,0.38461538461538464,0.09166666666666667,0.5,0.5909090909090909
4,0.23076923076923078,0.0,1.0,0.4482758620689655
5,0.3076923076923077,0.010683760683760682,0.6666666666666666,0.4642857142857143
6,0.5384615384615385,0.12574786324786322,0.5238095238095238,0.65
7,0.38461538461538464,0.03899572649572649,0.7,0.5909090909090909
8,0.38461538461538464,0.014316239316239316,0.8,0.5909090909090909
9,0.6153846153846154,0.09515669515669514,0.6071428571428571,0.7222222222222222
10,0.46153846153846156,0.016025641025641024,0.8,0.5909090909090909
11,0.5384615384615385,0.13568376068376067,0.5714285714285714,0.6190476190476191
12,0.23076923076923078,0.03098290598290598,0.6666666666666666,0.52
13,0.15384615384615385,0.0,1.0,0.40625
