node,degree_cent,bet_cent,clust_coeff,close_cent
0,0.38461538461538464,0.003205128205128205,0.9,0.5652173913043478
1,0.38461538461538464,0.03388278388278388,0.7,0.6190476190476191
2,0.7692307692307693,0.30280830280830284,0.4222222222222222,0.8125
3,0.46153846153846156,0.13156288156288157,0.4666666666666667,0.65
4,0.23076923076923078,0.0,1.0,0.4482758620689655
5,0.3076923076923077,0.012515262515262512,0.6666666666666666,0.48148148148148145
6,0.46153846153846156,0.1005799755799756,0.5333333333333333,0.65
7,0.3076923076923077,0.03571428571428571,0.5,0.5416666666666666
8,0.46153846153846156,0.06028693528693529,0.5333333333333333,0.65
9,0.5384615384615385,0.08653846153846154,0.5714285714285714,0.65
10,0.46153846153846156,0.027777777777777776,0.6666666666666666,0.5909090909090909
11,0.5384615384615385,0.047008547008547,0.6190476190476191,0.6190476190476191
12,0.23076923076923078,0.0,1.0,0.5
13,0.3076923076923077,0.004273504273504273,0.8333333333333334,0.52
