node,degree_cent,bet_cent,clust_coeff,close_cent
0,0.23076923076923078,0.013888888888888888,0.6666666666666666,0.5416666666666666
1,0.23076923076923078,0.008974358974358974,0.6666666666666666,0.52
2,0.7692307692307693,0.29266381766381766,0.35555555555555557,0.8125
3,0.38461538461538464,0.0353988603988604,0.6,0.5652173913043478
4,0.3076923076923077,0.007193732193732194,0.8333333333333334,0.5416666666666666
5,0.3076923076923077,0.012820512820512818,0.6666666666666666,0.52
6,0.6153846153846154,0.12578347578347576,0.4642857142857143,0.7222222222222222
7,0.38461538461538464,0.06452991452991452,0.5,0.6190476190476191
8,0.5384615384615385,0.1054131054131054,0.5238095238095238,0.6842105263157895
9,0.3076923076923077,0.01638176638176638,0.6666666666666666,0.52
10,0.23076923076923078,0.0,1.0,0.48148148148148145
11,0.5384615384615385,0.125,0.42857142857142855,0.65
12,0.3076923076923077,0.004629629629629629,0.8333333333333334,0.5909090909090909
13,0.38461538461538464,0.007834757834757835,0.8,0.6190476190476191
