node,degree_cent,bet_cent,clust_coeff,close_cent
0,0.6153846153846154,0.01730769230769231,0.7857142857142857,0.7222222222222222
1,0.46153846153846156,0.03438228438228438,0.6666666666666666,0.65
2,0.6153846153846154,0.027991452991452993,0.7142857142857143,0.7222222222222222
3,0.5384615384615385,0.018473193473193473,0.7619047619047619,0.65
4,0.6153846153846154,0.017404817404817405,0.7857142857142857,0.7222222222222222
5,0.46153846153846156,0.010470085470085468,0.8,0.6190476190476191
6,0.6153846153846154,0.026476301476301475,0.7142857142857143,0.7222222222222222
7,0.5384615384615385,0.04388111888111888,0.6666666666666666,0.6842105263157895
8,0.5384615384615385,0.04516317016317016,0.5714285714285714,0.6842105263157895
9,0.3076923076923077,0.005439005439005438,0.8333333333333334,0.5652173913043478
10,0.3076923076923077,0.010683760683760686,0.6666666666666666,0.5652173913043478
11,0.8461538461538463,0.15604118104118103,0.5272727272727272,0.8666666666666667
12,0.8461538461538463,0.08020590520590522,0.6181818181818182,0.8666666666666667
13,0.6923076923076923,0.031721056721056726,0.7222222222222222,0.7647058823529411
