node,degree_cent,bet_cent,clust_coeff,close_cent
0,0.3076923076923077,0.008547008547008546,0.6666666666666666,0.38235294117647056
1,0.23076923076923078,0.005036630036630035,0.6666666666666666,0.38235294117647056
2,0.46153846153846156,0.07738095238095237,0.6666666666666666,0.52
3,0.46153846153846156,0.1056166056166056,0.5333333333333333,0.52
4,0.5384615384615385,0.4221611721611721,0.47619047619047616,0.65
5,0.3076923076923077,0.0641025641025641,0.6666666666666666,0.5416666666666666
6,0.3076923076923077,0.07692307692307693,0.6666666666666666,0.5416666666666666
7,0.46153846153846156,0.34615384615384615,0.4666666666666667,0.5909090909090909
8,0.38461538461538464,0.0811965811965812,0.6,0.4482758620689655
9,0.3076923076923077,0.029914529914529916,0.8333333333333334,0.43333333333333335
10,0.23076923076923078,0.0,1.0,0.3333333333333333
11,0.3076923076923077,0.029914529914529916,0.8333333333333334,0.43333333333333335
12,0.38461538461538464,0.03678266178266177,0.8,0.5
13,0.38461538461538464,0.03678266178266177,0.8,0.5
