node,degree_cent,bet_cent,clust_coeff,close_cent
0,0.38461538461538464,0.008547008547008546,0.8,0.4482758620689655
1,0.23076923076923078,0.0,1.0,0.41935483870967744
2,0.46153846153846156,0.06382275132275132,0.7333333333333333,0.5909090909090909
3,0.5384615384615385,0.1382326007326007,0.5714285714285714,0.6190476190476191
4,0.6923076923076923,0.43114570614570613,0.4166666666666667,0.7647058823529411
5,0.38461538461538464,0.05817053317053317,0.7,0.6190476190476191
6,0.3076923076923077,0.0,1.0,0.5416666666666666
7,0.46153846153846156,0.05297619047619046,0.6666666666666666,0.5909090909090909
8,0.5384615384615385,0.13189356939356936,0.5714285714285714,0.6190476190476191
9,0.3076923076923077,0.004273504273504273,0.8333333333333334,0.43333333333333335
10,0.23076923076923078,0.0,1.0,0.41935483870967744
11,0.38461538461538464,0.07154049654049655,0.7,0.5652173913043478
12,0.38461538461538464,0.019698819698819703,0.9,0.5652173913043478
13,0.38461538461538464,0.019698819698819703,0.9,0.5652173913043478
