node,degree_cent,bet_cent,clust_coeff,close_cent
0,0.6153846153846154,0.03858363858363858,0.6785714285714286,0.7222222222222222
1,0.3076923076923077,0.015740740740740743,0.6666666666666666,0.5909090909090909
2,0.5384615384615385,0.0396011396011396,0.6666666666666666,0.6842105263157895
3,0.3076923076923077,0.01282051282051282,0.5,0.52
4,0.6923076923076923,0.07654660154660156,0.6388888888888888,0.7647058823529411
5,0.38461538461538464,0.019301994301994304,0.7,0.5909090909090909
6,0.6923076923076923,0.05366300366300367,0.6666666666666666,0.7647058823529411
7,0.6923076923076923,0.08441188441188442,0.6111111111111112,0.7647058823529411
8,0.46153846153846156,0.0293040293040293,0.6666666666666666,0.6190476190476191
9,0.3076923076923077,0.006105006105006104,0.8333333333333334,0.5652173913043478
10,0.23076923076923078,0.0,1.0,0.52
11,0.8461538461538463,0.2359584859584859,0.4909090909090909,0.8666666666666667
12,0.5384615384615385,0.008333333333333333,0.8571428571428571,0.6842105263157895
13,0.46153846153846156,0.007834757834757835,0.8666666666666667,0.65
