node,degree_cent,bet_cent,clust_coeff,close_cent
0,0.6923076923076923,0.0657065157065157,0.6388888888888888,0.7222222222222222
1,0.3076923076923077,0.010572760572760572,0.8333333333333334,0.5652173913043478
2,0.6153846153846154,0.045951270951270946,0.6785714285714286,0.6842105263157895
3,0.46153846153846156,0.015720390720390717,0.7333333333333333,0.5416666666666666
4,0.5384615384615385,0.009737484737484736,0.8095238095238095,0.5652173913043478
5,0.5384615384615385,0.022441447441447444,0.7142857142857143,0.6190476190476191
6,0.5384615384615385,0.019352869352869354,0.8095238095238095,0.65
7,0.5384615384615385,0.09671994671994674,0.6666666666666666,0.6842105263157895
8,0.6923076923076923,0.2873765123765124,0.4722222222222222,0.7647058823529411
9,0.3076923076923077,0.10431235431235432,0.5,0.5416666666666666
10,0.23076923076923078,0.04526029526029526,0.6666666666666666,0.5
11,0.15384615384615385,0.0,1.0,0.37142857142857144
12,0.6923076923076923,0.04766622266622267,0.7222222222222222,0.7222222222222222
13,0.6153846153846154,0.02405372405372405,0.7857142857142857,0.6842105263157895
