node,degree_cent,bet_cent,clust_coeff,close_cent
0,0.5384615384615385,0.23788156288156287,0.38095238095238093,0.6842105263157895
1,0.3076923076923077,0.005036630036630035,0.8333333333333334,0.5909090909090909
2,0.6153846153846154,0.11761294261294258,0.5,0.7222222222222222
3,0.38461538461538464,0.04316239316239316,0.6,0.5909090909090909
4,0.5384615384615385,0.04526862026862026,0.6190476190476191,0.6190476190476191
5,0.38461538461538464,0.013247863247863246,0.7,0.52
6,0.38461538461538464,0.007600732600732601,0.8,0.5416666666666666
7,0.38461538461538464,0.01874236874236874,0.7,0.5652173913043478
8,0.6153846153846154,0.16694139194139193,0.42857142857142855,0.7222222222222222
9,0.46153846153846156,0.10152625152625151,0.4666666666666667,0.65
10,0.23076923076923078,0.006105006105006104,0.6666666666666666,0.52
11,0.38461538461538464,0.08302808302808302,0.4,0.5652173913043478
12,0.23076923076923078,0.0,1.0,0.48148148148148145
13,0.23076923076923078,0.0,1.0,0.48148148148148145
