node,degree_cent,bet_cent,clust_coeff,close_cent
0,0.15384615384615385,0.0,1.0,0.43333333333333335
1,0.23076923076923078,0.009615384615384616,0.6666666666666666,0.4642857142857143
2,0.5384615384615385,0.313568376068376,0.2857142857142857,0.6842105263157895
3,0.3076923076923077,0.042735042735042736,0.5,0.52
4,0.38461538461538464,0.06303418803418803,0.5,0.5652173913043478
5,0.38461538461538464,0.048611111111111105,0.6,0.5909090909090909
6,0.38461538461538464,0.02564102564102564,0.7,0.5652173913043478
7,0.38461538461538464,0.02564102564102564,0.7,0.5652173913043478
8,0.6923076923076923,0.3258547008547008,0.3611111111111111,0.7647058823529411
9,0.38461538461538464,0.03311965811965811,0.6,0.5416666666666666
10,0.23076923076923078,0.0,1.0,0.48148148148148145
11,0.38461538461538464,0.02564102564102564,0.6,0.52
12,0.3076923076923077,0.017628205128205128,0.8333333333333334,0.5909090909090909
13,0.3076923076923077,0.017628205128205128,0.8333333333333334,0.5909090909090909
