node,degree_cent,bet_cent,clust_coeff,close_cent
0,0.38461538461538464,0.003205128205128205,0.9,0.5909090909090909
1,0.38461538461538464,0.020299145299145296,0.7,0.6190476190476191
2,0.8461538461538463,0.2889957264957265,0.38181818181818183,0.8666666666666667
3,0.46153846153846156,0.05448717948717949,0.5333333333333333,0.65
4,0.38461538461538464,0.021901709401709397,0.7,0.6190476190476191
5,0.3076923076923077,0.003205128205128205,0.8333333333333334,0.5
6,0.6153846153846154,0.10737179487179487,0.5,0.7222222222222222
7,0.38461538461538464,0.025641025641025637,0.6,0.5909090909090909
8,0.46153846153846156,0.03365384615384615,0.6,0.65
9,0.6153846153846154,0.1014957264957265,0.5357142857142857,0.7222222222222222
10,0.38461538461538464,0.008547008547008546,0.8,0.5909090909090909
11,0.46153846153846156,0.030982905982905987,0.6666666666666666,0.6190476190476191
12,0.23076923076923078,0.00641025641025641,0.6666666666666666,0.52
13,0.23076923076923078,0.011752136752136752,0.6666666666666666,0.5652173913043478
