node,degree_cent,bet_cent,clust_coeff,close_cent
0,0.3076923076923077,0.01137057387057387,0.8333333333333334,0.48148148148148145
1,0.3076923076923077,0.01137057387057387,0.8333333333333334,0.48148148148148145
2,0.46153846153846156,0.028464590964590964,0.6666666666666666,0.52
3,0.46153846153846156,0.03311965811965811,0.5333333333333333,0.43333333333333335
4,0.38461538461538464,0.014575702075702074,0.8,0.5
5,0.46153846153846156,0.03601953601953603,0.6666666666666666,0.52
6,0.38461538461538464,0.026404151404151407,0.7,0.5
7,0.3076923076923077,0.04716117216117216,0.6666666666666666,0.5416666666666666
8,0.6923076923076923,0.4774114774114773,0.3333333333333333,0.6842105263157895
9,0.3076923076923077,0.2142857142857143,0.5,0.5652173913043478
10,0.23076923076923078,0.13827838827838826,0.6666666666666666,0.5416666666666666
11,0.3076923076923077,0.28205128205128205,0.3333333333333333,0.43333333333333335
12,0.15384615384615385,0.0,1.0,0.3170731707317073
13,0.15384615384615385,0.0,1.0,0.3170731707317073
