node,degree_cent,bet_cent,clust_coeff,close_cent
0,0.6153846153846154,0.015196840196840197,0.8214285714285714,0.7222222222222222
1,0.38461538461538464,0.004726754726754726,0.9,0.6190476190476191
2,0.6923076923076923,0.031462056462056465,0.75,0.7647058823529411
3,0.5384615384615385,0.016666666666666663,0.7619047619047619,0.6190476190476191
4,0.6923076923076923,0.032316757316757316,0.75,0.7647058823529411
5,0.46153846153846156,0.01548174048174048,0.7333333333333333,0.6190476190476191
6,0.6923076923076923,0.031837606837606836,0.7222222222222222,0.7647058823529411
7,0.46153846153846156,0.03331390831390831,0.6666666666666666,0.65
8,0.6153846153846154,0.06994949494949494,0.6071428571428571,0.7222222222222222
9,0.3076923076923077,0.005555555555555556,0.8333333333333334,0.5652173913043478
10,0.23076923076923078,0.0,1.0,0.52
11,0.8461538461538463,0.18754856254856253,0.5272727272727272,0.8666666666666667
12,0.8461538461538463,0.07856772856772858,0.6363636363636364,0.8666666666666667
13,0.6153846153846154,0.01583786583786584,0.8214285714285714,0.7222222222222222
