node,degree_cent,bet_cent,clust_coeff,close_cent
0,0.6153846153846154,0.01858003108003108,0.7857142857142857,0.7222222222222222
1,0.38461538461538464,0.005332167832167832,0.9,0.6190476190476191
2,0.6923076923076923,0.03459595959595959,0.7222222222222222,0.7647058823529411
3,0.5384615384615385,0.01730769230769231,0.7619047619047619,0.6190476190476191
4,0.6153846153846154,0.023637011137011135,0.75,0.7222222222222222
5,0.46153846153846156,0.01013986013986014,0.8,0.6190476190476191
6,0.6923076923076923,0.029558404558404562,0.7222222222222222,0.7647058823529411
7,0.5384615384615385,0.044094794094794096,0.6666666666666666,0.6842105263157895
8,0.6153846153846154,0.08536972286972287,0.5714285714285714,0.7222222222222222
9,0.3076923076923077,0.005698005698005697,0.8333333333333334,0.5652173913043478
10,0.23076923076923078,0.0,1.0,0.52
11,0.7692307692307693,0.15543576793576794,0.5333333333333333,0.8125
12,0.8461538461538463,0.07557627557627558,0.6363636363636364,0.8666666666666667
13,0.6923076923076923,0.03313584563584563,0.7222222222222222,0.7647058823529411
