node,degree_cent,bet_cent,clust_coeff,close_cent
0,0.7692307692307693,0.0710562229792999,0.6666666666666666,0.7647058823529411
1,0.38461538461538464,0.03259468451776144,0.6,0.5909090909090909
2,0.46153846153846156,0.011538461538461537,0.7333333333333333,0.5416666666666666
3,0.46153846153846156,0.012606837606837605,0.7333333333333333,0.5416666666666666
4,0.6153846153846154,0.02184542665311896,0.7857142857142857,0.65
5,0.5384615384615385,0.0111013986013986,0.8571428571428571,0.6190476190476191
6,0.6153846153846154,0.0299528818759588,0.7857142857142857,0.6842105263157895
7,0.6923076923076923,0.1617912358296974,0.6111111111111112,0.7647058823529411
8,0.6153846153846154,0.22773867870021713,0.5,0.7222222222222222
9,0.3076923076923077,0.11649034725957802,0.5,0.5416666666666666
10,0.23076923076923078,0.03521905444982368,0.6666666666666666,0.48148148148148145
11,0.15384615384615385,0.0,1.0,0.37142857142857144
12,0.6923076923076923,0.05353485545793239,0.7222222222222222,0.7222222222222222
13,0.5384615384615385,0.009401709401709401,0.9047619047619048,0.65
