node,degree_cent,bet_cent,clust_coeff,close_cent
0,0.6153846153846154,0.03969129161436854,0.75,0.6842105263157895
1,0.6153846153846154,0.06847020500866655,0.6785714285714286,0.7222222222222222
2,0.46153846153846156,0.005687047994740303,0.8666666666666667,0.5652173913043478
3,0.46153846153846156,0.013073785189169804,0.8,0.5909090909090909
4,0.6923076923076923,0.12079597752674674,0.6111111111111112,0.7647058823529411
5,0.6923076923076923,0.12302014225091146,0.5555555555555556,0.7647058823529411
6,0.38461538461538464,0.05909613890383121,0.6,0.6190476190476191
7,0.46153846153846156,0.055439005439005436,0.6,0.6190476190476191
8,0.3076923076923077,0.010683760683760682,0.6666666666666666,0.48148148148148145
9,0.46153846153846156,0.04038461538461538,0.6,0.5909090909090909
10,0.23076923076923078,0.007478632478632479,0.6666666666666666,0.5
11,0.6153846153846154,0.15302656744964435,0.5357142857142857,0.7222222222222222
12,0.5384615384615385,0.031785308708385626,0.7619047619047619,0.65
13,0.38461538461538464,0.0021367521367521365,0.9,0.52
