node,degree_cent,bet_cent,clust_coeff,close_cent
0,0.3076923076923077,0.010683760683760682,0.6666666666666666,0.41935483870967744
1,0.23076923076923078,0.004273504273504273,0.6666666666666666,0.40625
2,0.5384615384615385,0.10363247863247865,0.6190476190476191,0.5909090909090909
3,0.38461538461538464,0.05555555555555555,0.7,0.5416666666666666
4,0.6153846153846154,0.2974358974358975,0.4642857142857143,0.7222222222222222
5,0.5384615384615385,0.1801282051282051,0.5714285714285714,0.6842105263157895
6,0.46153846153846156,0.1341880341880342,0.6,0.5909090909090909
7,0.5384615384615385,0.14807692307692308,0.5714285714285714,0.6190476190476191
8,0.3076923076923077,0.0,1.0,0.43333333333333335
9,0.38461538461538464,0.007478632478632477,0.8,0.4482758620689655
10,0.38461538461538464,0.007478632478632477,0.8,0.4482758620689655
11,0.3076923076923077,0.039316239316239315,0.6666666666666666,0.5416666666666666
12,0.46153846153846156,0.04166666666666665,0.7333333333333333,0.5652173913043478
13,0.38461538461538464,0.03418803418803418,0.8,0.5416666666666666
