node,degree_cent,bet_cent,clust_coeff,close_cent
0,0.6923076923076923,0.044094794094794096,0.7222222222222222,0.7222222222222222
1,0.46153846153846156,0.022086247086247086,0.8,0.6190476190476191
2,0.7692307692307693,0.05947940947940948,0.6888888888888889,0.7647058823529411
3,0.38461538461538464,0.009615384615384616,0.7,0.52
4,0.5384615384615385,0.013879176379176378,0.8095238095238095,0.6190476190476191
5,0.46153846153846156,0.011742424242424242,0.8,0.5909090909090909
6,0.6153846153846154,0.018376068376068377,0.8214285714285714,0.6842105263157895
7,0.7692307692307693,0.16490870240870237,0.6222222222222222,0.8125
8,0.6923076923076923,0.22376651126651126,0.5833333333333334,0.7647058823529411
9,0.3076923076923077,0.11658896658896659,0.5,0.5652173913043478
10,0.23076923076923078,0.03554778554778555,0.6666666666666666,0.5
11,0.15384615384615385,0.0,1.0,0.38235294117647056
12,0.6153846153846154,0.018376068376068377,0.8214285714285714,0.6842105263157895
13,0.5384615384615385,0.005128205128205128,0.9047619047619048,0.65
