node,degree_cent,bet_cent,clust_coeff,close_cent
0,0.7692307692307693,0.08355405278482202,0.6,0.8125
1,0.46153846153846156,0.016929651545036162,0.8,0.65
2,0.5384615384615385,0.0190664036817883,0.8095238095238095,0.6842105263157895
3,0.38461538461538464,0.01282051282051282,0.7,0.5416666666666666
4,0.6153846153846154,0.046884098807175735,0.6428571428571429,0.7222222222222222
5,0.38461538461538464,0.017357001972386585,0.7,0.5909090909090909
6,0.5384615384615385,0.032689959613036536,0.6666666666666666,0.6842105263157895
7,0.5384615384615385,0.06088569550108011,0.5714285714285714,0.6842105263157895
8,0.46153846153846156,0.03721001221001221,0.5333333333333333,0.6190476190476191
9,0.3076923076923077,0.006105006105006104,0.8333333333333334,0.5652173913043478
10,0.23076923076923078,0.0,1.0,0.52
11,0.8461538461538463,0.22580069503146427,0.4909090909090909,0.8666666666666667
12,0.6153846153846154,0.026495726495726492,0.7142857142857143,0.7222222222222222
13,0.5384615384615385,0.029585798816568042,0.7142857142857143,0.6842105263157895
