node,degree_cent,bet_cent,clust_coeff,close_cent
0,0.6923076923076923,0.07935120435120435,0.5833333333333334,0.7647058823529411
1,0.3076923076923077,0.011849261849261848,0.8333333333333334,0.5909090909090909
2,0.5384615384615385,0.04421134421134421,0.6190476190476191,0.6842105263157895
3,0.38461538461538464,0.014957264957264954,0.7,0.5416666666666666
4,0.6153846153846154,0.043881118881118876,0.6428571428571429,0.6842105263157895
5,0.38461538461538464,0.013014763014763014,0.8,0.5909090909090909
6,0.6153846153846154,0.04452214452214452,0.6785714285714286,0.7222222222222222
7,0.6923076923076923,0.10135975135975137,0.5833333333333334,0.7647058823529411
8,0.46153846153846156,0.03376068376068375,0.6666666666666666,0.6190476190476191
9,0.3076923076923077,0.007692307692307692,0.8333333333333334,0.5652173913043478
10,0.23076923076923078,0.0,1.0,0.5
11,0.7692307692307693,0.20969308469308473,0.4666666666666667,0.8125
12,0.5384615384615385,0.010683760683760684,0.8095238095238095,0.6842105263157895
13,0.5384615384615385,0.02604895104895105,0.7142857142857143,0.6842105263157895
