node,degree_cent,bet_cent,clust_coeff,close_cent
0,0.46153846153846156,0.01324786324786325,0.8,0.6190476190476191
1,0.38461538461538464,0.028525641025641025,0.7,0.6190476190476191
2,0.8461538461538463,0.36245421245421244,0.38181818181818183,0.8666666666666667
3,0.38461538461538464,0.04520757020757021,0.6,0.5909090909090909
4,0.3076923076923077,0.014545177045177044,0.8333333333333334,0.5652173913043478
5,0.3076923076923077,0.008547008547008546,0.6666666666666666,0.4642857142857143
6,0.46153846153846156,0.04575702075702076,0.6,0.6190476190476191
7,0.38461538461538464,0.04833638583638583,0.6,0.5909090909090909
8,0.46153846153846156,0.032509157509157505,0.6666666666666666,0.6190476190476191
9,0.5384615384615385,0.045741758241758246,0.6666666666666666,0.6842105263157895
10,0.38461538461538464,0.005769230769230769,0.9,0.5909090909090909
11,0.5384615384615385,0.1344017094017094,0.5238095238095238,0.65
12,0.23076923076923078,0.03547008547008547,0.6666666666666666,0.5416666666666666
13,0.15384615384615385,0.0,1.0,0.41935483870967744
