node,degree_cent,bet_cent,clust_coeff,close_cent
0,0.7692307692307693,0.08105158730158729,0.6222222222222222,0.8125
1,0.3076923076923077,0.009348290598290598,0.8333333333333334,0.5909090909090909
2,0.6153846153846154,0.03952991452991453,0.7142857142857143,0.7222222222222222
3,0.38461538461538464,0.01282051282051282,0.7,0.5416666666666666
4,0.6153846153846154,0.03815628815628815,0.7142857142857143,0.7222222222222222
5,0.38461538461538464,0.01549145299145299,0.7,0.5909090909090909
6,0.6923076923076923,0.039774114774114765,0.7222222222222222,0.7647058823529411
7,0.6153846153846154,0.06201159951159952,0.6428571428571429,0.7222222222222222
8,0.5384615384615385,0.03998778998778998,0.6666666666666666,0.65
9,0.3076923076923077,0.006105006105006104,0.8333333333333334,0.5652173913043478
10,0.23076923076923078,0.0,1.0,0.52
11,0.8461538461538463,0.21330891330891327,0.5272727272727272,0.8666666666666667
12,0.6153846153846154,0.016079059829059827,0.8214285714285714,0.7222222222222222
13,0.6153846153846154,0.016079059829059827,0.8214285714285714,0.7222222222222222
