node,degree_cent,bet_cent,clust_coeff,close_cent
0,0.6153846153846154,0.04954351204351204,0.7142857142857143,0.6842105263157895
1,0.6153846153846154,0.06685675435675435,0.6785714285714286,0.7222222222222222
2,0.46153846153846156,0.011208236208236208,0.8,0.5652173913043478
3,0.46153846153846156,0.022329059829059826,0.7333333333333333,0.5909090909090909
4,0.6923076923076923,0.10863025863025862,0.6111111111111112,0.7647058823529411
5,0.6153846153846154,0.05609113109113109,0.6428571428571429,0.7222222222222222
6,0.38461538461538464,0.07630286380286379,0.5,0.6190476190476191
7,0.46153846153846156,0.07216117216117215,0.4666666666666667,0.6190476190476191
8,0.3076923076923077,0.02767094017094017,0.5,0.5
9,0.3076923076923077,0.01198107448107448,0.6666666666666666,0.52
10,0.23076923076923078,0.007707570207570207,0.6666666666666666,0.5
11,0.6153846153846154,0.2105935730935731,0.5,0.7222222222222222
12,0.5384615384615385,0.03533411033411033,0.7619047619047619,0.65
13,0.3076923076923077,0.0,1.0,0.5
