node,degree_cent,bet_cent,clust_coeff,close_cent
0,0.7692307692307693,0.06655982905982905,0.6222222222222222,0.8125
1,0.3076923076923077,0.0,1.0,0.5909090909090909
2,0.5384615384615385,0.013247863247863246,0.8095238095238095,0.6842105263157895
3,0.5384615384615385,0.023824786324786323,0.7142857142857143,0.6842105263157895
4,0.6923076923076923,0.03664529914529915,0.6944444444444444,0.7647058823529411
5,0.38461538461538464,0.005128205128205128,0.8,0.5909090909090909
6,0.5384615384615385,0.01987179487179487,0.7619047619047619,0.6842105263157895
7,0.6153846153846154,0.05566239316239315,0.6428571428571429,0.7222222222222222
8,0.5384615384615385,0.04679487179487179,0.5714285714285714,0.6842105263157895
9,0.3076923076923077,0.005876068376068376,0.8333333333333334,0.5909090909090909
10,0.23076923076923078,0.0,1.0,0.5416666666666666
11,0.9230769230769231,0.23322649572649576,0.48484848484848486,0.9285714285714286
12,0.6923076923076923,0.03504273504273504,0.6944444444444444,0.7647058823529411
13,0.46153846153846156,0.009401709401709403,0.8,0.65
