node,degree_cent,bet_cent,clust_coeff,close_cent
0,0.6153846153846154,0.017750305250305253,0.7857142857142857,0.7222222222222222
1,0.46153846153846156,0.010485347985347983,0.8,0.65
2,0.6153846153846154,0.025213675213675214,0.75,0.7222222222222222
3,0.46153846153846156,0.026709401709401705,0.6666666666666666,0.5909090909090909
4,0.6923076923076923,0.05057997557997558,0.6666666666666666,0.7647058823529411
5,0.3076923076923077,0.012393162393162394,0.5,0.5652173913043478
6,0.6923076923076923,0.040750915750915745,0.6944444444444444,0.7647058823529411
7,0.5384615384615385,0.04972527472527472,0.6190476190476191,0.6842105263157895
8,0.6923076923076923,0.0832875457875458,0.6111111111111112,0.7647058823529411
9,0.3076923076923077,0.006105006105006104,0.8333333333333334,0.5652173913043478
10,0.23076923076923078,0.0,1.0,0.52
11,0.8461538461538463,0.1578601953601953,0.5636363636363636,0.8666666666666667
12,0.7692307692307693,0.05076312576312576,0.6888888888888889,0.8125
13,0.6153846153846154,0.019658119658119654,0.75,0.7222222222222222
