node,degree_cent,bet_cent,clust_coeff,close_cent
0,0.23076923076923078,0.0,1.0,0.5416666666666666
1,0.3076923076923077,0.019123931623931622,0.6666666666666666,0.5909090909090909
2,0.7692307692307693,0.3005799755799755,0.3333333333333333,0.8125
3,0.46153846153846156,0.05119047619047619,0.6,0.6190476190476191
4,0.3076923076923077,0.009935897435897435,0.8333333333333334,0.5416666666666666
5,0.3076923076923077,0.005036630036630035,0.8333333333333334,0.5
6,0.5384615384615385,0.09468864468864469,0.5238095238095238,0.6842105263157895
7,0.46153846153846156,0.08456959706959706,0.5333333333333333,0.65
8,0.46153846153846156,0.08806471306471307,0.5333333333333333,0.65
9,0.3076923076923077,0.018696581196581196,0.6666666666666666,0.5416666666666666
10,0.23076923076923078,0.0,1.0,0.48148148148148145
11,0.5384615384615385,0.14072039072039072,0.38095238095238093,0.65
12,0.23076923076923078,0.011752136752136752,0.6666666666666666,0.5416666666666666
13,0.23076923076923078,0.008974358974358974,0.6666666666666666,0.52
