node,degree_cent,bet_cent,clust_coeff,close_cent
0,0.38461538461538464,0.09743589743589744,0.6,0.43333333333333335
1,0.5384615384615385,0.2643976393976394,0.5238095238095238,0.5652173913043478
2,0.38461538461538464,0.020085470085470084,0.7,0.43333333333333335
3,0.3076923076923077,0.010093610093610093,0.8333333333333334,0.4482758620689655
4,0.46153846153846156,0.1314916564916565,0.6,0.5416666666666666
5,0.38461538461538464,0.1437423687423687,0.6,0.5416666666666666
6,0.38461538461538464,0.3257020757020756,0.5,0.5652173913043478
7,0.3076923076923077,0.17632275132275133,0.5,0.48148148148148145
8,0.3076923076923077,0.19269434269434263,0.5,0.4642857142857143
9,0.3076923076923077,0.12471509971509971,0.5,0.38235294117647056
10,0.23076923076923078,0.029558404558404555,0.6666666666666666,0.35135135135135137
11,0.15384615384615385,0.0,1.0,0.28888888888888886
12,0.3076923076923077,0.04786324786324786,0.6666666666666666,0.41935483870967744
13,0.15384615384615385,0.0,1.0,0.3170731707317073
