node,degree_cent,bet_cent,clust_coeff,close_cent
0,0.6153846153846154,0.02193732193732194,0.75,0.7222222222222222
1,0.38461538461538464,0.005056980056980057,0.9,0.6190476190476191
2,0.6153846153846154,0.02507122507122507,0.75,0.7222222222222222
3,0.5384615384615385,0.02863247863247863,0.7142857142857143,0.6190476190476191
4,0.6153846153846154,0.027386039886039885,0.7142857142857143,0.7222222222222222
5,0.38461538461538464,0.010470085470085468,0.7,0.5909090909090909
6,0.6153846153846154,0.026495726495726492,0.7142857142857143,0.7222222222222222
7,0.5384615384615385,0.043696581196581194,0.6666666666666666,0.6842105263157895
8,0.6923076923076923,0.10121082621082621,0.5833333333333334,0.7647058823529411
9,0.3076923076923077,0.005876068376068376,0.8333333333333334,0.5652173913043478
10,0.23076923076923078,0.0,1.0,0.52
11,0.7692307692307693,0.1459045584045584,0.5333333333333333,0.8125
12,0.7692307692307693,0.05477207977207977,0.6666666666666666,0.8125
13,0.7692307692307693,0.054772079772079756,0.6666666666666666,0.8125
