node,degree_cent,bet_cent,clust_coeff,close_cent
0,0.6923076923076923,0.026117685733070346,0.7777777777777778,0.7647058823529411
1,0.38461538461538464,0.004832347140039448,0.9,0.6190476190476191
2,0.6923076923076923,0.026117685733070346,0.7777777777777778,0.7647058823529411
3,0.5384615384615385,0.027564102564102567,0.7142857142857143,0.6190476190476191
4,0.6153846153846154,0.020751150558842867,0.7857142857142857,0.7222222222222222
5,0.38461538461538464,0.009960552268244575,0.7,0.5909090909090909
6,0.6923076923076923,0.02948717948717949,0.75,0.7647058823529411
7,0.5384615384615385,0.04345003287310979,0.6666666666666666,0.6842105263157895
8,0.7692307692307693,0.11518737672583824,0.6222222222222222,0.8125
9,0.3076923076923077,0.005876068376068376,0.8333333333333334,0.5652173913043478
10,0.23076923076923078,0.0,1.0,0.52
11,0.7692307692307693,0.12426857330703482,0.5777777777777777,0.8125
12,0.7692307692307693,0.04547994740302433,0.7111111111111111,0.8125
13,0.7692307692307693,0.0465483234714004,0.7111111111111111,0.8125
