node,degree_cent,bet_cent,clust_coeff,close_cent
0,0.38461538461538464,0.008547008547008546,0.8,0.40625
1,0.23076923076923078,0.0,1.0,0.38235294117647056
2,0.46153846153846156,0.03646723646723646,0.6666666666666666,0.4642857142857143
3,0.5384615384615385,0.1425213675213675,0.6190476190476191,0.5416666666666666
4,0.38461538461538464,0.11858974358974358,0.6,0.5416666666666666
5,0.46153846153846156,0.37115384615384617,0.4666666666666667,0.6190476190476191
6,0.3076923076923077,0.16217948717948716,0.5,0.5416666666666666
7,0.38461538461538464,0.2826923076923077,0.5,0.5416666666666666
8,0.38461538461538464,0.11282051282051282,0.6,0.4482758620689655
9,0.3076923076923077,0.020512820512820513,0.8333333333333334,0.40625
10,0.23076923076923078,0.0,1.0,0.3333333333333333
11,0.3076923076923077,0.020512820512820513,0.8333333333333334,0.40625
12,0.38461538461538464,0.03554131054131054,0.8,0.5
13,0.46153846153846156,0.04743589743589743,0.7333333333333333,0.52
