node,degree_cent,bet_cent,clust_coeff,close_cent
0,0.6153846153846154,0.014875082182774491,0.8214285714285714,0.7222222222222222
1,0.38461538461538464,0.00440499671268902,0.9,0.6190476190476191
2,0.6923076923076923,0.02675871137409599,0.7777777777777778,0.7647058823529411
3,0.5384615384615385,0.026923076923076925,0.7142857142857143,0.6190476190476191
4,0.7692307692307693,0.04555117247424941,0.7111111111111111,0.8125
5,0.38461538461538464,0.00953320184089415,0.7,0.5909090909090909
6,0.6923076923076923,0.028276353276353278,0.75,0.7647058823529411
7,0.5384615384615385,0.041847468770545695,0.6666666666666666,0.6842105263157895
8,0.6923076923076923,0.0814376506684199,0.6388888888888888,0.7647058823529411
9,0.3076923076923077,0.005698005698005697,0.8333333333333334,0.5652173913043478
10,0.23076923076923078,0.0,1.0,0.52
11,0.8461538461538463,0.1616151654613193,0.5636363636363636,0.8666666666666667
12,0.7692307692307693,0.04633464825772519,0.7111111111111111,0.8125
13,0.6923076923076923,0.03238549200087662,0.75,0.7647058823529411
