node,degree_cent,bet_cent,clust_coeff,close_cent
0,0.23076923076923078,0.0,1.0,0.52
1,0.23076923076923078,0.0,1.0,0.52
2,0.6923076923076923,0.12478632478632477,0.6111111111111112,0.7647058823529411
3,0.7692307692307693,0.15331196581196582,0.5777777777777777,0.8125
4,0.6153846153846154,0.016559829059829057,0.8214285714285714,0.7222222222222222
5,0.3076923076923077,0.0,1.0,0.5652173913043478
6,0.7692307692307693,0.05886752136752137,0.6888888888888889,0.8125
7,0.7692307692307693,0.05886752136752137,0.6888888888888889,0.8125
8,0.5384615384615385,0.04209401709401709,0.7142857142857143,0.6842105263157895
9,0.46153846153846156,0.020726495726495726,0.7333333333333333,0.5909090909090909
10,0.23076923076923078,0.0,1.0,0.5
11,0.7692307692307693,0.10534188034188031,0.6666666666666666,0.8125
12,0.6153846153846154,0.009829059829059829,0.8571428571428571,0.7222222222222222
13,0.5384615384615385,0.012179487179487178,0.8571428571428571,0.6842105263157895
