node,degree_cent,bet_cent,clust_coeff,close_cent
0,0.7692307692307693,0.06784461976769669,0.6444444444444445,0.8125
1,0.46153846153846156,0.011563116370808677,0.8666666666666667,0.65
2,0.6153846153846154,0.02700799912338373,0.75,0.7222222222222222
3,0.46153846153846156,0.014743589743589742,0.7333333333333333,0.5652173913043478
4,0.6153846153846154,0.03242110453648915,0.6785714285714286,0.6842105263157895
5,0.38461538461538464,0.009344181459566076,0.8,0.5909090909090909
6,0.6153846153846154,0.05457484111330265,0.6428571428571429,0.7222222222222222
7,0.6153846153846154,0.09411571334648258,0.5714285714285714,0.7222222222222222
8,0.38461538461538464,0.02207977207977208,0.7,0.5909090909090909
9,0.3076923076923077,0.007834757834757835,0.8333333333333334,0.5652173913043478
10,0.23076923076923078,0.0,1.0,0.5
11,0.7692307692307693,0.22488494411571333,0.4888888888888889,0.8125
12,0.6923076923076923,0.042844619767696684,0.6944444444444444,0.7647058823529411
13,0.46153846153846156,0.006125356125356126,0.8666666666666667,0.65
