node,degree_cent,bet_cent,clust_coeff,close_cent
0,0.5384615384615385,0.03829717291255753,0.5714285714285714,0.6190476190476191
1,0.3076923076923077,0.003205128205128205,0.8333333333333334,0.52
2,0.7692307692307693,0.14855123508969664,0.5333333333333333,0.8125
3,0.46153846153846156,0.01692965154503616,0.7333333333333333,0.5909090909090909
4,0.38461538461538464,0.0021367521367521365,0.9,0.5652173913043478
5,0.46153846153846156,0.03276627218934911,0.6666666666666666,0.6190476190476191
6,0.6923076923076923,0.1085446604677374,0.5555555555555556,0.7647058823529411
7,0.46153846153846156,0.05036630036630036,0.6,0.6190476190476191
8,0.6153846153846154,0.10992415703954163,0.6071428571428571,0.7222222222222222
9,0.3076923076923077,0.006105006105006104,0.8333333333333334,0.5
10,0.23076923076923078,0.0,1.0,0.4642857142857143
11,0.6153846153846154,0.10992415703954163,0.6071428571428571,0.7222222222222222
12,0.5384615384615385,0.03490302432610124,0.7142857142857143,0.6842105263157895
13,0.5384615384615385,0.05629520052596975,0.6666666666666666,0.6842105263157895
