node,degree_cent,bet_cent,clust_coeff,close_cent
0,0.6923076923076923,0.01636141636141636,0.8055555555555556,0.7647058823529411
1,0.46153846153846156,0.004700854700854701,0.8666666666666667,0.65
2,0.7692307692307693,0.02811355311355311,0.7555555555555555,0.8125
3,0.46153846153846156,0.0047008547008547015,0.8666666666666667,0.65
4,0.7692307692307693,0.025885225885225883,0.7777777777777778,0.8125
5,0.6153846153846154,0.012942612942612942,0.8214285714285714,0.7222222222222222
6,0.6923076923076923,0.010073260073260072,0.8611111111111112,0.7647058823529411
7,0.6153846153846154,0.019993894993894992,0.7857142857142857,0.7222222222222222
8,0.6923076923076923,0.036019536019536016,0.7222222222222222,0.7647058823529411
9,0.38461538461538464,0.003205128205128205,0.9,0.6190476190476191
10,0.3076923076923077,0.0,1.0,0.5909090909090909
11,0.8461538461538463,0.07811355311355311,0.6363636363636364,0.8666666666666667
12,0.7692307692307693,0.024816849816849815,0.7777777777777778,0.8125
13,1.0,0.14532967032967029,0.5897435897435898,1.0
