node,degree_cent,bet_cent,clust_coeff,close_cent
0,0.5384615384615385,0.2789072039072039,0.38095238095238093,0.6842105263157895
1,0.3076923076923077,0.006837606837606838,0.8333333333333334,0.5652173913043478
2,0.6153846153846154,0.12695360195360195,0.5357142857142857,0.6842105263157895
3,0.38461538461538464,0.05726495726495726,0.6,0.5652173913043478
4,0.38461538461538464,0.008547008547008546,0.8,0.5
5,0.38461538461538464,0.008547008547008546,0.8,0.5
6,0.38461538461538464,0.014957264957264958,0.8,0.52
7,0.46153846153846156,0.07576312576312577,0.6,0.5909090909090909
8,0.5384615384615385,0.14130036630036633,0.42857142857142855,0.65
9,0.38461538461538464,0.08592796092796093,0.5,0.6190476190476191
10,0.23076923076923078,0.011874236874236874,0.6666666666666666,0.5
11,0.38461538461538464,0.12753357753357752,0.4,0.5416666666666666
12,0.23076923076923078,0.04276556776556776,0.6666666666666666,0.48148148148148145
13,0.15384615384615385,0.0,1.0,0.37142857142857144
