node,degree_cent,bet_cent,clust_coeff,close_cent
0,0.5384615384615385,0.06396705146705146,0.7142857142857143,0.5909090909090909
1,0.23076923076923078,0.0,1.0,0.40625
2,0.5384615384615385,0.06396705146705146,0.7142857142857143,0.5909090909090909
3,0.46153846153846156,0.02071262071262071,0.8,0.5
4,0.46153846153846156,0.01863183113183113,0.8,0.5652173913043478
5,0.6153846153846154,0.11386992636992635,0.6428571428571429,0.65
6,0.46153846153846156,0.10865384615384613,0.6,0.6190476190476191
7,0.38461538461538464,0.10534696784696784,0.6,0.5909090909090909
8,0.46153846153846156,0.26876271876271873,0.4666666666666667,0.5909090909090909
9,0.3076923076923077,0.02207977207977208,0.6666666666666666,0.4482758620689655
10,0.23076923076923078,0.0,1.0,0.40625
11,0.23076923076923078,0.0,1.0,0.40625
12,0.5384615384615385,0.02885262885262885,0.7619047619047619,0.5909090909090909
13,0.5384615384615385,0.22361712361712363,0.5714285714285714,0.6842105263157895
