node,degree_cent,bet_cent,clust_coeff,close_cent
0,0.6923076923076923,0.07255799755799756,0.6111111111111112,0.7647058823529411
1,0.38461538461538464,0.0155982905982906,0.8,0.6190476190476191
2,0.5384615384615385,0.03195970695970696,0.7142857142857143,0.6842105263157895
3,0.38461538461538464,0.01282051282051282,0.7,0.5416666666666666
4,0.5384615384615385,0.03824786324786325,0.6190476190476191,0.6190476190476191
5,0.38461538461538464,0.018376068376068373,0.7,0.5909090909090909
6,0.6923076923076923,0.07203907203907203,0.6111111111111112,0.7647058823529411
7,0.6153846153846154,0.08183760683760684,0.5714285714285714,0.7222222222222222
8,0.46153846153846156,0.03571428571428571,0.6666666666666666,0.6190476190476191
9,0.3076923076923077,0.00641025641025641,0.8333333333333334,0.5416666666666666
10,0.23076923076923078,0.0,1.0,0.5
11,0.7692307692307693,0.21022588522588523,0.4888888888888889,0.8125
12,0.6153846153846154,0.03516483516483517,0.6785714285714286,0.7222222222222222
13,0.46153846153846156,0.022893772893772892,0.7333333333333333,0.65
