node,degree_cent,bet_cent,clust_coeff,close_cent
0,0.46153846153846156,0.006196581196581197,0.8666666666666667,0.65
1,0.5384615384615385,0.043984220907297825,0.6666666666666666,0.6842105263157895
2,0.7692307692307693,0.0559500328731098,0.6444444444444445,0.8125
3,0.46153846153846156,0.011028928336620645,0.8,0.6190476190476191
4,0.6923076923076923,0.0382877805954729,0.6944444444444444,0.7647058823529411
5,0.46153846153846156,0.010378510378510376,0.8,0.6190476190476191
6,0.6153846153846154,0.014273973889358504,0.8214285714285714,0.7222222222222222
7,0.6153846153846154,0.04868507560815253,0.6785714285714286,0.7222222222222222
8,0.6923076923076923,0.06881046304123227,0.6111111111111112,0.7647058823529411
9,0.3076923076923077,0.0052596975673898745,0.8333333333333334,0.5652173913043478
10,0.3076923076923077,0.005341880341880341,0.8333333333333334,0.5652173913043478
11,0.8461538461538463,0.12898469052315206,0.5636363636363636,0.8666666666666667
12,0.8461538461538463,0.07167042359350051,0.6363636363636364,0.8666666666666667
13,0.5384615384615385,0.003968253968253968,0.9047619047619048,0.6842105263157895
