node,degree_cent,bet_cent,clust_coeff,close_cent
0,0.7692307692307693,0.08300518925518925,0.6222222222222222,0.8125
1,0.3076923076923077,0.009043040293040292,0.8333333333333334,0.5909090909090909
2,0.5384615384615385,0.030944749694749696,0.7142857142857143,0.6842105263157895
3,0.38461538461538464,0.013888888888888888,0.7,0.5416666666666666
4,0.6923076923076923,0.05202228327228327,0.6944444444444444,0.7647058823529411
5,0.38461538461538464,0.01198107448107448,0.8,0.5909090909090909
6,0.6153846153846154,0.027220695970695968,0.7857142857142857,0.7222222222222222
7,0.6923076923076923,0.07300824175824175,0.6666666666666666,0.7647058823529411
8,0.5384615384615385,0.03998778998778998,0.6666666666666666,0.65
9,0.3076923076923077,0.006105006105006104,0.8333333333333334,0.5652173913043478
10,0.23076923076923078,0.0,1.0,0.52
11,0.8461538461538463,0.2086691086691087,0.5272727272727272,0.8666666666666667
12,0.6153846153846154,0.016933760683760683,0.8214285714285714,0.7222222222222222
13,0.6153846153846154,0.016933760683760683,0.8214285714285714,0.7222222222222222
