node,degree_cent,bet_cent,clust_coeff,close_cent
0,0.23076923076923078,0.0,1.0,0.5416666666666666
1,0.46153846153846156,0.06202686202686202,0.5333333333333333,0.65
2,0.5384615384615385,0.14249084249084248,0.42857142857142855,0.6842105263157895
3,0.3076923076923077,0.020757020757020756,0.6666666666666666,0.52
4,0.46153846153846156,0.04896214896214896,0.5333333333333333,0.5909090909090909
5,0.3076923076923077,0.013247863247863246,0.6666666666666666,0.48148148148148145
6,0.3076923076923077,0.030799755799755798,0.6666666666666666,0.5909090909090909
7,0.46153846153846156,0.10027472527472527,0.4666666666666667,0.65
8,0.7692307692307693,0.3575702075702075,0.3111111111111111,0.8125
9,0.3076923076923077,0.025763125763125762,0.6666666666666666,0.5652173913043478
10,0.23076923076923078,0.0,1.0,0.5
11,0.38461538461538464,0.02564102564102564,0.6,0.5416666666666666
12,0.3076923076923077,0.00931013431013431,0.8333333333333334,0.5652173913043478
13,0.3076923076923077,0.00931013431013431,0.8333333333333334,0.5652173913043478
