node,degree_cent,bet_cent,clust_coeff,close_cent
0,0.6923076923076923,0.07261221684298606,0.6388888888888888,0.7222222222222222
1,0.46153846153846156,0.03627248819556512,0.6666666666666666,0.6190476190476191
2,0.6153846153846154,0.021290888598580908,0.75,0.65
3,0.46153846153846156,0.00824175824175824,0.8,0.5416666666666666
4,0.5384615384615385,0.009111401419093725,0.8571428571428571,0.6190476190476191
5,0.5384615384615385,0.017337576952961568,0.7619047619047619,0.6190476190476191
6,0.6923076923076923,0.1698549313933929,0.6111111111111112,0.7647058823529411
7,0.6153846153846154,0.1057374249681942,0.5714285714285714,0.7222222222222222
8,0.46153846153846156,0.12657492080569005,0.5333333333333333,0.65
9,0.38461538461538464,0.16127547666009204,0.5,0.5909090909090909
10,0.23076923076923078,0.01586127547666009,0.6666666666666666,0.4482758620689655
11,0.15384615384615385,0.0,1.0,0.3939393939393939
12,0.6923076923076923,0.03134856596395058,0.7222222222222222,0.6842105263157895
13,0.5384615384615385,0.006532356532356532,0.8571428571428571,0.6190476190476191
