node,degree_cent,bet_cent,clust_coeff,close_cent
0,0.7692307692307693,0.05506176829706241,0.6444444444444445,0.8125
1,0.46153846153846156,0.036286112077967274,0.6,0.65
2,0.8461538461538463,0.06764471074425826,0.6545454545454545,0.8666666666666667
3,0.46153846153846156,0.017765982132497967,0.7333333333333333,0.65
4,0.6153846153846154,0.0123015873015873,0.8214285714285714,0.6842105263157895
5,0.5384615384615385,0.008333333333333333,0.8571428571428571,0.65
6,0.6923076923076923,0.030739534472566145,0.75,0.7647058823529411
7,0.7692307692307693,0.04008060818015569,0.7333333333333333,0.8125
8,0.5384615384615385,0.029997955789810987,0.6666666666666666,0.6842105263157895
9,0.6923076923076923,0.05200774589914861,0.6944444444444444,0.7647058823529411
10,0.6923076923076923,0.0574102619351488,0.6388888888888888,0.7647058823529411
11,0.3076923076923077,0.002564102564102564,0.8333333333333334,0.5416666666666666
12,0.7692307692307693,0.035562489295520965,0.7333333333333333,0.8125
13,0.6153846153846154,0.01578226951530119,0.8214285714285714,0.7222222222222222
