node,degree_cent,bet_cent,clust_coeff,close_cent
0,0.3076923076923077,0.01282051282051282,0.6666666666666666,0.4482758620689655
1,0.23076923076923078,0.009615384615384616,0.6666666666666666,0.4482758620689655
2,0.5384615384615385,0.39294871794871794,0.38095238095238093,0.65
3,0.38461538461538464,0.0782051282051282,0.6,0.5909090909090909
4,0.38461538461538464,0.05106837606837606,0.7,0.5909090909090909
5,0.3076923076923077,0.006837606837606838,0.8333333333333334,0.5
6,0.3076923076923077,0.019230769230769232,0.6666666666666666,0.5
7,0.6153846153846154,0.4549145299145299,0.39285714285714285,0.7222222222222222
8,0.38461538461538464,0.06837606837606838,0.6,0.52
9,0.3076923076923077,0.03632478632478632,0.8333333333333334,0.5
10,0.23076923076923078,0.0,1.0,0.37142857142857144
11,0.3076923076923077,0.03632478632478632,0.8333333333333334,0.5
12,0.23076923076923078,0.0,1.0,0.43333333333333335
13,0.23076923076923078,0.0,1.0,0.43333333333333335
