node,degree_cent,bet_cent,clust_coeff,close_cent
0,0.6923076923076923,0.05104895104895105,0.6388888888888888,0.7647058823529411
1,0.46153846153846156,0.02092074592074592,0.7333333333333333,0.65
2,0.6153846153846154,0.04592074592074592,0.6428571428571429,0.7222222222222222
3,0.46153846153846156,0.01794871794871795,0.7333333333333333,0.6190476190476191
4,0.6153846153846154,0.03236208236208236,0.6785714285714286,0.7222222222222222
5,0.38461538461538464,0.01078088578088578,0.7,0.5909090909090909
6,0.6153846153846154,0.02927350427350427,0.7142857142857143,0.7222222222222222
7,0.6153846153846154,0.060547785547785546,0.6071428571428571,0.7222222222222222
8,0.5384615384615385,0.03428515928515928,0.6666666666666666,0.6842105263157895
9,0.3076923076923077,0.005341880341880341,0.8333333333333334,0.5652173913043478
10,0.38461538461538464,0.02263014763014763,0.6,0.5909090909090909
11,0.8461538461538463,0.12313519813519815,0.5454545454545454,0.8666666666666667
12,0.7692307692307693,0.06994949494949494,0.6222222222222222,0.8125
13,0.5384615384615385,0.014316239316239316,0.7619047619047619,0.6842105263157895
