node,degree_cent,bet_cent,clust_coeff,close_cent
0,0.6923076923076923,0.05359960552268245,0.6666666666666666,0.7647058823529411
1,0.46153846153846156,0.017357001972386585,0.8,0.65
2,0.6153846153846154,0.03541255752794214,0.7142857142857143,0.7222222222222222
3,0.46153846153846156,0.01324786324786325,0.7333333333333333,0.5652173913043478
4,0.5384615384615385,0.022567389875082184,0.7142857142857143,0.6190476190476191
5,0.38461538461538464,0.013831360946745563,0.7,0.5909090909090909
6,0.6923076923076923,0.08954635108481261,0.5833333333333334,0.7647058823529411
7,0.6153846153846154,0.09326101249178173,0.5357142857142857,0.7222222222222222
8,0.38461538461538464,0.02264957264957265,0.7,0.5909090909090909
9,0.3076923076923077,0.00641025641025641,0.8333333333333334,0.5416666666666666
10,0.23076923076923078,0.0,1.0,0.5
11,0.7692307692307693,0.2146285338593031,0.4888888888888889,0.8125
12,0.6923076923076923,0.05253122945430638,0.6666666666666666,0.7647058823529411
13,0.38461538461538464,0.0059829059829059825,0.9,0.6190476190476191
