node,degree_cent,bet_cent,clust_coeff,close_cent
0,0.5384615384615385,0.014224664224664224,0.8095238095238095,0.65
1,0.6153846153846154,0.07036019536019535,0.6428571428571429,0.7222222222222222
2,0.46153846153846156,0.007264957264957266,0.8,0.5652173913043478
3,0.38461538461538464,0.007264957264957264,0.7,0.5416666666666666
4,0.6923076923076923,0.09963369963369964,0.6111111111111112,0.7647058823529411
5,0.6153846153846154,0.07495421245421245,0.5714285714285714,0.7222222222222222
6,0.38461538461538464,0.061507936507936505,0.5,0.6190476190476191
7,0.46153846153846156,0.07371794871794872,0.5333333333333333,0.65
8,0.3076923076923077,0.010683760683760682,0.6666666666666666,0.48148148148148145
9,0.38461538461538464,0.025030525030525025,0.6,0.5652173913043478
10,0.23076923076923078,0.01114163614163614,0.6666666666666666,0.52
11,0.6923076923076923,0.22783882783882783,0.4722222222222222,0.7647058823529411
12,0.5384615384615385,0.014224664224664224,0.8095238095238095,0.65
13,0.46153846153846156,0.020100732600732602,0.7333333333333333,0.6190476190476191
