node,degree_cent,bet_cent,clust_coeff,close_cent
0,0.23076923076923078,0.0,1.0,0.48148148148148145
1,0.5384615384615385,0.058226495726495714,0.6666666666666666,0.6842105263157895
2,0.6153846153846154,0.10648148148148147,0.6071428571428571,0.7222222222222222
3,0.38461538461538464,0.03988603988603988,0.6,0.5652173913043478
4,0.6923076923076923,0.14875356125356123,0.5,0.7647058823529411
5,0.3076923076923077,0.020299145299145296,0.6666666666666666,0.5416666666666666
6,0.38461538461538464,0.026139601139601138,0.7,0.5909090909090909
7,0.38461538461538464,0.026139601139601138,0.7,0.5909090909090909
8,0.7692307692307693,0.21655982905982904,0.4666666666666667,0.8125
9,0.38461538461538464,0.033618233618233614,0.6,0.5652173913043478
10,0.23076923076923078,0.0,1.0,0.5
11,0.46153846153846156,0.051816239316239306,0.6,0.6190476190476191
12,0.46153846153846156,0.007834757834757835,0.8666666666666667,0.65
13,0.46153846153846156,0.007834757834757835,0.8666666666666667,0.65
