node,degree_cent,bet_cent,clust_coeff,close_cent
0,0.23076923076923078,0.0,1.0,0.52
1,0.23076923076923078,0.0,1.0,0.52
2,0.7692307692307693,0.14116809116809115,0.6222222222222222,0.8125
3,0.7692307692307693,0.13693019943019943,0.6,0.8125
4,0.6153846153846154,0.014423076923076922,0.8571428571428571,0.7222222222222222
5,0.3076923076923077,0.0,1.0,0.5652173913043478
6,0.7692307692307693,0.05495014245014244,0.7111111111111111,0.8125
7,0.7692307692307693,0.05495014245014244,0.7111111111111111,0.8125
8,0.5384615384615385,0.041096866096866094,0.7142857142857143,0.6842105263157895
9,0.46153846153846156,0.020299145299145296,0.7333333333333333,0.5909090909090909
10,0.23076923076923078,0.0,1.0,0.5
11,0.7692307692307693,0.10142450142450142,0.6888888888888889,0.8125
12,0.6153846153846154,0.007264957264957264,0.8928571428571429,0.7222222222222222
13,0.6153846153846154,0.017236467236467237,0.8571428571428571,0.7222222222222222
