node,degree_cent,bet_cent,clust_coeff,close_cent
0,0.3076923076923077,0.11691086691086693,0.5,0.48148148148148145
1,0.23076923076923078,0.0,1.0,0.40625
2,0.3076923076923077,0.05067155067155067,0.6666666666666666,0.5
3,0.38461538461538464,0.11446886446886445,0.5,0.52
4,0.46153846153846156,0.2263431013431013,0.4666666666666667,0.6190476190476191
5,0.3076923076923077,0.036019536019536016,0.6666666666666666,0.5
6,0.3076923076923077,0.013888888888888888,0.8333333333333334,0.52
7,0.38461538461538464,0.0695970695970696,0.6,0.5416666666666666
8,0.5384615384615385,0.2419108669108669,0.42857142857142855,0.6190476190476191
9,0.38461538461538464,0.03952991452991452,0.6,0.5
10,0.23076923076923078,0.0,1.0,0.4482758620689655
11,0.38461538461538464,0.07448107448107448,0.6,0.52
12,0.3076923076923077,0.04029304029304029,0.6666666666666666,0.5
13,0.23076923076923078,0.11691086691086693,0.3333333333333333,0.48148148148148145
