node,degree_cent,bet_cent,clust_coeff,close_cent
0,0.7692307692307693,0.0846153846153846,0.6444444444444445,0.7647058823529411
1,0.46153846153846156,0.04038461538461539,0.6666666666666666,0.6190476190476191
2,0.5384615384615385,0.01666666666666667,0.7142857142857143,0.5652173913043478
3,0.46153846153846156,0.012606837606837605,0.7333333333333333,0.5416666666666666
4,0.5384615384615385,0.01528286528286528,0.8095238095238095,0.6190476190476191
5,0.46153846153846156,0.008384208384208384,0.8666666666666667,0.5909090909090909
6,0.6153846153846154,0.04291819291819292,0.7142857142857143,0.6842105263157895
7,0.6923076923076923,0.19720187220187216,0.5555555555555556,0.7647058823529411
8,0.5384615384615385,0.19702889702889706,0.5238095238095238,0.6842105263157895
9,0.3076923076923077,0.12639397639397637,0.5,0.5416666666666666
10,0.23076923076923078,0.03001628001628001,0.6666666666666666,0.4642857142857143
11,0.15384615384615385,0.0,1.0,0.37142857142857144
12,0.6153846153846154,0.024257224257224253,0.75,0.65
13,0.5384615384615385,0.024755799755799758,0.7619047619047619,0.65
