node,degree_cent,bet_cent,clust_coeff,close_cent
0,0.3076923076923077,0.0,1.0,0.4482758620689655
1,0.46153846153846156,0.0737179487179487,0.6,0.5416666666666666
2,0.6153846153846154,0.29465811965811967,0.4642857142857143,0.65
3,0.46153846153846156,0.044658119658119645,0.6666666666666666,0.5909090909090909
4,0.3076923076923077,0.009615384615384616,0.8333333333333334,0.5
5,0.3076923076923077,0.007905982905982906,0.8333333333333334,0.48148148148148145
6,0.5384615384615385,0.18803418803418803,0.5238095238095238,0.65
7,0.46153846153846156,0.28717948717948716,0.4666666666666667,0.65
8,0.3076923076923077,0.12948717948717944,0.5,0.52
9,0.3076923076923077,0.1544871794871795,0.5,0.48148148148148145
10,0.23076923076923078,0.015384615384615387,0.6666666666666666,0.38235294117647056
11,0.15384615384615385,0.0,1.0,0.34210526315789475
12,0.3076923076923077,0.0,1.0,0.4482758620689655
13,0.3076923076923077,0.0,1.0,0.4482758620689655
