node,degree_cent,bet_cent,clust_coeff,close_cent
0,0.6923076923076923,0.0490999740999741,0.6666666666666666,0.7647058823529411
1,0.38461538461538464,0.007193732193732194,0.9,0.6190476190476191
2,0.6153846153846154,0.030154105154105153,0.7142857142857143,0.7222222222222222
3,0.46153846153846156,0.015384615384615387,0.7333333333333333,0.5909090909090909
4,0.6153846153846154,0.02578347578347578,0.7142857142857143,0.6842105263157895
5,0.38461538461538464,0.007193732193732194,0.8,0.5909090909090909
6,0.6923076923076923,0.04335664335664336,0.6944444444444444,0.7647058823529411
7,0.6923076923076923,0.08868168868168869,0.6111111111111112,0.7647058823529411
8,0.5384615384615385,0.04924889924889925,0.6666666666666666,0.6842105263157895
9,0.3076923076923077,0.007575757575757574,0.8333333333333334,0.5652173913043478
10,0.23076923076923078,0.0,1.0,0.5
11,0.7692307692307693,0.16504144004144003,0.5333333333333333,0.8125
12,0.7692307692307693,0.0751942501942502,0.6444444444444445,0.8125
13,0.5384615384615385,0.013014763014763014,0.8095238095238095,0.6842105263157895
