node,degree_cent,bet_cent,clust_coeff,close_cent
0,0.6923076923076923,0.07887603849142309,0.6111111111111112,0.7647058823529411
1,0.38461538461538464,0.0689550833781603,0.4,0.6190476190476191
2,0.6153846153846154,0.04191993903532365,0.6785714285714286,0.7222222222222222
3,0.46153846153846156,0.01657477138246369,0.8,0.65
4,0.6153846153846154,0.01786653517422748,0.7857142857142857,0.6842105263157895
5,0.5384615384615385,0.007905982905982906,0.8571428571428571,0.6190476190476191
6,0.6153846153846154,0.025894298009682626,0.75,0.7222222222222222
7,0.6153846153846154,0.04140069332377024,0.6785714285714286,0.7222222222222222
8,0.5384615384615385,0.0690522084752854,0.5238095238095238,0.6842105263157895
9,0.46153846153846156,0.045426155041539656,0.6,0.65
10,0.38461538461538464,0.02253302253302253,0.6,0.5909090909090909
11,0.3076923076923077,0.010683760683760682,0.6666666666666666,0.5416666666666666
12,0.6923076923076923,0.059013956129340746,0.6666666666666666,0.7647058823529411
13,0.6153846153846154,0.07082063235909389,0.5714285714285714,0.7222222222222222
