node,degree_cent,bet_cent,clust_coeff,close_cent
0,0.3076923076923077,0.004273504273504273,0.8333333333333334,0.52
1,0.23076923076923078,0.0,1.0,0.5
2,0.6923076923076923,0.200521238021238,0.5277777777777778,0.7647058823529411
3,0.5384615384615385,0.06492812742812742,0.5238095238095238,0.6190476190476191
4,0.46153846153846156,0.026359751359751354,0.6666666666666666,0.5909090909090909
5,0.38461538461538464,0.017893680393680392,0.7,0.5909090909090909
6,0.6153846153846154,0.049690587190587186,0.6785714285714286,0.7222222222222222
7,0.5384615384615385,0.05143467643467643,0.6666666666666666,0.6190476190476191
8,0.6153846153846154,0.10698051948051948,0.6428571428571429,0.7222222222222222
9,0.3076923076923077,0.006105006105006104,0.8333333333333334,0.5
10,0.23076923076923078,0.0,1.0,0.4642857142857143
11,0.6153846153846154,0.10698051948051948,0.6428571428571429,0.7222222222222222
12,0.5384615384615385,0.03203185703185703,0.7619047619047619,0.6842105263157895
13,0.6923076923076923,0.07639027639027639,0.6388888888888888,0.7647058823529411
