node,degree_cent,bet_cent,clust_coeff,close_cent
0,0.7692307692307693,0.0757936507936508,0.6,0.8125
1,0.38461538461538464,0.011874236874236874,0.8,0.6190476190476191
2,0.6153846153846154,0.0416056166056166,0.6785714285714286,0.7222222222222222
3,0.38461538461538464,0.013888888888888888,0.7,0.5652173913043478
4,0.6153846153846154,0.043315018315018314,0.6428571428571429,0.7222222222222222
5,0.38461538461538464,0.01465201465201465,0.7,0.5909090909090909
6,0.6153846153846154,0.024725274725274724,0.75,0.7222222222222222
7,0.6153846153846154,0.05799755799755799,0.6428571428571429,0.7222222222222222
8,0.6923076923076923,0.09804639804639805,0.5833333333333334,0.7647058823529411
9,0.3076923076923077,0.006105006105006104,0.8333333333333334,0.5652173913043478
10,0.23076923076923078,0.0,1.0,0.52
11,0.7692307692307693,0.13525641025641025,0.5555555555555556,0.8125
12,0.6923076923076923,0.030036630036630037,0.7222222222222222,0.7647058823529411
13,0.6153846153846154,0.010805860805860806,0.8214285714285714,0.7222222222222222
