Source,Target,Type,Weight
0,2,Undirected,0.31493303615340407
0,12,Undirected,0.3837813706406937
2,4,Undirected,0.3283400147327401
2,12,Undirected,0.37785337901118055
2,13,Undirected,0.35619148668934836
4,6,Undirected,0.32460703648135997
4,12,Undirected,0.3704046744260557
6,12,Undirected,0.3468322388043904
11,12,Undirected,0.367433844581843
11,13,Undirected,0.30907990912500766
12,13,Undirected,0.383599659998394
