Source,Target,Type,Weight
0,2,Undirected,0.3165189961777479
0,12,Undirected,0.37306677980604425
2,5,Undirected,0.32433025128514475
2,12,Undirected,0.390711539034787
5,12,Undirected,0.35039401850420837
12,13,Undirected,0.38880201576545576
