Source,Target,Type,Weight
0,12,Undirected,0.3745058069193728
2,12,Undirected,0.3812852162145922
4,6,Undirected,0.32218874590399044
4,12,Undirected,0.40096051475239425
4,13,Undirected,0.3465833891167648
6,11,Undirected,0.3134043346192391
6,12,Undirected,0.38577872861366563
6,13,Undirected,0.3351048768686695
11,12,Undirected,0.3686523376129004
12,13,Undirected,0.38203028459011185
