Source,Target,Type,Weight
0,2,Undirected,0.3310803765265081
0,12,Undirected,0.37959202697315403
0,13,Undirected,0.31017468579710705
2,3,Undirected,0.31770199788562453
2,12,Undirected,0.39893598150303883
2,13,Undirected,0.3352421997296037
3,12,Undirected,0.35325990877391394
3,13,Undirected,0.3239471919390109
4,5,Undirected,0.3173132280974797
12,13,Undirected,0.3948472125468341
