Source,Target,Type,Weight
0,12,Undirected,0.3841836620198224
0,13,Undirected,0.34341748171233855
4,11,Undirected,0.31184117267574163
4,12,Undirected,0.3584661665881956
4,13,Undirected,0.354489845455658
11,12,Undirected,0.3977758034792333
12,13,Undirected,0.3758221746251145
