Source,Target,Type,Weight
0,1,Undirected,0.307472566623391
2,12,Undirected,0.3819298186984713
2,13,Undirected,0.3100199096114285
6,12,Undirected,0.3725845938464928
6,13,Undirected,0.31293781725651615
8,9,Undirected,0.31490797230031786
11,13,Undirected,0.3542422459594058
12,13,Undirected,0.3848836302338407
