Source,Target,Type,Weight
0,2,Undirected,0.30802483877970493
0,4,Undirected,0.3199187462229785
0,11,Undirected,0.32186942702262505
0,12,Undirected,0.3813856206582908
0,13,Undirected,inf
1,13,Undirected,inf
2,4,Undirected,0.3188046770440177
2,11,Undirected,0.3188433560262804
2,12,Undirected,0.3517273812247209
2,13,Undirected,inf
3,13,Undirected,inf
4,6,Undirected,0.342281040677651
4,12,Undirected,0.36674306447669713
4,13,Undirected,inf
5,13,Undirected,inf
6,11,Undirected,0.32426332850658723
6,12,Undirected,0.37075412765551957
6,13,Undirected,inf
7,13,Undirected,inf
8,11,Undirected,0.3250177491463284
8,12,Undirected,0.3877070463467684
8,13,Undirected,inf
9,13,Undirected,inf
10,13,Undirected,inf
11,12,Undirected,0.3880924399909063
11,13,Undirected,inf
12,13,Undirected,inf
