Source,Target,Type,Weight
0,2,Undirected,0.33489975852874526
0,6,Undirected,0.34316438116990444
0,12,Undirected,0.4025166117237086
2,4,Undirected,0.3276976393494931
2,12,Undirected,0.3992310267403531
2,13,Undirected,0.35563321526103653
4,12,Undirected,0.3837843906601665
6,12,Undirected,0.3759817598418015
8,11,Undirected,0.3694943474281305
11,12,Undirected,0.38608927460243236
12,13,Undirected,0.37186582344178987
