Source,Target,Type,Weight
0,11,Undirected,0.35770671181938846
0,12,Undirected,0.38454568450267607
11,12,Undirected,0.3836068872292127
12,13,Undirected,0.3874514011902413
