Source,Target,Type,Weight
2,12,Undirected,0.37453931609827257
8,9,Undirected,0.31070138309133616
8,12,Undirected,0.3735972635494013
10,11,Undirected,0.3323823533770302
11,12,Undirected,0.39628509181309207
11,13,Undirected,0.35437740976493315
12,13,Undirected,0.37676926791689186
