Source,Target,Type,Weight
2,3,Undirected,0.32386047057515427
2,12,Undirected,0.3833068705655368
8,9,Undirected,0.31201606238083585
12,13,Undirected,0.38442176351379653
