Source,Target,Type,Weight
0,4,Undirected,0.3204518578519302
0,6,Undirected,0.3257156546903266
0,11,Undirected,0.3037804966197635
0,12,Undirected,0.3967095357463392
2,4,Undirected,0.3292308315435223
2,12,Undirected,0.3618299955339577
2,13,Undirected,0.37584992470104894
4,6,Undirected,0.3210742239335754
4,12,Undirected,0.3890608543914032
6,12,Undirected,0.39021431297999326
11,12,Undirected,0.37450844864288924
11,13,Undirected,0.31142833149402965
12,13,Undirected,0.346411011735082
