Source,Target,Type,Weight
0,2,Undirected,0.3300668994122811
0,11,Undirected,0.3143101781306629
0,12,Undirected,0.36857588435324234
2,4,Undirected,0.352267796843056
2,12,Undirected,0.3942952229905022
2,13,Undirected,0.31107690221901757
4,6,Undirected,0.33390904718866016
4,12,Undirected,0.3589104528558567
4,13,Undirected,0.3555479903712308
6,11,Undirected,0.3243233797088338
6,12,Undirected,0.362241457455864
8,11,Undirected,0.3828752688444915
11,12,Undirected,0.3808110906232928
11,13,Undirected,0.3089209900870359
12,13,Undirected,0.3734935338832213
