Source,Target,Type,Weight
0,4,Undirected,0.32226224298394746
0,12,Undirected,0.3895172657684087
0,13,Undirected,0.3311132041674926
2,13,Undirected,0.3798989509426046
4,11,Undirected,0.315540562906434
4,12,Undirected,0.36785860939878157
4,13,Undirected,0.32629404057095296
11,12,Undirected,0.39814795829640715
12,13,Undirected,0.37787251033488395
