Source,Target,Type,Weight
2,4,Undirected,0.32299926125242395
2,12,Undirected,0.3619248797122759
2,13,Undirected,0.3276068515326812
4,6,Undirected,0.36291778595701685
4,12,Undirected,0.3857787640963682
6,12,Undirected,0.38629985637760256
6,13,Undirected,0.3110263146713026
12,13,Undirected,0.39036012532313596
