Source,Target,Type,Weight
0,2,Undirected,0.3178544485219589
0,6,Undirected,0.3518403549085428
0,11,Undirected,0.34714915522401746
0,12,Undirected,0.37502671223408696
2,4,Undirected,0.3197026691027555
2,12,Undirected,0.3876605338051715
4,6,Undirected,0.3297438876014907
4,12,Undirected,0.3611354778094287
4,13,Undirected,0.3031901474536548
6,12,Undirected,0.3925769215757611
11,12,Undirected,0.38390305182635914
11,13,Undirected,0.30652608414415444
12,13,Undirected,0.37026616270332263
