Source,Target,Type,Weight
0,2,Undirected,0.3076165290022344
0,12,Undirected,0.3841354579228607
2,3,Undirected,0.3145789893416153
2,12,Undirected,0.39046434892508136
3,13,Undirected,0.37677410777527603
5,13,Undirected,0.32019218077744876
12,13,Undirected,0.37583897909674896
