Source,Target,Type,Weight
0,2,Undirected,0.3502721134792711
0,11,Undirected,0.3128468785194121
0,12,Undirected,0.3778835066164913
0,13,Undirected,0.32422084224057934
2,4,Undirected,0.3324076944029978
2,8,Undirected,0.3048157248514367
2,11,Undirected,0.31567573946612065
2,12,Undirected,0.40205749561449755
4,6,Undirected,0.3676195684946395
4,8,Undirected,0.3272853654429495
4,12,Undirected,0.359851759370825
6,8,Undirected,0.32858494347087774
6,11,Undirected,0.30563620370801514
6,12,Undirected,0.38766386599669944
6,13,Undirected,0.33504834123949634
8,11,Undirected,0.3357539916527073
8,12,Undirected,0.38045923743679766
11,12,Undirected,0.3699902004691672
11,13,Undirected,0.3657290822312845
12,13,Undirected,0.3811413237567233
