Source,Target,Type,Weight
0,2,Undirected,0.3290221533370579
0,11,Undirected,0.31619319526778883
0,12,Undirected,0.3884444935084275
0,13,Undirected,0.37166504861423466
2,12,Undirected,0.379840911262318
4,6,Undirected,0.33782787427270383
4,12,Undirected,0.3704362758891372
6,8,Undirected,0.32072851022387583
6,12,Undirected,0.38038208669888285
8,9,Undirected,0.3221969628415682
8,11,Undirected,0.32984416425363383
8,12,Undirected,0.3961708152649779
11,12,Undirected,0.3771840851363461
12,13,Undirected,0.3765761135888155
