Source,Target,Type,Weight
0,4,Undirected,0.3190869388786634
0,11,Undirected,0.3378665715488956
0,12,Undirected,0.3885815697650234
2,4,Undirected,0.3268428227510379
2,12,Undirected,0.38424595822063223
2,13,Undirected,0.37380639497706214
4,6,Undirected,0.34969735529069007
4,12,Undirected,0.37713843529105306
6,12,Undirected,0.37542805452674877
11,12,Undirected,0.39578591213736647
11,13,Undirected,0.30828105344510714
12,13,Undirected,0.3679610077330253
