Source,Target,Type,Weight
0,2,Undirected,0.31754349080375455
0,4,Undirected,0.31424636088031754
0,12,Undirected,0.3802497680952771
2,4,Undirected,0.33079782115151257
2,11,Undirected,0.3101969829946128
2,12,Undirected,0.3897275487114835
4,6,Undirected,0.3720867845045337
4,12,Undirected,0.38734670484565714
6,12,Undirected,0.3488516716843382
6,13,Undirected,0.34784743326441026
11,12,Undirected,0.40369548051680054
12,13,Undirected,0.37265497156246263
