Source,Target,Type,Weight
2,4,Undirected,0.3528524674621508
2,11,Undirected,0.3315223701704608
2,12,Undirected,0.381787211747198
2,13,Undirected,0.31868094796835483
4,8,Undirected,0.34136047438016515
4,12,Undirected,0.38963081208262174
6,8,Undirected,0.34419529706069985
6,11,Undirected,0.31968159155443243
6,12,Undirected,0.3631697101355536
8,12,Undirected,0.3997026366931111
11,12,Undirected,0.38574108514327576
11,13,Undirected,0.3124769468104294
12,13,Undirected,0.38100799195817103
