Source,Target,Type,Weight
0,4,Undirected,0.31605364565268224
0,6,Undirected,0.30907061670667196
0,12,Undirected,0.39674435917045386
2,4,Undirected,0.3649540390496882
2,11,Undirected,0.33017485797566787
2,12,Undirected,0.3846601603221447
4,6,Undirected,0.3162135292337972
4,12,Undirected,0.37166745280657265
4,13,Undirected,0.330531948436025
6,11,Undirected,0.3073970538193881
6,12,Undirected,0.3823241582185897
6,13,Undirected,0.3426933977556762
11,12,Undirected,0.3925559417187463
12,13,Undirected,0.3793411013335306
