Source,Target,Type,Weight
0,11,Undirected,0.3266789078001203
0,12,Undirected,0.3943433042746386
11,12,Undirected,0.3855228552801176
12,13,Undirected,0.3845613036508488
