Source,Target,Type,Weight
2,3,Undirected,0.32578133113116764
2,7,Undirected,0.34272896091685856
2,8,Undirected,0.3468672606096763
2,11,Undirected,0.3125168531908348
2,12,Undirected,0.3856979159568693
3,4,Undirected,0.35218935229229764
3,6,Undirected,0.30446519490602914
3,12,Undirected,0.3649024439557778
4,6,Undirected,0.3258785535397371
4,12,Undirected,0.3824609239254279
4,13,Undirected,0.34273436604335317
6,7,Undirected,0.3445304740745645
6,9,Undirected,0.3567660489492794
6,12,Undirected,0.36717793261241294
7,12,Undirected,0.38944948795839635
9,10,Undirected,0.32514697803060333
11,12,Undirected,0.3839742204808027
11,13,Undirected,0.3589486323028643
12,13,Undirected,0.3702887177479744
