Source,Target,Type,Weight
0,1,Undirected,0.307982430266384
0,2,Undirected,0.3033058447081052
2,7,Undirected,0.3464916545264317
2,11,Undirected,0.3374049056115041
2,12,Undirected,0.3760328948453697
2,13,Undirected,0.3707367589437296
3,4,Undirected,0.3273678240889976
3,6,Undirected,0.31889671255308955
3,12,Undirected,0.3613310111271375
3,13,Undirected,0.3393556641871658
4,6,Undirected,0.3152063253130886
4,12,Undirected,0.3955780708318251
4,13,Undirected,0.35319157966073833
6,7,Undirected,0.3510241773184684
6,12,Undirected,0.3815847483424465
7,12,Undirected,0.3829789953894278
11,12,Undirected,0.3867670700469786
12,13,Undirected,0.3680725392593222
