Source,Target,Type,Weight
0,2,Undirected,0.329350863831612
0,4,Undirected,0.3163020470136773
0,12,Undirected,0.39425182274203796
2,11,Undirected,0.31784336853177086
2,12,Undirected,0.3983715629289794
4,6,Undirected,0.31852816328359446
4,12,Undirected,0.3780728246726468
4,13,Undirected,0.330302446596706
6,12,Undirected,0.3576110990892918
6,13,Undirected,0.35289622750649435
8,13,Undirected,0.3217629058500526
11,12,Undirected,0.3931155958198551
12,13,Undirected,0.3831523829272949
