Source,Target,Type,Weight
0,2,Undirected,0.30955026948995806
0,4,Undirected,0.339804076721454
0,11,Undirected,0.3303756068459199
0,12,Undirected,0.38699106728072674
2,12,Undirected,0.38425398428483964
2,13,Undirected,0.37662406232434015
4,6,Undirected,0.3264124740606886
4,12,Undirected,0.3955872861764714
6,12,Undirected,0.3870022436014546
8,9,Undirected,0.31427734786527184
11,12,Undirected,0.3917840415713082
11,13,Undirected,0.34868569817213485
12,13,Undirected,0.39182005534220626
