Source,Target,Type,Weight
2,4,Undirected,0.3371133263279285
2,12,Undirected,0.38519995286831477
2,13,Undirected,0.32259752637778155
4,6,Undirected,0.3368473263014925
4,8,Undirected,0.33439776369964774
4,12,Undirected,0.37191436091007607
6,8,Undirected,0.33752602982841096
6,11,Undirected,0.3080644305973211
6,12,Undirected,0.3746975456766888
8,12,Undirected,0.39277647085484874
11,12,Undirected,0.3819409480500523
11,13,Undirected,0.30312357988873845
12,13,Undirected,0.3824685617032824
