Source,Target,Type,Weight
0,2,Undirected,0.32951599619787786
0,6,Undirected,0.3086495603019189
0,11,Undirected,0.3319477064345069
0,12,Undirected,0.3904434488682289
2,4,Undirected,0.3237939414778308
2,12,Undirected,0.38140178183744317
2,13,Undirected,0.41390154455794936
4,6,Undirected,0.3105127219553451
4,12,Undirected,0.39677231989980194
4,13,Undirected,0.3048979312931708
6,12,Undirected,0.38242071727590304
11,12,Undirected,0.3886610023632101
12,13,Undirected,0.3733500441507392
