Source,Target,Type,Weight
0,4,Undirected,0.33675131754238813
0,6,Undirected,0.30435486162581055
0,12,Undirected,0.4087774551305698
2,4,Undirected,0.32098421903710184
2,12,Undirected,0.4049904258666809
4,6,Undirected,0.38923191938119395
4,12,Undirected,0.3750082367977655
4,13,Undirected,0.3333255981544923
6,11,Undirected,0.33834448603397604
6,12,Undirected,0.37037726468752014
6,13,Undirected,0.33448728665620053
7,8,Undirected,0.32398627800503493
8,11,Undirected,0.3655135350030531
11,12,Undirected,0.37594189295341995
12,13,Undirected,0.3717996324290381
