Source,Target,Type,Weight
2,4,Undirected,0.3536703200113396
2,12,Undirected,0.38149607112084866
2,13,Undirected,0.3707417072222569
4,6,Undirected,0.3181636023704429
4,8,Undirected,0.33755126479999487
4,12,Undirected,0.3840105354452931
4,13,Undirected,0.3139597386672978
6,8,Undirected,0.37897836320500655
6,11,Undirected,0.31233840135286195
6,12,Undirected,0.3898724538359033
6,13,Undirected,0.3144743145065544
8,12,Undirected,0.39409771975462854
11,12,Undirected,0.3789538812039488
11,13,Undirected,0.3072040575535922
12,13,Undirected,0.3785463358034835
