Source,Target,Type,Weight
0,11,Undirected,0.31963238081811274
0,12,Undirected,0.39610526608052876
0,13,Undirected,0.3495765171617211
11,12,Undirected,0.39103901249761097
12,13,Undirected,0.3813267098454075
