Source,Target,Type,Weight
2,4,Undirected,0.3165997507542665
2,12,Undirected,0.37224103211744003
4,12,Undirected,0.3873386563758165
12,13,Undirected,0.38164037051191063
