Source,Target,Type,Weight
0,2,Undirected,0.32811046555062434
0,6,Undirected,0.33941643702015584
0,7,Undirected,0.3088797447603977
0,12,Undirected,0.386726238229516
2,12,Undirected,0.39888377698249844
2,13,Undirected,0.3454544975343881
4,6,Undirected,0.314731952079868
4,12,Undirected,0.3772658483571371
4,13,Undirected,0.32156814519535803
6,7,Undirected,0.363118209612412
6,12,Undirected,0.3780236886687726
7,12,Undirected,0.3748181897146763
12,13,Undirected,0.3673468923032566
