Source,Target,Type,Weight
0,2,Undirected,0.3034961905812146
0,4,Undirected,0.31966823981733433
0,11,Undirected,0.3198743657505124
0,12,Undirected,0.3850256619271736
2,12,Undirected,0.37839863093497655
2,13,Undirected,0.33096399019268696
4,6,Undirected,0.31160491123284
4,12,Undirected,0.4082710061087283
6,11,Undirected,0.3199527413553418
6,12,Undirected,0.36796630185314716
11,12,Undirected,0.3814962446172362
11,13,Undirected,0.30416630497866165
12,13,Undirected,0.3580345311824706
