Source,Target,Type,Weight
0,2,Undirected,0.3389071464955307
0,12,Undirected,0.3842504640399606
0,13,Undirected,0.30625376856866604
2,3,Undirected,0.3522410235647618
2,12,Undirected,0.3941703850447897
3,4,Undirected,0.35159647094484575
3,12,Undirected,0.33993439595791053
4,12,Undirected,0.3945557510422657
4,13,Undirected,0.3110550089167831
6,7,Undirected,0.32286450118856175
12,13,Undirected,0.3795422892487191
