Source,Target,Type,Weight
0,2,Undirected,0.33357486729748625
0,4,Undirected,0.3137868189312705
0,7,Undirected,0.33328525918758506
0,12,Undirected,0.38530834099943984
0,13,Undirected,0.304481904312789
2,12,Undirected,0.3871877290510065
2,13,Undirected,0.358181903423771
4,6,Undirected,0.34446929907877977
4,12,Undirected,0.348364408940539
6,7,Undirected,0.3665509530944918
6,12,Undirected,0.3751189825335474
7,12,Undirected,0.3698400949910492
12,13,Undirected,0.37996478740862233
