Source,Target,Type,Weight
0,1,Undirected,0.3068377800981181
2,12,Undirected,0.3962149759161453
2,13,Undirected,0.3318039603161481
4,13,Undirected,0.33667619844507646
6,8,Undirected,0.3213397655876031
6,12,Undirected,0.3682214070551516
6,13,Undirected,0.3366142146197474
8,12,Undirected,0.38562327061326024
11,12,Undirected,0.3747181330419189
12,13,Undirected,0.36625177731445135
