Source,Target,Type,Weight
0,2,Undirected,0.32561615324121407
0,6,Undirected,0.30626754393715266
0,11,Undirected,0.3047917803164271
0,12,Undirected,0.39450309099080066
2,4,Undirected,0.3200119145060943
2,12,Undirected,0.37700460183730133
2,13,Undirected,0.3841272609113908
4,12,Undirected,0.3680208982814477
4,13,Undirected,0.30311186018782754
6,11,Undirected,0.3237468051231033
6,12,Undirected,0.3704463201333934
11,12,Undirected,0.3825319426134231
12,13,Undirected,0.3697574112298312
