Source,Target,Type,Weight
2,3,Undirected,0.3058492231781323
2,4,Undirected,0.3162185356524128
2,12,Undirected,0.39011980200018176
2,13,Undirected,0.3230232165543484
4,5,Undirected,0.3804889881640578
4,8,Undirected,0.33116763502886926
4,12,Undirected,0.36519210507366917
8,9,Undirected,0.30849827613154723
8,11,Undirected,0.32600096767235937
8,12,Undirected,0.36366546485415896
11,12,Undirected,0.38602023302556726
11,13,Undirected,0.31371906063434274
12,13,Undirected,0.37770298307898015
