Source,Target,Type,Weight
2,6,Undirected,0.3544291560651244
2,12,Undirected,0.3903629227892229
2,13,Undirected,0.3492529160588075
4,8,Undirected,0.3541963269108305
6,12,Undirected,0.371003925421763
12,13,Undirected,0.383951373345966
