Source,Target,Type,Weight
0,11,Undirected,0.3073781532558177
0,12,Undirected,0.38802016744530277
11,12,Undirected,0.37849639353552633
12,13,Undirected,0.38646978345992355
