Source,Target,Type,Weight
0,2,Undirected,0.3322678927630422
0,11,Undirected,0.32733256716738
0,12,Undirected,0.3767771877498977
0,13,Undirected,0.31870712459397993
2,4,Undirected,0.3419683737239589
2,11,Undirected,0.32241251005159993
2,12,Undirected,0.39203118375489676
4,6,Undirected,0.3648811751488866
4,8,Undirected,0.3259629392856038
4,12,Undirected,0.34841687408317723
6,8,Undirected,0.30846270140643356
6,12,Undirected,0.3706763743726178
6,13,Undirected,0.31752010095710914
8,9,Undirected,0.311891561810583
8,12,Undirected,0.3730740469845322
11,12,Undirected,0.39536269588782846
11,13,Undirected,0.381943626147091
12,13,Undirected,0.34769642118320787
