Source,Target,Type,Weight
0,6,Undirected,0.30387427558877533
0,12,Undirected,0.3935117486736125
2,3,Undirected,0.31319619311260255
2,4,Undirected,0.32262415187496507
2,11,Undirected,0.30980388043707396
2,12,Undirected,0.3768647342352752
4,6,Undirected,0.3686019915192534
4,12,Undirected,0.39532498466977867
4,13,Undirected,0.3102569857130874
6,12,Undirected,0.3754150501524062
6,13,Undirected,0.346948202088222
8,11,Undirected,0.34486684327546474
10,11,Undirected,0.31186159999428964
11,12,Undirected,0.3825918197143467
12,13,Undirected,0.34365487752590357
