Source,Target,Type,Weight
2,11,Undirected,0.3089702350044092
2,12,Undirected,0.3928946122072145
6,7,Undirected,0.31185944352217704
6,12,Undirected,0.3711119243404172
8,13,Undirected,0.32838464160674774
11,12,Undirected,0.3922382481070312
11,13,Undirected,0.3445489270428221
12,13,Undirected,0.3946376079882261
