Source,Target,Type,Weight
0,4,Undirected,0.32656729846967514
0,7,Undirected,0.3133069459462932
0,12,Undirected,0.3921444041431158
2,4,Undirected,0.3368780606675501
2,12,Undirected,0.38092643239845103
4,5,Undirected,0.3268253262386573
4,6,Undirected,0.3112698302322028
4,12,Undirected,0.3574755599980602
5,6,Undirected,0.30507825373761055
6,7,Undirected,0.3809116606008868
6,12,Undirected,0.3952786380480795
6,13,Undirected,0.3075044188642707
7,12,Undirected,0.3687410112705776
8,9,Undirected,0.3254706644459081
12,13,Undirected,0.37072397923283024
