Source,Target,Type,Weight
0,11,Undirected,0.30712022072391354
0,12,Undirected,0.37540705307758215
2,12,Undirected,0.39779749591632707
4,6,Undirected,0.30554611973261625
4,12,Undirected,0.36295798490363446
4,13,Undirected,0.3500401841041198
6,12,Undirected,0.3595681619897475
6,13,Undirected,0.36571237245898897
8,9,Undirected,0.32601667818990687
8,11,Undirected,0.3239216734771012
8,12,Undirected,0.3784975206780119
8,13,Undirected,0.39020814151118316
11,12,Undirected,0.3881190867370332
12,13,Undirected,0.3769374497239722
