Source,Target,Type,Weight
0,2,Undirected,0.3189552288972873
0,12,Undirected,0.38789704660096325
2,4,Undirected,0.3329249728496106
2,11,Undirected,0.30692480923781107
2,12,Undirected,0.3971509843640472
2,13,Undirected,0.33742279318037033
4,6,Undirected,0.3855036501167319
4,12,Undirected,0.35808536395876767
6,11,Undirected,0.3135704563577297
6,12,Undirected,0.36979770516333843
11,12,Undirected,0.3714314634197963
11,13,Undirected,0.3087302119492014
12,13,Undirected,0.3661849480607704
