Source,Target,Type,Weight
0,2,Undirected,0.33155882378981105
0,6,Undirected,0.3297388066741719
0,7,Undirected,0.3215218271357479
0,12,Undirected,0.38571213908319724
2,12,Undirected,0.3827102682646506
4,6,Undirected,0.33872790160514216
4,12,Undirected,0.40170392869381366
6,7,Undirected,0.3561204465905594
6,12,Undirected,0.3818362534619041
6,13,Undirected,0.34207092376269665
12,13,Undirected,0.3769290489234441
