Source,Target,Type,Weight
0,2,Undirected,0.31975972644456846
0,12,Undirected,0.36839161986496977
0,13,Undirected,0.32302145025810963
2,5,Undirected,0.3382507590332375
2,12,Undirected,0.40562032588853814
2,13,Undirected,0.32296235266488155
5,12,Undirected,0.3730405340443299
7,13,Undirected,0.35162871771793575
12,13,Undirected,0.3940399621884337
