Source,Target,Type,Weight
0,2,Undirected,0.323575320660808
0,12,Undirected,0.40737879101185887
0,13,Undirected,0.3208705012630013
2,4,Undirected,0.32089244784555926
2,12,Undirected,0.4039450454973456
2,13,Undirected,0.31403190359844446
4,12,Undirected,0.35969804362973684
9,11,Undirected,0.30399188370058433
12,13,Undirected,0.38454427425829546
