Source,Target,Type,Weight
0,2,Undirected,0.3141364017107434
0,12,Undirected,0.3744157431033584
2,4,Undirected,0.3509960066009915
2,12,Undirected,0.3888342391105334
2,13,Undirected,0.3389053117577641
4,6,Undirected,0.3103896706489227
4,12,Undirected,0.40272206558209717
6,11,Undirected,0.30649633798498305
6,12,Undirected,0.3749898302332904
11,12,Undirected,0.37920912871218737
12,13,Undirected,0.36142582061584083
