Source,Target,Type,Weight
0,2,Undirected,0.3201578659276955
0,4,Undirected,0.31809567782231435
0,12,Undirected,0.37633895040267773
2,4,Undirected,0.30735493059697355
2,11,Undirected,0.34162129829164267
2,12,Undirected,0.38584349541142615
2,13,Undirected,0.32593064366014873
4,6,Undirected,0.3345979698698577
4,12,Undirected,0.3832110889633064
6,12,Undirected,0.361699661679241
7,8,Undirected,0.3056903776241533
11,12,Undirected,0.3793930512966631
11,13,Undirected,0.31428471876965774
12,13,Undirected,0.3715643968597731
