Source,Target,Type,Weight
0,2,Undirected,0.33209596830352356
0,11,Undirected,0.31754349080375455
0,12,Undirected,0.3832289809022534
2,4,Undirected,0.3058073000988005
2,11,Undirected,0.32614190965808515
2,12,Undirected,0.40003174079974607
2,13,Undirected,0.39140560231220517
4,6,Undirected,0.36023960982882985
4,12,Undirected,0.39887505226891057
4,13,Undirected,0.3134410817940474
6,12,Undirected,0.40065165653249374
6,13,Undirected,0.30333256167767053
11,12,Undirected,0.3753938821676217
11,13,Undirected,0.3057615546199344
12,13,Undirected,0.3762242097890857
