Source,Target,Type,Weight
0,13,Undirected,0.3383612177410403
1,13,Undirected,0.325562015612183
2,12,Undirected,0.37841607630278384
2,13,Undirected,0.3251590268232103
6,8,Undirected,0.34015000549844987
6,12,Undirected,0.3718376696031794
8,12,Undirected,0.3888161804035645
11,12,Undirected,0.37123457439191065
11,13,Undirected,0.3174602838210153
12,13,Undirected,0.3773133619431399
