Source,Target,Type,Weight
0,2,Undirected,0.32165682517201716
0,11,Undirected,0.32544990537496576
0,12,Undirected,0.37915081976608433
2,4,Undirected,0.31978093620100795
2,12,Undirected,0.38219243552564736
2,13,Undirected,0.38022911994035713
4,6,Undirected,0.3283565427423237
4,12,Undirected,0.3986669861601105
4,13,Undirected,0.33960394556528745
6,11,Undirected,0.3065192518724528
6,12,Undirected,0.3784469424984602
11,12,Undirected,0.37726272645478703
11,13,Undirected,0.3307529533372478
12,13,Undirected,0.37158283078640947
