Source,Target,Type,Weight
0,11,Undirected,0.3086920391561528
0,12,Undirected,0.36757240318490586
0,13,Undirected,0.34296481651894517
2,4,Undirected,0.3395259269644753
2,12,Undirected,0.3983208299667501
4,6,Undirected,0.3408920434785471
4,8,Undirected,0.3118398743214313
4,12,Undirected,0.35834476538876264
6,8,Undirected,0.32537565403019597
6,12,Undirected,0.37955932501253115
6,13,Undirected,0.3328251386174951
8,11,Undirected,0.3054678570455781
8,12,Undirected,0.40016337389026874
11,12,Undirected,0.405934459402044
12,13,Undirected,0.35525828429122597
