Source,Target,Type,Weight
2,12,Undirected,0.39227746390892715
2,13,Undirected,0.3225824165639987
8,11,Undirected,0.31238557771018605
8,12,Undirected,0.39445656589975475
11,12,Undirected,0.39965156415943665
11,13,Undirected,0.31885130625295527
12,13,Undirected,0.37385837285346735
