Source,Target,Type,Weight
0,2,Undirected,0.3276398641166457
0,6,Undirected,0.32389608399868536
0,7,Undirected,0.337257208893103
0,12,Undirected,0.38130597923351234
2,4,Undirected,0.30349067854048783
2,12,Undirected,0.39978458567532865
2,13,Undirected,0.30576824170124295
4,6,Undirected,0.3429850934959153
4,12,Undirected,0.37378111096733674
6,7,Undirected,0.36066281133396616
6,12,Undirected,0.36567293197258927
7,8,Undirected,0.37362129127129284
7,12,Undirected,0.37322851657845624
12,13,Undirected,0.38138621020513347
