Source,Target,Type,Weight
0,2,Undirected,0.31959794231637156
0,11,Undirected,0.322095443770274
0,12,Undirected,0.3804480562318435
2,4,Undirected,0.32053764496800397
2,12,Undirected,0.388743782195435
2,13,Undirected,0.3281555435294475
4,6,Undirected,0.32662118597727025
4,12,Undirected,0.36222356330991345
6,12,Undirected,0.38106206128004133
8,9,Undirected,0.308803402864036
9,10,Undirected,0.31442688234457594
11,12,Undirected,0.37433754910035194
12,13,Undirected,0.3777631611062921
