Source,Target,Type,Weight
0,2,Undirected,0.3457123565158677
0,4,Undirected,0.3078776013184486
0,6,Undirected,0.35191834877849804
0,12,Undirected,0.3701111956169445
2,11,Undirected,0.3323487732512384
2,12,Undirected,0.40307560723638375
4,12,Undirected,0.37065072589343195
4,13,Undirected,0.3413407779401439
6,12,Undirected,0.36875251993396346
6,13,Undirected,0.3072983865000137
8,11,Undirected,0.34957765345546715
11,12,Undirected,0.37757068607470984
12,13,Undirected,0.37740166717745066
