Source,Target,Type,Weight
0,2,Undirected,0.339567076071437
0,12,Undirected,0.368276758275529
0,13,Undirected,0.3370038973596204
2,3,Undirected,0.33490743323237065
2,12,Undirected,0.38496283000781617
2,13,Undirected,0.31697230411507393
3,4,Undirected,0.3272483645204532
3,12,Undirected,0.3755530029034751
12,13,Undirected,0.3749945574298659
