Source,Target,Type,Weight
0,12,Undirected,0.3544106478400431
2,3,Undirected,0.32969347410659267
11,12,Undirected,0.35905184653041433
12,13,Undirected,0.3745794881957517
