Source,Target,Type,Weight
8,11,Undirected,0.31511886948893736
8,12,Undirected,0.39104539256703996
11,12,Undirected,0.3921712068834616
12,13,Undirected,0.388731496276085
