Source,Target,Type,Weight
0,2,Undirected,0.3116036842942027
0,12,Undirected,0.3565592065134922
0,13,Undirected,0.3223809636539887
2,4,Undirected,0.3385474525747073
2,12,Undirected,0.38426549593591275
4,6,Undirected,0.34630838813881487
4,8,Undirected,0.30972223237570823
4,12,Undirected,0.37686148352262494
6,12,Undirected,0.3626187719509378
6,13,Undirected,0.33148595076423154
8,11,Undirected,0.33456759674077885
8,12,Undirected,0.3856635861484168
11,12,Undirected,0.37206886163696307
12,13,Undirected,0.351759740518418
