Source,Target,Type,Weight
0,2,Undirected,0.3040930686450859
0,12,Undirected,0.39216900679411143
2,3,Undirected,0.35280684863361605
2,12,Undirected,0.37890482400134784
3,12,Undirected,0.34666669091118874
4,6,Undirected,0.3162260694191822
5,12,Undirected,0.3881978632709621
5,13,Undirected,0.3230365017112608
12,13,Undirected,0.39162685166597416
