Source,Target,Type,Weight
0,4,Undirected,0.3047336512873301
0,6,Undirected,0.31154598279282586
0,11,Undirected,0.32209527062642607
0,12,Undirected,0.38273750818528046
2,4,Undirected,0.3355685614728808
2,11,Undirected,0.3231582087638715
2,12,Undirected,0.38289243036180803
2,13,Undirected,0.35192753201226035
4,6,Undirected,0.3156002998963726
4,12,Undirected,0.39682202090950996
4,13,Undirected,0.3231058062465522
6,12,Undirected,0.37959154602114353
6,13,Undirected,0.312557841179216
11,12,Undirected,0.3811498094616263
11,13,Undirected,0.308278175825187
12,13,Undirected,0.3706171556620612
