Source,Target,Type,Weight
0,2,Undirected,0.34449991215642545
0,11,Undirected,0.3468146015067399
0,12,Undirected,0.35677645806708885
0,13,Undirected,0.3033284156325031
2,4,Undirected,0.35571645974300714
2,8,Undirected,0.32664911580608574
2,12,Undirected,0.39202433178669105
4,6,Undirected,0.34400226234397996
4,8,Undirected,0.3150375433840001
4,12,Undirected,0.37710096726490167
6,8,Undirected,0.31384206582603397
6,11,Undirected,0.3157012583629555
6,12,Undirected,0.3666819541734981
6,13,Undirected,0.3218764667186666
8,11,Undirected,0.33809629790428536
8,12,Undirected,0.4006865630606184
11,12,Undirected,0.39785420923717507
11,13,Undirected,0.35841847220202194
12,13,Undirected,0.3698249639680454
