Source,Target,Type,Weight
2,12,Undirected,0.38415888993638025
2,13,Undirected,0.32675961007954624
8,11,Undirected,0.3158663754640975
8,12,Undirected,0.37549107297525924
11,12,Undirected,0.36595720844621066
11,13,Undirected,0.3433533564614803
12,13,Undirected,0.378569159229414
