Source,Target,Type,Weight
0,2,Undirected,0.3491616523755798
0,11,Undirected,0.303467973679064
0,12,Undirected,0.3643812162500506
0,13,Undirected,0.3778698209392637
2,4,Undirected,0.32628726320994234
2,8,Undirected,0.31307827389780774
2,12,Undirected,0.4044475592770691
2,13,Undirected,0.31417833339350776
4,6,Undirected,0.34800764300156656
4,12,Undirected,0.35600948237307856
4,13,Undirected,0.3128824214299824
6,12,Undirected,0.3758202888463297
6,13,Undirected,0.3035873549469354
8,9,Undirected,0.31538830743123264
8,11,Undirected,0.305598792148939
8,12,Undirected,0.38656175019229916
11,12,Undirected,0.3778079413724928
12,13,Undirected,0.36371106507675577
