Source,Target,Type,Weight
2,12,Undirected,0.3767040265789706
2,13,Undirected,0.3077667913176138
11,12,Undirected,0.3598664866835456
12,13,Undirected,0.39277330765976987
