Source,Target,Type,Weight
0,1,Undirected,0.318939536746905
0,12,Undirected,0.36244727331771714
0,13,Undirected,0.3683325142905116
1,13,Undirected,0.3713958770961781
2,11,Undirected,0.3039276945088652
2,12,Undirected,0.3819968828617781
8,12,Undirected,0.3926488800441637
8,13,Undirected,0.35079929018892864
11,12,Undirected,0.3858909220450111
12,13,Undirected,0.37566625770915363
