Source,Target,Type,Weight
0,4,Undirected,0.3300810560191317
0,6,Undirected,0.31765866331894554
0,12,Undirected,0.4088590627317273
2,4,Undirected,0.3352514175415223
2,12,Undirected,0.39558321943298946
4,6,Undirected,0.36027934141861606
4,12,Undirected,0.371226918709764
4,13,Undirected,0.34279215273724295
6,11,Undirected,0.3091464072147802
6,12,Undirected,0.38458432922360397
6,13,Undirected,0.31885962048116334
8,11,Undirected,0.38818615073673207
11,12,Undirected,0.3814562752193988
11,13,Undirected,0.30850401695486973
12,13,Undirected,0.3942170649593311
