Source,Target,Type,Weight
0,2,Undirected,0.33426715206538854
0,11,Undirected,0.31982687593957587
0,12,Undirected,0.38329688743265716
2,3,Undirected,0.3117498968899144
2,4,Undirected,0.33268015676554896
2,11,Undirected,0.33300062149259213
2,12,Undirected,0.3893420466359721
2,13,Undirected,0.3816238418819734
4,6,Undirected,0.3224496153256559
4,12,Undirected,0.3865152983167622
6,11,Undirected,0.31868937438682954
6,12,Undirected,0.36822405784403495
8,11,Undirected,0.3856577350861313
11,12,Undirected,0.3802657297250055
12,13,Undirected,0.36611648137109326
