Source,Target,Type,Weight
0,13,Undirected,0.31562314648804024
1,13,Undirected,0.33867095737213615
2,12,Undirected,0.38903956303097176
2,13,Undirected,0.3323233095544742
3,4,Undirected,0.319145452210177
8,11,Undirected,0.30936476027259596
8,12,Undirected,0.3666959314389508
8,13,Undirected,0.32377686983414933
11,12,Undirected,0.3936548636644134
12,13,Undirected,0.3801958945626591
