Source,Target,Type,Weight
0,2,Undirected,0.33002599494169926
0,4,Undirected,0.3080016087768662
0,12,Undirected,0.3800903976858395
2,4,Undirected,0.3058374255751099
2,12,Undirected,0.382309521752145
4,6,Undirected,0.32861027515080976
4,12,Undirected,0.3800607436943395
6,12,Undirected,0.38597149594524643
8,11,Undirected,0.3662369064951608
11,12,Undirected,0.3964202275347672
11,13,Undirected,0.3657804647796123
12,13,Undirected,0.37138561687204585
