Source,Target,Type,Weight
2,6,Undirected,0.33456418077599864
2,12,Undirected,0.3679647523388062
4,11,Undirected,0.32108066356454085
4,12,Undirected,0.3773337964648527
6,12,Undirected,0.3673684173647387
7,13,Undirected,0.3647589751902736
10,13,Undirected,0.34459138769644865
11,12,Undirected,0.3755149078640588
11,13,Undirected,0.3422004192915904
12,13,Undirected,0.3791417373882589
