Source,Target,Type,Weight
0,12,Undirected,0.3776274560099051
1,2,Undirected,0.31466779820827906
4,11,Undirected,0.33193296896161023
4,12,Undirected,0.386767105711723
4,13,Undirected,0.33361172064676214
11,12,Undirected,0.3720300511792516
11,13,Undirected,0.3389108434155503
12,13,Undirected,0.36666461230475367
