Source,Target,Type,Weight
2,4,Undirected,0.34262047436181353
2,12,Undirected,0.3922774272206961
2,13,Undirected,0.34598352878116134
4,6,Undirected,0.3162530842619924
4,8,Undirected,0.3031359358444911
4,12,Undirected,0.3602135910056531
4,13,Undirected,0.314653705333984
6,8,Undirected,0.3651265519256505
6,11,Undirected,0.3219214786499558
6,12,Undirected,0.3617991275355588
6,13,Undirected,0.3078438189713022
8,12,Undirected,0.38420343975473586
11,12,Undirected,0.3770498464401847
11,13,Undirected,0.3297583276222083
12,13,Undirected,0.37161107774374885
