Source,Target,Type,Weight
0,2,Undirected,0.34086461674567453
0,12,Undirected,0.36834710290181855
0,13,Undirected,0.32179405982373194
2,4,Undirected,0.3115869711112805
2,12,Undirected,0.40514236573049245
4,6,Undirected,0.3363005118789906
4,8,Undirected,0.33423918283885085
4,12,Undirected,0.3771144277712328
6,12,Undirected,0.37828211938436296
6,13,Undirected,0.32779009137522047
8,12,Undirected,0.3935018914210515
11,12,Undirected,0.38111670003392
11,13,Undirected,0.3688112415085696
12,13,Undirected,0.3578991596208421
