Source,Target,Type,Weight
0,2,Undirected,0.32625081751253415
0,6,Undirected,0.3393089116577736
0,11,Undirected,0.32304486147124334
0,12,Undirected,0.38007634504334903
2,12,Undirected,0.39131343408348607
2,13,Undirected,0.3039077427892173
6,11,Undirected,0.3233337627178172
6,12,Undirected,0.3767582348584079
8,9,Undirected,0.31565887169690393
8,11,Undirected,0.3161980580182136
8,12,Undirected,0.3912533874220127
11,12,Undirected,0.37600926382381594
12,13,Undirected,0.35067273452068504
