Source,Target,Type,Weight
2,9,Undirected,0.37160607330776224
2,12,Undirected,0.389278918176328
6,8,Undirected,0.3417428240023283
8,9,Undirected,0.3318286619215601
11,12,Undirected,0.3877339627837503
12,13,Undirected,0.3817715738780493
