Source,Target,Type,Weight
2,12,Undirected,0.3849396531058542
4,12,Undirected,0.36905401084415734
4,13,Undirected,0.328475089351044
6,13,Undirected,0.3610230137641883
12,13,Undirected,0.376988167348324
