Source,Target,Type,Weight
0,2,Undirected,0.32940895954131755
2,3,Undirected,0.32175648818965413
2,7,Undirected,0.34641908004731903
2,8,Undirected,0.36870029906160534
2,11,Undirected,0.3591343007565163
2,12,Undirected,0.3603490785474844
2,13,Undirected,0.37575662124497944
3,4,Undirected,0.3484044291835426
3,6,Undirected,0.32989454600511636
3,12,Undirected,0.376405213830498
3,13,Undirected,0.3236089987951569
4,12,Undirected,0.39113579317596775
4,13,Undirected,0.36496826598602206
6,7,Undirected,0.3366964143226727
6,12,Undirected,0.35464297929243116
7,8,Undirected,0.31210716897049157
7,12,Undirected,0.37012122223983174
9,10,Undirected,0.34427725689848704
11,12,Undirected,0.37211527320454973
12,13,Undirected,0.3666894235428846
