Source,Target,Type,Weight
0,2,Undirected,0.32534140531094924
0,11,Undirected,0.3045579154703191
0,12,Undirected,0.3752170715866578
2,12,Undirected,0.40087402170985514
4,6,Undirected,0.3626212486356219
4,12,Undirected,0.40032718696520725
4,13,Undirected,0.36612721955085886
6,11,Undirected,0.3092184278171432
6,12,Undirected,0.380373221199382
6,13,Undirected,0.3464740232292591
11,12,Undirected,0.38590214142684015
11,13,Undirected,0.3066847008183662
12,13,Undirected,0.38009887110480134
