Source,Target,Type,Weight
0,2,Undirected,0.3319607111738789
0,11,Undirected,0.3206280858407629
0,12,Undirected,0.3668201707435502
2,4,Undirected,0.3197994909502694
2,12,Undirected,0.38665133693862186
2,13,Undirected,0.36709637051675353
4,6,Undirected,0.3364482082984864
4,12,Undirected,0.39301610218502614
4,13,Undirected,0.36044978535284306
6,11,Undirected,0.3089113887020424
6,12,Undirected,0.3678809366057453
11,12,Undirected,0.3776572075525247
11,13,Undirected,0.32253032461162484
12,13,Undirected,0.38780942757966574
