Source,Target,Type,Weight
0,11,Undirected,0.31633845097256463
0,12,Undirected,0.3889837835010492
0,13,Undirected,0.3075407199788066
11,12,Undirected,0.3736494828572439
11,13,Undirected,0.3908548094534533
12,13,Undirected,0.3712749608768819
