Source,Target,Type,Weight
0,2,Undirected,0.35195337165604546
0,12,Undirected,0.3812349991628708
2,12,Undirected,0.38269717352909266
5,12,Undirected,0.36797763307340475
5,13,Undirected,0.32621382178381075
12,13,Undirected,0.37590223665336825
