Source,Target,Type,Weight
0,2,Undirected,0.32081451916265064
0,4,Undirected,0.32076334000407464
0,6,Undirected,0.34911061901050044
0,12,Undirected,0.3689911541794413
2,11,Undirected,0.30318471227080457
2,12,Undirected,0.39037200574775066
2,13,Undirected,0.31889060267704233
4,6,Undirected,0.31810211915435865
4,12,Undirected,0.3642123796488636
4,13,Undirected,0.3180489317014779
6,12,Undirected,0.3687225989032836
8,11,Undirected,0.32263440125733683
11,12,Undirected,0.3877921810157403
12,13,Undirected,0.37791469459921195
