Source,Target,Type,Weight
0,2,Undirected,0.3156191564082826
0,6,Undirected,0.31939265879609424
0,11,Undirected,0.3049077281164596
0,12,Undirected,0.3880726189089436
0,13,Undirected,0.4009806392204446
2,12,Undirected,0.38151314392163266
2,13,Undirected,0.3615797077623571
6,11,Undirected,0.3164018558482878
6,12,Undirected,0.35597304340409136
6,13,Undirected,0.32266885189603833
8,9,Undirected,0.3098098759107115
8,11,Undirected,0.35920848657180904
8,12,Undirected,0.3848929897933667
11,12,Undirected,0.3854555038854297
12,13,Undirected,0.38073794446730463
