Source,Target,Type,Weight
0,2,Undirected,0.31671431132315825
0,11,Undirected,0.3135137114933615
0,12,Undirected,0.3559691159340648
0,13,Undirected,0.3354419431189601
2,4,Undirected,0.3323729765963464
2,8,Undirected,0.32883887443648085
2,11,Undirected,0.30397961208519103
2,12,Undirected,0.3890933011320273
4,6,Undirected,0.3319548260746892
4,8,Undirected,0.30822371510376334
4,12,Undirected,0.3547658457147705
4,13,Undirected,0.3104991137277151
6,8,Undirected,0.341665266923546
6,11,Undirected,0.31515497791182207
6,12,Undirected,0.37674720244607446
8,9,Undirected,0.3045314023250021
8,11,Undirected,0.3128392715654561
8,12,Undirected,0.3924098797417318
11,12,Undirected,0.38790328868021356
12,13,Undirected,0.3382357566214487
