Source,Target,Type,Weight
0,2,Undirected,0.321113873548489
0,12,Undirected,0.37823995538643107
2,4,Undirected,0.31209630025268
2,11,Undirected,0.310260290552423
2,12,Undirected,0.37939263948407786
4,6,Undirected,0.32049301916086886
4,12,Undirected,0.39701583859115597
6,12,Undirected,0.36191282519531437
6,13,Undirected,0.33955495295351323
11,12,Undirected,0.37333269721245543
11,13,Undirected,0.32102264247236567
12,13,Undirected,0.37304352010157715
