Source,Target,Type,Weight
2,8,Undirected,0.3091122547419203
2,12,Undirected,0.3875122555495974
8,11,Undirected,0.3144267880602945
8,12,Undirected,0.38481724340724827
11,12,Undirected,0.38078122036710493
12,13,Undirected,0.36941598280340865
