Source,Target,Type,Weight
0,2,Undirected,0.3111884697967257
0,11,Undirected,0.3316170718706164
0,12,Undirected,0.38481907933065784
0,13,Undirected,0.3228580146579539
2,4,Undirected,0.33634023553336617
2,8,Undirected,0.31810207090371073
2,12,Undirected,0.3814253671316827
4,6,Undirected,0.33962968472195826
4,12,Undirected,0.35901284614752527
6,8,Undirected,0.33376747546760066
6,11,Undirected,0.3129984179576729
6,12,Undirected,0.381694411066552
6,13,Undirected,0.3444364286157147
8,11,Undirected,0.3101673687940703
8,12,Undirected,0.38555925112428246
11,12,Undirected,0.394712032612106
12,13,Undirected,0.3408171706099405
