Source,Target,Type,Weight
0,2,Undirected,0.3341642750104907
0,6,Undirected,0.34607867809837195
0,12,Undirected,0.3847607973126305
2,4,Undirected,0.30990072886412623
2,11,Undirected,0.32219698759201326
2,12,Undirected,0.39359712501611716
4,12,Undirected,0.3728103203198719
4,13,Undirected,0.30734029153884035
6,12,Undirected,0.3846778350279087
6,13,Undirected,0.3181457678605345
11,12,Undirected,0.39673456446450484
11,13,Undirected,0.35650223052734964
12,13,Undirected,0.36976735349603623
