Source,Target,Type,Weight
2,4,Undirected,0.34082819311092644
2,6,Undirected,0.3175038526913125
2,12,Undirected,0.3759792321041837
4,12,Undirected,0.3829171092930917
5,6,Undirected,0.31185965221172324
6,12,Undirected,0.3736241867871513
7,10,Undirected,0.32853130674861236
7,13,Undirected,0.3607852919684641
11,12,Undirected,0.3620998542727103
12,13,Undirected,0.37785103028111466
