Source,Target,Type,Weight
1,2,Undirected,0.30512490481906
2,4,Undirected,0.3538653741926818
2,6,Undirected,0.30502968696797306
2,12,Undirected,0.3799288550087688
2,13,Undirected,0.3796576196305513
4,6,Undirected,0.31920039171892556
4,12,Undirected,0.374031103149481
6,12,Undirected,0.36435728610502494
6,13,Undirected,0.3144265052077894
11,12,Undirected,0.36333141228049126
12,13,Undirected,0.3724220587515815
