Source,Target,Type,Weight
0,2,Undirected,0.3411538999303996
0,12,Undirected,0.4015751635050739
0,13,Undirected,0.342490968414888
2,4,Undirected,0.3396686033554299
2,12,Undirected,0.3834495635811849
4,6,Undirected,0.32579869073218065
4,8,Undirected,0.3122835430311019
4,12,Undirected,0.38220755063085643
6,12,Undirected,0.3715091389584397
6,13,Undirected,0.35948769602401487
8,11,Undirected,0.30722579466571914
8,12,Undirected,0.38317376986519275
11,12,Undirected,0.3687270073308412
12,13,Undirected,0.36673116785268584
