Source,Target,Type,Weight
0,12,Undirected,0.3965105066723136
7,8,Undirected,0.31693007838350473
11,12,Undirected,0.3693231143146537
11,13,Undirected,0.33915076786933823
12,13,Undirected,0.3667238891668312
