Source,Target,Type,Weight
0,2,Undirected,0.3135797634446177
0,6,Undirected,0.31466768017226393
0,12,Undirected,0.3871722532262708
2,12,Undirected,0.3831950891727368
4,6,Undirected,0.32873755900035284
4,12,Undirected,0.3505989256769103
6,12,Undirected,0.3593684347614494
8,13,Undirected,0.3675177787202125
11,12,Undirected,0.3953094103964306
11,13,Undirected,0.3656898294416869
12,13,Undirected,0.37594775619197723
