Source,Target,Type,Weight
2,12,Undirected,0.39293083044980104
4,8,Undirected,0.3384854061546616
4,12,Undirected,0.33907460200021733
11,12,Undirected,0.3717264805433372
11,13,Undirected,0.3046600308763709
12,13,Undirected,0.3763522890233513
