Source,Target,Type,Weight
0,2,Undirected,0.3051688169177288
0,11,Undirected,0.3078439997266743
0,12,Undirected,0.3858445602527954
2,12,Undirected,0.374342159635274
2,13,Undirected,0.3662220049070541
4,6,Undirected,0.3192869926243504
4,12,Undirected,0.36368179888917745
4,13,Undirected,0.3291734444876352
6,12,Undirected,0.33382161353406065
8,11,Undirected,0.3102567103129874
8,12,Undirected,0.3745108897623073
8,13,Undirected,0.3300777570315868
11,12,Undirected,0.37746589351463583
12,13,Undirected,0.3787196303588691
