Source,Target,Type,Weight
0,1,Undirected,0.3188498761524497
0,2,Undirected,0.3059762890669625
0,11,Undirected,0.32532073842300063
0,12,Undirected,0.3839877191427716
2,4,Undirected,0.31485769111035894
2,12,Undirected,0.39036833618161815
4,12,Undirected,0.3708735570226724
6,12,Undirected,0.3627639502424954
8,11,Undirected,0.31630994257362005
10,11,Undirected,0.30680456217648966
11,12,Undirected,0.38267088200613764
11,13,Undirected,0.3300400441595251
12,13,Undirected,0.37606232821657254
