Source,Target,Type,Weight
0,2,Undirected,0.33102934456362776
0,4,Undirected,0.31587096649811397
0,6,Undirected,0.32514491117264693
0,11,Undirected,0.3106924762240074
0,12,Undirected,0.3980784662656749
2,4,Undirected,0.33083776896466566
2,11,Undirected,0.32502318935141883
2,12,Undirected,0.37960054689650174
2,13,Undirected,0.30706520167501666
4,6,Undirected,0.3215017905140697
4,12,Undirected,0.3633290203050166
6,11,Undirected,0.3059003715172988
6,12,Undirected,0.38080058018398943
11,12,Undirected,0.386581916061213
12,13,Undirected,0.36490974575968893
