Source,Target,Type,Weight
0,2,Undirected,0.34438945341456195
0,12,Undirected,0.35794082030266594
2,4,Undirected,0.33844656700134995
2,11,Undirected,0.3249013824582082
2,12,Undirected,0.37812405284265754
4,6,Undirected,0.3175164233193989
4,12,Undirected,0.35893118485430453
6,8,Undirected,0.3325252039641362
6,12,Undirected,0.363467082529298
6,13,Undirected,0.3419146271546132
8,11,Undirected,0.30443268754586755
8,12,Undirected,0.37721603981903934
11,12,Undirected,0.3739210320684919
11,13,Undirected,0.37304142985648464
12,13,Undirected,0.37118818514169
