Source,Target,Type,Weight
0,2,Undirected,0.3223123907452484
0,12,Undirected,0.39974103538004524
2,3,Undirected,0.35590816062700464
2,12,Undirected,0.3713574699374095
3,12,Undirected,0.3804681414589415
3,13,Undirected,0.3235402020089819
12,13,Undirected,0.3864696766301476
