Source,Target,Type,Weight
2,12,Undirected,0.39242181183194186
5,6,Undirected,0.3046204463942097
8,9,Undirected,0.33913502740859786
11,12,Undirected,0.3921352385199604
12,13,Undirected,0.37038805801442587
