Source,Target,Type,Weight
0,11,Undirected,0.32459831934646083
0,12,Undirected,0.3800410458073022
2,12,Undirected,0.38611486498926617
8,9,Undirected,0.35499822259839187
11,12,Undirected,0.3804569942411295
11,13,Undirected,0.3425043369305931
12,13,Undirected,0.37561882163464916
