Source,Target,Type,Weight
0,2,Undirected,0.3286169691332412
0,11,Undirected,0.3117488078367702
0,12,Undirected,0.3976372163733886
0,13,Undirected,0.31157174099077684
2,4,Undirected,0.33861575451830356
2,12,Undirected,0.3708772299654156
4,6,Undirected,0.35101286736307347
4,12,Undirected,0.3858819754105932
4,13,Undirected,0.30745370184738136
6,11,Undirected,0.3177597395316588
6,12,Undirected,0.3910869227923186
6,13,Undirected,0.32006070487307087
11,12,Undirected,0.38584747084919296
12,13,Undirected,0.3640190869650082
