Source,Target,Type,Weight
0,2,Undirected,0.3405343468624356
0,11,Undirected,0.33875739322384096
0,12,Undirected,0.38847928422739303
2,4,Undirected,0.3318563867003436
2,12,Undirected,0.4012541104279571
4,6,Undirected,0.3357384036563857
4,12,Undirected,0.357377391119415
6,12,Undirected,0.3651825027049321
11,12,Undirected,0.3930766174881676
11,13,Undirected,0.3088802224424469
12,13,Undirected,0.3430554785358858
