Source,Target,Type,Weight
2,12,Undirected,0.39280380151078964
2,13,Undirected,0.33235095904511097
8,11,Undirected,0.3356542803422401
8,12,Undirected,0.37940564633001395
11,12,Undirected,0.4060051495222913
11,13,Undirected,0.3144575748831234
12,13,Undirected,0.38471220128033656
