Source,Target,Type,Weight
2,3,Undirected,0.3448909190898829
2,7,Undirected,0.33535536737180804
2,8,Undirected,0.3676794124007682
2,11,Undirected,0.339059526421364
2,12,Undirected,0.38298483539283096
3,4,Undirected,0.363850838214616
3,6,Undirected,0.33341648268084945
3,12,Undirected,0.36461162548667864
4,6,Undirected,0.31018989434044314
4,12,Undirected,0.3877805646522677
6,7,Undirected,0.36508269341865585
6,12,Undirected,0.3912402854634453
6,13,Undirected,0.31747816171213844
7,8,Undirected,0.31359823859387775
7,12,Undirected,0.3677742292952592
7,13,Undirected,0.3066377957718049
10,11,Undirected,0.30306639194685087
10,13,Undirected,0.37838354250123707
11,12,Undirected,0.3763203792144446
11,13,Undirected,0.325301537477388
12,13,Undirected,0.36699779239790387
