Source,Target,Type,Weight
0,2,Undirected,0.3490591067197913
0,12,Undirected,0.3808122661690257
2,4,Undirected,0.3317774515263504
2,12,Undirected,0.3794671234658887
4,6,Undirected,0.3484956159122167
4,12,Undirected,0.37064820382088154
6,8,Undirected,0.3207287554775721
6,12,Undirected,0.37544539509407027
6,13,Undirected,0.3387034203497388
8,11,Undirected,0.30889698774355545
8,12,Undirected,0.3987788781168505
11,12,Undirected,0.39161123833456096
11,13,Undirected,0.38749900914982005
12,13,Undirected,0.3604005087860805
