Source,Target,Type,Weight
2,4,Undirected,0.30798261118456843
2,12,Undirected,0.3805034165260596
2,13,Undirected,0.37605416867613334
4,8,Undirected,0.3287145004861785
4,12,Undirected,0.36469398966305727
4,13,Undirected,0.30711713985565076
6,8,Undirected,0.3589606744890573
6,11,Undirected,0.31076586378461235
6,12,Undirected,0.35797473021552034
8,11,Undirected,0.30718524820841736
8,12,Undirected,0.37483956081353415
11,12,Undirected,0.38306024688151374
11,13,Undirected,0.3068033054233758
12,13,Undirected,0.38039050413143616
