Source,Target,Type,Weight
0,12,Undirected,0.379689066788477
2,3,Undirected,0.33019115532864235
2,4,Undirected,0.31922181888146206
2,11,Undirected,0.3541781719786164
2,12,Undirected,0.3941483455943677
4,6,Undirected,0.3408449220875555
4,12,Undirected,0.3721975947342383
4,13,Undirected,0.31092823141584186
6,12,Undirected,0.37029296755677676
6,13,Undirected,0.323500874175765
8,11,Undirected,0.38796704831569384
11,12,Undirected,0.3961230355482851
12,13,Undirected,0.3621146098597162
