Source,Target,Type,Weight
2,6,Undirected,0.3393170368330505
2,12,Undirected,0.37869552369009424
2,13,Undirected,0.3037559665000427
6,11,Undirected,0.3193259102926721
6,12,Undirected,0.3702712945517124
8,12,Undirected,0.31471520863190594
11,12,Undirected,0.39092992730106496
11,13,Undirected,0.3173892487152494
12,13,Undirected,0.38772238574897194
