Source,Target,Type,Weight
0,4,Undirected,0.30535406163904716
0,12,Undirected,0.38074855513945155
2,4,Undirected,0.3528001418500326
2,11,Undirected,0.31415797795196276
2,12,Undirected,0.38091992851503037
4,12,Undirected,0.35611588091240903
4,13,Undirected,0.3054606714389556
6,11,Undirected,0.33565715450905975
6,12,Undirected,0.37010397809115014
6,13,Undirected,0.3509442007369127
8,11,Undirected,0.3321528796652357
8,12,Undirected,0.36129101613442843
8,13,Undirected,0.3464522155681896
11,12,Undirected,0.38766368684516017
12,13,Undirected,0.360851220227953
