Source,Target,Type,Weight
0,4,Undirected,0.30789068690836363
0,11,Undirected,0.3332129224810186
0,12,Undirected,0.39345741071256035
2,12,Undirected,0.3889732138924039
4,6,Undirected,0.33077799433727667
4,12,Undirected,0.3715724614776208
6,12,Undirected,0.34819531428160616
6,13,Undirected,0.32247844783012874
8,11,Undirected,0.3556328534135736
11,12,Undirected,0.39063086596511565
12,13,Undirected,0.36771664339892135
