Source,Target,Type,Weight
0,1,Undirected,0.3129270773841521
0,2,Undirected,0.3241648876503057
0,13,Undirected,0.3328671097800919
2,12,Undirected,0.4083769429602826
2,13,Undirected,0.3581959131561699
6,8,Undirected,0.30520028244624525
6,11,Undirected,0.3528091931004137
6,12,Undirected,0.3629468350846369
8,12,Undirected,0.395352745687937
11,12,Undirected,0.4164623974322198
12,13,Undirected,0.37273733333676956
