Source,Target,Type,Weight
0,2,Undirected,0.33643333836797057
0,4,Undirected,0.3621742071558848
0,6,Undirected,0.3075176756692039
0,12,Undirected,0.3860122395848672
2,4,Undirected,0.3263292518421017
2,12,Undirected,0.3841715570799179
4,6,Undirected,0.33169692753390295
4,12,Undirected,0.37557671113206054
6,7,Undirected,0.38061384007264715
6,12,Undirected,0.39021848790782504
7,12,Undirected,0.3590302708033931
12,13,Undirected,0.3698482806079075
