Source,Target,Type,Weight
0,2,Undirected,0.3348849182006662
0,4,Undirected,0.32455722699956363
0,6,Undirected,0.31391011220986653
0,7,Undirected,0.34004758375355165
0,12,Undirected,0.38644574824856665
2,12,Undirected,0.4021252996426483
2,13,Undirected,0.3299145525034248
4,6,Undirected,0.34614931026454737
4,12,Undirected,0.36933391133335286
4,13,Undirected,0.33428119171772774
5,6,Undirected,0.3158285342521867
6,7,Undirected,0.37699348722193465
6,12,Undirected,0.3915365894481909
7,12,Undirected,0.38820451026885705
12,13,Undirected,0.3862789728523769
