Source,Target,Type,Weight
0,2,Undirected,0.3137077039502017
0,4,Undirected,0.3080354031435107
0,6,Undirected,0.3258974175084361
0,11,Undirected,0.34001210627745426
0,12,Undirected,0.3785348226344529
2,4,Undirected,0.32135261717909014
2,12,Undirected,0.38607409968366124
4,12,Undirected,0.3827910214723445
4,13,Undirected,0.3393263428327845
6,11,Undirected,0.30774768719869017
6,12,Undirected,0.3781972892595607
11,12,Undirected,0.38622369755406627
12,13,Undirected,0.37585834483050323
