Source,Target,Type,Weight
0,2,Undirected,0.34423659700251896
0,7,Undirected,0.33522135433837624
0,8,Undirected,0.3093470999778811
0,12,Undirected,0.39793328772390785
2,12,Undirected,0.3876730746088104
4,6,Undirected,0.3728103203198719
4,12,Undirected,0.3594900376880072
6,7,Undirected,0.37370471341670186
6,12,Undirected,0.37832671565134407
6,13,Undirected,0.33303896114620624
7,8,Undirected,0.36375169233312277
7,12,Undirected,0.38843834192006327
12,13,Undirected,0.36946212538956313
