Source,Target,Type,Weight
0,2,Undirected,0.32294059447868584
0,12,Undirected,0.3929053960061635
1,2,Undirected,0.33322067890421087
2,12,Undirected,0.3984802983160345
2,13,Undirected,0.30698465356321214
8,9,Undirected,0.33452823731311465
10,11,Undirected,0.3173518821673275
12,13,Undirected,0.3793984392603515
