Source,Target,Type,Weight
0,2,Undirected,0.318305360058927
0,12,Undirected,0.4020010033003098
0,13,Undirected,0.3124457319460576
2,12,Undirected,0.36820689304628385
3,6,Undirected,0.31976309056301444
12,13,Undirected,0.387187335885409
