Source,Target,Type,Weight
2,4,Undirected,0.3348773514766111
2,12,Undirected,0.37350796875013914
4,8,Undirected,0.3172361161586958
4,12,Undirected,0.37687739900480666
4,13,Undirected,0.31695405202128196
11,12,Undirected,0.3867401807017175
11,13,Undirected,0.3243215490095223
12,13,Undirected,0.38969314957204687
