Source,Target,Type,Weight
0,2,Undirected,0.33855335513618195
0,12,Undirected,0.3662708712982165
0,13,Undirected,0.331069505112222
2,4,Undirected,0.33841349792775083
2,11,Undirected,0.3046033457170238
2,12,Undirected,0.38143206172458455
4,6,Undirected,0.3232240284928225
4,8,Undirected,0.30643001230087785
4,12,Undirected,0.3691644839513544
6,8,Undirected,0.3056016644975913
6,12,Undirected,0.3695624227545842
6,13,Undirected,0.34313254526010734
8,11,Undirected,0.30427027688547026
8,12,Undirected,0.38745705626034044
11,12,Undirected,0.36929264541054635
12,13,Undirected,0.32262440003633686
