Source,Target,Type,Weight
0,2,Undirected,0.3269913256128226
0,11,Undirected,0.31180964427060825
0,12,Undirected,0.3882273633062504
0,13,Undirected,0.3720019714498094
2,4,Undirected,0.3370636952779304
2,12,Undirected,0.39180772061220703
4,6,Undirected,0.319462598355778
4,12,Undirected,0.37152881797027454
4,13,Undirected,0.3039862875448219
6,8,Undirected,0.32340775824732176
6,11,Undirected,0.30884646988077874
6,12,Undirected,0.3784051855616316
6,13,Undirected,0.3614817955741943
8,11,Undirected,0.3089348699212568
8,12,Undirected,0.3788232384799433
11,12,Undirected,0.38853823040055163
12,13,Undirected,0.3493979486645494
