Source,Target,Type,Weight
0,2,Undirected,0.31761558108799154
0,11,Undirected,0.3381815135517185
0,12,Undirected,0.37064469917964793
0,13,Undirected,0.341943059438098
2,4,Undirected,0.3332537735036528
2,8,Undirected,0.32302799311416464
2,11,Undirected,0.33306331802152495
2,12,Undirected,0.375544999950307
4,6,Undirected,0.3580344394947727
4,12,Undirected,0.35423353987013223
6,8,Undirected,0.32545697629395465
6,11,Undirected,0.3044976207856471
6,12,Undirected,0.3833668503659636
6,13,Undirected,0.32229564832516766
8,12,Undirected,0.37481547663037607
11,12,Undirected,0.38563039702065566
12,13,Undirected,0.37879241350223924
