Source,Target,Type,Weight
0,2,Undirected,0.3366678749657657
0,12,Undirected,0.3974485915145285
0,13,Undirected,0.3435695269528124
2,12,Undirected,0.3789235826877539
4,5,Undirected,0.30988112996901485
6,7,Undirected,0.33441069449850563
12,13,Undirected,0.3917205212213734
