Source,Target,Type,Weight
2,4,Undirected,0.3285884958490702
2,12,Undirected,0.3767226356529826
2,13,Undirected,0.31249813270939564
4,5,Undirected,0.3096570409238894
4,12,Undirected,0.38607367323947656
11,12,Undirected,0.4064528482972856
11,13,Undirected,0.31580430256316777
12,13,Undirected,0.3755631247739084
