Source,Target,Type,Weight
0,1,Undirected,0.30310552973572036
2,12,Undirected,0.37672605315548074
2,13,Undirected,0.3196178153975886
6,11,Undirected,0.3313626558285066
6,12,Undirected,0.34070620987508504
6,13,Undirected,0.3560589256034248
8,11,Undirected,0.3189032106146775
8,12,Undirected,0.3871375175429164
8,13,Undirected,0.33064573727315083
11,12,Undirected,0.40120574920412727
12,13,Undirected,0.39377715705988264
