Source,Target,Type,Weight
0,2,Undirected,0.31195957701525856
0,4,Undirected,0.3082634033781868
0,11,Undirected,0.32950235395634986
0,12,Undirected,0.37013431972186694
2,11,Undirected,0.3108559190896391
2,12,Undirected,0.40182376830876837
2,13,Undirected,0.3851685058951121
4,6,Undirected,0.34862706664386983
4,12,Undirected,0.3875123629565401
6,12,Undirected,0.3833979687779084
11,12,Undirected,0.39203931848801565
11,13,Undirected,0.3440957603075012
12,13,Undirected,0.38822783045614484
