Source,Target,Type,Weight
0,2,Undirected,0.3062328171778756
2,7,Undirected,0.33843116491118563
2,8,Undirected,0.3859164861437132
2,11,Undirected,0.3555187574257052
2,12,Undirected,0.39624563219034736
3,4,Undirected,0.33244595033852103
3,6,Undirected,0.3234668692982396
3,12,Undirected,0.37469727788846857
4,6,Undirected,0.3155641605886974
4,12,Undirected,0.3901401593673081
6,7,Undirected,0.34938360005291186
6,12,Undirected,0.3581171608848968
6,13,Undirected,0.3315170246630315
7,12,Undirected,0.38042065815622544
7,13,Undirected,0.319057738799196
9,10,Undirected,0.3063090340667055
10,13,Undirected,0.36016425528385093
11,12,Undirected,0.36894113739457596
11,13,Undirected,0.31134554772505596
12,13,Undirected,0.37173718791716587
