Source,Target,Type,Weight
0,2,Undirected,0.3501964264184933
0,12,Undirected,0.37143929201044523
0,13,Undirected,0.31612975484911965
2,4,Undirected,0.32844512317835406
2,8,Undirected,0.3140356890592176
2,11,Undirected,0.3226495904016473
2,12,Undirected,0.3811858692625415
4,6,Undirected,0.35848758264745
4,12,Undirected,0.3356295967679468
4,13,Undirected,0.3266891874261663
6,8,Undirected,0.3476291034811197
6,11,Undirected,0.3116884352204698
6,12,Undirected,0.36001765795531143
6,13,Undirected,0.3258555146077416
8,11,Undirected,0.3058719065712917
8,12,Undirected,0.38255807547650295
11,12,Undirected,0.36827721098261074
12,13,Undirected,0.37200408305644217
