Source,Target,Type,Weight
0,2,Undirected,0.31409772718762874
0,4,Undirected,0.31443440169809256
0,6,Undirected,0.3419023915781703
0,12,Undirected,0.406931064722866
2,4,Undirected,0.32398462629027336
2,11,Undirected,0.33784194250997723
2,12,Undirected,0.38486632507744484
4,6,Undirected,0.36296056045217767
4,12,Undirected,0.38471555355354087
4,13,Undirected,0.32303488454573415
6,11,Undirected,0.30725050580213786
6,12,Undirected,0.3672696287842164
6,13,Undirected,0.32975985724964674
8,11,Undirected,0.32571886705886777
11,12,Undirected,0.3837708009468222
12,13,Undirected,0.3681421596318635
