Source,Target,Type,Weight
0,2,Undirected,0.33095362258666566
0,4,Undirected,0.3232440561583895
0,7,Undirected,0.31553123401159106
0,12,Undirected,0.3838900861575827
2,4,Undirected,0.3548107719984076
2,12,Undirected,0.39301124114336433
2,13,Undirected,0.30460993798870045
4,6,Undirected,0.31753861062322086
4,12,Undirected,0.3646185669894591
4,13,Undirected,0.3136036080493236
5,6,Undirected,0.3044820590380879
6,7,Undirected,0.37933262735911466
6,12,Undirected,0.38214131771617776
7,12,Undirected,0.37713433209441305
8,9,Undirected,0.3200904063937736
12,13,Undirected,0.3862184696286144
