Source,Target,Type,Weight
0,2,Undirected,0.32196479784279264
0,12,Undirected,0.3764588293032839
2,12,Undirected,0.4032356885980923
2,13,Undirected,0.30399622416799205
3,12,Undirected,0.3349336689347981
6,7,Undirected,0.35351132077141467
12,13,Undirected,0.36406237427673455
