Source,Target,Type,Weight
0,11,Undirected,0.31878037418941674
0,12,Undirected,0.39909112015254566
2,4,Undirected,0.30783959387494986
2,11,Undirected,0.3186263323373627
2,12,Undirected,0.3739746423625139
4,6,Undirected,0.31134695752411445
4,12,Undirected,0.36710594527612045
4,13,Undirected,0.32131970241854074
6,12,Undirected,0.37496770451468087
6,13,Undirected,0.3578266430828737
11,12,Undirected,0.3845582361333666
11,13,Undirected,0.3548872959133468
12,13,Undirected,0.3855372072510303
