Source,Target,Type,Weight
0,2,Undirected,0.3271576978472259
0,12,Undirected,0.3862126017176099
2,3,Undirected,0.365360419264684
2,12,Undirected,0.39509350904834206
3,12,Undirected,0.3520581275172241
3,13,Undirected,0.35478406094602905
6,7,Undirected,0.3321069335322769
8,9,Undirected,0.34668141898306054
8,10,Undirected,0.34482559041964056
12,13,Undirected,0.39444425008924666
