Source,Target,Type,Weight
0,2,Undirected,0.323066907437025
0,4,Undirected,0.3363195500155679
0,12,Undirected,0.38841884519056286
2,4,Undirected,0.31596112528547626
2,12,Undirected,0.3725923718262765
4,5,Undirected,0.31808127623705423
4,6,Undirected,0.3552939450406712
4,12,Undirected,0.36688883671603534
5,6,Undirected,0.3177470292730317
6,7,Undirected,0.35764037219870815
6,12,Undirected,0.37169064003874375
7,12,Undirected,0.3754756777162564
7,13,Undirected,0.30492661426729206
12,13,Undirected,0.3751106961403245
