Source,Target,Type,Weight
0,2,Undirected,0.31260536343925643
0,12,Undirected,0.3908663557606394
2,12,Undirected,0.36225634973635107
2,13,Undirected,0.38103492085468094
7,8,Undirected,0.3252847353557639
12,13,Undirected,0.3662808828423642
