Source,Target,Type,Weight
0,11,Undirected,0.32139753196233073
0,12,Undirected,0.38764136585896036
2,4,Undirected,0.33529118856428153
2,11,Undirected,0.30749429666547556
2,12,Undirected,0.3890179853519467
4,6,Undirected,0.3448233508563356
4,12,Undirected,0.3685593020692217
4,13,Undirected,0.3237949663336313
6,12,Undirected,0.373196370523503
6,13,Undirected,0.33301521596146766
8,11,Undirected,0.36042667850929944
11,12,Undirected,0.3849871404890102
12,13,Undirected,0.3730280594777434
