Source,Target,Type,Weight
0,2,Undirected,0.35803975745887706
0,4,Undirected,0.30691589299319505
0,6,Undirected,0.31061737504981257
0,11,Undirected,0.3163515259988694
0,12,Undirected,0.39077928356547487
2,12,Undirected,0.3934539781796146
2,13,Undirected,0.3284060339021377
4,6,Undirected,0.3466125172756545
4,12,Undirected,0.37570549403930986
6,12,Undirected,0.3834585380080069
8,11,Undirected,0.32854782828706136
11,12,Undirected,0.36899803620000743
11,13,Undirected,0.3149641350637133
12,13,Undirected,0.3822455178035216
