Source,Target,Type,Weight
2,12,Undirected,0.3753092676774049
2,13,Undirected,0.3160539552559113
6,8,Undirected,0.3636893042080416
8,9,Undirected,0.3091947439228912
11,12,Undirected,0.40049694688567444
12,13,Undirected,0.36602302828330885
