Source,Target,Type,Weight
1,13,Undirected,0.33636464609890604
2,12,Undirected,0.3918103558602043
2,13,Undirected,0.3079709423969402
8,9,Undirected,0.31442025901134063
8,11,Undirected,0.34982577537008036
8,12,Undirected,0.39423577707648455
8,13,Undirected,0.3180908289017584
11,12,Undirected,0.38512288330906214
12,13,Undirected,0.38482585827654187
