Source,Target,Type,Weight
0,2,Undirected,0.31957670812760897
0,11,Undirected,0.30571769461832266
0,12,Undirected,0.3668126318875252
2,4,Undirected,0.33775695228413527
2,8,Undirected,0.31262032196366785
2,11,Undirected,0.3362870840081906
2,12,Undirected,0.4069414483387727
4,6,Undirected,0.3705996033086827
4,12,Undirected,0.37764683648257824
6,8,Undirected,0.30500575316671413
6,12,Undirected,0.3654846786839148
6,13,Undirected,0.3521193082473646
8,11,Undirected,0.31678102508921757
8,12,Undirected,0.3778617189408062
11,12,Undirected,0.37361064148412976
12,13,Undirected,0.34559086770226005
