Source,Target,Type,Weight
2,8,Undirected,0.33761117561712806
2,12,Undirected,0.3840782620408828
4,7,Undirected,0.3370006480806416
8,11,Undirected,0.31874946185478525
8,12,Undirected,0.37547779532983877
11,12,Undirected,0.369558938616251
12,13,Undirected,0.39148038395151297
