Source,Target,Type,Weight
0,4,Undirected,0.3256603461253032
0,11,Undirected,0.3500571284543102
0,12,Undirected,0.39532651235597993
2,4,Undirected,0.31485149867533996
2,12,Undirected,0.37622886691559
2,13,Undirected,0.38187699790319746
4,6,Undirected,0.3218047256445276
4,12,Undirected,0.37778065000763345
4,13,Undirected,0.3080402218198878
6,11,Undirected,0.3088625946789645
6,12,Undirected,0.37263325293069827
7,8,Undirected,0.3041733415813402
11,12,Undirected,0.38995734581205566
12,13,Undirected,0.38435941029940746
