Source,Target,Type,Weight
0,4,Undirected,0.313337911789295
0,6,Undirected,0.3314860555567981
0,11,Undirected,0.3036541703522669
0,12,Undirected,0.3856847223735638
2,4,Undirected,0.34383737490583893
2,12,Undirected,0.3864507686901374
2,13,Undirected,0.31918380100568333
4,6,Undirected,0.3043845690676108
4,12,Undirected,0.39076537600149663
6,11,Undirected,0.316988090757527
6,12,Undirected,0.37506863240608496
8,13,Undirected,0.3863317374586225
11,12,Undirected,0.3790538835656896
12,13,Undirected,0.359672411403859
