Source,Target,Type,Weight
0,9,Undirected,0.3166017104009333
2,12,Undirected,0.37615419805280326
2,13,Undirected,0.36032069138072115
6,8,Undirected,0.32972416099969776
8,9,Undirected,0.3415023058284047
11,12,Undirected,0.3758994404756101
11,13,Undirected,0.3162779811073421
12,13,Undirected,0.37161397511040184
