Source,Target,Type,Weight
0,2,Undirected,0.3439107326891337
0,4,Undirected,0.325177656316626
0,6,Undirected,0.3318705921933616
0,11,Undirected,0.3037618841663318
0,12,Undirected,0.37850250751016734
2,4,Undirected,0.30349026130252865
2,12,Undirected,0.39157577473682814
4,6,Undirected,0.3402935935084412
4,12,Undirected,0.38710285954509943
6,12,Undirected,0.36992914526983645
8,11,Undirected,0.316517754121413
11,12,Undirected,0.3828381548976502
11,13,Undirected,0.3360230049319058
12,13,Undirected,0.37963318723855155
