Source,Target,Type,Weight
0,2,Undirected,0.31700076432913055
0,12,Undirected,0.38404207492214876
0,13,Undirected,0.33463726561331913
2,6,Undirected,0.3194088333977207
2,12,Undirected,0.37880664505499884
10,11,Undirected,0.31288676274592914
12,13,Undirected,0.3641274826090508
