Source,Target,Type,Weight
0,4,Undirected,0.3263446131404331
0,6,Undirected,0.32053737551036565
0,12,Undirected,0.39323176613612354
2,4,Undirected,0.3111209288504507
2,11,Undirected,0.3138113524438626
2,12,Undirected,0.3923773914201872
4,12,Undirected,0.37431927512623436
6,12,Undirected,0.3797229255630428
6,13,Undirected,0.32275831394474186
8,13,Undirected,0.31743330259130614
11,12,Undirected,0.39391750552773463
11,13,Undirected,0.3117851909646235
12,13,Undirected,0.3645823409600911
