Source,Target,Type,Weight
0,6,Undirected,0.3243303265229932
0,7,Undirected,0.34054391329993905
0,12,Undirected,0.37536865170443856
2,4,Undirected,0.352042732237777
2,12,Undirected,0.36664512469445176
4,12,Undirected,0.373308274658433
5,6,Undirected,0.30848661361483554
6,7,Undirected,0.39731373242755397
6,12,Undirected,0.3722726172950967
7,12,Undirected,0.36798951384861583
7,13,Undirected,0.3127194991601771
12,13,Undirected,0.3638312698204926
