Source,Target,Type,Weight
0,1,Undirected,0.3069145230367876
0,13,Undirected,0.3662880160016264
2,8,Undirected,0.3290241407299147
2,12,Undirected,0.3828272876744937
2,13,Undirected,0.31869479852411087
6,11,Undirected,0.3226799729811653
6,12,Undirected,0.35858608656875257
8,12,Undirected,0.3776463264446536
11,12,Undirected,0.3899563669150932
12,13,Undirected,0.37116354967337495
