Source,Target,Type,Weight
0,11,Undirected,0.35485516926185406
0,12,Undirected,0.3787548213466061
0,13,Undirected,0.346119545845509
2,4,Undirected,0.31226099136348995
2,12,Undirected,0.3812866026562496
4,6,Undirected,0.3621234262716095
4,8,Undirected,0.3216896363314516
4,12,Undirected,0.39576645508126257
4,13,Undirected,0.3186789867107426
6,11,Undirected,0.30426484705198237
6,12,Undirected,0.3707846087626301
6,13,Undirected,0.30880006078370337
8,12,Undirected,0.3771281266030043
11,12,Undirected,0.3852300250803859
12,13,Undirected,0.37088146049854914
