Source,Target,Type,Weight
0,2,Undirected,0.30868015752880656
0,12,Undirected,0.39057419277639105
2,13,Undirected,0.36600060664086753
4,11,Undirected,0.3128010323923234
4,12,Undirected,0.39537756622117803
4,13,Undirected,0.3544519495937239
11,12,Undirected,0.40266001311382243
12,13,Undirected,0.37734785072610805
