Source,Target,Type,Weight
0,2,Undirected,0.32469197140007033
0,6,Undirected,0.3232388248122457
0,11,Undirected,0.3077254020573114
0,12,Undirected,0.3814404910021945
2,4,Undirected,0.32388067723066105
2,11,Undirected,0.3344461593468614
2,12,Undirected,0.4099947801300862
4,6,Undirected,0.36055082740589417
4,12,Undirected,0.38115237256516127
4,13,Undirected,0.31395428650900575
6,12,Undirected,0.3626040379439265
6,13,Undirected,0.35595984140651826
9,10,Undirected,0.30552439709378054
11,12,Undirected,0.3999964142167152
12,13,Undirected,0.37741715286122474
