Source,Target,Type,Weight
0,2,Undirected,0.35142952492836393
0,4,Undirected,0.3046544543514127
0,12,Undirected,0.3695785743848095
2,4,Undirected,0.3335855059093006
2,11,Undirected,0.3101253543187852
2,12,Undirected,0.39384474852572454
4,6,Undirected,0.33650748518439416
4,12,Undirected,0.37935166860127423
4,13,Undirected,0.3254915272020265
6,11,Undirected,0.31198252607940996
6,12,Undirected,0.37810213516667424
6,13,Undirected,0.364347632637379
11,12,Undirected,0.38822369801532475
12,13,Undirected,0.3690459577614665
