Source,Target,Type,Weight
0,12,Undirected,0.36593687008280706
0,13,Undirected,0.34706932616914127
2,12,Undirected,0.3715218741344296
10,11,Undirected,0.30603496017237114
12,13,Undirected,0.3771552559393826
