Source,Target,Type,Weight
0,2,Undirected,0.31135310532169597
0,12,Undirected,0.3674335548871253
2,3,Undirected,0.3572660075129453
2,12,Undirected,0.4037315801191721
3,12,Undirected,0.379542804420765
3,13,Undirected,0.34966304229482376
6,7,Undirected,0.325162505511043
8,10,Undirected,0.32272503611542314
12,13,Undirected,0.37323549114372995
