Source,Target,Type,Weight
0,2,Undirected,0.3171841773319741
0,4,Undirected,0.3241651632413456
0,12,Undirected,0.39930069370849014
2,4,Undirected,0.346960801482575
2,11,Undirected,0.30753941208797453
2,12,Undirected,0.3788310396026771
4,6,Undirected,0.3324390731059321
4,12,Undirected,0.38213463301926887
4,13,Undirected,0.3102647430167383
6,12,Undirected,0.37613827612915585
6,13,Undirected,0.3174786663592529
11,12,Undirected,0.38266843809057727
11,13,Undirected,0.36087934950060035
12,13,Undirected,0.38278169399378376
