Source,Target,Type,Weight
0,12,Undirected,0.3669860076819986
2,4,Undirected,0.3058460339442616
2,12,Undirected,0.39020178873248873
4,12,Undirected,0.3879400995085801
4,13,Undirected,0.3265142675381075
5,6,Undirected,0.3199526925416454
6,12,Undirected,0.37941384899482516
6,13,Undirected,0.32269732638407234
8,11,Undirected,0.3394494551559396
8,12,Undirected,0.395822702778608
8,13,Undirected,0.368430095588119
11,12,Undirected,0.35860843677633186
12,13,Undirected,0.3689636935778932
