Source,Target,Type,Weight
0,2,Undirected,0.3259335056806543
0,4,Undirected,0.331827218049586
0,12,Undirected,0.3839271232084242
2,4,Undirected,0.36359541542359824
2,12,Undirected,0.3807949794631652
4,6,Undirected,0.349703186545624
4,12,Undirected,0.38766472592639284
4,13,Undirected,0.35403610737742913
6,11,Undirected,0.3163604739481626
6,12,Undirected,0.3777856179675292
6,13,Undirected,0.3076237035854853
9,10,Undirected,0.31453813003461695
11,12,Undirected,0.3877697376808594
12,13,Undirected,0.3831614834601158
