Source,Target,Type,Weight
0,2,Undirected,0.31472817343101855
0,12,Undirected,0.3931860564243904
0,13,Undirected,0.32211342700927303
2,12,Undirected,0.4006221132153975
2,13,Undirected,0.3483622967753574
7,8,Undirected,0.30748715065917637
10,11,Undirected,0.3086806345937321
12,13,Undirected,0.3794557601941037
