Source,Target,Type,Weight
2,3,Undirected,0.3244512537654581
2,7,Undirected,0.33302285741644283
2,8,Undirected,0.35692197616284604
2,11,Undirected,0.33940273171074337
2,12,Undirected,0.3881976836255295
2,13,Undirected,0.3056039579620273
3,4,Undirected,0.3376469964113318
3,6,Undirected,0.31850225790646947
3,12,Undirected,0.3715437596156776
4,6,Undirected,0.35094425946506047
4,12,Undirected,0.3790427505556225
4,13,Undirected,0.35468769449751314
6,7,Undirected,0.3492192426671356
6,12,Undirected,0.3690156319669307
7,12,Undirected,0.3572060066556095
9,10,Undirected,0.34767296077109167
11,12,Undirected,0.368717185757753
12,13,Undirected,0.36829949201359957
