Source,Target,Type,Weight
0,2,Undirected,0.30808789638008266
0,12,Undirected,0.39939023606403834
2,4,Undirected,0.33578622039317124
2,12,Undirected,0.3902883858352892
4,12,Undirected,0.3573725800072287
4,13,Undirected,0.32064298861027773
6,12,Undirected,0.37107094956844233
6,13,Undirected,0.36520180334272134
8,9,Undirected,0.3085547179260976
8,12,Undirected,0.38519464649473023
8,13,Undirected,0.3534272288443127
11,12,Undirected,0.37094607830781606
12,13,Undirected,0.3430498388134313
