Source,Target,Type,Weight
0,12,Undirected,0.3731082629395313
2,3,Undirected,0.30419734347773175
2,12,Undirected,0.3868276382610287
2,13,Undirected,0.3621404662984683
4,12,Undirected,0.3777810923549278
6,12,Undirected,0.3597169231286449
8,11,Undirected,0.308556851635814
11,12,Undirected,0.37455028647358873
11,13,Undirected,0.31876881770116394
12,13,Undirected,0.3859252213204458
