Source,Target,Type,Weight
0,4,Undirected,0.3565316860507865
0,11,Undirected,0.33873991102301243
0,12,Undirected,0.3872023482295731
2,11,Undirected,0.3175803013326351
2,12,Undirected,0.3703431226686365
4,6,Undirected,0.30749440938116945
4,12,Undirected,0.39117402270472845
4,13,Undirected,0.34962418957293506
6,12,Undirected,0.3695876277304567
6,13,Undirected,0.3774703096661124
8,11,Undirected,0.3745628630603122
11,12,Undirected,0.40834768060919424
12,13,Undirected,0.37943337894225004
