Source,Target,Type,Weight
0,2,Undirected,0.3237048288336041
0,4,Undirected,0.30990654490108793
0,11,Undirected,0.318455585650827
0,12,Undirected,0.38228143681466165
2,4,Undirected,0.3386930818432806
2,12,Undirected,0.3716111765168682
2,13,Undirected,0.3575580842720542
4,6,Undirected,0.34965671684468774
4,12,Undirected,0.40270884158357756
4,13,Undirected,0.319423136515468
6,12,Undirected,0.3886195176445397
8,9,Undirected,0.3107549961877112
8,11,Undirected,0.3640897738293114
11,12,Undirected,0.3937312465525198
12,13,Undirected,0.37257185190054276
