Source,Target,Type,Weight
0,2,Undirected,0.31361971751895285
0,4,Undirected,0.3323706851601619
0,6,Undirected,0.3286876845403698
0,12,Undirected,0.38789439198446685
2,3,Undirected,0.30455977311142696
2,4,Undirected,0.31706915681214226
2,11,Undirected,0.3258553627135056
2,12,Undirected,0.4064365030660282
4,6,Undirected,0.3104809559573898
4,12,Undirected,0.38126303451925664
4,13,Undirected,0.36565106322733154
6,11,Undirected,0.307966962547573
6,12,Undirected,0.37570118639160954
6,13,Undirected,0.3045442713485926
11,12,Undirected,0.39641708031154954
12,13,Undirected,0.39090551629852544
