Source,Target,Type,Weight
0,2,Undirected,0.31297543596989685
0,12,Undirected,0.3853829352786441
2,4,Undirected,0.3172878319782378
2,12,Undirected,0.39525252629006813
2,13,Undirected,0.3316937535537453
4,6,Undirected,0.3314954347598433
4,12,Undirected,0.3895021818991935
6,11,Undirected,0.33235812233014494
6,12,Undirected,0.3739652727885177
11,12,Undirected,0.39157040091699624
11,13,Undirected,0.32302622676568904
12,13,Undirected,0.3858414722290168
