Source,Target,Type,Weight
2,8,Undirected,0.35122626359019005
2,12,Undirected,0.40586332261076413
8,9,Undirected,0.31636978035240165
8,11,Undirected,0.33104922765119915
8,12,Undirected,0.3791383101889516
11,12,Undirected,0.3825720679695734
11,13,Undirected,0.33299303393178553
12,13,Undirected,0.38096985497036523
