Source,Target,Type,Weight
0,2,Undirected,0.323061731590128
0,6,Undirected,0.3069942478981128
0,11,Undirected,0.3041383603069182
0,12,Undirected,0.3902094483941682
2,4,Undirected,0.32582809999199086
2,12,Undirected,0.3600153403142979
4,12,Undirected,0.375383164685681
6,12,Undirected,0.37359769615419114
6,13,Undirected,0.33942041973244375
11,12,Undirected,0.38981694244324827
11,13,Undirected,0.38087596393727463
12,13,Undirected,0.38611152382956576
