Source,Target,Type,Weight
0,6,Undirected,0.32775284819164885
2,4,Undirected,0.306188598360119
2,6,Undirected,0.3496913784562036
2,12,Undirected,0.3730460416982593
2,13,Undirected,0.3042155239054438
4,6,Undirected,0.33295269612203315
4,11,Undirected,0.30944900526069447
4,12,Undirected,0.3929279592478739
6,12,Undirected,0.3710020220532952
11,12,Undirected,0.39972853975948075
12,13,Undirected,0.3821104377644242
