Source,Target,Type,Weight
0,2,Undirected,0.31632587801596446
0,6,Undirected,0.3078439545378114
0,11,Undirected,0.33342215466995667
0,12,Undirected,0.3677697791261497
2,4,Undirected,0.3332852062209683
2,12,Undirected,0.39182550922414083
4,6,Undirected,0.3222972085659682
4,12,Undirected,0.35672402414048837
6,12,Undirected,0.39098287686237077
8,11,Undirected,0.3873265664141654
11,12,Undirected,0.36250102740072326
11,13,Undirected,0.34035801704945107
12,13,Undirected,0.3665735703705568
