Source,Target,Type,Weight
0,2,Undirected,0.32652214736354035
0,11,Undirected,0.33097699631974575
0,12,Undirected,0.3833871047943863
2,4,Undirected,0.32975866465754367
2,11,Undirected,0.31480496866439
2,12,Undirected,0.3991395046575272
4,6,Undirected,0.37743651175313664
4,12,Undirected,0.38419770329812664
4,13,Undirected,0.32519351449553185
6,11,Undirected,0.31661100710405793
6,12,Undirected,0.3855828217192971
6,13,Undirected,0.36331901211763856
8,11,Undirected,0.30743175220245983
10,11,Undirected,0.3041731430520366
11,12,Undirected,0.37390546529224916
12,13,Undirected,0.36584644442480924
