Source,Target,Type,Weight
0,2,Undirected,0.32288846136169763
0,12,Undirected,0.3727581696465311
2,4,Undirected,0.33150041276476516
2,12,Undirected,0.3813685592687347
2,13,Undirected,0.3741643020673354
4,6,Undirected,0.34496084024198803
4,12,Undirected,0.37447675042022904
4,13,Undirected,0.3052584563527694
6,12,Undirected,0.38572143256525704
8,11,Undirected,0.3394769293825853
11,12,Undirected,0.37129076953419754
11,13,Undirected,0.30747258916333714
12,13,Undirected,0.376360664134208
