Source,Target,Type,Weight
2,8,Undirected,0.3177262087928029
2,12,Undirected,0.38475740895583177
3,4,Undirected,0.3256727617308043
8,11,Undirected,0.3476084177463032
8,12,Undirected,0.3758385412858374
11,12,Undirected,0.3815105759637196
11,13,Undirected,0.3297442246073093
12,13,Undirected,0.3796303696403159
