Source,Target,Type,Weight
0,2,Undirected,0.32611928989522565
0,6,Undirected,0.3507696007997703
0,12,Undirected,0.3837177856861866
2,12,Undirected,0.39046358557929045
4,12,Undirected,0.3407206849337881
6,12,Undirected,0.38364320292330667
6,13,Undirected,0.32630856080891896
8,11,Undirected,0.34766460340386557
11,12,Undirected,0.3859113730530094
12,13,Undirected,0.3881596384694774
