Source,Target,Type,Weight
0,2,Undirected,0.32409978613591717
0,6,Undirected,0.3294306148768691
0,11,Undirected,0.3436892887253583
0,12,Undirected,0.39332849194869735
2,4,Undirected,0.3273216339548248
2,12,Undirected,0.3903715334234889
4,6,Undirected,0.33233455312562
4,12,Undirected,0.3636270005296224
4,13,Undirected,0.32376054972625534
6,12,Undirected,0.38466968541087754
6,13,Undirected,0.33441437396011364
11,12,Undirected,0.3947729598804585
12,13,Undirected,0.3778186956615343
