Source,Target,Type,Weight
0,2,Undirected,0.340735631791726
0,6,Undirected,0.30936779512573775
0,12,Undirected,0.3905951068331496
2,4,Undirected,0.30307736352499237
2,12,Undirected,0.39710706599575524
2,13,Undirected,0.378432259941202
4,12,Undirected,0.37737141263346835
4,13,Undirected,0.31909174538902485
6,12,Undirected,0.37677688313477925
11,12,Undirected,0.37161091312200006
12,13,Undirected,0.363588229159795
