Source,Target,Type,Weight
1,13,Undirected,0.3616502610867001
2,12,Undirected,0.38157971467657187
2,13,Undirected,0.33283623128775036
4,7,Undirected,0.32276519387440067
8,11,Undirected,0.32813549308133355
8,12,Undirected,0.3863657592365951
8,13,Undirected,0.3489935834433601
11,12,Undirected,0.37596962701119985
12,13,Undirected,0.3852969083588028
