Source,Target,Type,Weight
0,2,Undirected,0.30940755035438394
0,12,Undirected,0.37145412776599906
2,4,Undirected,0.3447312704653946
2,12,Undirected,0.3872649121963078
4,6,Undirected,0.3353929638632678
4,12,Undirected,0.3832545437134363
6,11,Undirected,0.30363021013104524
6,12,Undirected,0.37575153819415824
6,13,Undirected,0.32820045412639515
11,12,Undirected,0.38338100721534013
11,13,Undirected,0.36158559914287836
12,13,Undirected,0.3879171726457752
