Source,Target,Type,Weight
2,4,Undirected,0.31630219013210203
2,12,Undirected,0.3773132940580522
4,8,Undirected,0.38567546612407516
4,12,Undirected,0.3847461148641676
4,13,Undirected,0.3252092733595994
7,10,Undirected,0.32134404933721655
11,12,Undirected,0.40472543000648825
11,13,Undirected,0.3066505071466542
12,13,Undirected,0.3811103281681816
