Source,Target,Type,Weight
0,4,Undirected,0.3216615120707119
0,6,Undirected,0.31277954883216924
0,11,Undirected,0.34031662081163605
0,12,Undirected,0.3856487638021035
2,4,Undirected,0.3127963668732534
2,11,Undirected,0.30781017957374684
2,12,Undirected,0.38818668964150677
4,6,Undirected,0.3352365192374969
4,12,Undirected,0.37880425024773123
6,12,Undirected,0.34829668774259737
6,13,Undirected,0.3094795785214309
11,12,Undirected,0.39026790405688233
12,13,Undirected,0.38070511388602496
