Source,Target,Type,Weight
0,2,Undirected,0.3354901316339385
0,4,Undirected,0.3086832016826946
0,12,Undirected,0.3987193992682879
2,12,Undirected,0.3768867457442471
4,6,Undirected,0.3293415280088044
4,12,Undirected,0.3582799333616873
6,7,Undirected,0.35359503539319126
6,12,Undirected,0.3758225787230306
6,13,Undirected,0.31971780279079537
7,12,Undirected,0.3715495522948653
7,13,Undirected,0.31091848180776877
12,13,Undirected,0.36442528632767435
