Source,Target,Type,Weight
2,3,Undirected,0.35029785687369214
2,7,Undirected,0.3400730041820921
2,8,Undirected,0.37291871050251113
2,11,Undirected,0.33198283470788065
2,12,Undirected,0.393990659509845
3,4,Undirected,0.3068324827042492
3,7,Undirected,0.3469670584694733
3,12,Undirected,0.3611727636919032
4,12,Undirected,0.3845999867774682
6,13,Undirected,0.34180657187559566
7,11,Undirected,0.3098521025162319
7,12,Undirected,0.38727982327876104
7,13,Undirected,0.31591381465397933
11,12,Undirected,0.3856804311068723
11,13,Undirected,0.3502132396893932
12,13,Undirected,0.3830910006261997
