Source,Target,Type,Weight
0,11,Undirected,0.3081056168857261
0,12,Undirected,0.3739573040185371
0,13,Undirected,0.3271362382340104
11,12,Undirected,0.37124272327604596
12,13,Undirected,0.3692547695252198
