Source,Target,Type,Weight
0,2,Undirected,0.35023961784729807
0,4,Undirected,0.3167822931381802
0,7,Undirected,0.316777699499597
0,12,Undirected,0.3942351841900779
2,4,Undirected,0.34300691565986224
2,12,Undirected,0.38424606382456344
4,12,Undirected,0.38405607068610115
4,13,Undirected,0.31151282509473566
6,7,Undirected,0.3598404291142141
6,12,Undirected,0.3789159146790908
7,12,Undirected,0.3612345091235677
12,13,Undirected,0.3718191115000617
