Source,Target,Type,Weight
2,4,Undirected,0.3156960069306584
2,11,Undirected,0.31528333039546247
2,12,Undirected,0.4060850247878834
2,13,Undirected,0.3273324649844423
4,12,Undirected,0.3756823752440213
4,13,Undirected,0.32978168839446015
11,12,Undirected,0.39513355846337533
11,13,Undirected,0.33088469583021624
12,13,Undirected,0.38080383006049473
