Source,Target,Type,Weight
0,2,Undirected,0.3395881355177453
0,4,Undirected,0.3375121508442825
0,12,Undirected,0.37486810407529136
2,4,Undirected,0.3329580880287222
2,12,Undirected,0.38926746546406527
4,6,Undirected,0.31240118998797706
4,12,Undirected,0.37827570548401396
4,13,Undirected,0.30692135048192454
6,7,Undirected,0.37464476532180674
6,12,Undirected,0.3803851224512802
7,12,Undirected,0.3513424471916714
12,13,Undirected,0.3857275693466107
