Source,Target,Type,Weight
0,12,Undirected,0.3782997587318767
0,13,Undirected,0.3332186669645344
4,11,Undirected,0.33248287092181134
4,12,Undirected,0.3675323350684556
4,13,Undirected,0.3849315983727219
11,12,Undirected,0.3905503353005004
12,13,Undirected,0.397163168920267
