Source,Target,Type,Weight
0,6,Undirected,0.3095799716128213
0,11,Undirected,0.3334520285634944
0,12,Undirected,0.3953016609760171
2,4,Undirected,0.3206149980377705
2,11,Undirected,0.3246664108639719
2,12,Undirected,0.3704683408549267
2,13,Undirected,0.33318057705966175
4,6,Undirected,0.3895153485691456
4,12,Undirected,0.37336509940948676
4,13,Undirected,0.3466977531332171
6,12,Undirected,0.3451320610452728
8,11,Undirected,0.37130621796343827
11,12,Undirected,0.37916360437859736
12,13,Undirected,0.3812683024382041
