Source,Target,Type,Weight
0,6,Undirected,0.3622856372880126
2,4,Undirected,0.32163654974177386
2,12,Undirected,0.3994155661552886
4,6,Undirected,0.33155148524932065
4,12,Undirected,0.34970578151659587
6,12,Undirected,0.35324015397594183
11,12,Undirected,0.3942117666033223
12,13,Undirected,0.3839033680731242
