Source,Target,Type,Weight
0,2,Undirected,0.3446040146826492
0,4,Undirected,0.3130001464143484
0,6,Undirected,0.3385727311943502
0,12,Undirected,0.3976748798813092
2,12,Undirected,0.38329688743265716
2,13,Undirected,0.3148626310518833
4,6,Undirected,0.3075463575666062
4,12,Undirected,0.3745928362035151
6,11,Undirected,0.3090174010455289
6,12,Undirected,0.35756046182824275
8,11,Undirected,0.3813963715047906
11,12,Undirected,0.39955166579249246
12,13,Undirected,0.3615720399038326
