Source,Target,Type,Weight
0,2,Undirected,0.3304488515804458
0,4,Undirected,0.3076559933520608
0,11,Undirected,0.3201743380928779
0,12,Undirected,0.3899265672931101
2,4,Undirected,0.3339867926317693
2,12,Undirected,0.3925308496684927
4,6,Undirected,0.3274750978079419
4,12,Undirected,0.38921100657945346
4,13,Undirected,0.31982202287026856
6,12,Undirected,0.3731189836811863
6,13,Undirected,0.3361387208228054
8,11,Undirected,0.32500261323765073
11,12,Undirected,0.3820219684054116
11,13,Undirected,0.3105933843812916
12,13,Undirected,0.3848944732370445
