Source,Target,Type,Weight
0,2,Undirected,0.31959034443840717
0,11,Undirected,0.30994107925425923
0,12,Undirected,0.39257372485028713
2,12,Undirected,0.39911975446303255
4,6,Undirected,0.30395956543744684
4,12,Undirected,0.38381698180112783
4,13,Undirected,0.38954320407361703
6,12,Undirected,0.3574904895585653
11,12,Undirected,0.38073697674813367
12,13,Undirected,0.368452039085764
