Source,Target,Type,Weight
0,2,Undirected,0.30507516932117623
0,4,Undirected,0.30607819650839274
0,6,Undirected,0.35108009151862357
0,11,Undirected,0.32010381785047015
0,12,Undirected,0.41256145800494665
2,3,Undirected,0.31463368948475756
2,4,Undirected,0.3241059720349428
2,11,Undirected,0.35283964432236437
2,12,Undirected,0.3984148153214255
4,6,Undirected,0.31941710375178234
4,12,Undirected,0.3718334501914484
4,13,Undirected,0.31435041280046433
6,12,Undirected,0.35674492910740024
6,13,Undirected,0.36749391782068247
8,11,Undirected,0.345994174454546
11,12,Undirected,0.38081959620613504
12,13,Undirected,0.37843844013459305
