Source,Target,Type,Weight
1,2,Undirected,0.3066503950487958
2,12,Undirected,0.3826894218679018
2,13,Undirected,0.347050544819107
4,12,Undirected,0.3798796138804508
4,13,Undirected,0.30523850724590534
12,13,Undirected,0.37292132988297927
