Source,Target,Type,Weight
0,4,Undirected,0.3169717292139165
0,12,Undirected,0.3970623679749716
0,13,Undirected,0.350721586210299
4,11,Undirected,0.3120281325718435
4,12,Undirected,0.3540895774947049
11,12,Undirected,0.3918525978672955
12,13,Undirected,0.39022894377128475
