Source,Target,Type,Weight
0,4,Undirected,0.3264540629766281
0,11,Undirected,0.3131812261985706
0,12,Undirected,0.3953190230804713
2,11,Undirected,0.3141657903644381
2,12,Undirected,0.3921209043443922
4,6,Undirected,0.3631829806467981
4,12,Undirected,0.3787277349921501
6,11,Undirected,0.31271854321596454
6,12,Undirected,0.37715973265503455
6,13,Undirected,0.33240403262300394
8,11,Undirected,0.3506028234605334
11,12,Undirected,0.37334751844260033
12,13,Undirected,0.34330018524916395
