Source,Target,Type,Weight
2,4,Undirected,0.34146794195237773
2,11,Undirected,0.3181005751408843
2,12,Undirected,0.3906309023459998
2,13,Undirected,0.344841976970435
4,6,Undirected,0.3541671064584286
4,8,Undirected,0.3210392774644542
4,12,Undirected,0.3537103158874753
4,13,Undirected,0.33606839850336206
6,8,Undirected,0.3516921084132675
6,12,Undirected,0.3745396839967864
6,13,Undirected,0.3353024462273894
8,12,Undirected,0.37873354865583264
11,12,Undirected,0.3804015094514852
11,13,Undirected,0.3067514284592182
12,13,Undirected,0.38506556978366924
