Source,Target,Type,Weight
0,2,Undirected,0.319119494893431
0,4,Undirected,0.30483134287951713
0,11,Undirected,0.30917238546210807
0,12,Undirected,0.3650389407570989
2,4,Undirected,0.3130217303727435
2,11,Undirected,0.3047702312365537
2,12,Undirected,0.3866308787093917
4,6,Undirected,0.3175483951757038
4,12,Undirected,0.3714750511560415
4,13,Undirected,0.3205853951146449
6,11,Undirected,0.3203467376073025
6,12,Undirected,0.3970474833993359
6,13,Undirected,0.3686624797707391
11,12,Undirected,0.391985496279445
12,13,Undirected,0.35490002808363896
