Source,Target,Type,Weight
0,2,Undirected,0.33828191374646116
0,6,Undirected,0.3213925572288621
0,11,Undirected,0.32377402056966204
0,12,Undirected,0.3828131367492138
2,4,Undirected,0.3188047497400683
2,12,Undirected,0.3944224025466894
2,13,Undirected,0.31810211915435865
4,6,Undirected,0.3857185238700526
4,12,Undirected,0.3484654176878661
6,12,Undirected,0.393122707067579
8,11,Undirected,0.33974877909100704
11,12,Undirected,0.3704345092054341
12,13,Undirected,0.36730484688158543
