Source,Target,Type,Weight
2,4,Undirected,0.322829387567613
2,6,Undirected,0.3546323944457465
2,12,Undirected,0.38308267318621125
2,13,Undirected,0.3249096880055043
4,12,Undirected,0.3743715294039311
6,12,Undirected,0.37689456891517314
12,13,Undirected,0.36767412653262055
