Source,Target,Type,Weight
0,4,Undirected,0.316435346359556
0,6,Undirected,0.3266773302910045
0,12,Undirected,0.3779810372529457
2,4,Undirected,0.34158165274283464
2,12,Undirected,0.3853543615846637
2,13,Undirected,0.38698624702215645
4,6,Undirected,0.36857167386635736
4,12,Undirected,0.3809891993666264
6,11,Undirected,0.3181280559961882
6,12,Undirected,0.36824251744437847
8,11,Undirected,0.3741722129022963
11,12,Undirected,0.3831837115787733
11,13,Undirected,0.3034526706746912
12,13,Undirected,0.37703090000029665
