Source,Target,Type,Weight
0,3,Undirected,0.3362884591023016
2,12,Undirected,0.3819327400904789
9,10,Undirected,0.32340780812095715
11,12,Undirected,0.38138471900193927
12,13,Undirected,0.3819773664305391
