Source,Target,Type,Weight
0,4,Undirected,0.3596263381048534
0,12,Undirected,0.3936980217122708
0,13,Undirected,0.3231846529699935
2,13,Undirected,0.3862992515418845
4,11,Undirected,0.31978083867844787
4,12,Undirected,0.3837445021422352
4,13,Undirected,0.33884461230874924
11,12,Undirected,0.3813182855957866
12,13,Undirected,0.37759767516079823
