Source,Target,Type,Weight
0,12,Undirected,0.39333052063939994
11,12,Undirected,0.38321234939745275
12,13,Undirected,0.37269593263951517
