Source,Target,Type,Weight
0,12,Undirected,0.39022705586559747
0,13,Undirected,0.31170205524143196
2,13,Undirected,0.3785030198633806
4,11,Undirected,0.32583455454171434
4,12,Undirected,0.3722925755471035
4,13,Undirected,0.31463661617167504
11,12,Undirected,0.3955966511973241
12,13,Undirected,0.36460195853731325
