Source,Target,Type,Weight
0,2,Undirected,0.3272292927787742
0,11,Undirected,0.32300294262538926
0,12,Undirected,0.39064556439396164
2,4,Undirected,0.30687845940326636
2,12,Undirected,0.3950426401327262
4,12,Undirected,0.4064700220528408
6,11,Undirected,0.3409079197557345
6,12,Undirected,0.3786001187530318
8,9,Undirected,0.3053440360527367
11,12,Undirected,0.36784609186154343
12,13,Undirected,0.375311954331586
