Source,Target,Type,Weight
2,12,Undirected,0.3665687647667825
6,8,Undirected,0.3941716815598068
11,12,Undirected,0.3897756452670504
11,13,Undirected,0.3176238791014546
12,13,Undirected,0.38743096557259377
