Source,Target,Type,Weight
2,3,Undirected,0.3646402490015067
2,8,Undirected,0.3690911634856787
2,11,Undirected,0.34716763115823
2,12,Undirected,0.37782686388508124
3,4,Undirected,0.33715118253596643
3,7,Undirected,0.326938768510767
3,12,Undirected,0.3731471659062513
4,12,Undirected,0.3849628653405899
7,11,Undirected,0.34179072319761244
7,12,Undirected,0.3582594907326935
7,13,Undirected,0.32023307980204097
9,10,Undirected,0.32082104653816806
11,12,Undirected,0.3888696765383947
11,13,Undirected,0.3358296677520956
12,13,Undirected,0.3791414632100342
