Source,Target,Type,Weight
0,2,Undirected,0.3299108156968904
0,12,Undirected,0.3809799594904322
0,13,Undirected,0.3355238127845626
2,3,Undirected,0.38479118930574535
2,12,Undirected,0.39800812982285366
3,4,Undirected,0.33290116464896674
3,12,Undirected,0.37873553218192474
5,12,Undirected,0.3846635116884661
12,13,Undirected,0.3830402368576904
