Source,Target,Type,Weight
0,2,Undirected,0.32754161366822515
0,11,Undirected,0.3128286551162648
0,12,Undirected,0.3865123420185411
2,4,Undirected,0.31561459644066114
2,12,Undirected,0.3732126753200529
4,6,Undirected,0.3287993305334371
4,12,Undirected,0.3849116396313522
4,13,Undirected,0.30675010483891374
6,12,Undirected,0.3596766986095996
11,12,Undirected,0.3856635861484168
11,13,Undirected,0.31668743282960476
12,13,Undirected,0.37283623541986194
