Source,Target,Type,Weight
0,12,Undirected,0.40331087110372627
0,13,Undirected,0.3217630786367563
1,13,Undirected,0.3765977194413864
2,12,Undirected,0.40140917521944075
2,13,Undirected,0.3633937721213138
12,13,Undirected,0.3434703236207501
