Source,Target,Type,Weight
0,2,Undirected,0.3347627694479361
0,11,Undirected,0.3122196396037614
0,12,Undirected,0.3946049353841267
2,3,Undirected,0.35292523861957503
2,4,Undirected,0.3345173517301883
2,11,Undirected,0.332116006031499
2,12,Undirected,0.3875942959939387
2,13,Undirected,0.36312402548436834
4,6,Undirected,0.364282382282742
4,12,Undirected,0.3832203673532338
6,11,Undirected,0.31339960425146485
6,12,Undirected,0.3847561030425819
8,11,Undirected,0.3340391662400556
8,13,Undirected,0.31473041699283
11,12,Undirected,0.38001608201373993
11,13,Undirected,0.3439710888405381
12,13,Undirected,0.3901224871640495
