Source,Target,Type,Weight
0,2,Undirected,0.33553277767244805
0,12,Undirected,0.3951761850210062
2,4,Undirected,0.30909712890656377
2,12,Undirected,0.3880519741013973
4,6,Undirected,0.3205705467005486
4,12,Undirected,0.3990625658871715
6,11,Undirected,0.31855370996655274
6,12,Undirected,0.3700184995840461
6,13,Undirected,0.33038000477811125
11,12,Undirected,0.37630545606055044
12,13,Undirected,0.3726132912383679
