Source,Target,Type,Weight
0,2,Undirected,0.31585507685551034
0,4,Undirected,0.32055915404808055
0,6,Undirected,0.30438761744544407
0,11,Undirected,0.33683810167500966
0,12,Undirected,0.39730759780077674
2,12,Undirected,0.36980778001893694
4,6,Undirected,0.3043957467515149
4,12,Undirected,0.399584705913063
4,13,Undirected,0.34529162637938904
6,12,Undirected,0.3486098837785309
6,13,Undirected,0.32697710141230774
11,12,Undirected,0.3653213410240938
12,13,Undirected,0.37777547802382444
