Source,Target,Type,Weight
0,4,Undirected,0.3188567116639655
0,6,Undirected,0.3557007428552287
0,12,Undirected,0.3801808692240875
2,4,Undirected,0.3148988462654232
2,12,Undirected,0.40093127079309815
4,6,Undirected,0.32938402191776345
4,12,Undirected,0.38468330357924896
6,11,Undirected,0.3113555783764154
6,12,Undirected,0.3768376128196003
6,13,Undirected,0.3092894328534041
11,12,Undirected,0.39807128793871627
12,13,Undirected,0.37863067318073657
