Source,Target,Type,Weight
0,2,Undirected,0.3421390362379245
0,4,Undirected,0.3224350894650241
0,12,Undirected,0.3763849135328657
2,11,Undirected,0.3225281420780365
2,12,Undirected,0.3882095765120056
4,6,Undirected,0.35858464570446474
4,12,Undirected,0.39118015179748894
4,13,Undirected,0.3479739494752562
6,12,Undirected,0.35364878981032427
6,13,Undirected,0.36081120721914206
8,11,Undirected,0.3500132810148414
11,12,Undirected,0.3829392041796328
12,13,Undirected,0.362192847062936
