Source,Target,Type,Weight
0,4,Undirected,0.32107252804320097
0,11,Undirected,0.3060836912564781
0,12,Undirected,0.396731712457135
2,4,Undirected,0.3133444193735613
2,12,Undirected,0.38836482573414755
2,13,Undirected,0.32389448322728115
4,6,Undirected,0.32491482255622345
4,12,Undirected,0.38997358896787593
4,13,Undirected,0.3100913520282046
6,11,Undirected,0.3064616936765475
6,12,Undirected,0.3802884851208181
6,13,Undirected,0.3333963937296133
11,12,Undirected,0.38651255572532983
11,13,Undirected,0.3096986084508956
12,13,Undirected,0.3726653351554761
