Source,Target,Type,Weight
0,12,Undirected,0.3669318141555953
11,12,Undirected,0.36903693093333007
11,13,Undirected,0.32154630329814826
12,13,Undirected,0.3752585642935773
