Source,Target,Type,Weight
2,8,Undirected,0.32078166546732795
2,12,Undirected,0.38733482899861904
2,13,Undirected,0.32004971475366506
8,11,Undirected,0.35910871806366584
8,12,Undirected,0.38595675646826394
11,12,Undirected,0.3949298598345426
12,13,Undirected,0.3827711094282814
