Source,Target,Type,Weight
2,12,Undirected,0.3882204639925701
8,9,Undirected,0.35354004570737485
11,12,Undirected,0.38614237843887156
12,13,Undirected,0.37769216735466976
