Source,Target,Type,Weight
0,4,Undirected,0.3431748821393448
0,6,Undirected,0.3076070085311121
0,11,Undirected,0.3182277410745637
0,12,Undirected,0.37437309993091467
2,11,Undirected,0.33232681156882543
2,12,Undirected,0.3729088964421522
2,13,Undirected,0.33147822249507086
4,6,Undirected,0.3243406595191105
4,12,Undirected,0.37594226361251104
6,12,Undirected,0.37550878916951425
6,13,Undirected,0.3620717219518343
11,12,Undirected,0.38184181533050227
11,13,Undirected,0.352908846903016
12,13,Undirected,0.3741438088861367
