Source,Target,Type,Weight
0,2,Undirected,0.3162562319225236
0,6,Undirected,0.33514011421105233
0,12,Undirected,0.39733390652378964
2,4,Undirected,0.31600525974254445
2,12,Undirected,0.39538815130032645
2,13,Undirected,0.3601295582516282
4,6,Undirected,0.31222716996857336
4,12,Undirected,0.37418883675941694
6,12,Undirected,0.3780290718797129
8,11,Undirected,0.35396478921675567
11,12,Undirected,0.39935969970022583
11,13,Undirected,0.3386728442661934
12,13,Undirected,0.37891279963921876
