Source,Target,Type,Weight
0,4,Undirected,0.3311821215675607
0,12,Undirected,0.3900956371886169
2,3,Undirected,0.3200232438757454
2,12,Undirected,0.3872508246025866
4,6,Undirected,0.35863262964690157
4,12,Undirected,0.3977881018574808
4,13,Undirected,0.3213938132113934
6,11,Undirected,0.31346579554303977
6,12,Undirected,0.36560950069503484
6,13,Undirected,0.3745108563221003
8,9,Undirected,0.30727231701992364
8,11,Undirected,0.3413110292353128
11,12,Undirected,0.37597707512829265
12,13,Undirected,0.3600242711217171
