Source,Target,Type,Weight
0,1,Undirected,0.30605079272282354
1,2,Undirected,0.32242309298333977
2,11,Undirected,0.3241873373287261
2,12,Undirected,0.3988571109052411
2,13,Undirected,0.31466326568888553
4,5,Undirected,0.3451683594244089
4,8,Undirected,0.32305349536801514
4,12,Undirected,0.37149077814857245
8,12,Undirected,0.37094571743520155
11,12,Undirected,0.39396641984965924
11,13,Undirected,0.32348882320689004
12,13,Undirected,0.3630007060431862
