Source,Target,Type,Weight
0,4,Undirected,0.327994003008818
0,11,Undirected,0.3114237530792075
0,12,Undirected,0.38071268169679895
2,4,Undirected,0.3218412466216408
2,12,Undirected,0.37341755303876556
2,13,Undirected,0.3641545757993499
4,6,Undirected,0.33510867871766703
4,12,Undirected,0.38066848855159424
6,11,Undirected,0.32406097313077153
6,12,Undirected,0.39544869095133967
11,12,Undirected,0.38593651372027243
11,13,Undirected,0.3034290495546051
12,13,Undirected,0.37463676756741787
