Source,Target,Type,Weight
0,4,Undirected,0.3103956888172036
0,12,Undirected,0.37130615222271796
2,4,Undirected,0.3244260824305843
2,11,Undirected,0.3237431317631669
2,12,Undirected,0.3745923678362616
4,6,Undirected,0.361369053491064
4,12,Undirected,0.38579267381855187
4,13,Undirected,0.33765093770638765
6,11,Undirected,0.3198794399693719
6,12,Undirected,0.3806796481664079
6,13,Undirected,0.34047505247189375
8,11,Undirected,0.3464774291354668
11,12,Undirected,0.376011320042945
12,13,Undirected,0.3866887661318382
