Source,Target,Type,Weight
1,8,Undirected,0.3339474367888655
1,12,Undirected,0.3654644564959779
2,3,Undirected,0.30514750309727
4,7,Undirected,0.3031513164732513
4,8,Undirected,0.369987622102944
4,12,Undirected,0.37870304600908516
4,13,Undirected,0.312147677868488
8,9,Undirected,0.3114359393597834
8,11,Undirected,0.3625568344875993
8,12,Undirected,0.39325908644865903
8,13,Undirected,0.34236306939140926
11,12,Undirected,0.3884697134599816
12,13,Undirected,0.39224752859416573
