Source,Target,Type,Weight
0,2,Undirected,0.35012123968327424
0,6,Undirected,0.30541645291855823
0,11,Undirected,0.32325245157730215
0,12,Undirected,0.37759804909211087
2,4,Undirected,0.3322092579708602
2,11,Undirected,0.3039260207540196
2,12,Undirected,0.39254065833113244
2,13,Undirected,0.36454136953498095
4,6,Undirected,0.3150906988271272
4,12,Undirected,0.39440456280028385
4,13,Undirected,0.32188642162146397
6,12,Undirected,0.3612840451508583
8,11,Undirected,0.3793084425913878
11,12,Undirected,0.3904670751844134
11,13,Undirected,0.3136262368140157
12,13,Undirected,0.3798657488360096
