Source,Target,Type,Weight
0,12,Undirected,0.38807333702873764
0,13,Undirected,0.3323112768796886
11,12,Undirected,0.39275657299873473
11,13,Undirected,0.3469744351154372
12,13,Undirected,0.3805115976863233
