Source,Target,Type,Weight
0,2,Undirected,0.3071128672209479
0,6,Undirected,0.33929310162119225
0,11,Undirected,0.32196146138108844
0,12,Undirected,0.41110164511071495
2,12,Undirected,0.4004295761396403
2,13,Undirected,0.35005078873812834
4,12,Undirected,0.378391769303483
6,12,Undirected,0.37472365686627757
8,11,Undirected,0.3827905673149206
11,12,Undirected,0.3862413384014396
12,13,Undirected,0.37591615078289575
