Source,Target,Type,Weight
0,2,Undirected,0.34214277609406174
0,12,Undirected,0.38262228886053234
2,3,Undirected,0.33551584141538066
2,12,Undirected,0.4083813167697412
2,13,Undirected,0.33732387886945336
3,12,Undirected,0.382323426368651
4,5,Undirected,0.31140123293774485
12,13,Undirected,0.38199994444371077
