Source,Target,Type,Weight
1,2,Undirected,0.3214218167829188
2,4,Undirected,0.3334574631657178
2,6,Undirected,0.32963605520099937
2,12,Undirected,0.37009633631183114
4,6,Undirected,0.3123705253223722
4,12,Undirected,0.38469180660337904
4,13,Undirected,0.3553766995353579
6,12,Undirected,0.3878935310355683
12,13,Undirected,0.3880227160935143
