Source,Target,Type,Weight
0,2,Undirected,0.3268075514967036
0,6,Undirected,0.3095248901151897
0,12,Undirected,0.37799425407465664
2,12,Undirected,0.3684823694317094
4,6,Undirected,0.31671471788344185
4,12,Undirected,0.39032434309237873
4,13,Undirected,0.3214570436832598
6,11,Undirected,0.30768054803954425
6,12,Undirected,0.36934883957667275
6,13,Undirected,0.34479897268204646
11,12,Undirected,0.3682826435544057
11,13,Undirected,0.3417710049262304
12,13,Undirected,0.3678908104834791
