Source,Target,Type,Weight
0,2,Undirected,0.30806590134658524
0,12,Undirected,0.3986308772646134
2,12,Undirected,0.3848346147684673
2,13,Undirected,0.3766378270165164
4,12,Undirected,0.3837168729689135
6,11,Undirected,0.30881158785608775
6,12,Undirected,0.36338442150300115
8,9,Undirected,0.3057403585052494
11,12,Undirected,0.3969163143587839
11,13,Undirected,0.30604817990417604
12,13,Undirected,0.3886701503592251
