Source,Target,Type,Weight
0,6,Undirected,0.37013177200935304
2,4,Undirected,0.3062059222094755
2,6,Undirected,0.3335912897785143
2,12,Undirected,0.3840136293899835
2,13,Undirected,0.33119467410603065
4,6,Undirected,0.3334556869591626
4,12,Undirected,0.3855833179733246
6,12,Undirected,0.3509292550623147
11,12,Undirected,0.38762631945357706
12,13,Undirected,0.38764946274144424
