Source,Target,Type,Weight
0,3,Undirected,0.34075714096070303
0,12,Undirected,0.39373375989426096
2,5,Undirected,0.346400883960233
2,12,Undirected,0.36979294506654026
2,13,Undirected,0.3673745310708533
3,5,Undirected,0.3246207788522956
3,12,Undirected,0.37524560522979666
5,12,Undirected,0.3482441142167869
12,13,Undirected,0.382883622221853
