Source,Target,Type,Weight
0,2,Undirected,0.3139191810252079
0,4,Undirected,0.3091339893318915
0,12,Undirected,0.37872626450550095
2,4,Undirected,0.33280496241774404
2,12,Undirected,0.36678257578487006
4,6,Undirected,0.36184878732934317
4,12,Undirected,0.3933101609107105
6,12,Undirected,0.35163063384582677
8,11,Undirected,0.36165465794079243
11,12,Undirected,0.3738237526475035
11,13,Undirected,0.34681276618369145
12,13,Undirected,0.3690991535798791
