Source,Target,Type,Weight
2,12,Undirected,0.37756290278558935
2,13,Undirected,0.3564388812811426
3,4,Undirected,0.3162658183655837
8,12,Undirected,0.37868810424092714
8,13,Undirected,0.3166524545769912
11,12,Undirected,0.3950932485304001
12,13,Undirected,0.3816320365699644
