Source,Target,Type,Weight
0,2,Undirected,0.32951327801410124
0,4,Undirected,0.3259478165371635
0,6,Undirected,0.30755720486694166
0,8,Undirected,0.3032656903674932
0,12,Undirected,0.36980605193026705
0,13,Undirected,0.30718538319551153
2,12,Undirected,0.3917990831033992
2,13,Undirected,0.3669746732333515
4,6,Undirected,0.3423312702173222
4,12,Undirected,0.3929163276283719
5,6,Undirected,0.31103941556711373
6,7,Undirected,0.36416655878775533
6,12,Undirected,0.36034202003370164
7,8,Undirected,0.3774012257182543
7,12,Undirected,0.32013225678791096
12,13,Undirected,0.39734166054608444
