Source,Target,Type,Weight
0,2,Undirected,0.3120357233433194
0,4,Undirected,0.3147797834466053
0,6,Undirected,0.3067799900322015
0,11,Undirected,0.3047634991580011
0,12,Undirected,0.39445656589975475
2,12,Undirected,0.39279456825275555
2,13,Undirected,0.3940733188198839
4,6,Undirected,0.3568067784631249
4,12,Undirected,0.3818329164185175
4,13,Undirected,0.3148861038011295
6,12,Undirected,0.37850319064809324
8,11,Undirected,0.30516797318907324
11,12,Undirected,0.3996381602579604
11,13,Undirected,0.3337579406988388
12,13,Undirected,0.3652894290863401
