Source,Target,Type,Weight
2,12,Undirected,0.3988815768013443
2,13,Undirected,0.353451889279993
4,5,Undirected,0.3162262839937465
8,11,Undirected,0.3191309554144586
8,12,Undirected,0.3878855674394315
11,12,Undirected,0.3908403137938833
12,13,Undirected,0.38568688577562227
