Source,Target,Type,Weight
2,12,Undirected,0.3741011275290021
4,5,Undirected,0.3059223930995796
6,8,Undirected,0.31909672197909617
8,9,Undirected,0.3426201944853583
11,12,Undirected,0.3666300937260274
11,13,Undirected,0.36605244887833654
12,13,Undirected,0.39883109310595205
