Source,Target,Type,Weight
2,6,Undirected,0.3378187319071876
2,11,Undirected,0.31019273893944255
2,12,Undirected,0.3744766835520137
6,12,Undirected,0.3693939568745759
7,8,Undirected,0.3305737600520557
8,9,Undirected,0.3557412294811601
11,12,Undirected,0.37208612433145344
11,13,Undirected,0.31135111766133317
12,13,Undirected,0.40029150256286333
