Source,Target,Type,Weight
0,4,Undirected,0.3094906996447387
0,12,Undirected,0.3877711358319122
0,13,Undirected,0.33905634701591414
4,11,Undirected,0.34603536482510927
4,12,Undirected,0.3660027784176981
11,12,Undirected,0.38074506426672444
12,13,Undirected,0.3946005918203552
