Source,Target,Type,Weight
0,6,Undirected,0.3162307901268654
0,12,Undirected,0.3905861226074027
2,4,Undirected,0.31090539109715704
2,11,Undirected,0.336895188852453
2,12,Undirected,0.41036028861284796
2,13,Undirected,0.38338668426546646
4,6,Undirected,0.3718190785388268
4,12,Undirected,0.3574026363563934
6,12,Undirected,0.3621738318754461
11,12,Undirected,0.36912198896744947
11,13,Undirected,0.3064170505734128
12,13,Undirected,0.366359362877891
