Source,Target,Type,Weight
0,2,Undirected,0.335814422256109
0,4,Undirected,0.3214024083356884
0,7,Undirected,0.3057374612625765
0,12,Undirected,0.380676711362231
2,4,Undirected,0.32272508577871173
2,12,Undirected,0.40222953654509297
4,5,Undirected,0.3138374866147987
4,6,Undirected,0.30939597874867764
4,12,Undirected,0.3851144672996875
4,13,Undirected,0.3664256795987327
5,6,Undirected,0.32578300121643244
6,7,Undirected,0.3720843088675618
6,12,Undirected,0.353116855443646
7,12,Undirected,0.36032350822790726
12,13,Undirected,0.3739659063036328
