Source,Target,Type,Weight
2,6,Undirected,0.33414148711182867
2,12,Undirected,0.38680181062508323
2,13,Undirected,0.3543535181357726
6,8,Undirected,0.3138252760381091
6,11,Undirected,0.3555634827673991
6,12,Undirected,0.36343193518937644
6,13,Undirected,0.31148168688749717
8,11,Undirected,0.31061137128461597
8,12,Undirected,0.3821168431164189
11,12,Undirected,0.38705174139435206
12,13,Undirected,0.3858795613104749
