Source,Target,Type,Weight
0,4,Undirected,0.34074161090209637
0,6,Undirected,0.3102565496631549
0,11,Undirected,0.33128162655229615
0,12,Undirected,0.39094621514315575
2,4,Undirected,0.3520469576794518
2,12,Undirected,0.3856691536876733
4,12,Undirected,0.3721429407986031
4,13,Undirected,0.3130386679222135
6,11,Undirected,0.3353777043564757
6,12,Undirected,0.37292796139043854
6,13,Undirected,0.3460295981537846
8,9,Undirected,0.34360589147182674
8,11,Undirected,0.3942754674655133
11,12,Undirected,0.3765435911431588
12,13,Undirected,0.36757233875970063
