Source,Target,Type,Weight
0,2,Undirected,0.30771700363173654
0,4,Undirected,0.3121143687516538
0,6,Undirected,0.3204401798582724
0,7,Undirected,0.3217896900041138
0,12,Undirected,0.3753013422716702
2,4,Undirected,0.3303586407727532
2,12,Undirected,0.3759694248039906
2,13,Undirected,0.34693543142644895
4,6,Undirected,0.3334283304663278
4,12,Undirected,0.3798954412228232
6,7,Undirected,0.37481567759823653
6,12,Undirected,0.3636700369747759
7,12,Undirected,0.39118062608053017
7,13,Undirected,0.3208852547310696
12,13,Undirected,0.3675179397354571
