Source,Target,Type,Weight
2,3,Undirected,0.34644211399944297
2,12,Undirected,0.38349850735351265
2,13,Undirected,0.32280938640723106
6,8,Undirected,0.3470424183512394
6,13,Undirected,0.30729271297233673
8,11,Undirected,0.3417331344026833
8,12,Undirected,0.3904282204968337
8,13,Undirected,0.32050007224865396
11,12,Undirected,0.39761961235561266
12,13,Undirected,0.3797263289616668
