Source,Target,Type,Weight
11,12,Undirected,0.3770659134285609
11,13,Undirected,0.3579747913202611
12,13,Undirected,0.3888310670006379
