Source,Target,Type,Weight
2,4,Undirected,0.3368053191147657
2,12,Undirected,0.3921360817393948
2,13,Undirected,0.3314989717479652
4,6,Undirected,0.3144499601230779
4,12,Undirected,0.33935344019899527
6,8,Undirected,0.36088618067006906
6,11,Undirected,0.31728936811190045
6,12,Undirected,0.36354735480828904
8,11,Undirected,0.31223481691442645
8,12,Undirected,0.38927277625946
8,13,Undirected,0.3064994064105324
11,12,Undirected,0.39949964248611736
11,13,Undirected,0.325279538654585
12,13,Undirected,0.37209668738185964
