Source,Target,Type,Weight
0,6,Undirected,0.34425326668075096
0,11,Undirected,0.31861483542123353
0,12,Undirected,0.38694365543734976
2,4,Undirected,0.3688780596344819
2,11,Undirected,0.3333852106922893
2,12,Undirected,0.38172626604210314
4,6,Undirected,0.30370878740926505
4,12,Undirected,0.3670717611787523
4,13,Undirected,0.31659967906033626
6,12,Undirected,0.37724830529390135
6,13,Undirected,0.3287177722795168
11,12,Undirected,0.3911237567987097
12,13,Undirected,0.38325401841587575
