Source,Target,Type,Weight
0,2,Undirected,0.3242634287823314
0,6,Undirected,0.321084596290647
0,12,Undirected,0.40697157566827913
2,11,Undirected,0.3191163870974025
2,12,Undirected,0.38456930763378927
2,13,Undirected,0.31780295720207585
4,12,Undirected,0.3571757096223775
6,12,Undirected,0.3641911912061409
11,12,Undirected,0.36957779282181097
12,13,Undirected,0.3770097527349428
