Source,Target,Type,Weight
0,2,Undirected,0.3423895638996373
0,4,Undirected,0.30443721738711343
0,12,Undirected,0.3845083870198864
2,4,Undirected,0.3137558581842528
2,11,Undirected,0.3136214762948809
2,12,Undirected,0.3898495878945326
4,6,Undirected,0.3392542415434836
4,12,Undirected,0.3845980471464325
6,12,Undirected,0.36391552357696266
6,13,Undirected,0.3527747711482777
8,11,Undirected,0.365433124486392
11,12,Undirected,0.37279981612008584
12,13,Undirected,0.38057806107444986
