Source,Target,Type,Weight
0,4,Undirected,0.3161975574340581
0,6,Undirected,0.3165316083787104
0,12,Undirected,0.38190540595541683
2,4,Undirected,0.31431361699142885
2,12,Undirected,0.3834928620547053
4,6,Undirected,0.3855694587875979
4,12,Undirected,0.36756486558915047
4,13,Undirected,0.3367602399929281
6,11,Undirected,0.31148992194453057
6,12,Undirected,0.3725630819765908
6,13,Undirected,0.35638709159928883
8,11,Undirected,0.3723440010354568
11,12,Undirected,0.37027253667652665
12,13,Undirected,0.3849975299159217
