Source,Target,Type,Weight
0,2,Undirected,0.327424020923642
0,12,Undirected,0.3820989852518113
2,3,Undirected,0.37397637628533914
2,12,Undirected,0.38825855701400636
2,13,Undirected,0.3349312350728239
3,4,Undirected,0.346477314650137
3,12,Undirected,0.3745680478033498
4,12,Undirected,0.38659862753608615
4,13,Undirected,0.32852075647974716
12,13,Undirected,0.3682722636013135
