Source,Target,Type,Weight
0,2,Undirected,0.35132531932980965
0,6,Undirected,0.33419417553085534
0,12,Undirected,0.3911213496121521
2,12,Undirected,0.37481741932872153
4,6,Undirected,0.33227976435356027
4,12,Undirected,0.36600571674502264
6,7,Undirected,0.3556983899666063
6,12,Undirected,0.37308954460756566
7,8,Undirected,0.34843840875376003
7,12,Undirected,0.34437455185905674
12,13,Undirected,0.37654386157692393
