Source,Target,Type,Weight
0,2,Undirected,0.3297281268680488
0,4,Undirected,0.3269914020903636
0,12,Undirected,0.3916452821182347
2,4,Undirected,0.352276347399261
2,12,Undirected,0.39576731398963416
2,13,Undirected,0.31314136038487467
4,6,Undirected,0.3113014575036769
4,12,Undirected,0.36649711214392
4,13,Undirected,0.3298947795300103
6,7,Undirected,0.36942398696734224
6,12,Undirected,0.357167953678146
7,12,Undirected,0.36007353758628285
12,13,Undirected,0.37052060555675254
