Source,Target,Type,Weight
0,12,Undirected,0.3841810579857933
0,13,Undirected,0.37043365858595745
4,13,Undirected,0.36476877736002383
11,12,Undirected,0.3853852015274261
12,13,Undirected,0.3801270152114102
