Source,Target,Type,Weight
2,6,Undirected,0.3065843836474158
2,11,Undirected,0.32534304565262195
2,12,Undirected,0.3808586022812267
8,9,Undirected,0.3616523191753062
11,12,Undirected,0.3578825163853346
12,13,Undirected,0.3770017214624809
