Source,Target,Type,Weight
0,12,Undirected,0.3888738587972857
0,13,Undirected,0.36289856898198325
2,12,Undirected,0.3853486969194
2,13,Undirected,0.33757756316605164
5,6,Undirected,0.3054335560491851
7,8,Undirected,0.31226087512621864
12,13,Undirected,0.38366046844712837
