Source,Target,Type,Weight
0,12,Undirected,0.3151318912448521
0,13,Undirected,0.3706927218071454
2,12,Undirected,0.39985612324209285
4,5,Undirected,0.31176746181924464
8,9,Undirected,0.31089640339538904
8,12,Undirected,0.38334418055975344
8,13,Undirected,0.3197226526976645
11,12,Undirected,0.34255191829463
12,13,Undirected,0.38733811982305266
