Source,Target,Type,Weight
0,2,Undirected,0.31197639981080455
0,12,Undirected,0.37680954744985623
2,11,Undirected,0.32893318403536476
2,12,Undirected,0.38675009437530555
2,13,Undirected,0.3335663515909898
4,6,Undirected,0.33496352005330915
4,12,Undirected,0.3881650627714772
6,12,Undirected,0.38127256540023174
11,12,Undirected,0.39141268835487003
11,13,Undirected,0.3173806747641553
12,13,Undirected,0.36706087115416963
