Source,Target,Type,Weight
0,2,Undirected,0.32313936181597014
0,4,Undirected,0.3085872715578643
0,6,Undirected,0.3055890621908084
0,7,Undirected,0.31450617186748986
0,12,Undirected,0.3656276672039103
2,4,Undirected,0.3148925340067171
2,12,Undirected,0.35879703747857017
2,13,Undirected,0.3062003783644011
4,6,Undirected,0.3156141214516114
4,12,Undirected,0.36384225311158436
4,13,Undirected,0.30541098210038353
5,6,Undirected,0.32227526751941254
6,7,Undirected,0.36178533383362016
6,12,Undirected,0.3856450761226042
7,12,Undirected,0.36248545712463914
12,13,Undirected,0.3915788089995728
