Source,Target,Type,Weight
0,2,Undirected,0.3056332416257169
0,12,Undirected,0.3665830537983258
0,13,Undirected,0.32645210651031725
2,4,Undirected,0.3040302251117578
2,11,Undirected,0.30305660360453707
2,12,Undirected,0.3751797494188445
4,6,Undirected,0.3261533728882925
4,12,Undirected,0.3952537926866009
6,12,Undirected,0.39122240398350083
6,13,Undirected,0.3440797550894108
11,12,Undirected,0.3748341005674741
12,13,Undirected,0.36449293183502895
