Source,Target,Type,Weight
2,12,Undirected,0.3977942136043727
2,13,Undirected,0.3790486424056367
6,8,Undirected,0.342656414297622
8,9,Undirected,0.36145441333668393
11,12,Undirected,0.3930679239430271
11,13,Undirected,0.3320430456194394
12,13,Undirected,0.40173601745825466
