Source,Target,Type,Weight
2,4,Undirected,0.3174988295255538
2,12,Undirected,0.380439256671581
4,11,Undirected,0.3162259502112167
4,12,Undirected,0.3726025002356358
4,13,Undirected,0.32436631929608484
5,6,Undirected,0.3508580677035051
7,10,Undirected,0.3124119636022496
11,12,Undirected,0.3689953093309634
12,13,Undirected,0.3785567221710577
