Source,Target,Type,Weight
2,3,Undirected,0.3081006377382557
2,7,Undirected,0.3131089608141258
2,12,Undirected,0.38061073159169506
2,13,Undirected,0.34254402911200876
3,4,Undirected,0.313004771297707
3,6,Undirected,0.33110763660120934
3,12,Undirected,0.38830643544882665
3,13,Undirected,0.32831927353549417
4,6,Undirected,0.31816789839694903
4,12,Undirected,0.3881422170679323
4,13,Undirected,0.32298744660197015
6,7,Undirected,0.3363345717096891
6,12,Undirected,0.3743847623413722
7,11,Undirected,0.32010997430529
7,12,Undirected,0.36052005331253
11,12,Undirected,0.36873258284606986
12,13,Undirected,0.384629542121356
