Source,Target,Type,Weight
0,2,Undirected,0.3346074192261667
0,12,Undirected,0.3720349350431863
2,4,Undirected,0.3287590230717396
2,12,Undirected,0.37562968713855316
4,6,Undirected,0.36494416341352764
4,12,Undirected,0.39391754252338773
6,8,Undirected,0.3401159959620437
6,12,Undirected,0.3711832577864072
6,13,Undirected,0.30434540947018857
8,12,Undirected,0.3870711725597688
11,12,Undirected,0.3891377753119533
11,13,Undirected,0.38335318509224303
12,13,Undirected,0.35424045085443123
