Source,Target,Type,Weight
0,2,Undirected,0.3100375322239367
0,4,Undirected,0.3214101911370782
0,6,Undirected,0.32527590610770213
0,11,Undirected,0.3042367959992787
0,12,Undirected,0.3882391861378481
2,4,Undirected,0.30455849045204997
2,12,Undirected,0.38166613858481463
2,13,Undirected,0.36525399205260045
4,6,Undirected,0.3526159533955195
4,12,Undirected,0.38764781467599974
4,13,Undirected,0.3051901559223846
6,12,Undirected,0.38005196204141434
8,9,Undirected,0.3120413876458273
8,11,Undirected,0.3987574576215433
11,12,Undirected,0.3908840225667439
11,13,Undirected,0.32106176324383295
12,13,Undirected,0.37882631783211446
