Source,Target,Type,Weight
0,12,Undirected,0.4038137900597763
0,13,Undirected,0.3339387425259353
3,5,Undirected,0.31796051829114597
4,11,Undirected,0.32682132802644304
4,12,Undirected,0.3631085588197559
11,12,Undirected,0.39626109313652597
11,13,Undirected,0.3758284719163847
12,13,Undirected,0.37447939173383715
