Source,Target,Type,Weight
2,8,Undirected,0.30776633965622335
2,11,Undirected,0.3114461377203513
2,12,Undirected,0.37087434407570735
4,8,Undirected,0.3221018749593466
4,12,Undirected,0.3758917933103459
8,11,Undirected,0.32448895533269856
8,12,Undirected,0.3766166561863961
11,12,Undirected,0.3695578966437165
11,13,Undirected,0.3428981689959952
12,13,Undirected,0.38506850399151404
