Source,Target,Type,Weight
0,2,Undirected,0.320772907253791
0,6,Undirected,0.3278267024493461
0,11,Undirected,0.31207212703703635
0,12,Undirected,0.3776580576654842
2,12,Undirected,0.3560106910902517
4,12,Undirected,0.38970665503639834
4,13,Undirected,0.3136078052626215
6,12,Undirected,0.3516999822485718
8,11,Undirected,0.3179412845791991
11,12,Undirected,0.3718098166633542
12,13,Undirected,0.3812438355731073
