Source,Target,Type,Weight
0,2,Undirected,0.3507476010360437
0,12,Undirected,0.3937528697331039
2,4,Undirected,0.33579361317842366
2,12,Undirected,0.3839265257799327
2,13,Undirected,0.3419410244214939
4,5,Undirected,0.31457415266885647
4,12,Undirected,0.37512146516797096
4,13,Undirected,0.3671685790905559
12,13,Undirected,0.38138489239706036
