Source,Target,Type,Weight
2,7,Undirected,0.3477255925974471
2,8,Undirected,0.37436076997769263
2,11,Undirected,0.33764156029326803
2,12,Undirected,0.3922618353437088
2,13,Undirected,0.31558712067488315
3,4,Undirected,0.35307506173525416
3,6,Undirected,0.3337917796401772
3,12,Undirected,0.38921385983451906
4,12,Undirected,0.3634793983040764
4,13,Undirected,0.3777586020090005
6,7,Undirected,0.3622499046075297
6,12,Undirected,0.3705604767143828
7,12,Undirected,0.37687259035570814
9,10,Undirected,0.3172046629487187
10,11,Undirected,0.3203946266825228
11,12,Undirected,0.37967370342771445
12,13,Undirected,0.36927268238758604
