Source,Target,Type,Weight
0,3,Undirected,0.3200588975571371
2,11,Undirected,0.30676471016310086
2,12,Undirected,0.3834090787139194
11,12,Undirected,0.37250511158268385
11,13,Undirected,0.327643472872204
12,13,Undirected,0.3897634026982608
