Source,Target,Type,Weight
0,2,Undirected,0.32480891755012703
0,12,Undirected,0.34431617393782793
0,13,Undirected,0.3894235621317213
2,4,Undirected,0.3258089150362966
2,12,Undirected,0.37257966244455126
4,6,Undirected,0.33406534590062875
4,12,Undirected,0.3628072847529742
4,13,Undirected,0.3390512217205982
6,8,Undirected,0.3290576719248792
6,12,Undirected,0.38199956174328537
8,11,Undirected,0.31285166222286404
8,12,Undirected,0.388002004809248
11,12,Undirected,0.37488988296131887
12,13,Undirected,0.38204423850001756
