Source,Target,Type,Weight
2,11,Undirected,0.3200578962152043
2,12,Undirected,0.37982237120209683
2,13,Undirected,0.3393554994463016
11,12,Undirected,0.38298172303352135
12,13,Undirected,0.40106399519140573
