Source,Target,Type,Weight
0,2,Undirected,0.323083530990046
0,4,Undirected,0.31415943686695635
0,11,Undirected,0.32691084008905297
0,12,Undirected,0.38437089304404176
2,4,Undirected,0.323700556857347
2,12,Undirected,0.38000802543423007
4,6,Undirected,0.3369136448650981
4,12,Undirected,0.3890340420925843
6,12,Undirected,0.38764928360321715
6,13,Undirected,0.3210987794843622
8,11,Undirected,0.36734200205798206
11,12,Undirected,0.39030055244834894
11,13,Undirected,0.32981029104946064
12,13,Undirected,0.37216922552175336
