Source,Target,Type,Weight
0,2,Undirected,0.3254843032331581
0,6,Undirected,0.30397102034095624
0,11,Undirected,0.3556443424299839
0,12,Undirected,0.3820998206702478
0,13,Undirected,inf
1,13,Undirected,inf
2,4,Undirected,0.31941228743468764
2,11,Undirected,0.32337230198563494
2,12,Undirected,0.3837705200326684
2,13,Undirected,inf
3,13,Undirected,inf
4,6,Undirected,0.34084259544282436
4,12,Undirected,0.35650223052734964
4,13,Undirected,inf
5,13,Undirected,inf
6,8,Undirected,0.30982035710523775
6,11,Undirected,0.314178380461169
6,12,Undirected,0.38544321240415963
6,13,Undirected,inf
7,13,Undirected,inf
8,11,Undirected,0.32144213905235086
8,12,Undirected,0.3772403995724199
8,13,Undirected,inf
9,13,Undirected,inf
10,13,Undirected,inf
11,12,Undirected,0.39217469040875125
11,13,Undirected,inf
12,13,Undirected,inf
