Source,Target,Type,Weight
0,2,Undirected,0.3044060194576392
0,12,Undirected,0.35559471278990973
0,13,Undirected,0.3845460370653874
2,12,Undirected,0.3802565249067197
2,13,Undirected,0.31902881099034686
5,6,Undirected,0.35384167095649616
10,11,Undirected,0.3392405218910746
12,13,Undirected,0.3726754675320925
