Source,Target,Type,Weight
1,4,Undirected,0.3051190893008078
1,8,Undirected,0.31029719937495254
1,12,Undirected,0.36150111204817253
4,7,Undirected,0.3131089608141258
4,8,Undirected,0.3417810587322928
4,12,Undirected,0.3871810453444392
8,11,Undirected,0.32132767815137053
8,12,Undirected,0.3830742761343392
11,12,Undirected,0.3820218640204568
11,13,Undirected,0.32827499843466285
12,13,Undirected,0.3955751981198619
