Source,Target,Type,Weight
0,2,Undirected,0.33908246924367375
0,6,Undirected,0.35524931756673717
0,12,Undirected,0.3941956501021883
2,4,Undirected,0.33601180650615586
2,11,Undirected,0.31367232517251104
2,12,Undirected,0.3994248470529887
2,13,Undirected,0.3671561084693466
4,12,Undirected,0.3844024917447437
6,12,Undirected,0.38150734871428427
11,12,Undirected,0.39798951107011943
11,13,Undirected,0.36120660441744157
12,13,Undirected,0.37896744007526034
