Source,Target,Type,Weight
2,4,Undirected,0.3475637415035774
2,6,Undirected,0.3566020414114704
2,12,Undirected,0.38938433644675874
4,6,Undirected,0.3384391115592464
4,11,Undirected,0.3242379858008898
4,12,Undirected,0.3800764483678105
6,12,Undirected,0.3837216472303874
6,13,Undirected,0.3210024960459247
7,13,Undirected,0.3551591639580052
10,13,Undirected,0.3491869130168012
11,12,Undirected,0.4046489775008707
11,13,Undirected,0.3121615471492391
12,13,Undirected,0.37834586080930377
