Source,Target,Type,Weight
0,2,Undirected,0.33436740024990436
0,12,Undirected,0.3745084152031181
2,3,Undirected,0.32801547269946163
2,12,Undirected,0.37693992261159276
3,12,Undirected,0.35876874086516874
3,13,Undirected,0.3486330361301113
4,5,Undirected,0.3270464752068162
9,11,Undirected,0.3046203800230577
12,13,Undirected,0.36733704760015534
