Source,Target,Type,Weight
2,12,Undirected,0.37331372376768895
2,13,Undirected,0.3328233955508213
8,9,Undirected,0.3622665810671648
11,12,Undirected,0.4037152587243195
12,13,Undirected,0.37118825084064416
