Source,Target,Type,Weight
0,4,Undirected,0.3342167841958314
0,6,Undirected,0.3208676292813866
0,11,Undirected,0.3246665867831109
0,12,Undirected,0.3769592664548454
2,4,Undirected,0.3191354475805139
2,11,Undirected,0.31227742818493376
2,12,Undirected,0.38390326265747793
4,6,Undirected,0.32395915197441266
4,12,Undirected,0.38144309270632537
6,12,Undirected,0.37628033921627224
6,13,Undirected,0.3211985396863954
11,12,Undirected,0.38145461000957476
11,13,Undirected,0.31821764904123584
12,13,Undirected,0.374615720715909
