Source,Target,Type,Weight
1,13,Undirected,0.368100642690138
2,6,Undirected,0.3402049371238317
2,12,Undirected,0.37645869414741606
2,13,Undirected,0.3119000041048241
6,8,Undirected,0.30512064304352443
6,11,Undirected,0.3234213743209241
6,12,Undirected,0.4036770640464143
8,12,Undirected,0.39294643874302226
11,12,Undirected,0.3943553542364131
11,13,Undirected,0.31420768281737416
12,13,Undirected,0.3734046875717777
