Source,Target,Type,Weight
0,2,Undirected,0.33080877909490525
0,11,Undirected,0.3112744041222984
0,12,Undirected,0.38036021691475497
0,13,Undirected,0.31614247902259507
2,4,Undirected,0.35276521728013843
2,8,Undirected,0.3139738399548641
2,12,Undirected,0.38290333623943873
4,6,Undirected,0.3560072462679454
4,8,Undirected,0.32086740836185346
4,12,Undirected,0.3566336967377609
6,8,Undirected,0.3353177793082993
6,12,Undirected,0.35845054275170074
8,12,Undirected,0.38280492619811357
11,12,Undirected,0.3847835290825816
11,13,Undirected,0.37910901016424786
12,13,Undirected,0.3507691021078909
