Source,Target,Type,Weight
0,11,Undirected,0.3072142056568729
0,12,Undirected,0.3734308516108135
0,13,Undirected,0.33944349383595385
2,4,Undirected,0.3267730516069228
2,8,Undirected,0.30818290483290406
2,12,Undirected,0.38428591585169875
4,6,Undirected,0.3491022504975845
4,12,Undirected,0.3789457326521117
4,13,Undirected,0.32252891092172603
6,8,Undirected,0.3329909454304394
6,12,Undirected,0.35471895085223637
6,13,Undirected,0.31413938973746397
8,11,Undirected,0.30957809792587376
8,12,Undirected,0.39693145204868596
11,12,Undirected,0.38516825830152374
12,13,Undirected,0.37280985639950087
