Source,Target,Type,Weight
0,2,Undirected,0.3129986048169337
0,6,Undirected,0.33070199617883167
0,12,Undirected,0.3839140856326311
2,12,Undirected,0.39579181311978356
2,13,Undirected,0.3453537194180528
6,11,Undirected,0.30581048852491766
6,12,Undirected,0.3704730201864897
8,11,Undirected,0.3282801885134055
8,12,Undirected,0.3706322860769887
8,13,Undirected,0.35449583763813686
11,12,Undirected,0.3823028311692952
12,13,Undirected,0.3677865484410102
