Source,Target,Type,Weight
0,2,Undirected,0.3128152630851194
0,6,Undirected,0.3339511858309224
0,7,Undirected,0.3341598289965017
0,12,Undirected,0.3758017688103197
2,4,Undirected,0.3306621593496345
2,12,Undirected,0.37599119702922146
4,6,Undirected,0.30543079806763845
4,12,Undirected,0.37732965507066324
6,7,Undirected,0.36323320982220875
6,12,Undirected,0.36165606121460375
6,13,Undirected,0.3350280284071035
7,12,Undirected,0.36306540373383195
12,13,Undirected,0.3510912294743916
