Source,Target,Type,Weight
0,12,Undirected,0.3961647907189681
0,13,Undirected,0.31135708071855767
2,13,Undirected,0.3797316232585692
4,12,Undirected,0.37427451643873183
4,13,Undirected,0.3084745889859313
11,12,Undirected,0.3942755786542979
12,13,Undirected,0.3742063635095122
