node,degree_cent,bet_cent,clust_coeff,close_cent
0,0.3076923076923077,0.008547008547008546,0.8333333333333334,0.37692307692307686
1,0.0,0.0,0,0.0
2,0.3076923076923077,0.01282051282051282,0.6666666666666666,0.34265734265734266
3,0.0,0.0,0,0.0
4,0.3076923076923077,0.008547008547008546,0.8333333333333334,0.37692307692307686
5,0.07692307692307693,0.0,0,0.2512820512820513
6,0.38461538461538464,0.08974358974358974,0.4,0.4188034188034188
7,0.15384615384615385,0.0,1.0,0.3141025641025641
8,0.0,0.0,0,0.0
9,0.0,0.0,0,0.0
10,0.0,0.0,0,0.0
11,0.0,0.0,0,0.0
12,0.46153846153846156,0.08547008547008546,0.4666666666666667,0.47115384615384615
13,0.15384615384615385,0.0,1.0,0.28994082840236685
