node,degree_cent,bet_cent,clust_coeff,close_cent
0,0.07692307692307693,0.0,0,0.23443223443223443
1,0.0,0.0,0,0.0
2,0.15384615384615385,0.0,1.0,0.27350427350427353
3,0.0,0.0,0,0.0
4,0.23076923076923078,0.00641025641025641,0.6666666666666666,0.2895927601809955
5,0.0,0.0,0,0.0
6,0.23076923076923078,0.08974358974358974,0.3333333333333333,0.3516483516483517
7,0.07692307692307693,0.0,0,0.19692307692307695
8,0.0,0.0,0,0.0
9,0.0,0.0,0,0.0
10,0.15384615384615385,0.08974358974358974,0,0.27350427350427353
11,0.15384615384615385,0.0,1.0,0.27350427350427353
12,0.38461538461538464,0.1987179487179487,0.3,0.41025641025641024
13,0.23076923076923078,0.15384615384615385,0.3333333333333333,0.37869822485207105
