node,degree_cent,bet_cent,clust_coeff,close_cent
0,0.38461538461538464,0.01175213675213675,0.7,0.6190476190476191
1,0.07692307692307693,0.0,0,0.52
2,0.3076923076923077,0.003205128205128205,0.8333333333333334,0.5909090909090909
3,0.07692307692307693,0.0,0,0.52
4,0.3076923076923077,0.003205128205128205,0.8333333333333334,0.5909090909090909
5,0.15384615384615385,0.0,1.0,0.5416666666666666
6,0.38461538461538464,0.022435897435897436,0.6,0.6190476190476191
7,0.07692307692307693,0.0,0,0.52
8,0.15384615384615385,0.0,1.0,0.5416666666666666
9,0.07692307692307693,0.0,0,0.52
10,0.07692307692307693,0.0,0,0.52
11,0.23076923076923078,0.0,1.0,0.5652173913043478
12,0.5384615384615385,0.05341880341880341,0.5238095238095238,0.6842105263157895
13,1.0,0.7521367521367521,0.15384615384615385,1.0
