node,degree_cent,bet_cent,clust_coeff,close_cent
0,0.3076923076923077,0.014957264957264954,0.6666666666666666,0.41025641025641024
1,0.0,0.0,0,0.0
2,0.38461538461538464,0.02991452991452991,0.5,0.41025641025641024
3,0.0,0.0,0,0.0
4,0.3076923076923077,0.021367521367521364,0.6666666666666666,0.41025641025641024
5,0.07692307692307693,0.0,0,0.27350427350427353
6,0.38461538461538464,0.1004273504273504,0.4,0.4475524475524476
7,0.23076923076923078,0.0,1.0,0.37869822485207105
8,0.0,0.0,0,0.0
9,0.15384615384615385,0.0,1.0,0.3282051282051282
10,0.0,0.0,0,0.0
11,0.0,0.0,0,0.0
12,0.5384615384615385,0.11538461538461538,0.42857142857142855,0.5470085470085471
13,0.23076923076923078,0.0,1.0,0.3516483516483517
