node,degree_cent,bet_cent,clust_coeff,close_cent
0,0.07692307692307693,0.0,0,0.07692307692307693
1,0.07692307692307693,0.0,0,0.07692307692307693
2,0.07692307692307693,0.0,0,0.15384615384615385
3,0.0,0.0,0,0.0
4,0.0,0.0,0,0.0
5,0.0,0.0,0,0.0
6,0.15384615384615385,0.01282051282051282,0,0.20512820512820512
7,0.15384615384615385,0.00641025641025641,0,0.17582417582417584
8,0.07692307692307693,0.0,0,0.07692307692307693
9,0.07692307692307693,0.0,0,0.07692307692307693
10,0.0,0.0,0,0.0
11,0.0,0.0,0,0.0
12,0.23076923076923078,0.04487179487179487,0,0.24615384615384617
13,0.15384615384615385,0.01282051282051282,0,0.20512820512820512
