node,degree_cent,bet_cent,clust_coeff,close_cent
0,0.15384615384615385,0.0,1.0,0.31153846153846154
1,0.0,0.0,0,0.0
2,0.15384615384615385,0.10256410256410256,0,0.32793522267206476
3,0.07692307692307693,0.0,0,0.23076923076923075
4,0.3076923076923077,0.01282051282051282,0.6666666666666666,0.34615384615384615
5,0.0,0.0,0,0.0
6,0.3076923076923077,0.038461538461538464,0.6666666666666666,0.3894230769230769
7,0.0,0.0,0,0.0
8,0.15384615384615385,0.10256410256410256,0,0.28321678321678323
9,0.07692307692307693,0.0,0,0.20769230769230768
10,0.0,0.0,0,0.0
11,0.23076923076923078,0.1794871794871795,0.3333333333333333,0.3894230769230769
12,0.46153846153846156,0.2692307692307692,0.3333333333333333,0.4792899408284023
13,0.23076923076923078,0.0,1.0,0.32793522267206476
