node,degree_cent,bet_cent,clust_coeff,close_cent
0,0.3076923076923077,0.004273504273504273,0.8333333333333334,0.37692307692307686
1,0.0,0.0,0,0.0
2,0.46153846153846156,0.027777777777777776,0.6,0.47115384615384615
3,0.0,0.0,0,0.0
4,0.38461538461538464,0.013888888888888888,0.7,0.4188034188034188
5,0.0,0.0,0,0.0
6,0.3076923076923077,0.008547008547008546,0.6666666666666666,0.37692307692307686
7,0.0,0.0,0,0.0
8,0.3076923076923077,0.003205128205128205,0.8333333333333334,0.37692307692307686
9,0.0,0.0,0,0.0
10,0.0,0.0,0,0.0
11,0.3076923076923077,0.009615384615384616,0.6666666666666666,0.37692307692307686
12,0.5384615384615385,0.043803418803418794,0.5714285714285714,0.5384615384615384
13,0.3076923076923077,0.004273504273504273,0.8333333333333334,0.37692307692307686
