node,degree_cent,bet_cent,clust_coeff,close_cent
0,0.0,0.0,0,0.0
1,0.0,0.0,0,0.0
2,0.3076923076923077,0.04487179487179487,0.5,0.4524886877828055
3,0.23076923076923078,0.0,1.0,0.3663003663003663
4,0.23076923076923078,0.0,1.0,0.3663003663003663
5,0.0,0.0,0,0.0
6,0.38461538461538464,0.05128205128205128,0.6,0.4807692307692308
7,0.38461538461538464,0.07264957264957266,0.5,0.4807692307692308
8,0.15384615384615385,0.0,1.0,0.33444816053511706
9,0.07692307692307693,0.0,0,0.26525198938992045
10,0.23076923076923078,0.11538461538461538,0.3333333333333333,0.38461538461538464
11,0.3076923076923077,0.07264957264957266,0.5,0.4807692307692308
12,0.5384615384615385,0.14957264957264954,0.42857142857142855,0.5494505494505495
13,0.38461538461538464,0.12179487179487176,0.5,0.5128205128205128
