node,degree_cent,bet_cent,clust_coeff,close_cent
0,0.3076923076923077,0.010683760683760682,0.6666666666666666,0.37869822485207105
1,0.0,0.0,0,0.0
2,0.23076923076923078,0.0,1.0,0.3516483516483517
3,0.0,0.0,0,0.0
4,0.38461538461538464,0.05128205128205127,0.5,0.41025641025641024
5,0.15384615384615385,0.0,1.0,0.2895927601809955
6,0.3076923076923077,0.0405982905982906,0.5,0.37869822485207105
7,0.3076923076923077,0.03846153846153846,0.5,0.41025641025641024
8,0.0,0.0,0,0.0
9,0.07692307692307693,0.0,0,0.23443223443223443
10,0.0,0.0,0,0.0
11,0.0,0.0,0,0.0
12,0.46153846153846156,0.11538461538461538,0.4666666666666667,0.49230769230769234
13,0.23076923076923078,0.08974358974358974,0.3333333333333333,0.3516483516483517
