node,degree_cent,bet_cent,clust_coeff,close_cent
0,0.0,0.0,0,0.0
1,0.07692307692307693,0.0,0,0.1978021978021978
2,0.3076923076923077,0.0641025641025641,0.5,0.3076923076923077
3,0.0,0.0,0,0.0
4,0.3076923076923077,0.017094017094017092,0.8333333333333334,0.34615384615384615
5,0.0,0.0,0,0.0
6,0.3076923076923077,0.017094017094017092,0.8333333333333334,0.34615384615384615
7,0.07692307692307693,0.0,0,0.1978021978021978
8,0.0,0.0,0,0.0
9,0.0,0.0,0,0.0
10,0.0,0.0,0,0.0
11,0.0,0.0,0,0.0
12,0.3076923076923077,0.017094017094017092,0.8333333333333334,0.34615384615384615
13,0.3076923076923077,0.0641025641025641,0.5,0.3076923076923077
