node,degree_cent,bet_cent,clust_coeff,close_cent
0,0.3076923076923077,0.014957264957264954,0.6666666666666666,0.37692307692307686
1,0.0,0.0,0,0.0
2,0.23076923076923078,0.0,1.0,0.34265734265734266
3,0.0,0.0,0,0.0
4,0.46153846153846156,0.10683760683760682,0.3333333333333333,0.47115384615384615
5,0.07692307692307693,0.0,0,0.2692307692307692
6,0.23076923076923078,0.008547008547008546,0.6666666666666666,0.34265734265734266
7,0.23076923076923078,0.004273504273504273,0.6666666666666666,0.3141025641025641
8,0.07692307692307693,0.0,0,0.07692307692307693
9,0.07692307692307693,0.0,0,0.07692307692307693
10,0.0,0.0,0,0.0
11,0.0,0.0,0,0.0
12,0.46153846153846156,0.05769230769230769,0.4666666666666667,0.47115384615384615
13,0.15384615384615385,0.0,1.0,0.3141025641025641
