node,degree_cent,bet_cent,clust_coeff,close_cent
0,0.23076923076923078,0.0,1.0,0.34615384615384615
1,0.0,0.0,0,0.0
2,0.46153846153846156,0.14529914529914528,0.4,0.4792899408284023
3,0.07692307692307693,0.0,0,0.2967032967032967
4,0.23076923076923078,0.008547008547008546,0.6666666666666666,0.34615384615384615
5,0.0,0.0,0,0.0
6,0.23076923076923078,0.004273504273504273,0.6666666666666666,0.32793522267206476
7,0.0,0.0,0,0.0
8,0.15384615384615385,0.10256410256410256,0,0.31153846153846154
9,0.07692307692307693,0.0,0,0.22252747252747254
10,0.0,0.0,0,0.0
11,0.38461538461538464,0.047008547008547,0.6,0.4450549450549451
12,0.46153846153846156,0.07692307692307693,0.5333333333333333,0.4792899408284023
13,0.3076923076923077,0.1794871794871795,0.5,0.4450549450549451
