node,degree_cent,bet_cent,clust_coeff,close_cent
0,0.15384615384615385,0.11538461538461538,0,0.2958579881656805
1,0.07692307692307693,0.0,0,0.21978021978021978
2,0.23076923076923078,0.2948717948717949,0,0.4048582995951417
3,0.07692307692307693,0.0,0,0.27472527472527475
4,0.07692307692307693,0.0,0,0.2564102564102564
5,0.07692307692307693,0.0,0,0.27472527472527475
6,0.38461538461538464,0.14743589743589744,0.3,0.4048582995951417
7,0.0,0.0,0,0.0
8,0.15384615384615385,0.0,1.0,0.33444816053511706
9,0.0,0.0,0,0.0
10,0.0,0.0,0,0.0
11,0.15384615384615385,0.0,1.0,0.33444816053511706
12,0.38461538461538464,0.33974358974358976,0.3,0.4807692307692308
13,0.23076923076923078,0.11538461538461538,0.3333333333333333,0.3663003663003663
