node,degree_cent,bet_cent,clust_coeff,close_cent
0,0.15384615384615385,0.0,1.0,0.2512820512820513
1,0.0,0.0,0,0.0
2,0.15384615384615385,0.1282051282051282,0,0.3141025641025641
3,0.0,0.0,0,0.0
4,0.15384615384615385,0.07692307692307693,0,0.23557692307692307
5,0.07692307692307693,0.0,0,0.17132867132867133
6,0.0,0.0,0,0.0
7,0.0,0.0,0,0.0
8,0.15384615384615385,0.0,1.0,0.2512820512820513
9,0.0,0.0,0,0.0
10,0.0,0.0,0,0.0
11,0.15384615384615385,0.0,1.0,0.2512820512820513
12,0.38461538461538464,0.20512820512820512,0.2,0.37692307692307686
13,0.15384615384615385,0.0,1.0,0.2512820512820513
