node,degree_cent,bet_cent,clust_coeff,close_cent
0,0.0,0.0,0,0.0
1,0.0,0.0,0,0.0
2,0.23076923076923078,0.038461538461538464,0.3333333333333333,0.24615384615384617
3,0.0,0.0,0,0.0
4,0.0,0.0,0,0.0
5,0.0,0.0,0,0.0
6,0.07692307692307693,0.0,0,0.13846153846153847
7,0.07692307692307693,0.0,0,0.13846153846153847
8,0.23076923076923078,0.038461538461538464,0,0.23076923076923078
9,0.07692307692307693,0.0,0,0.13846153846153847
10,0.07692307692307693,0.0,0,0.15384615384615385
11,0.15384615384615385,0.0,1.0,0.17582417582417584
12,0.23076923076923078,0.01282051282051282,0.6666666666666666,0.24615384615384617
13,0.23076923076923078,0.01282051282051282,0.6666666666666666,0.24615384615384617
