node,degree_cent,bet_cent,clust_coeff,close_cent
0,0.0,0.0,0,0.0
1,0.3076923076923077,0.021367521367521364,0.6666666666666666,0.34615384615384615
2,0.07692307692307693,0.0,0,0.21301775147928997
3,0.0,0.0,0,0.0
4,0.23076923076923078,0.008547008547008546,0.6666666666666666,0.3076923076923077
5,0.07692307692307693,0.0,0,0.07692307692307693
6,0.0,0.0,0,0.0
7,0.07692307692307693,0.0,0,0.07692307692307693
8,0.3076923076923077,0.010683760683760682,0.6666666666666666,0.3076923076923077
9,0.0,0.0,0,0.0
10,0.0,0.0,0,0.0
11,0.23076923076923078,0.0,1.0,0.27692307692307694
12,0.38461538461538464,0.03205128205128204,0.6,0.3956043956043956
13,0.3076923076923077,0.06837606837606837,0.3333333333333333,0.34615384615384615
