node,degree_cent,bet_cent,clust_coeff,close_cent
0,0.23076923076923078,0.0,1.0,0.3076923076923077
1,0.0,0.0,0,0.0
2,0.15384615384615385,0.0,1.0,0.2895927601809955
3,0.0,0.0,0,0.0
4,0.38461538461538464,0.0235042735042735,0.6,0.3516483516483517
5,0.0,0.0,0,0.0
6,0.38461538461538464,0.06196581196581196,0.6,0.41025641025641024
7,0.07692307692307693,0.0,0,0.19692307692307695
8,0.15384615384615385,0.08974358974358974,0,0.27350427350427353
9,0.0,0.0,0,0.0
10,0.0,0.0,0,0.0
11,0.23076923076923078,0.15384615384615385,0.3333333333333333,0.37869822485207105
12,0.46153846153846156,0.11965811965811964,0.4666666666666667,0.4475524475524476
13,0.23076923076923078,0.0,1.0,0.3076923076923077
