node,degree_cent,bet_cent,clust_coeff,close_cent
0,0.15384615384615385,0.0,1.0,0.3076923076923077
1,0.0,0.0,0,0.0
2,0.23076923076923078,0.0,1.0,0.37869822485207105
3,0.0,0.0,0,0.0
4,0.3076923076923077,0.019230769230769232,0.6666666666666666,0.37869822485207105
5,0.0,0.0,0,0.0
6,0.3076923076923077,0.008547008547008546,0.8333333333333334,0.41025641025641024
7,0.0,0.0,0,0.0
8,0.07692307692307693,0.0,0,0.2895927601809955
9,0.0,0.0,0,0.0
10,0.07692307692307693,0.0,0,0.27350427350427353
11,0.38461538461538464,0.094017094017094,0.5,0.4475524475524476
12,0.46153846153846156,0.07692307692307693,0.5333333333333333,0.49230769230769234
13,0.46153846153846156,0.10897435897435898,0.4666666666666667,0.49230769230769234
