node,degree_cent,bet_cent,clust_coeff,close_cent
0,0.23076923076923078,0.004273504273504273,0.6666666666666666,0.3516483516483517
1,0.0,0.0,0,0.0
2,0.38461538461538464,0.03846153846153846,0.5,0.4475524475524476
3,0.0,0.0,0,0.0
4,0.3076923076923077,0.008547008547008546,0.6666666666666666,0.37869822485207105
5,0.0,0.0,0,0.0
6,0.3076923076923077,0.021367521367521364,0.6666666666666666,0.41025641025641024
7,0.0,0.0,0,0.0
8,0.38461538461538464,0.1004273504273504,0.4,0.4475524475524476
9,0.07692307692307693,0.0,0,0.27350427350427353
10,0.0,0.0,0,0.0
11,0.23076923076923078,0.0,1.0,0.37869822485207105
12,0.5384615384615385,0.08547008547008547,0.47619047619047616,0.5470085470085471
13,0.3076923076923077,0.010683760683760682,0.6666666666666666,0.37869822485207105
