node,degree_cent,bet_cent,clust_coeff,close_cent
0,0.15384615384615385,0.0,1.0,0.17307692307692307
1,0.0,0.0,0,0.0
2,0.23076923076923078,0.00641025641025641,0.6666666666666666,0.23076923076923078
3,0.07692307692307693,0.0,0,0.07692307692307693
4,0.0,0.0,0,0.0
5,0.0,0.0,0,0.0
6,0.07692307692307693,0.0,0,0.07692307692307693
7,0.0,0.0,0,0.0
8,0.0,0.0,0,0.0
9,0.0,0.0,0,0.0
10,0.0,0.0,0,0.0
11,0.0,0.0,0,0.0
12,0.23076923076923078,0.00641025641025641,0.6666666666666666,0.23076923076923078
13,0.15384615384615385,0.0,1.0,0.17307692307692307
