node,degree_cent,bet_cent,clust_coeff,close_cent
0,0.23076923076923078,0.0,1.0,0.3076923076923077
1,0.0,0.0,0,0.0
2,0.23076923076923078,0.00641025641025641,0.6666666666666666,0.3076923076923077
3,0.0,0.0,0,0.0
4,0.23076923076923078,0.00641025641025641,0.6666666666666666,0.3076923076923077
5,0.0,0.0,0,0.0
6,0.23076923076923078,0.00641025641025641,0.6666666666666666,0.3076923076923077
7,0.0,0.0,0,0.0
8,0.0,0.0,0,0.0
9,0.0,0.0,0,0.0
10,0.0,0.0,0,0.0
11,0.3076923076923077,0.01282051282051282,0.6666666666666666,0.34615384615384615
12,0.46153846153846156,0.05769230769230769,0.4666666666666667,0.46153846153846156
13,0.3076923076923077,0.01282051282051282,0.6666666666666666,0.34615384615384615
