node,degree_cent,bet_cent,clust_coeff,close_cent
0,0.07692307692307693,0.0,0,0.3447293447293447
1,0.0,0.0,0,0.0
2,0.46153846153846156,0.28846153846153844,0.2,0.5475113122171946
3,0.3076923076923077,0.004273504273504273,0.8333333333333334,0.40468227424749165
4,0.3076923076923077,0.004273504273504273,0.8333333333333334,0.40468227424749165
5,0.0,0.0,0,0.0
6,0.3076923076923077,0.01282051282051282,0.6666666666666666,0.40468227424749165
7,0.23076923076923078,0.019230769230769232,0.6666666666666666,0.4230769230769231
8,0.07692307692307693,0.0,0,0.3447293447293447
9,0.07692307692307693,0.0,0,0.2515592515592516
10,0.15384615384615385,0.1282051282051282,0,0.3447293447293447
11,0.23076923076923078,0.23076923076923075,0.3333333333333333,0.4898785425101215
12,0.5384615384615385,0.235042735042735,0.42857142857142855,0.5817307692307693
13,0.3076923076923077,0.038461538461538464,0.6666666666666666,0.44322344322344326
