node,degree_cent,bet_cent,clust_coeff,close_cent
0,0.3076923076923077,0.027777777777777776,0.5,0.37869822485207105
1,0.0,0.0,0,0.0
2,0.15384615384615385,0.0,1.0,0.3076923076923077
3,0.0,0.0,0,0.0
4,0.3076923076923077,0.027777777777777776,0.5,0.37869822485207105
5,0.07692307692307693,0.0,0,0.2591093117408907
6,0.3076923076923077,0.09829059829059829,0.3333333333333333,0.41025641025641024
7,0.0,0.0,0,0.0
8,0.07692307692307693,0.0,0,0.2591093117408907
9,0.0,0.0,0,0.0
10,0.0,0.0,0,0.0
11,0.3076923076923077,0.09829059829059827,0.3333333333333333,0.41025641025641024
12,0.46153846153846156,0.11965811965811966,0.4,0.49230769230769234
13,0.15384615384615385,0.0,1.0,0.3076923076923077
