node,degree_cent,bet_cent,clust_coeff,close_cent
0,0.23076923076923078,0.00641025641025641,0.6666666666666666,0.3141025641025641
1,0.0,0.0,0,0.0
2,0.23076923076923078,0.009615384615384616,0.6666666666666666,0.34265734265734266
3,0.0,0.0,0,0.0
4,0.38461538461538464,0.05769230769230769,0.4,0.4188034188034188
5,0.15384615384615385,0.0,1.0,0.28994082840236685
6,0.3076923076923077,0.03205128205128205,0.5,0.37692307692307686
7,0.23076923076923078,0.009615384615384616,0.6666666666666666,0.34265734265734266
8,0.0,0.0,0,0.0
9,0.0,0.0,0,0.0
10,0.0,0.0,0,0.0
11,0.0,0.0,0,0.0
12,0.46153846153846156,0.07692307692307693,0.4,0.47115384615384615
13,0.15384615384615385,0.0,1.0,0.3141025641025641
