node,degree_cent,bet_cent,clust_coeff,close_cent
0,0.15384615384615385,0.0,1.0,0.2895927601809955
1,0.15384615384615385,0.0,1.0,0.2895927601809955
2,0.23076923076923078,0.019230769230769232,0.6666666666666666,0.3516483516483517
3,0.0,0.0,0,0.0
4,0.0,0.0,0,0.0
5,0.0,0.0,0,0.0
6,0.15384615384615385,0.0,1.0,0.2895927601809955
7,0.0,0.0,0,0.0
8,0.23076923076923078,0.00641025641025641,0.6666666666666666,0.3076923076923077
9,0.0,0.0,0,0.0
10,0.07692307692307693,0.0,0,0.24615384615384617
11,0.23076923076923078,0.08974358974358974,0.3333333333333333,0.37869822485207105
12,0.38461538461538464,0.1282051282051282,0.4,0.4475524475524476
13,0.38461538461538464,0.16666666666666666,0.3,0.4475524475524476
