node,degree_cent,bet_cent,clust_coeff,close_cent
0,0.15384615384615385,0.0,1.0,0.3076923076923077
1,0.0,0.0,0,0.0
2,0.3076923076923077,0.09615384615384615,0.3333333333333333,0.37869822485207105
3,0.07692307692307693,0.0,0,0.24615384615384617
4,0.3076923076923077,0.03205128205128205,0.5,0.37869822485207105
5,0.0,0.0,0,0.0
6,0.23076923076923078,0.01282051282051282,0.6666666666666666,0.3516483516483517
7,0.0,0.0,0,0.0
8,0.07692307692307693,0.0,0,0.24615384615384617
9,0.0,0.0,0,0.0
10,0.0,0.0,0,0.0
11,0.3076923076923077,0.09615384615384615,0.3333333333333333,0.37869822485207105
12,0.46153846153846156,0.12179487179487179,0.4,0.49230769230769234
13,0.23076923076923078,0.02564102564102564,0.6666666666666666,0.37869822485207105
