node,degree_cent,bet_cent,clust_coeff,close_cent
0,0.0,0.0,0,0.0
1,0.0,0.0,0,0.0
2,0.3076923076923077,0.010683760683760682,0.6666666666666666,0.3665158371040724
3,0.3076923076923077,0.010683760683760682,0.6666666666666666,0.3665158371040724
4,0.23076923076923078,0.0,1.0,0.34615384615384615
5,0.0,0.0,0,0.0
6,0.38461538461538464,0.06196581196581196,0.5,0.4450549450549451
7,0.3076923076923077,0.008547008547008546,0.6666666666666666,0.3665158371040724
8,0.0,0.0,0,0.0
9,0.15384615384615385,0.10256410256410256,0,0.31153846153846154
10,0.07692307692307693,0.0,0,0.22252747252747254
11,0.3076923076923077,0.03205128205128204,0.6666666666666666,0.41538461538461535
12,0.5384615384615385,0.11538461538461538,0.47619047619047616,0.5192307692307692
13,0.3076923076923077,0.18376068376068375,0.3333333333333333,0.4450549450549451
