node,degree_cent,bet_cent,clust_coeff,close_cent
0,0.0,0.0,0,0.0
1,0.0,0.0,0,0.0
2,0.23076923076923078,0.0,1.0,0.3665158371040724
3,0.23076923076923078,0.0,1.0,0.3665158371040724
4,0.23076923076923078,0.0,1.0,0.3665158371040724
5,0.0,0.0,0,0.0
6,0.38461538461538464,0.05128205128205128,0.6,0.4792899408284023
7,0.38461538461538464,0.023504273504273504,0.7,0.4792899408284023
8,0.0,0.0,0,0.0
9,0.15384615384615385,0.0,1.0,0.32793522267206476
10,0.15384615384615385,0.0,1.0,0.32793522267206476
11,0.3076923076923077,0.012820512820512818,0.8333333333333334,0.4450549450549451
12,0.5384615384615385,0.12606837606837604,0.47619047619047616,0.5664335664335665
13,0.46153846153846156,0.18376068376068375,0.4,0.5192307692307692
