node,degree_cent,bet_cent,clust_coeff,close_cent
0,0.3076923076923077,0.008547008547008546,0.6666666666666666,0.37869822485207105
1,0.0,0.0,0,0.0
2,0.38461538461538464,0.016025641025641024,0.7,0.4475524475524476
3,0.0,0.0,0,0.0
4,0.38461538461538464,0.016025641025641024,0.7,0.4475524475524476
5,0.0,0.0,0,0.0
6,0.38461538461538464,0.016025641025641024,0.7,0.4475524475524476
7,0.0,0.0,0,0.0
8,0.46153846153846156,0.09615384615384615,0.5333333333333333,0.49230769230769234
9,0.07692307692307693,0.0,0,0.2895927601809955
10,0.0,0.0,0,0.0
11,0.38461538461538464,0.016025641025641024,0.7,0.4475524475524476
12,0.5384615384615385,0.04059829059829059,0.6190476190476191,0.5470085470085471
13,0.3076923076923077,0.008547008547008546,0.6666666666666666,0.37869822485207105
