node,degree_cent,bet_cent,clust_coeff,close_cent
0,0.38461538461538464,0.003205128205128205,0.9,0.6190476190476191
1,0.07692307692307693,0.0,0,0.52
2,0.23076923076923078,0.0,1.0,0.5652173913043478
3,0.07692307692307693,0.0,0,0.52
4,0.3076923076923077,0.0,1.0,0.5909090909090909
5,0.07692307692307693,0.0,0,0.52
6,0.46153846153846156,0.010683760683760682,0.8,0.65
7,0.07692307692307693,0.0,0,0.52
8,0.3076923076923077,0.0,1.0,0.5909090909090909
9,0.07692307692307693,0.0,0,0.52
10,0.07692307692307693,0.0,0,0.52
11,0.46153846153846156,0.016025641025641024,0.7333333333333333,0.65
12,0.5384615384615385,0.02991452991452991,0.6666666666666666,0.6842105263157895
13,1.0,0.7606837606837606,0.1794871794871795,1.0
