node,degree_cent,bet_cent,clust_coeff,close_cent
0,0.3076923076923077,0.03632478632478632,0.5,0.37869822485207105
1,0.0,0.0,0,0.0
2,0.23076923076923078,0.01282051282051282,0.6666666666666666,0.37869822485207105
3,0.0,0.0,0,0.0
4,0.3076923076923077,0.03205128205128205,0.5,0.37869822485207105
5,0.15384615384615385,0.0,1.0,0.3076923076923077
6,0.38461538461538464,0.07799145299145299,0.4,0.4475524475524476
7,0.3076923076923077,0.05662393162393162,0.5,0.41025641025641024
8,0.15384615384615385,0.0,1.0,0.2895927601809955
9,0.0,0.0,0,0.0
10,0.0,0.0,0,0.0
11,0.0,0.0,0,0.0
12,0.46153846153846156,0.09188034188034187,0.4,0.49230769230769234
13,0.15384615384615385,0.0,1.0,0.3282051282051282
