node,degree_cent,bet_cent,clust_coeff,close_cent
0,0.3076923076923077,0.008547008547008546,0.6666666666666666,0.37869822485207105
1,0.0,0.0,0,0.0
2,0.3076923076923077,0.010683760683760682,0.6666666666666666,0.37869822485207105
3,0.0,0.0,0,0.0
4,0.38461538461538464,0.04700854700854701,0.5,0.4475524475524476
5,0.07692307692307693,0.0,0,0.2591093117408907
6,0.3076923076923077,0.09401709401709402,0.3333333333333333,0.41025641025641024
7,0.3076923076923077,0.02564102564102564,0.5,0.41025641025641024
8,0.0,0.0,0,0.0
9,0.23076923076923078,0.004273504273504273,0.6666666666666666,0.3516483516483517
10,0.0,0.0,0,0.0
11,0.0,0.0,0,0.0
12,0.5384615384615385,0.10470085470085469,0.42857142857142855,0.5470085470085471
13,0.15384615384615385,0.0,1.0,0.3282051282051282
