node,degree_cent,bet_cent,clust_coeff,close_cent
0,0.0,0.0,0,0.0
1,0.0,0.0,0,0.0
2,0.23076923076923078,0.004273504273504273,0.6666666666666666,0.3665158371040724
3,0.23076923076923078,0.008547008547008546,0.6666666666666666,0.3894230769230769
4,0.07692307692307693,0.0,0,0.32793522267206476
5,0.07692307692307693,0.0,0,0.2967032967032967
6,0.38461538461538464,0.11965811965811964,0.4,0.4792899408284023
7,0.3076923076923077,0.021367521367521364,0.6666666666666666,0.4450549450549451
8,0.0,0.0,0,0.0
9,0.07692307692307693,0.0,0,0.2967032967032967
10,0.0,0.0,0,0.0
11,0.15384615384615385,0.0,1.0,0.3665158371040724
12,0.5384615384615385,0.18589743589743588,0.3333333333333333,0.5664335664335665
13,0.38461538461538464,0.12179487179487179,0.4,0.4792899408284023
