node,degree_cent,bet_cent,clust_coeff,close_cent
0,0.3076923076923077,0.038461538461538464,0.6666666666666666,0.41025641025641024
1,0.0,0.0,0,0.0
2,0.23076923076923078,0.0,1.0,0.3282051282051282
3,0.0,0.0,0,0.0
4,0.38461538461538464,0.02564102564102564,0.6,0.37869822485207105
5,0.0,0.0,0,0.0
6,0.23076923076923078,0.0,1.0,0.3282051282051282
7,0.0,0.0,0,0.0
8,0.07692307692307693,0.0,0,0.2591093117408907
9,0.0,0.0,0,0.0
10,0.07692307692307693,0.0,0,0.2591093117408907
11,0.3076923076923077,0.16666666666666666,0.16666666666666666,0.41025641025641024
12,0.46153846153846156,0.14102564102564102,0.4666666666666667,0.49230769230769234
13,0.23076923076923078,0.0,1.0,0.3282051282051282
