node,degree_cent,bet_cent,clust_coeff,close_cent
0,0.23076923076923078,0.0,1.0,0.38461538461538464
1,0.0,0.0,0,0.0
2,0.15384615384615385,0.0,1.0,0.34965034965034963
3,0.0,0.0,0,0.0
4,0.23076923076923078,0.01282051282051282,0.6666666666666666,0.38461538461538464
5,0.07692307692307693,0.0,0,0.2849002849002849
6,0.38461538461538464,0.1282051282051282,0.4,0.4273504273504274
7,0.0,0.0,0,0.0
8,0.3076923076923077,0.21153846153846154,0.3333333333333333,0.4524886877828055
9,0.15384615384615385,0.11538461538461538,0,0.32051282051282054
10,0.07692307692307693,0.0,0,0.23310023310023312
11,0.38461538461538464,0.09615384615384615,0.5,0.4807692307692308
12,0.5384615384615385,0.1858974358974359,0.38095238095238093,0.5494505494505495
13,0.23076923076923078,0.019230769230769232,0.6666666666666666,0.4048582995951417
