node,degree_cent,bet_cent,clust_coeff,close_cent
0,0.07692307692307693,0.0,0,0.07692307692307693
1,0.07692307692307693,0.0,0,0.07692307692307693
2,0.23076923076923078,0.0,1.0,0.3282051282051282
3,0.0,0.0,0,0.0
4,0.0,0.0,0,0.0
5,0.07692307692307693,0.0,0,0.2237762237762238
6,0.23076923076923078,0.08974358974358974,0.3333333333333333,0.3282051282051282
7,0.07692307692307693,0.0,0,0.23443223443223443
8,0.3076923076923077,0.08974358974358974,0.5,0.3516483516483517
9,0.0,0.0,0,0.0
10,0.07692307692307693,0.0,0,0.2140468227424749
11,0.15384615384615385,0.08974358974358974,0,0.3076923076923077
12,0.38461538461538464,0.1923076923076923,0.4,0.4475524475524476
13,0.3076923076923077,0.038461538461538464,0.6666666666666666,0.37869822485207105
