node,degree_cent,bet_cent,clust_coeff,close_cent
0,0.3076923076923077,0.010683760683760682,0.6666666666666666,0.37692307692307686
1,0.0,0.0,0,0.0
2,0.3076923076923077,0.014957264957264954,0.5,0.37692307692307686
3,0.0,0.0,0,0.0
4,0.23076923076923078,0.004273504273504273,0.6666666666666666,0.34265734265734266
5,0.0,0.0,0,0.0
6,0.3076923076923077,0.014957264957264954,0.5,0.37692307692307686
7,0.0,0.0,0,0.0
8,0.3076923076923077,0.01282051282051282,0.5,0.37692307692307686
9,0.0,0.0,0,0.0
10,0.0,0.0,0,0.0
11,0.3076923076923077,0.008547008547008546,0.6666666666666666,0.37692307692307686
12,0.5384615384615385,0.0641025641025641,0.47619047619047616,0.5384615384615384
13,0.3076923076923077,0.010683760683760682,0.6666666666666666,0.37692307692307686
