node,degree_cent,bet_cent,clust_coeff,close_cent
0,0.3076923076923077,0.014957264957264954,0.6666666666666666,0.41538461538461535
1,0.0,0.0,0,0.0
2,0.07692307692307693,0.0,0,0.32793522267206476
3,0.0,0.0,0,0.0
4,0.23076923076923078,0.004273504273504273,0.6666666666666666,0.3665158371040724
5,0.07692307692307693,0.0,0,0.28321678321678323
6,0.38461538461538464,0.1111111111111111,0.4,0.4450549450549451
7,0.0,0.0,0,0.0
8,0.3076923076923077,0.10683760683760682,0.3333333333333333,0.41538461538461535
9,0.07692307692307693,0.0,0,0.2709030100334448
10,0.0,0.0,0,0.0
11,0.3076923076923077,0.02991452991452991,0.6666666666666666,0.4450549450549451
12,0.5384615384615385,0.16880341880341881,0.38095238095238093,0.5664335664335665
13,0.3076923076923077,0.038461538461538464,0.5,0.4450549450549451
