node,degree_cent,bet_cent,clust_coeff,close_cent
0,0.15384615384615385,0.0,1.0,0.3141025641025641
1,0.0,0.0,0,0.0
2,0.15384615384615385,0.0,1.0,0.3141025641025641
3,0.0,0.0,0,0.0
4,0.38461538461538464,0.0235042735042735,0.6,0.4188034188034188
5,0.0,0.0,0,0.0
6,0.38461538461538464,0.0235042735042735,0.6,0.4188034188034188
7,0.0,0.0,0,0.0
8,0.23076923076923078,0.0,1.0,0.34265734265734266
9,0.0,0.0,0,0.0
10,0.0,0.0,0,0.0
11,0.15384615384615385,0.0,1.0,0.3141025641025641
12,0.5384615384615385,0.10683760683760682,0.38095238095238093,0.5384615384615384
13,0.3076923076923077,0.01282051282051282,0.6666666666666666,0.37692307692307686
