node,degree_cent,bet_cent,clust_coeff,close_cent
0,0.23076923076923078,0.0,1.0,0.37869822485207105
1,0.0,0.0,0,0.0
2,0.46153846153846156,0.13034188034188032,0.3333333333333333,0.49230769230769234
3,0.07692307692307693,0.0,0,0.2895927601809955
4,0.23076923076923078,0.008547008547008546,0.6666666666666666,0.3516483516483517
5,0.0,0.0,0,0.0
6,0.23076923076923078,0.008547008547008546,0.6666666666666666,0.3516483516483517
7,0.0,0.0,0,0.0
8,0.07692307692307693,0.0,0,0.27350427350427353
9,0.0,0.0,0,0.0
10,0.0,0.0,0,0.0
11,0.38461538461538464,0.10470085470085472,0.4,0.4475524475524476
12,0.46153846153846156,0.06837606837606836,0.4666666666666667,0.49230769230769234
13,0.15384615384615385,0.0,1.0,0.3282051282051282
