node,degree_cent,bet_cent,clust_coeff,close_cent
0,0.0,0.0,0,0.0
1,0.0,0.0,0,0.0
2,0.15384615384615385,0.0,1.0,0.19230769230769232
3,0.0,0.0,0,0.0
4,0.07692307692307693,0.0,0,0.19230769230769232
5,0.0,0.0,0,0.0
6,0.23076923076923078,0.019230769230769232,0.6666666666666666,0.27472527472527475
7,0.07692307692307693,0.0,0,0.19230769230769232
8,0.0,0.0,0,0.0
9,0.0,0.0,0,0.0
10,0.0,0.0,0,0.0
11,0.0,0.0,0,0.0
12,0.23076923076923078,0.019230769230769232,0.6666666666666666,0.27472527472527475
13,0.3076923076923077,0.08974358974358974,0.16666666666666666,0.32051282051282054
