node,degree_cent,bet_cent,clust_coeff,close_cent
0,0.23076923076923078,0.003205128205128205,0.6666666666666666,0.34265734265734266
1,0.0,0.0,0,0.0
2,0.38461538461538464,0.023504273504273504,0.5,0.4188034188034188
3,0.0,0.0,0,0.0
4,0.3076923076923077,0.007478632478632477,0.6666666666666666,0.37692307692307686
5,0.0,0.0,0,0.0
6,0.38461538461538464,0.0235042735042735,0.5,0.4188034188034188
7,0.0,0.0,0,0.0
8,0.3076923076923077,0.008547008547008546,0.6666666666666666,0.37692307692307686
9,0.0,0.0,0,0.0
10,0.0,0.0,0,0.0
11,0.3076923076923077,0.007478632478632477,0.6666666666666666,0.37692307692307686
12,0.5384615384615385,0.04594017094017094,0.5238095238095238,0.5384615384615384
13,0.3076923076923077,0.008547008547008546,0.6666666666666666,0.37692307692307686
