node,degree_cent,bet_cent,clust_coeff,close_cent
0,0.23076923076923078,0.0,1.0,0.37869822485207105
1,0.0,0.0,0,0.0
2,0.3076923076923077,0.022435897435897436,0.6666666666666666,0.41025641025641024
3,0.07692307692307693,0.0,0,0.2895927601809955
4,0.46153846153846156,0.14102564102564102,0.3333333333333333,0.49230769230769234
5,0.15384615384615385,0.0,1.0,0.3282051282051282
6,0.3076923076923077,0.038461538461538464,0.5,0.41025641025641024
7,0.23076923076923078,0.009615384615384616,0.6666666666666666,0.3516483516483517
8,0.0,0.0,0,0.0
9,0.0,0.0,0,0.0
10,0.0,0.0,0,0.0
11,0.0,0.0,0,0.0
12,0.46153846153846156,0.07692307692307693,0.4666666666666667,0.49230769230769234
13,0.23076923076923078,0.00641025641025641,0.6666666666666666,0.3282051282051282
