node,degree_cent,bet_cent,clust_coeff,close_cent
0,0.23076923076923078,0.0,1.0,0.3141025641025641
1,0.0,0.0,0,0.0
2,0.23076923076923078,0.008547008547008546,0.6666666666666666,0.34265734265734266
3,0.0,0.0,0,0.0
4,0.38461538461538464,0.021367521367521364,0.6,0.37692307692307686
5,0.0,0.0,0,0.0
6,0.38461538461538464,0.03846153846153846,0.6,0.4188034188034188
7,0.0,0.0,0,0.0
8,0.07692307692307693,0.0,0,0.23557692307692307
9,0.0,0.0,0,0.0
10,0.0,0.0,0,0.0
11,0.3076923076923077,0.08119658119658117,0.3333333333333333,0.37692307692307686
12,0.46153846153846156,0.05555555555555555,0.5333333333333333,0.47115384615384615
13,0.23076923076923078,0.0,1.0,0.3141025641025641
