node,degree_cent,bet_cent,clust_coeff,close_cent
0,0.23076923076923078,0.00641025641025641,0.6666666666666666,0.27692307692307694
1,0.0,0.0,0,0.0
2,0.23076923076923078,0.01282051282051282,0.6666666666666666,0.3076923076923077
3,0.23076923076923078,0.0641025641025641,0.3333333333333333,0.3076923076923077
4,0.07692307692307693,0.0,0,0.1978021978021978
5,0.07692307692307693,0.0,0,0.23076923076923078
6,0.0,0.0,0,0.0
7,0.0,0.0,0,0.0
8,0.0,0.0,0,0.0
9,0.0,0.0,0,0.0
10,0.0,0.0,0,0.0
11,0.0,0.0,0,0.0
12,0.38461538461538464,0.10897435897435898,0.3,0.3956043956043956
13,0.15384615384615385,0.0,1.0,0.2517482517482517
