node,degree_cent,bet_cent,clust_coeff,close_cent
0,0.07692307692307693,0.0,0,0.10256410256410256
1,0.0,0.0,0,0.0
2,0.07692307692307693,0.0,0,0.13846153846153847
3,0.0,0.0,0,0.0
4,0.0,0.0,0,0.0
5,0.07692307692307693,0.0,0,0.07692307692307693
6,0.07692307692307693,0.0,0,0.07692307692307693
7,0.0,0.0,0,0.0
8,0.07692307692307693,0.0,0,0.10256410256410256
9,0.15384615384615385,0.01282051282051282,0,0.15384615384615385
10,0.0,0.0,0,0.0
11,0.07692307692307693,0.0,0,0.13846153846153847
12,0.23076923076923078,0.038461538461538464,0,0.23076923076923078
13,0.07692307692307693,0.0,0,0.13846153846153847
