node,degree_cent,bet_cent,clust_coeff,close_cent
0,0.15384615384615385,0.0,1.0,0.23076923076923078
1,0.0,0.0,0,0.0
2,0.23076923076923078,0.00641025641025641,0.6666666666666666,0.2517482517482517
3,0.0,0.0,0,0.0
4,0.0,0.0,0,0.0
5,0.23076923076923078,0.019230769230769232,0.6666666666666666,0.3076923076923077
6,0.0,0.0,0,0.0
7,0.07692307692307693,0.0,0,0.21301775147928997
8,0.07692307692307693,0.0,0,0.21301775147928997
9,0.0,0.0,0,0.0
10,0.0,0.0,0,0.0
11,0.0,0.0,0,0.0
12,0.3076923076923077,0.0641025641025641,0.5,0.34615384615384615
13,0.3076923076923077,0.11538461538461538,0.16666666666666666,0.34615384615384615
