node,degree_cent,bet_cent,clust_coeff,close_cent
0,0.07692307692307693,0.0,0,0.07692307692307693
1,0.07692307692307693,0.0,0,0.07692307692307693
2,0.23076923076923078,0.00641025641025641,0.6666666666666666,0.34615384615384615
3,0.23076923076923078,0.00641025641025641,0.6666666666666666,0.34615384615384615
4,0.15384615384615385,0.0,1.0,0.32793522267206476
5,0.0,0.0,0,0.0
6,0.15384615384615385,0.0,1.0,0.32793522267206476
7,0.23076923076923078,0.00641025641025641,0.6666666666666666,0.34615384615384615
8,0.0,0.0,0,0.0
9,0.15384615384615385,0.10256410256410256,0,0.28321678321678323
10,0.07692307692307693,0.0,0,0.20769230769230768
11,0.07692307692307693,0.0,0,0.31153846153846154
12,0.5384615384615385,0.35256410256410253,0.19047619047619047,0.5192307692307692
13,0.15384615384615385,0.1794871794871795,0,0.3894230769230769
