node,degree_cent,bet_cent,clust_coeff,close_cent
0,0.3076923076923077,0.010683760683760682,0.6666666666666666,0.37692307692307686
1,0.0,0.0,0,0.0
2,0.3076923076923077,0.010683760683760682,0.6666666666666666,0.37692307692307686
3,0.0,0.0,0,0.0
4,0.38461538461538464,0.04273504273504273,0.5,0.4188034188034188
5,0.15384615384615385,0.0,1.0,0.3141025641025641
6,0.38461538461538464,0.04273504273504273,0.5,0.4188034188034188
7,0.23076923076923078,0.0,1.0,0.34265734265734266
8,0.0,0.0,0,0.0
9,0.0,0.0,0,0.0
10,0.0,0.0,0,0.0
11,0.0,0.0,0,0.0
12,0.46153846153846156,0.04700854700854701,0.5333333333333333,0.47115384615384615
13,0.23076923076923078,0.0,1.0,0.34265734265734266
