node,degree_cent,bet_cent,clust_coeff,close_cent
0,0.23076923076923078,0.0,1.0,0.3076923076923077
1,0.0,0.0,0,0.0
2,0.23076923076923078,0.019230769230769232,0.6666666666666666,0.3516483516483517
3,0.0,0.0,0,0.0
4,0.3076923076923077,0.01282051282051282,0.6666666666666666,0.3282051282051282
5,0.0,0.0,0,0.0
6,0.23076923076923078,0.0,1.0,0.3076923076923077
7,0.0,0.0,0,0.0
8,0.15384615384615385,0.08974358974358974,0,0.27350427350427353
9,0.07692307692307693,0.0,0,0.19692307692307695
10,0.0,0.0,0,0.0
11,0.23076923076923078,0.15384615384615385,0.3333333333333333,0.37869822485207105
12,0.46153846153846156,0.1987179487179487,0.3333333333333333,0.4475524475524476
13,0.07692307692307693,0.0,0,0.27350427350427353
