node,degree_cent,bet_cent,clust_coeff,close_cent
0,0.0,0.0,0,0.0
1,0.0,0.0,0,0.0
2,0.23076923076923078,0.012820512820512818,0.6666666666666666,0.27692307692307694
3,0.0,0.0,0,0.0
4,0.3076923076923077,0.10683760683760685,0.3333333333333333,0.34615384615384615
5,0.15384615384615385,0.0641025641025641,0,0.2517482517482517
6,0.07692307692307693,0.0,0,0.17307692307692307
7,0.07692307692307693,0.0,0,0.07692307692307693
8,0.0,0.0,0,0.0
9,0.0,0.0,0,0.0
10,0.07692307692307693,0.0,0,0.07692307692307693
11,0.23076923076923078,0.004273504273504273,0.6666666666666666,0.23076923076923078
12,0.3076923076923077,0.017094017094017096,0.6666666666666666,0.3076923076923077
13,0.23076923076923078,0.012820512820512818,0.6666666666666666,0.27692307692307694
