node,degree_cent,bet_cent,clust_coeff,close_cent
0,0.23076923076923078,0.0,1.0,0.3516483516483517
1,0.0,0.0,0,0.0
2,0.46153846153846156,0.12393162393162392,0.4,0.49230769230769234
3,0.07692307692307693,0.0,0,0.2895927601809955
4,0.3076923076923077,0.014957264957264954,0.6666666666666666,0.37869822485207105
5,0.0,0.0,0,0.0
6,0.23076923076923078,0.008547008547008546,0.6666666666666666,0.3516483516483517
7,0.0,0.0,0,0.0
8,0.07692307692307693,0.0,0,0.27350427350427353
9,0.0,0.0,0,0.0
10,0.0,0.0,0,0.0
11,0.38461538461538464,0.10470085470085472,0.4,0.4475524475524476
12,0.46153846153846156,0.05555555555555554,0.5333333333333333,0.49230769230769234
13,0.23076923076923078,0.0,1.0,0.37869822485207105
