node,degree_cent,bet_cent,clust_coeff,close_cent
0,0.07692307692307693,0.0,0,0.3447293447293447
1,0.0,0.0,0,0.0
2,0.46153846153846156,0.20299145299145296,0.26666666666666666,0.5475113122171946
3,0.3076923076923077,0.03205128205128204,0.5,0.44322344322344326
4,0.23076923076923078,0.00641025641025641,0.6666666666666666,0.3878205128205128
5,0.0,0.0,0,0.0
6,0.23076923076923078,0.004273504273504273,0.6666666666666666,0.40468227424749165
7,0.3076923076923077,0.04807692307692307,0.5,0.4898785425101215
8,0.23076923076923078,0.07264957264957264,0.3333333333333333,0.44322344322344326
9,0.07692307692307693,0.0,0,0.28205128205128205
10,0.23076923076923078,0.1378205128205128,0,0.40468227424749165
11,0.3076923076923077,0.1517094017094017,0.3333333333333333,0.5170940170940171
12,0.5384615384615385,0.17094017094017092,0.38095238095238093,0.5817307692307693
13,0.23076923076923078,0.019230769230769232,0.6666666666666666,0.4230769230769231
