node,degree_cent,bet_cent,clust_coeff,close_cent
0,0.38461538461538464,0.05555555555555555,0.6,0.4450549450549451
1,0.0,0.0,0,0.0
2,0.23076923076923078,0.0,1.0,0.3894230769230769
3,0.0,0.0,0,0.0
4,0.3076923076923077,0.010683760683760682,0.6666666666666666,0.34615384615384615
5,0.0,0.0,0,0.0
6,0.23076923076923078,0.0,1.0,0.32793522267206476
7,0.0,0.0,0,0.0
8,0.15384615384615385,0.10256410256410256,0,0.34615384615384615
9,0.07692307692307693,0.0,0,0.23964497041420116
10,0.07692307692307693,0.0,0,0.31153846153846154
11,0.46153846153846156,0.2670940170940171,0.26666666666666666,0.5192307692307692
12,0.46153846153846156,0.07264957264957266,0.5333333333333333,0.4792899408284023
13,0.23076923076923078,0.017094017094017092,0.6666666666666666,0.3894230769230769
