node,degree_cent,bet_cent,clust_coeff,close_cent
0,0.0,0.0,0,0.0
1,0.0,0.0,0,0.0
2,0.46153846153846156,0.18376068376068377,0.3333333333333333,0.5128205128205128
3,0.38461538461538464,0.021367521367521364,0.7,0.4273504273504274
4,0.3076923076923077,0.004273504273504273,0.8333333333333334,0.38461538461538464
5,0.0,0.0,0,0.0
6,0.3076923076923077,0.010683760683760682,0.6666666666666666,0.38461538461538464
7,0.23076923076923078,0.008547008547008546,0.6666666666666666,0.38461538461538464
8,0.07692307692307693,0.0,0,0.32051282051282054
9,0.07692307692307693,0.0,0,0.23310023310023312
10,0.15384615384615385,0.11538461538461538,0,0.32051282051282054
11,0.23076923076923078,0.20512820512820512,0.3333333333333333,0.4524886877828055
12,0.5384615384615385,0.17307692307692307,0.47619047619047616,0.5494505494505495
13,0.3076923076923077,0.008547008547008546,0.8333333333333334,0.4048582995951417
