node,degree_cent,bet_cent,clust_coeff,close_cent
0,0.0,0.0,0,0.0
1,0.0,0.0,0,0.0
2,0.3076923076923077,0.09615384615384615,0.3333333333333333,0.41025641025641024
3,0.15384615384615385,0.0,1.0,0.3282051282051282
4,0.3076923076923077,0.019230769230769232,0.5,0.37869822485207105
5,0.0,0.0,0,0.0
6,0.23076923076923078,0.00641025641025641,0.6666666666666666,0.3516483516483517
7,0.23076923076923078,0.01282051282051282,0.6666666666666666,0.37869822485207105
8,0.07692307692307693,0.0,0,0.2591093117408907
9,0.07692307692307693,0.0,0,0.07692307692307693
10,0.07692307692307693,0.0,0,0.07692307692307693
11,0.23076923076923078,0.01282051282051282,0.6666666666666666,0.37869822485207105
12,0.5384615384615385,0.16666666666666666,0.3333333333333333,0.5470085470085471
13,0.23076923076923078,0.00641025641025641,0.6666666666666666,0.3516483516483517
