node,degree_cent,bet_cent,clust_coeff,close_cent
0,0.3076923076923077,0.004273504273504273,0.8333333333333334,0.3282051282051282
1,0.0,0.0,0,0.0
2,0.38461538461538464,0.06196581196581196,0.6,0.41025641025641024
3,0.0,0.0,0,0.0
4,0.38461538461538464,0.014957264957264954,0.7,0.3516483516483517
5,0.0,0.0,0,0.0
6,0.23076923076923078,0.0,1.0,0.3076923076923077
7,0.0,0.0,0,0.0
8,0.15384615384615385,0.08974358974358974,0,0.27350427350427353
9,0.07692307692307693,0.0,0,0.19692307692307695
10,0.0,0.0,0,0.0
11,0.23076923076923078,0.15384615384615385,0.3333333333333333,0.37869822485207105
12,0.46153846153846156,0.11111111111111112,0.5333333333333333,0.4475524475524476
13,0.23076923076923078,0.0,1.0,0.3076923076923077
