Source,Target,Type,Weight
0,2,Undirected,0.3090026942581014
0,4,Undirected,0.3333128570843914
0,6,Undirected,0.3104915975322667
0,12,Undirected,0.3943460849696867
2,3,Undirected,0.3170707387673888
2,4,Undirected,0.3221953293205997
2,11,Undirected,0.30927757361087543
2,12,Undirected,0.3839171780233323
2,13,Undirected,0.37575399554592676
4,6,Undirected,0.3806548422339062
4,12,Undirected,0.375849520544324
6,12,Undirected,0.38504287537329884
8,11,Undirected,0.35641156110545175
11,12,Undirected,0.3859881191639518
11,13,Undirected,0.3259680311799941
12,13,Undirected,0.3667927436268696
