Source,Target,Type,Weight
0,2,Undirected,0.32919300189856976
0,4,Undirected,0.3225559467884323
0,6,Undirected,0.33123097721771455
0,7,Undirected,0.3257280239216458
0,12,Undirected,0.37783833402847905
2,4,Undirected,0.33757949223643563
2,12,Undirected,0.3960069081863065
4,5,Undirected,0.318399089417277
4,6,Undirected,0.3435942382259305
4,12,Undirected,0.38790490304375075
5,6,Undirected,0.3109162231205572
6,7,Undirected,0.3476647186751635
6,12,Undirected,0.38716181757175566
6,13,Undirected,0.3250871254057094
7,8,Undirected,0.35584912819040504
7,12,Undirected,0.3803664257460931
12,13,Undirected,0.3641663058405385
