Source,Target,Type,Weight
2,12,Undirected,0.37695435408241457
2,13,Undirected,0.39384319528849693
6,11,Undirected,0.35655441740519117
6,12,Undirected,0.36593501835038955
6,13,Undirected,0.3603023674719852
8,12,Undirected,0.39921852498589894
11,12,Undirected,0.4017059677553284
12,13,Undirected,0.3746141481526404
