Source,Target,Type,Weight
0,4,Undirected,0.3459947452866376
0,6,Undirected,0.31353503821538686
0,12,Undirected,0.40108320955384785
2,4,Undirected,0.32284114095828226
2,11,Undirected,0.3148376729342396
2,12,Undirected,0.3804780813247878
2,13,Undirected,0.3213085518262087
4,6,Undirected,0.3290101004427822
4,12,Undirected,0.36929654723069677
4,13,Undirected,0.312678445455171
6,12,Undirected,0.38286911763645387
6,13,Undirected,0.3253103176548331
11,12,Undirected,0.3748969532668596
11,13,Undirected,0.3099705586263786
12,13,Undirected,0.37429752908359437
