Source,Target,Type,Weight
0,2,Undirected,0.3124314417628735
0,4,Undirected,0.3093337077912519
0,6,Undirected,0.3068581857523648
0,12,Undirected,0.3965820771319871
2,4,Undirected,0.31334266370369884
2,12,Undirected,0.396198770059179
2,13,Undirected,0.3465439579061405
4,6,Undirected,0.39341747892639517
4,12,Undirected,0.3695373514479854
6,11,Undirected,0.32603596365327836
6,12,Undirected,0.3845075057869044
11,12,Undirected,0.38414372564930604
11,13,Undirected,0.3086345932668966
12,13,Undirected,0.3825913660294802
