Source,Target,Type,Weight
0,12,Undirected,0.387451687518937
0,13,Undirected,0.3558001657565889
4,11,Undirected,0.32015310055803664
4,12,Undirected,0.3859710697276966
11,12,Undirected,0.3913991739593773
12,13,Undirected,0.3794688743628366
