Source,Target,Type,Weight
0,2,Undirected,0.3326649056427189
0,12,Undirected,0.39337773971629525
0,13,Undirected,0.36887059815762757
1,3,Undirected,0.3107959608641843
2,12,Undirected,0.3778403081886852
2,13,Undirected,0.37933797929890867
4,6,Undirected,0.32234920046438287
12,13,Undirected,0.3814098629406515
