Source,Target,Type,Weight
0,9,Undirected,0.3827904974446434
2,6,Undirected,0.37688718600065324
2,8,Undirected,0.30682783641189904
2,12,Undirected,0.3968936287670817
2,13,Undirected,0.3162433555255638
8,9,Undirected,0.32620230356485125
11,12,Undirected,0.39060110867171255
11,13,Undirected,0.3378126372717413
12,13,Undirected,0.38246845707412774
