Source,Target,Type,Weight
2,12,Undirected,0.3796665549051826
5,6,Undirected,0.3643214284256262
8,9,Undirected,0.3308902036933632
11,12,Undirected,0.3998911962906821
11,13,Undirected,0.3135909936375698
12,13,Undirected,0.382636460586466
