Source,Target,Type,Weight
0,2,Undirected,0.31240693737439734
0,6,Undirected,0.3258346051666445
0,11,Undirected,0.326250284592683
0,12,Undirected,0.4116721097539981
2,4,Undirected,0.33804256271206223
2,11,Undirected,0.3377432718750624
2,12,Undirected,0.3920488827276474
2,13,Undirected,0.33869931769227624
4,6,Undirected,0.3035086428206052
4,12,Undirected,0.38233485748758206
6,12,Undirected,0.3820856190536314
8,11,Undirected,0.36601545827634574
11,12,Undirected,0.36966583713813006
12,13,Undirected,0.36639629500084386
