Source,Target,Type,Weight
2,4,Undirected,0.3482267377903236
2,12,Undirected,0.38979882856934683
2,13,Undirected,0.3628839378134341
4,5,Undirected,0.3299592969560039
4,12,Undirected,0.3786299895825623
5,6,Undirected,0.31131513615227535
12,13,Undirected,0.3801151645532865
