Source,Target,Type,Weight
0,2,Undirected,0.34316480231940993
0,11,Undirected,0.3107673834667879
0,12,Undirected,0.3376623815741478
0,13,Undirected,0.3169161652780111
2,4,Undirected,0.3213721919802992
2,12,Undirected,0.3946502329434351
4,6,Undirected,0.33532528552349605
4,12,Undirected,0.36339386657445877
6,12,Undirected,0.3702357667729627
6,13,Undirected,0.32702426525063105
8,11,Undirected,0.31309521756711595
8,12,Undirected,0.3822312008553193
11,12,Undirected,0.40378389519631147
11,13,Undirected,0.3710224350576458
12,13,Undirected,0.3719626801436165
