Source,Target,Type,Weight
0,4,Undirected,0.3102822787065022
0,12,Undirected,0.39926591419603485
3,5,Undirected,0.3329619206175972
4,11,Undirected,0.31232023713768003
4,12,Undirected,0.3748161800188306
11,12,Undirected,0.3901638578734411
12,13,Undirected,0.37986327181304547
