Source,Target,Type,Weight
0,2,Undirected,0.32780315667034593
0,11,Undirected,0.31683290375647905
0,12,Undirected,0.382602673573084
0,13,Undirected,0.3865099556421203
2,4,Undirected,0.32659361695136285
2,12,Undirected,0.3815931496530065
4,6,Undirected,0.37308473257394065
4,8,Undirected,0.3042538114022785
4,12,Undirected,0.3749403191731958
4,13,Undirected,0.34192700297921236
6,8,Undirected,0.3127357277878287
6,11,Undirected,0.3142943509198026
6,12,Undirected,0.3815186269745046
6,13,Undirected,0.3258156978495159
8,9,Undirected,0.32333647960969314
8,11,Undirected,0.31730343402738115
8,12,Undirected,0.3994445894132952
11,12,Undirected,0.39204690388116065
12,13,Undirected,0.3736837711563944
