Source,Target,Type,Weight
0,4,Undirected,0.32087383969940725
0,11,Undirected,0.3144436658475281
0,12,Undirected,0.3745386806389056
2,4,Undirected,0.3264503279249297
2,12,Undirected,0.3946488961452353
4,12,Undirected,0.3860700485019423
4,13,Undirected,0.31329063458117895
6,11,Undirected,0.32216201900602787
6,12,Undirected,0.3819239412713849
6,13,Undirected,0.357190522891068
8,11,Undirected,0.3150034017751416
8,12,Undirected,0.3801093428436553
8,13,Undirected,0.3729060120023646
11,12,Undirected,0.3868759494791758
12,13,Undirected,0.33659157757079067
