Source,Target,Type,Weight
2,11,Undirected,0.3035560453465676
2,12,Undirected,0.4125960760766511
2,13,Undirected,0.3499283341314747
4,5,Undirected,0.3266056206045955
4,13,Undirected,0.3348510711304173
5,13,Undirected,0.3535002372932239
7,8,Undirected,0.3074463098304953
8,9,Undirected,0.34888138551601716
11,12,Undirected,0.40513735662688194
12,13,Undirected,0.3827907419907253
