Source,Target,Type,Weight
2,11,Undirected,0.310538194614115
2,12,Undirected,0.3582643257546645
2,13,Undirected,0.3157167047647035
11,12,Undirected,0.38966328156129754
11,13,Undirected,0.3235485629012967
12,13,Undirected,0.3877885597907388
