Source,Target,Type,Weight
0,2,Undirected,0.34564007960847437
0,12,Undirected,0.384507118045672
0,13,Undirected,0.33099893668182545
2,12,Undirected,0.3891936351317094
4,12,Undirected,0.3505083046647402
12,13,Undirected,0.37496069858143
