Source,Target,Type,Weight
0,2,Undirected,0.31262635703844294
0,6,Undirected,0.3288795625105414
0,11,Undirected,0.3331668678841283
0,12,Undirected,0.3898069433766991
0,13,Undirected,0.3729932280046211
2,12,Undirected,0.3904788530622113
6,12,Undirected,0.31104615096421395
6,13,Undirected,0.37768992265932066
8,11,Undirected,0.33389030755007076
8,12,Undirected,0.3946799790460258
11,12,Undirected,0.3847994499803394
12,13,Undirected,0.3569126215459357
