Source,Target,Type,Weight
0,2,Undirected,0.3370637765395381
0,11,Undirected,0.3350198397404895
0,12,Undirected,0.37367331755181354
0,13,Undirected,0.3454483803359732
2,12,Undirected,0.3950687985899873
4,6,Undirected,0.35829165526264445
4,12,Undirected,0.3656215477571825
4,13,Undirected,0.3264872502502965
6,12,Undirected,0.38544299987823677
8,11,Undirected,0.30750338181549186
8,12,Undirected,0.38749757716084454
11,12,Undirected,0.3965979018522541
12,13,Undirected,0.36234272407381235
