Source,Target,Type,Weight
0,2,Undirected,0.3195555741454241
0,4,Undirected,0.31995132576419266
0,6,Undirected,0.3082826395577927
0,12,Undirected,0.3892909135375524
2,4,Undirected,0.3151251434733515
2,11,Undirected,0.33549675997930534
2,12,Undirected,0.3826339822039744
4,6,Undirected,0.31399205599283847
4,12,Undirected,0.3804341841688628
4,13,Undirected,0.34529992690281747
6,12,Undirected,0.37425371063415613
6,13,Undirected,0.3172939766021352
11,12,Undirected,0.3884234853785919
12,13,Undirected,0.38098598093191643
