Source,Target,Type,Weight
0,2,Undirected,0.3068929422227009
0,4,Undirected,0.3281794480975735
0,12,Undirected,0.387112041523756
2,4,Undirected,0.32284894389324376
2,11,Undirected,0.3319677788232255
2,12,Undirected,0.3728560884257377
4,6,Undirected,0.3266143441519673
4,12,Undirected,0.37733169181054355
6,11,Undirected,0.3112107744431519
6,12,Undirected,0.39468042471461373
6,13,Undirected,0.3636067627343085
8,13,Undirected,0.31772478876696264
11,12,Undirected,0.3818657332119172
12,13,Undirected,0.38021643570841995
