Source,Target,Type,Weight
0,4,Undirected,0.3544473067844444
0,12,Undirected,0.39435809802294614
4,11,Undirected,0.34476144836987904
4,12,Undirected,0.37528576109397266
11,12,Undirected,0.3870739588059126
12,13,Undirected,0.36580882545328575
