Source,Target,Type,Weight
2,4,Undirected,0.3344986237822768
2,12,Undirected,0.3885872578743668
4,6,Undirected,0.34899991396286223
4,12,Undirected,0.37479474460402595
4,13,Undirected,0.3078891274273507
6,12,Undirected,0.3832962919639724
12,13,Undirected,0.3811661584971037
