Source,Target,Type,Weight
0,4,Undirected,0.31015537332598303
0,12,Undirected,0.38881052163299334
4,11,Undirected,0.3138375335803895
4,12,Undirected,0.37434299488925865
11,12,Undirected,0.3818186998768419
11,13,Undirected,0.32549652859909123
12,13,Undirected,0.37714616717694005
