Source,Target,Type,Weight
0,2,Undirected,0.33130546535407385
0,11,Undirected,0.30579307562303737
0,12,Undirected,0.39380410951843053
0,13,Undirected,0.3192085298148763
2,4,Undirected,0.317764674659907
2,11,Undirected,0.30369178893285126
2,12,Undirected,0.38515923903780713
4,6,Undirected,0.32322868644728064
4,12,Undirected,0.3632307876834371
6,8,Undirected,0.3099529665314964
6,12,Undirected,0.37870954279780333
6,13,Undirected,0.32418703664284676
8,11,Undirected,0.310512423113213
8,12,Undirected,0.3834799591386644
11,12,Undirected,0.38871676140294525
11,13,Undirected,0.37232426862536105
12,13,Undirected,0.36819761631708275
