Source,Target,Type,Weight
0,2,Undirected,0.3143379031434285
0,12,Undirected,0.38538647630407896
0,13,Undirected,0.3137757155497889
2,12,Undirected,0.3632882671418232
5,8,Undirected,0.37940286642784893
10,11,Undirected,0.3225537391027765
12,13,Undirected,0.3811939412187743
