Source,Target,Type,Weight
0,2,Undirected,0.3360514081328161
0,4,Undirected,0.3182167316154011
0,6,Undirected,0.32887445661041886
0,12,Undirected,0.4093041338672963
2,3,Undirected,0.3104169150599093
2,4,Undirected,0.3182922438014726
2,11,Undirected,0.3293839960508198
2,12,Undirected,0.4072955187727873
2,13,Undirected,0.3865095638517927
4,6,Undirected,0.37270686153006494
4,12,Undirected,0.39749906484555664
4,13,Undirected,0.31577643715107784
6,12,Undirected,0.33998261626437093
11,12,Undirected,0.3831419528482722
11,13,Undirected,0.3045075245441485
12,13,Undirected,0.3797368145631641
