Source,Target,Type,Weight
0,2,Undirected,0.34457762929864144
0,11,Undirected,0.3099630909046837
0,12,Undirected,0.39197296797446624
0,13,Undirected,0.34332480158549883
2,4,Undirected,0.33786063847971476
2,8,Undirected,0.3398257988325229
2,11,Undirected,0.3322534163616214
2,12,Undirected,0.38967435934383743
4,6,Undirected,0.3331226515721312
4,8,Undirected,0.31921540500734585
4,12,Undirected,0.359006853931863
4,13,Undirected,0.3038237804920009
6,8,Undirected,0.31108165501839063
6,12,Undirected,0.3904317821574624
6,13,Undirected,0.3623831714333505
8,12,Undirected,0.401853027111712
11,12,Undirected,0.3716753901555518
12,13,Undirected,0.3717500705290124
