Source,Target,Type,Weight
0,4,Undirected,0.3235010238828879
0,6,Undirected,0.33111485094832976
0,11,Undirected,0.3390530306306633
0,12,Undirected,0.3813545159776325
2,4,Undirected,0.3192998506920821
2,12,Undirected,0.38509989927897703
4,6,Undirected,0.31223497961947166
4,12,Undirected,0.38126882230651826
4,13,Undirected,0.3535249675137137
6,12,Undirected,0.3434459113942656
11,12,Undirected,0.38866067822951855
12,13,Undirected,0.3593474059251013
