Source,Target,Type,Weight
0,4,Undirected,0.3153303575341991
0,12,Undirected,0.3935026297749195
3,5,Undirected,0.33415474417942476
4,11,Undirected,0.35915939501527344
4,12,Undirected,0.3821555582929946
4,13,Undirected,0.31228368253608985
11,12,Undirected,0.3897399701035171
11,13,Undirected,0.3356214860920823
12,13,Undirected,0.37214881821590556
