Source,Target,Type,Weight
0,2,Undirected,0.3288656119162098
0,12,Undirected,0.38422645768973884
0,13,Undirected,0.31228791424662317
2,12,Undirected,0.38006921579117536
2,13,Undirected,0.33226807701628097
12,13,Undirected,0.38970694470808614
