Source,Target,Type,Weight
0,9,Undirected,0.34280750604119703
2,6,Undirected,0.34897691610966697
2,12,Undirected,0.36669403995766103
2,13,Undirected,0.3486184894875538
7,8,Undirected,0.3563504239149708
11,12,Undirected,0.412754305485918
12,13,Undirected,0.3720660891928756
