Source,Target,Type,Weight
0,2,Undirected,0.33858634221994827
0,4,Undirected,0.32047996686932717
0,6,Undirected,0.30921227284700387
0,12,Undirected,0.39825161791049085
2,4,Undirected,0.3050934326379031
2,11,Undirected,0.3206161254094554
2,12,Undirected,0.3865356018275155
2,13,Undirected,0.33067292581834634
4,6,Undirected,0.3253739628777854
4,12,Undirected,0.3567654420223749
6,12,Undirected,0.3914468072239007
8,11,Undirected,0.3544629430529031
11,12,Undirected,0.39185241482335453
12,13,Undirected,0.36837007179358366
