Source,Target,Type,Weight
2,3,Undirected,0.3309594461241966
2,7,Undirected,0.30921069994950073
2,11,Undirected,0.32004776103367477
2,12,Undirected,0.39418942615104086
3,4,Undirected,0.36758477324274963
3,6,Undirected,0.3296447859381872
3,12,Undirected,0.35392452671932284
4,6,Undirected,0.30438030585899056
4,12,Undirected,0.3813211283050777
6,7,Undirected,0.3595101587687164
6,12,Undirected,0.38324284742868536
7,12,Undirected,0.37867425765949503
7,13,Undirected,0.3414378097464719
9,10,Undirected,0.31912250562855843
9,13,Undirected,0.35222442913378554
11,12,Undirected,0.3706985862683186
11,13,Undirected,0.3524246131508544
12,13,Undirected,0.3812518406748232
