Source,Target,Type,Weight
0,12,Undirected,0.3752660178393223
0,13,Undirected,0.30679598952931586
11,12,Undirected,0.3902685940108813
12,13,Undirected,0.3762323092136328
