Source,Target,Type,Weight
2,3,Undirected,0.31244370703605157
2,7,Undirected,0.3293951709487291
2,8,Undirected,0.34322144230607143
2,11,Undirected,0.34667124673748473
2,12,Undirected,0.3878244523439996
3,4,Undirected,0.34296268519174183
3,6,Undirected,0.32835631139011634
3,12,Undirected,0.3755128906899787
4,6,Undirected,0.31153098806768303
4,12,Undirected,0.38748622902249963
4,13,Undirected,0.39531540895449857
6,7,Undirected,0.35092032937267204
6,12,Undirected,0.36049182510383154
7,12,Undirected,0.35574135017042374
11,12,Undirected,0.3970067444607186
11,13,Undirected,0.3046318405372985
12,13,Undirected,0.3705992758552014
