Source,Target,Type,Weight
0,2,Undirected,0.30809513823059403
0,11,Undirected,0.30530718489909
0,12,Undirected,0.37841348158656535
0,13,Undirected,0.31986448612278445
2,4,Undirected,0.3134178708169331
2,12,Undirected,0.3696631329702836
4,6,Undirected,0.3277473930576975
4,8,Undirected,0.31712491827669237
4,12,Undirected,0.38074254120054657
6,8,Undirected,0.31199969947843886
6,12,Undirected,0.363922785936766
6,13,Undirected,0.3523638295257303
8,11,Undirected,0.3272990801252636
8,12,Undirected,0.3976127521112522
11,12,Undirected,0.40060309605353367
11,13,Undirected,0.39382008308682237
12,13,Undirected,0.3568132438387396
