Source,Target,Type,Weight
2,3,Undirected,0.3267799000830291
2,7,Undirected,0.3397729988342921
2,8,Undirected,0.3345814748150363
2,11,Undirected,0.3466855167041706
2,12,Undirected,0.3982388749247422
3,4,Undirected,0.34859093533117813
3,6,Undirected,0.3609349689484181
3,12,Undirected,0.37496334672637993
4,6,Undirected,0.3250576734051958
4,12,Undirected,0.37353783982889394
4,13,Undirected,0.32244651669608376
6,7,Undirected,0.3485167548877511
6,12,Undirected,0.39122214854562937
7,12,Undirected,0.36238329667139557
11,12,Undirected,0.36046604864770143
11,13,Undirected,0.3330078921278718
12,13,Undirected,0.3664575662585717
