Source,Target,Type,Weight
0,2,Undirected,0.31873982114626914
0,11,Undirected,0.31875268362859266
0,12,Undirected,0.3855345848358196
0,13,Undirected,0.3630869328476366
2,4,Undirected,0.335364671852582
2,11,Undirected,0.3075859843651457
2,12,Undirected,0.4124983649765688
4,6,Undirected,0.3383439128726736
4,12,Undirected,0.3979520522457803
4,13,Undirected,0.32776657646836244
6,12,Undirected,0.38206616316048747
8,9,Undirected,0.30593076079334336
11,12,Undirected,0.37962198581489676
12,13,Undirected,0.36949451017996354
