Source,Target,Type,Weight
2,12,Undirected,0.37743671554150865
8,11,Undirected,0.3106878503781243
8,12,Undirected,0.36690619980172406
8,13,Undirected,0.32070697841142426
11,12,Undirected,0.3843052111454727
12,13,Undirected,0.3761602703278859
