Source,Target,Type,Weight
0,4,Undirected,0.3250217033513942
0,12,Undirected,0.39679074986408014
2,4,Undirected,0.33274798578696296
2,12,Undirected,0.3881068043590285
2,13,Undirected,0.38425665971408574
4,6,Undirected,0.3679057836491854
4,12,Undirected,0.3832521973954811
4,13,Undirected,0.3098355309205489
6,11,Undirected,0.30399221418866706
6,12,Undirected,0.38231600347760203
11,12,Undirected,0.39604979818882197
12,13,Undirected,0.3784051855616316
