Source,Target,Type,Weight
0,4,Undirected,0.31255360215018907
0,6,Undirected,0.3065697506732132
0,11,Undirected,0.3345604179580356
0,12,Undirected,0.38407442848574475
2,11,Undirected,0.31571977046111394
2,12,Undirected,0.38793277984005636
4,6,Undirected,0.34765025272440986
4,12,Undirected,0.38655262992489403
4,13,Undirected,0.332331709246519
6,12,Undirected,0.36128426299002303
6,13,Undirected,0.37759662135835625
8,11,Undirected,0.37666174006548087
11,12,Undirected,0.3675023863142708
12,13,Undirected,0.36972468702173533
