Source,Target,Type,Weight
0,2,Undirected,0.3567654420223749
0,6,Undirected,0.3352064587061409
0,11,Undirected,0.3394257210048345
0,12,Undirected,0.3802500438787988
2,4,Undirected,0.31327023021452377
2,11,Undirected,0.3100538733152854
2,12,Undirected,0.3720860913228609
2,13,Undirected,0.3554712415454573
4,12,Undirected,0.38920876734528287
4,13,Undirected,0.3103108358253566
6,12,Undirected,0.387074744677462
7,8,Undirected,0.3174457715299331
11,12,Undirected,0.374331769387289
11,13,Undirected,0.30542207961486695
12,13,Undirected,0.3717343215750963
