Source,Target,Type,Weight
0,2,Undirected,0.30830625190793853
0,6,Undirected,0.3593474674993602
0,12,Undirected,0.3822785449276435
2,11,Undirected,0.3156706314302222
2,12,Undirected,0.38462675568379184
4,12,Undirected,0.3662978685349706
6,12,Undirected,0.374760754402874
6,13,Undirected,0.34417140298844506
8,11,Undirected,0.3481953720933418
11,12,Undirected,0.39977303992207947
11,13,Undirected,0.39168441601228793
12,13,Undirected,0.36895346993005257
