Source,Target,Type,Weight
2,11,Undirected,0.30565030222499334
2,12,Undirected,0.39348823237426667
8,12,Undirected,0.3722490270218651
11,12,Undirected,0.3990591867298937
11,13,Undirected,0.36395660709080824
12,13,Undirected,0.3818192212472003
