Source,Target,Type,Weight
0,1,Undirected,0.307720096546969
2,11,Undirected,0.32786706352851164
2,12,Undirected,0.4032583295797005
6,12,Undirected,0.3733789260587939
8,13,Undirected,0.3426728192976337
11,12,Undirected,0.37585763752511475
11,13,Undirected,0.3538873786532279
12,13,Undirected,0.3816959394281346
