Source,Target,Type,Weight
2,4,Undirected,0.3310350662586459
2,12,Undirected,0.38406461634002326
2,13,Undirected,0.3288832759920299
4,6,Undirected,0.3189959338191496
4,8,Undirected,0.3086860187144078
4,12,Undirected,0.3777701360576446
5,6,Undirected,0.30806578821152786
6,11,Undirected,0.3189245493958475
6,12,Undirected,0.3684246910274887
8,12,Undirected,0.3790981137665639
8,13,Undirected,0.32535856662711554
11,12,Undirected,0.38755035294648127
11,13,Undirected,0.3042072939037984
12,13,Undirected,0.38810464963602326
