Source,Target,Type,Weight
0,2,Undirected,0.3429709582546938
0,6,Undirected,0.3452199230628549
0,11,Undirected,0.314432751652414
0,12,Undirected,0.38373614626734776
2,4,Undirected,0.3079418195135063
2,11,Undirected,0.3265667645154012
2,12,Undirected,0.38922274492205067
4,12,Undirected,0.36648721686676666
6,11,Undirected,0.34799274428809324
6,12,Undirected,0.3674161418547494
6,13,Undirected,0.36663044625061875
8,11,Undirected,0.34636730060611537
11,12,Undirected,0.3853427137975675
11,13,Undirected,0.3387865068707531
12,13,Undirected,0.3532135301461982
