Source,Target,Type,Weight
2,12,Undirected,0.3736293788590093
2,13,Undirected,0.3066761797147168
6,7,Undirected,0.30585212253936866
12,13,Undirected,0.38035231819452203
