Source,Target,Type,Weight
0,4,Undirected,0.32950758291731497
0,11,Undirected,0.3215881900888551
0,12,Undirected,0.363230661858929
2,11,Undirected,0.30602227744913535
2,12,Undirected,0.377961826820062
2,13,Undirected,0.3116565440121289
4,6,Undirected,0.33261908153033654
4,12,Undirected,0.3878276797722394
6,12,Undirected,0.3707927051248254
6,13,Undirected,0.34555388256105907
11,12,Undirected,0.3704820192332832
12,13,Undirected,0.3730250736680017
