Source,Target,Type,Weight
0,2,Undirected,0.3251727655528536
0,4,Undirected,0.3082147685312456
0,11,Undirected,0.30347506583860784
0,12,Undirected,0.3933682212088509
2,12,Undirected,0.38230495679784016
2,13,Undirected,0.40258147940753974
4,6,Undirected,0.30700150583791247
4,12,Undirected,0.37735243386374767
6,11,Undirected,0.30932200483654876
6,12,Undirected,0.3705864073916115
8,11,Undirected,0.3698580646890776
11,12,Undirected,0.38897130204502095
11,13,Undirected,0.30829911343600114
12,13,Undirected,0.39151623227756693
