Source,Target,Type,Weight
0,9,Undirected,0.37078001988842224
0,11,Undirected,0.31596552865548405
0,12,Undirected,0.34634267504478844
2,12,Undirected,0.3748875709287448
2,13,Undirected,0.30699420295837815
8,9,Undirected,0.3342821508261965
10,11,Undirected,0.3266592917941719
11,12,Undirected,0.3957515928224507
11,13,Undirected,0.33112274526806684
12,13,Undirected,0.3871726821008199
