Source,Target,Type,Weight
0,2,Undirected,0.3105620157908673
0,12,Undirected,0.38622739630790054
0,13,Undirected,0.3540808490165682
2,12,Undirected,0.38205485250554344
2,13,Undirected,0.3187202750674249
12,13,Undirected,0.3663546588873041
