Source,Target,Type,Weight
0,4,Undirected,0.3071226719698236
0,11,Undirected,0.30816551506051626
0,12,Undirected,0.3774485356436237
2,3,Undirected,0.3229403209658619
2,4,Undirected,0.3258904540442296
2,11,Undirected,0.3295125790598071
2,12,Undirected,0.4001707424069909
2,13,Undirected,0.3676647154850399
4,6,Undirected,0.35627559802012104
4,12,Undirected,0.3927400236376027
4,13,Undirected,0.32383731604802574
6,12,Undirected,0.3670324123710185
8,11,Undirected,0.3048708270740853
11,12,Undirected,0.37717234942548333
12,13,Undirected,0.3607380023529697
