Source,Target,Type,Weight
0,2,Undirected,0.3123566607278023
0,11,Undirected,0.3043550603923951
0,12,Undirected,0.39169206083543523
2,4,Undirected,0.36170686705993904
2,12,Undirected,0.3955926961941912
4,6,Undirected,0.30443741626128157
4,12,Undirected,0.3759666950279543
4,13,Undirected,0.35548850488252737
6,11,Undirected,0.3237381341284025
6,12,Undirected,0.35827797468540407
6,13,Undirected,0.36769207976428736
8,9,Undirected,0.31645244047198245
8,11,Undirected,0.33260605153227973
8,12,Undirected,0.39274050171069447
8,13,Undirected,0.35218213667538967
11,12,Undirected,0.3930003042392702
12,13,Undirected,0.34838188592009595
