Source,Target,Type,Weight
0,4,Undirected,0.31154302075740764
0,11,Undirected,0.31907722919845605
0,12,Undirected,0.37645615999286275
2,4,Undirected,0.3037018602454333
2,11,Undirected,0.3126265434537288
2,12,Undirected,0.39094435673016364
2,13,Undirected,0.3379242801542125
4,6,Undirected,0.3200640997514227
4,12,Undirected,0.37711402089045865
6,11,Undirected,0.33255473276557335
6,12,Undirected,0.35752379611266655
8,9,Undirected,0.31976338309839847
11,12,Undirected,0.39011062192184665
11,13,Undirected,0.3063955396601155
12,13,Undirected,0.38348837398542723
