Source,Target,Type,Weight
2,12,Undirected,0.3705763555493984
4,5,Undirected,0.3123932324174236
6,8,Undirected,0.33586217996712087
7,8,Undirected,0.31107390295435006
11,12,Undirected,0.3744838720218681
12,13,Undirected,0.38018459098629
