Source,Target,Type,Weight
2,8,Undirected,0.30768512990868563
2,12,Undirected,0.40413988855836097
2,13,Undirected,0.326746475109784
6,11,Undirected,0.33682208827407656
6,12,Undirected,0.3663277172686021
6,13,Undirected,0.335739129272369
8,11,Undirected,0.3364675870588896
8,12,Undirected,0.3639079141978785
8,13,Undirected,0.37400705604036916
11,12,Undirected,0.373230210377486
12,13,Undirected,0.37929726032302863
