Source,Target,Type,Weight
0,2,Undirected,0.30828214106347573
2,3,Undirected,0.31202232947883995
2,7,Undirected,0.31642591673878906
2,8,Undirected,0.37224879575947584
2,11,Undirected,0.35389612745547216
2,12,Undirected,0.39568659289479896
3,4,Undirected,0.36165225680864066
3,6,Undirected,0.35238126603411785
3,7,Undirected,0.30556748927622546
3,12,Undirected,0.3781106224255814
4,6,Undirected,0.35612186771956983
4,12,Undirected,0.378806439784618
4,13,Undirected,0.3466585537583899
6,7,Undirected,0.3653869959708419
6,12,Undirected,0.3817879415457122
7,12,Undirected,0.37282099080708203
9,10,Undirected,0.31606067141371363
11,12,Undirected,0.36323320982220875
11,13,Undirected,0.36748342129428724
12,13,Undirected,0.37277291216306113
