Source,Target,Type,Weight
0,12,Undirected,0.39161485817641706
4,11,Undirected,0.3120660901228271
4,12,Undirected,0.36714855579881545
11,12,Undirected,0.36798060319528597
11,13,Undirected,0.3876493552584881
12,13,Undirected,0.3809784022520604
