Source,Target,Type,Weight
0,2,Undirected,0.3188176901652631
0,4,Undirected,0.3034443721298225
0,12,Undirected,0.3953804360633973
2,4,Undirected,0.31602421230043753
2,12,Undirected,0.3694816532268721
4,6,Undirected,0.32336562052286916
4,12,Undirected,0.35899284214677907
4,13,Undirected,0.30862273877015467
6,11,Undirected,0.3099840060141703
6,12,Undirected,0.3840251266440285
6,13,Undirected,0.3550254467249033
8,11,Undirected,0.30910749358891637
8,12,Undirected,0.3681026133215755
8,13,Undirected,0.3826559396961892
11,12,Undirected,0.3939176905060696
12,13,Undirected,0.3805363849522468
