Source,Target,Type,Weight
0,1,Undirected,0.3030625378484596
2,11,Undirected,0.31892915700754204
2,12,Undirected,0.3860063068895843
6,7,Undirected,0.3269493448430285
8,9,Undirected,0.3032907334982101
9,13,Undirected,0.38764860287946395
11,12,Undirected,0.38954157604491085
11,13,Undirected,0.32440691167126673
12,13,Undirected,0.38768500704095493
