Source,Target,Type,Weight
0,6,Undirected,0.34499840797324505
0,12,Undirected,0.3993868513552554
2,4,Undirected,0.357935444185831
2,11,Undirected,0.3104811398229009
2,12,Undirected,0.3767968872400703
4,6,Undirected,0.31175059203419764
4,12,Undirected,0.38171723355697457
6,12,Undirected,0.38387385395326634
11,12,Undirected,0.391238278277113
11,13,Undirected,0.3440164545071214
12,13,Undirected,0.35853385497339485
