Source,Target,Type,Weight
0,2,Undirected,0.3564114702471102
0,11,Undirected,0.3240270006019636
0,12,Undirected,0.3845876440047508
2,4,Undirected,0.3154088463437823
2,12,Undirected,0.37376762089913557
2,13,Undirected,0.35360877803467966
4,12,Undirected,0.35927180865511626
4,13,Undirected,0.3265534670745616
6,11,Undirected,0.31815522786576855
6,12,Undirected,0.3754073218812863
8,11,Undirected,0.37702574852479365
11,12,Undirected,0.3733543977541966
12,13,Undirected,0.3777760564623485
