Source,Target,Type,Weight
0,2,Undirected,0.31256725130292123
0,4,Undirected,0.33905314026219663
0,6,Undirected,0.317522961400894
0,11,Undirected,0.31832127976826313
0,12,Undirected,0.39725912962040727
2,4,Undirected,0.3471782923509435
2,12,Undirected,0.3982528657837944
2,13,Undirected,0.3579998154650686
4,6,Undirected,0.34686751878192
4,12,Undirected,0.39093757913838345
6,12,Undirected,0.37526521203631846
8,11,Undirected,0.3971603483546406
11,12,Undirected,0.37344308713369906
11,13,Undirected,0.3054249931240666
12,13,Undirected,0.373516517112077
