Source,Target,Type,Weight
0,2,Undirected,0.31704027691922076
0,11,Undirected,0.3216749568274319
0,12,Undirected,0.37012948563054804
0,13,Undirected,0.30725084341349257
2,4,Undirected,0.3213407503475193
2,12,Undirected,0.3953249474092871
4,6,Undirected,0.3417331622455733
4,12,Undirected,0.3868538261534446
4,13,Undirected,0.3184809272301806
6,12,Undirected,0.3925161559600531
6,13,Undirected,0.3364808133998545
11,12,Undirected,0.3913032120735813
12,13,Undirected,0.36142354709690816
