Source,Target,Type,Weight
0,2,Undirected,0.3246957165954011
0,4,Undirected,0.3149155146817403
0,6,Undirected,0.30953653989650837
0,12,Undirected,0.3745523267667002
2,4,Undirected,0.31964214867480056
2,11,Undirected,0.314285425264274
2,12,Undirected,0.3884234134368461
2,13,Undirected,0.36630023578104415
4,6,Undirected,0.3706603559407096
4,12,Undirected,0.37559456994449325
4,13,Undirected,0.3148933141598176
6,11,Undirected,0.3101256524163389
6,12,Undirected,0.38424342374369796
11,12,Undirected,0.37964672603775934
12,13,Undirected,0.37193203802654073
