Source,Target,Type,Weight
0,2,Undirected,0.32968792826749604
0,6,Undirected,0.32052934098166574
0,11,Undirected,0.316327476419888
0,12,Undirected,0.3912871499941041
2,4,Undirected,0.332563645166196
2,12,Undirected,0.36056706882368833
4,12,Undirected,0.37573352981620045
6,12,Undirected,0.3713495132831939
6,13,Undirected,0.32677037848782037
8,9,Undirected,0.3074899909878386
8,11,Undirected,0.3401891538460852
11,12,Undirected,0.3884798959090123
11,13,Undirected,0.30681190092259275
12,13,Undirected,0.3898849569507666
