Source,Target,Type,Weight
0,9,Undirected,0.3599756051383008
1,13,Undirected,0.3223106569819616
2,12,Undirected,0.39593778771022287
2,13,Undirected,0.31944145513391425
4,6,Undirected,0.30414804221245645
8,9,Undirected,0.3424139939044277
11,12,Undirected,0.38215862241893067
12,13,Undirected,0.38683370326121264
