Source,Target,Type,Weight
0,2,Undirected,0.33753936667911894
0,11,Undirected,0.3143333094515289
0,12,Undirected,0.3936992781670525
2,4,Undirected,0.33589389149075227
2,12,Undirected,0.3902370764969261
2,13,Undirected,0.3781348933167113
4,6,Undirected,0.31474416245925096
4,12,Undirected,0.38166846552279377
4,13,Undirected,0.3267058550263332
6,11,Undirected,0.3141937017343299
6,12,Undirected,0.3590023675833916
11,12,Undirected,0.39306678202287454
12,13,Undirected,0.37664053272543613
