Source,Target,Type,Weight
0,2,Undirected,0.3126313670265493
0,12,Undirected,0.39489955553011374
0,13,Undirected,0.33212286990374046
2,4,Undirected,0.3513793277932129
2,12,Undirected,0.3900509438055816
4,6,Undirected,0.33018418911806274
4,8,Undirected,0.32272026851088625
4,12,Undirected,0.38825679594538953
6,12,Undirected,0.34728692440267295
6,13,Undirected,0.32949518381929827
8,11,Undirected,0.33675380496591556
8,12,Undirected,0.39531883678370267
11,12,Undirected,0.3888782214218171
12,13,Undirected,0.35914577110389334
