Source,Target,Type,Weight
0,2,Undirected,0.3145993993792175
0,11,Undirected,0.32609337738669797
0,12,Undirected,0.37434289465858367
0,13,Undirected,0.32407802466739594
2,4,Undirected,0.33166088937981614
2,12,Undirected,0.38919352679074737
4,6,Undirected,0.3170768989556574
4,8,Undirected,0.33353733248001466
4,12,Undirected,0.3622784714131265
6,12,Undirected,0.3664449517959743
6,13,Undirected,0.3126540887554213
8,12,Undirected,0.35879206529918684
11,12,Undirected,0.38170781938319975
12,13,Undirected,0.364951308112913
