Source,Target,Type,Weight
0,1,Undirected,0.3249544194200503
0,12,Undirected,0.3912190468266637
0,13,Undirected,0.3045605913652947
11,12,Undirected,0.3886702944255987
11,13,Undirected,0.30356243857178217
12,13,Undirected,0.3790843057096045
