Source,Target,Type,Weight
2,3,Undirected,0.3181761528858359
2,7,Undirected,0.3463463929654995
2,8,Undirected,0.3775984910118897
2,12,Undirected,0.3902612588353714
3,4,Undirected,0.3257152246930469
3,12,Undirected,0.3403113745092151
4,6,Undirected,0.34267307126380664
4,12,Undirected,0.38254970140666666
4,13,Undirected,0.3837588624579465
6,7,Undirected,0.3482118492204198
6,12,Undirected,0.36187994480566066
7,8,Undirected,0.3231854000443211
7,12,Undirected,0.3566653273553278
9,10,Undirected,0.31676839300480475
11,12,Undirected,0.34890071383039845
11,13,Undirected,0.31643541797907937
12,13,Undirected,0.3868854061887032
