Source,Target,Type,Weight
0,4,Undirected,0.32882289074894766
0,12,Undirected,0.3732094540966067
4,12,Undirected,0.35948640195963316
4,13,Undirected,0.3748026151355487
11,12,Undirected,0.3877800985781317
12,13,Undirected,0.3889168763874559
