Source,Target,Type,Weight
0,2,Undirected,0.31456820730417334
0,12,Undirected,0.38219929638145284
2,3,Undirected,0.31561865765540625
2,12,Undirected,0.3840698916248706
3,4,Undirected,0.3038445355992475
3,12,Undirected,0.366135081831894
12,13,Undirected,0.39221451700094906
