Source,Target,Type,Weight
0,2,Undirected,0.3228798362839209
0,11,Undirected,0.307844157887799
0,12,Undirected,0.3766832204278628
2,4,Undirected,0.33133074712906996
2,11,Undirected,0.30970164985767235
2,12,Undirected,0.39563198855561305
2,13,Undirected,0.3855983834357323
4,6,Undirected,0.364105640276853
4,12,Undirected,0.3661321094664391
4,13,Undirected,0.3282155554759117
6,12,Undirected,0.3612215983835945
11,12,Undirected,0.39921392727313915
12,13,Undirected,0.39179253202653125
