Source,Target,Type,Weight
2,12,Undirected,0.39382015704154144
2,13,Undirected,0.3743607031508908
10,11,Undirected,0.32844172821435713
11,12,Undirected,0.4013662688828951
11,13,Undirected,0.30435468494462004
12,13,Undirected,0.3725721166593842
