Source,Target,Type,Weight
2,8,Undirected,0.30828275285218054
2,12,Undirected,0.40255539846304855
2,13,Undirected,0.33542536474864554
8,11,Undirected,0.34730366075743974
8,12,Undirected,0.3813404737207359
11,12,Undirected,0.398292612748808
12,13,Undirected,0.3820302149971058
