Source,Target,Type,Weight
2,4,Undirected,0.3079096279533488
2,12,Undirected,0.37790471797052666
2,13,Undirected,0.3361937656687683
4,11,Undirected,0.33533432023529586
4,12,Undirected,0.39248019774926957
4,13,Undirected,0.33668141434154053
11,12,Undirected,0.3914206878556675
12,13,Undirected,0.37779980799720986
