Source,Target,Type,Weight
0,2,Undirected,0.31765842273802924
0,11,Undirected,0.31521148940010973
0,12,Undirected,0.3689270857998523
2,4,Undirected,0.34962931891993543
2,12,Undirected,0.40186835118487
4,6,Undirected,0.34971657001103434
4,12,Undirected,0.3723512400821173
4,13,Undirected,0.32482338137541655
6,12,Undirected,0.3565575090933002
6,13,Undirected,0.36270193181421184
8,11,Undirected,0.3778482390746578
9,10,Undirected,0.3033241600214756
11,12,Undirected,0.3919130849490868
12,13,Undirected,0.37505843655783905
