Source,Target,Type,Weight
0,12,Undirected,0.3646482060591202
0,13,Undirected,0.3748054954977899
2,12,Undirected,0.3897400063186456
2,13,Undirected,0.32331173016203496
4,13,Undirected,0.38968931172885385
10,11,Undirected,0.31746033187716344
12,13,Undirected,0.3861206588394371
