Source,Target,Type,Weight
1,13,Undirected,0.3683692306287091
2,6,Undirected,0.3608862117214298
2,12,Undirected,0.3910423665652989
2,13,Undirected,0.3401591089612696
11,12,Undirected,0.38862880772338676
12,13,Undirected,0.38057219064577075
