Source,Target,Type,Weight
0,2,Undirected,0.33024538745038806
0,11,Undirected,0.3458200444668928
0,12,Undirected,0.39325916019283114
2,4,Undirected,0.3207369226398697
2,12,Undirected,0.3856034527854337
2,13,Undirected,0.38566085563058977
4,12,Undirected,0.37076218991248117
6,11,Undirected,0.3164034550201419
6,12,Undirected,0.36476925320691467
11,12,Undirected,0.39394802930370176
12,13,Undirected,0.3744137042979917
