Source,Target,Type,Weight
0,2,Undirected,0.33522907058202467
0,4,Undirected,0.32651149698018217
0,6,Undirected,0.3134549725496421
0,7,Undirected,0.30365274142570775
0,12,Undirected,0.38387311615841335
2,4,Undirected,0.3250542977255211
2,12,Undirected,0.40367275157148114
2,13,Undirected,0.31371913102957716
4,6,Undirected,0.34593789965756777
4,12,Undirected,0.3909805078556311
4,13,Undirected,0.35250215528435047
5,6,Undirected,0.3409158445939575
6,7,Undirected,0.3582526974413096
6,12,Undirected,0.38604041349534074
7,12,Undirected,0.3707233894212901
12,13,Undirected,0.37835104842280814
