Source,Target,Type,Weight
2,4,Undirected,0.3336281467567912
2,11,Undirected,0.3188241365368403
2,12,Undirected,0.37778636657555353
4,6,Undirected,0.3273747741753899
4,8,Undirected,0.31712487032203834
4,12,Undirected,0.35760393400613816
6,8,Undirected,0.3543382806715043
6,11,Undirected,0.3276134535172543
6,12,Undirected,0.37173442041374216
8,12,Undirected,0.38747753042642163
8,13,Undirected,0.3365992759868269
11,12,Undirected,0.37754410865497195
12,13,Undirected,0.3974861439587812
