Source,Target,Type,Weight
0,2,Undirected,0.3338959690914668
0,11,Undirected,0.32025799592429843
0,12,Undirected,0.40293438707352597
2,4,Undirected,0.3139537695038251
2,11,Undirected,0.3113257887702966
2,12,Undirected,0.3883270354351901
2,13,Undirected,0.3287425318190536
4,12,Undirected,0.36991890067436073
4,13,Undirected,0.37316565761765497
6,12,Undirected,0.36657341018173434
11,12,Undirected,0.3930861587281951
11,13,Undirected,0.3416411940870871
12,13,Undirected,0.36956522313768797
