Source,Target,Type,Weight
0,2,Undirected,0.3314060133426685
0,11,Undirected,0.33075436179286466
0,12,Undirected,0.37704991423050804
2,4,Undirected,0.3331742251778369
2,12,Undirected,0.3900049914045187
2,13,Undirected,0.3744373023221018
4,6,Undirected,0.3520185930230675
4,12,Undirected,0.3827962268920869
6,11,Undirected,0.322289060808326
6,12,Undirected,0.3704703041964336
8,11,Undirected,0.38131273896798284
11,12,Undirected,0.3861132299464433
11,13,Undirected,0.32332992425115503
12,13,Undirected,0.3641759497018645
