Source,Target,Type,Weight
0,12,Undirected,0.38987332359185434
0,13,Undirected,0.32529954434219527
11,12,Undirected,0.3892321722267431
12,13,Undirected,0.37946358738994745
