Source,Target,Type,Weight
0,2,Undirected,0.33591519725098085
0,12,Undirected,0.3032841104817052
2,4,Undirected,0.3453209358325929
2,11,Undirected,0.33646934151368946
2,12,Undirected,0.3719714218237748
4,6,Undirected,0.35596002266301263
4,12,Undirected,0.3777107041164511
6,8,Undirected,0.31116134371303417
6,12,Undirected,0.3736439906561921
6,13,Undirected,0.3300474198284476
8,11,Undirected,0.3140576042031849
8,12,Undirected,0.38224008350711663
11,12,Undirected,0.3854777864076635
11,13,Undirected,0.31872184932205844
12,13,Undirected,0.3636557218909906
