Source,Target,Type,Weight
0,4,Undirected,0.30615967748846384
0,12,Undirected,0.3915160495477403
4,11,Undirected,0.31328761587776544
4,12,Undirected,0.3463926162441242
4,13,Undirected,0.3149065064248584
6,8,Undirected,0.32210964219929494
11,12,Undirected,0.3842010818039837
11,13,Undirected,0.34345027046590887
12,13,Undirected,0.37876316691327233
