Source,Target,Type,Weight
0,1,Undirected,0.3132208448672993
0,2,Undirected,0.31892944801906625
0,12,Undirected,0.39268236920290134
2,11,Undirected,0.32375365228861575
2,12,Undirected,0.40504091640383727
4,6,Undirected,0.35280649251480306
4,12,Undirected,0.3969595142945701
6,12,Undirected,0.3812407514461375
8,13,Undirected,0.31625771039076334
11,12,Undirected,0.3877110244396461
11,13,Undirected,0.34254402911200876
12,13,Undirected,0.36707693336364955
