Source,Target,Type,Weight
0,2,Undirected,0.3547505727698514
0,12,Undirected,0.3853277391059097
0,13,Undirected,0.31825963900560555
2,3,Undirected,0.33111662844444095
2,12,Undirected,0.39374629012079176
3,12,Undirected,0.3560543010517187
6,11,Undirected,0.36051072604984263
12,13,Undirected,0.3902286170170701
