Source,Target,Type,Weight
0,11,Undirected,0.3128761897515485
0,12,Undirected,0.3785571321709445
0,13,Undirected,0.3593959329851427
2,12,Undirected,0.3988976993811352
4,6,Undirected,0.38019251720418673
4,8,Undirected,0.3100093003440529
4,12,Undirected,0.38579554814639777
4,13,Undirected,0.33189469967605817
6,8,Undirected,0.32680105834105866
6,12,Undirected,0.36979979181974687
6,13,Undirected,0.3151172122517467
8,11,Undirected,0.3237808688864351
8,12,Undirected,0.39473324356955664
11,12,Undirected,0.39517663181092066
12,13,Undirected,0.35306590767768414
