Source,Target,Type,Weight
0,2,Undirected,0.3324007133813528
0,11,Undirected,0.3430073364229561
0,12,Undirected,0.39593180762431607
2,4,Undirected,0.3379343267323821
2,12,Undirected,0.38995426411601386
4,6,Undirected,0.30741715088932325
4,12,Undirected,0.35042373217670136
4,13,Undirected,0.36824384298602514
5,6,Undirected,0.31212644654987604
6,11,Undirected,0.31368940358609104
6,12,Undirected,0.37282413904888023
6,13,Undirected,0.35288239174661684
8,11,Undirected,0.35179632519426446
11,12,Undirected,0.39005290255419633
12,13,Undirected,0.36718834740363515
