Source,Target,Type,Weight
0,2,Undirected,0.3452199230628549
0,12,Undirected,0.37852457411175233
0,13,Undirected,0.3215618092605082
2,4,Undirected,0.3306481613818168
2,12,Undirected,0.3954019798455763
4,6,Undirected,0.34444873308882584
4,12,Undirected,0.35798872374576896
4,13,Undirected,0.3227126952620377
6,8,Undirected,0.32255736071534563
6,12,Undirected,0.37915037420532444
6,13,Undirected,0.33186878033453654
8,12,Undirected,0.3809339398166182
11,12,Undirected,0.38585602541718234
12,13,Undirected,0.36732176683501755
