Source,Target,Type,Weight
0,2,Undirected,0.33978238491313534
0,11,Undirected,0.31436935587134784
0,12,Undirected,0.36753027392252385
0,13,Undirected,0.3268125424897586
2,4,Undirected,0.31911128850066073
2,12,Undirected,0.38835421781925933
4,6,Undirected,0.3674436944740526
4,12,Undirected,0.3684363094106606
6,8,Undirected,0.3245144879336788
6,12,Undirected,0.3661846283622004
6,13,Undirected,0.3211005002343389
8,9,Undirected,0.3288473825167326
8,11,Undirected,0.335513989535346
8,12,Undirected,0.36362107396378324
11,12,Undirected,0.3819736094855187
11,13,Undirected,0.3112101971604462
12,13,Undirected,0.348575552097755
