Source,Target,Type,Weight
0,2,Undirected,0.360982838377733
0,12,Undirected,0.39501540627365955
2,3,Undirected,0.33152056211189057
2,12,Undirected,0.4000115970159047
3,12,Undirected,0.36372781325760295
3,13,Undirected,0.3412249788519303
12,13,Undirected,0.3835510060717192
