Source,Target,Type,Weight
0,1,Undirected,0.3241326467330006
0,13,Undirected,0.36316571659334035
7,8,Undirected,0.32142198920348686
11,12,Undirected,0.3969802536041046
12,13,Undirected,0.3900153270307432
