Source,Target,Type,Weight
0,6,Undirected,0.38905811164472087
2,4,Undirected,0.3764105848246273
2,6,Undirected,0.3173626157440248
2,12,Undirected,0.37587858836543825
2,13,Undirected,0.3135410852205546
4,6,Undirected,0.3300181268634955
4,12,Undirected,0.35810110884622365
6,12,Undirected,0.3812849389274707
7,10,Undirected,0.33387691199136216
11,12,Undirected,0.3922323425711351
11,13,Undirected,0.3135584775200324
12,13,Undirected,0.3782616161368382
