Source,Target,Type,Weight
2,3,Undirected,0.3206264191697769
2,8,Undirected,0.393698354302462
2,11,Undirected,0.32804602760674056
2,12,Undirected,0.3828718437156288
3,4,Undirected,0.3228864976867637
3,7,Undirected,0.34054233728915145
3,12,Undirected,0.34630081104806115
3,13,Undirected,0.304360493446238
4,11,Undirected,0.3119627790075721
4,12,Undirected,0.41014644804596595
6,9,Undirected,0.3149000520065465
7,11,Undirected,0.3379438837879587
7,12,Undirected,0.36050133729942013
7,13,Undirected,0.3636960214157554
11,12,Undirected,0.39678448123195964
11,13,Undirected,0.3441309939701035
12,13,Undirected,0.37385830620591004
