Source,Target,Type,Weight
0,2,Undirected,0.34962888175381274
0,6,Undirected,0.3519770884054697
0,11,Undirected,0.31106202182037596
0,12,Undirected,0.3909409679048984
2,11,Undirected,0.32904146045536226
2,12,Undirected,0.37861929159272434
2,13,Undirected,0.38843805413122645
4,6,Undirected,0.3123454257259699
4,12,Undirected,0.370398459451903
6,12,Undirected,0.37868916414443715
11,12,Undirected,0.38783858170479596
12,13,Undirected,0.35662984564590683
