Source,Target,Type,Weight
0,4,Undirected,0.3137978526679974
0,6,Undirected,0.31255788776259125
0,11,Undirected,0.32546821463670517
0,12,Undirected,0.366911431515705
2,4,Undirected,0.3296902346919349
2,11,Undirected,0.3241867359575252
2,12,Undirected,0.3924409781233287
2,13,Undirected,0.3826168089425499
4,6,Undirected,0.3161505334295535
4,12,Undirected,0.3827016780170154
4,13,Undirected,0.31043118238027356
6,12,Undirected,0.36940674265524837
7,8,Undirected,0.30551863310061017
11,12,Undirected,0.39269810483062306
12,13,Undirected,0.3474188460152315
