Source,Target,Type,Weight
0,9,Undirected,0.33122959085765186
2,7,Undirected,0.3181087778841687
2,11,Undirected,0.3300564320967554
2,12,Undirected,0.3928103496620334
2,13,Undirected,0.32707539601990415
8,9,Undirected,0.317623951259995
11,12,Undirected,0.39058623172507406
12,13,Undirected,0.37665429862156674
