Source,Target,Type,Weight
0,2,Undirected,0.335000975218274
0,12,Undirected,0.359738180361057
0,13,Undirected,0.3163020708667391
2,5,Undirected,0.31496780111938383
2,12,Undirected,0.3884674827473756
3,13,Undirected,0.33589200853587564
5,12,Undirected,0.3833812875595482
5,13,Undirected,0.33402105040174784
12,13,Undirected,0.37591308486926855
