Source,Target,Type,Weight
0,2,Undirected,0.3118701334237498
0,4,Undirected,0.3107054569450415
0,6,Undirected,0.31192009118055947
0,11,Undirected,0.30732734276517115
0,12,Undirected,0.38190613620586544
2,4,Undirected,0.33062926470196413
2,11,Undirected,0.3034123457593892
2,12,Undirected,0.39664662141906737
2,13,Undirected,0.40202446918931994
4,6,Undirected,0.32710654134470507
4,12,Undirected,0.38030427758713065
6,11,Undirected,0.31840837111912884
6,12,Undirected,0.3740082566548626
11,12,Undirected,0.3965441704384795
12,13,Undirected,0.3607689377922541
