Source,Target,Type,Weight
2,12,Undirected,0.37404951578634954
8,9,Undirected,0.3068467815978433
8,11,Undirected,0.33666606439327323
8,12,Undirected,0.36823747400729484
11,12,Undirected,0.3731630348037833
11,13,Undirected,0.30335079245916197
12,13,Undirected,0.3938258886167591
