Source,Target,Type,Weight
0,12,Undirected,0.3925432299717322
2,4,Undirected,0.33710381619030694
2,12,Undirected,0.3852471506498347
2,13,Undirected,0.3612683925384965
4,6,Undirected,0.3663081694774749
4,12,Undirected,0.3746954033816445
6,11,Undirected,0.3055862123432727
6,12,Undirected,0.38917254589472206
11,12,Undirected,0.38697200118205194
11,13,Undirected,0.31990259313589436
12,13,Undirected,0.3725614935062282
