Source,Target,Type,Weight
0,4,Undirected,0.33432672879984926
0,6,Undirected,0.3326388922484339
0,12,Undirected,0.38217829667077946
2,4,Undirected,0.3188225855063298
2,11,Undirected,0.3104319405837548
2,12,Undirected,0.38910261387685746
2,13,Undirected,0.3439493976729582
4,6,Undirected,0.3170307393219632
4,12,Undirected,0.3677640392119933
4,13,Undirected,0.32707552354804276
6,11,Undirected,0.3156442623396184
6,12,Undirected,0.3698302792510007
6,13,Undirected,0.3138811941767509
11,12,Undirected,0.4008949804876552
12,13,Undirected,0.37455001889581296
