Source,Target,Type,Weight
2,7,Undirected,0.35115648446672165
2,11,Undirected,0.3364925560228725
2,12,Undirected,0.39303731541048154
3,4,Undirected,0.36355239663690736
3,6,Undirected,0.33402264643191476
3,12,Undirected,0.37657929175902394
4,6,Undirected,0.31889680953713667
4,12,Undirected,0.3825608669145866
4,13,Undirected,0.3418348747523527
6,7,Undirected,0.36493190693640554
6,12,Undirected,0.3708465368945224
7,12,Undirected,0.3933903210860312
11,12,Undirected,0.391264227310092
11,13,Undirected,0.3459793905594891
12,13,Undirected,0.3796301978368983
