Source,Target,Type,Weight
2,12,Undirected,0.3704885969949493
6,7,Undirected,0.3209334031877839
8,9,Undirected,0.306273380952447
12,13,Undirected,0.388151268817471
