Source,Target,Type,Weight
0,11,Undirected,0.31286099669960793
0,12,Undirected,0.3906307932033678
0,13,Undirected,0.3422728008648739
11,12,Undirected,0.37577974917937407
12,13,Undirected,0.37489762345183825
