Source,Target,Type,Weight
0,11,Undirected,0.3290221533370579
0,12,Undirected,0.3863009593181997
0,13,Undirected,0.32274194734870626
2,4,Undirected,0.33761038753639877
2,12,Undirected,0.38131090168310106
4,6,Undirected,0.35650653339694566
4,12,Undirected,0.3848540358297545
6,12,Undirected,0.3888224160548843
6,13,Undirected,0.3259111680589799
11,12,Undirected,0.39068922961649377
12,13,Undirected,0.3786029552539809
