Source,Target,Type,Weight
0,2,Undirected,0.310929614388489
0,6,Undirected,0.329083154007521
0,12,Undirected,0.3659569210752525
2,3,Undirected,0.3132519808540285
2,12,Undirected,0.37421177209531803
4,6,Undirected,0.32415130910850165
4,12,Undirected,0.374644899178342
6,12,Undirected,0.3735377067622702
6,13,Undirected,0.32432325431781067
8,11,Undirected,0.359793448579558
11,12,Undirected,0.3699235987623539
11,13,Undirected,0.3735348791189277
12,13,Undirected,0.3634059884688911
