Source,Target,Type,Weight
0,2,Undirected,0.3470109498260521
0,12,Undirected,0.3682773726639811
2,4,Undirected,0.324817520226634
2,12,Undirected,0.4006344734254554
4,6,Undirected,0.3551146905989057
4,12,Undirected,0.37924033016291864
6,12,Undirected,0.3809173685367258
6,13,Undirected,0.3237204437411715
11,12,Undirected,0.37786369334538733
11,13,Undirected,0.38178293726907175
12,13,Undirected,0.3870739945272775
