Source,Target,Type,Weight
0,2,Undirected,0.3106683128770534
0,12,Undirected,0.37829924692879624
0,13,Undirected,0.31032272852310255
2,12,Undirected,0.38567241626945165
2,13,Undirected,0.3648055798509711
12,13,Undirected,0.37262295732976813
