Source,Target,Type,Weight
1,2,Undirected,0.3056489212701365
2,8,Undirected,0.31045723913230455
2,12,Undirected,0.3770097866228933
8,11,Undirected,0.31841811265384157
8,12,Undirected,0.38057488411409196
11,12,Undirected,0.3558966243606904
11,13,Undirected,0.3156335259180383
12,13,Undirected,0.3699391294024549
