Source,Target,Type,Weight
0,2,Undirected,0.3144572919752252
0,12,Undirected,0.39591618550226787
0,13,Undirected,0.3387010681473038
2,4,Undirected,0.3144750218538301
2,12,Undirected,0.38714076928174807
4,6,Undirected,0.33808299876101644
4,12,Undirected,0.3775255542603245
4,13,Undirected,0.31735169007413416
6,11,Undirected,0.31436732951343005
6,12,Undirected,0.3831839216205404
6,13,Undirected,0.32382326491486396
11,12,Undirected,0.38938780678777973
12,13,Undirected,0.38062192236075204
