Source,Target,Type,Weight
0,2,Undirected,0.31093436268820857
0,11,Undirected,0.3177262569294945
0,12,Undirected,0.39815925918507433
2,4,Undirected,0.3102644217006022
2,12,Undirected,0.3697459049465754
2,13,Undirected,0.36681686644084954
4,6,Undirected,0.33978838566929287
4,12,Undirected,0.36608216177057806
4,13,Undirected,0.3601420199635076
6,11,Undirected,0.3165030412726575
6,12,Undirected,0.38579391580681055
11,12,Undirected,0.39308173801885793
11,13,Undirected,0.3413176673857092
12,13,Undirected,0.3731678156567162
