Source,Target,Type,Weight
0,2,Undirected,0.3245431886618369
0,12,Undirected,0.3746365333287125
0,13,Undirected,0.33002937079983674
2,4,Undirected,0.306878436950344
2,12,Undirected,0.38826829709017985
4,6,Undirected,0.3443076945304194
4,12,Undirected,0.3795675686730858
6,8,Undirected,0.3078074010939507
6,12,Undirected,0.37226970964889716
6,13,Undirected,0.3052727200076917
8,11,Undirected,0.3148614255973094
8,12,Undirected,0.3813078858010199
11,12,Undirected,0.3667710614646781
12,13,Undirected,0.3603793589939666
