Source,Target,Type,Weight
0,2,Undirected,0.3083334264490621
0,4,Undirected,0.32996280123935556
0,6,Undirected,0.30855664734318067
0,12,Undirected,0.39443727641710646
2,4,Undirected,0.3390121156120495
2,8,Undirected,0.30714023662876144
2,12,Undirected,0.3780925917161897
4,12,Undirected,0.3762615712904343
4,13,Undirected,0.3140179381537308
5,6,Undirected,0.3189812322734504
6,11,Undirected,0.31803132707568266
6,12,Undirected,0.3799824119125727
6,13,Undirected,0.3299558446607471
8,11,Undirected,0.32560872152022946
8,12,Undirected,0.38918088742584966
8,13,Undirected,0.37855156308171345
11,12,Undirected,0.38958394540052577
12,13,Undirected,0.3189537251003711
