Source,Target,Type,Weight
2,4,Undirected,0.32855475135714846
2,12,Undirected,0.38489468515850334
4,12,Undirected,0.37125254841445315
5,6,Undirected,0.3069608388366749
7,13,Undirected,0.30600361253616293
10,13,Undirected,0.32827492135552216
11,12,Undirected,0.3824852333465014
11,13,Undirected,0.3311949356273672
12,13,Undirected,0.3768010169476299
