Source,Target,Type,Weight
0,12,Undirected,0.37267030193791395
11,12,Undirected,0.38701324201688486
12,13,Undirected,0.3755427134549064
