Source,Target,Type,Weight
0,2,Undirected,0.3225838555329004
0,4,Undirected,0.30429444861765004
0,12,Undirected,0.3791335807556559
2,4,Undirected,0.32063448307705456
2,12,Undirected,0.3771816429629293
2,13,Undirected,0.3601948449325014
4,6,Undirected,0.344677671666459
4,12,Undirected,0.36340775172090645
6,12,Undirected,0.36815951228807897
11,12,Undirected,0.37715186455888167
11,13,Undirected,0.3559708077566816
12,13,Undirected,0.3788254624514896
