Source,Target,Type,Weight
0,12,Undirected,0.3831271487111592
2,12,Undirected,0.3908791048417595
2,13,Undirected,0.32688859759758193
6,8,Undirected,0.3426969257395107
12,13,Undirected,0.37299694305183473
