Source,Target,Type,Weight
0,2,Undirected,0.34019889405251497
0,6,Undirected,0.339637742759819
0,11,Undirected,0.3500594365186016
0,12,Undirected,0.3708872325443841
2,4,Undirected,0.34491375026386784
2,12,Undirected,0.3764909991601825
2,13,Undirected,0.30878776164166594
4,12,Undirected,0.37289832038107906
4,13,Undirected,0.3313345161713335
6,11,Undirected,0.3113933724642935
6,12,Undirected,0.3827120142970991
11,12,Undirected,0.38885741871160495
11,13,Undirected,0.3123823670328068
12,13,Undirected,0.3877304860164606
