Source,Target,Type,Weight
0,2,Undirected,0.32063825781132166
0,6,Undirected,0.3312001922938128
0,11,Undirected,0.3234826109463394
0,12,Undirected,0.3992408310955797
2,4,Undirected,0.30928614866441795
2,12,Undirected,0.3644952758092443
2,13,Undirected,0.31673990274056063
4,12,Undirected,0.37670419574409
6,12,Undirected,0.3808342917059141
8,9,Undirected,0.30808187685095567
11,12,Undirected,0.38210559908111813
11,13,Undirected,0.33440861483862966
12,13,Undirected,0.37600346608114543
