Source,Target,Type,Weight
0,12,Undirected,0.36872016783024
0,13,Undirected,0.36559471385222
2,12,Undirected,0.3817434984301322
12,13,Undirected,0.3708566033995554
