Source,Target,Type,Weight
0,4,Undirected,0.3383695705664012
0,12,Undirected,0.3927459076951082
4,11,Undirected,0.3340650000043806
4,12,Undirected,0.3577593129881357
11,12,Undirected,0.39065436942811843
11,13,Undirected,0.3970628566289497
12,13,Undirected,0.38597369808424975
