Source,Target,Type,Weight
0,11,Undirected,0.346542068182374
0,12,Undirected,0.392183711193434
2,4,Undirected,0.30360812171761986
2,12,Undirected,0.36387195550430523
4,6,Undirected,0.3626499681083105
4,12,Undirected,0.38417901701082574
4,13,Undirected,0.334820464940436
6,12,Undirected,0.3786354242562416
6,13,Undirected,0.36535644104855797
7,8,Undirected,0.3335001508354631
8,11,Undirected,0.37832391741266125
11,12,Undirected,0.37958993140545066
12,13,Undirected,0.3731136398289246
