Source,Target,Type,Weight
2,12,Undirected,0.3813434554468291
2,13,Undirected,0.31860392016975175
6,8,Undirected,0.3087405520387398
11,12,Undirected,0.3918524880409104
11,13,Undirected,0.3354666527605529
12,13,Undirected,0.3702053431569801
