Source,Target,Type,Weight
2,4,Undirected,0.3536366541348629
2,6,Undirected,0.35114281418306525
2,12,Undirected,0.37869511339038026
4,6,Undirected,0.33345873568354084
4,12,Undirected,0.36779119252166514
6,12,Undirected,0.3675818739357418
7,13,Undirected,0.33886988056954775
12,13,Undirected,0.3769697353170415
