Source,Target,Type,Weight
0,2,Undirected,0.3421189149825152
0,12,Undirected,0.3976650014743068
0,13,Undirected,0.33529483382005115
2,12,Undirected,0.3930616250467629
2,13,Undirected,0.3537586749568735
3,13,Undirected,0.3565951289269169
12,13,Undirected,0.3584134798819765
