Source,Target,Type,Weight
2,4,Undirected,0.3451128640506089
2,12,Undirected,0.3872046001816056
2,13,Undirected,0.3064530506161788
4,6,Undirected,0.3084039348725158
4,12,Undirected,0.35042657207227457
6,8,Undirected,0.34040923086562375
6,11,Undirected,0.32607887629266635
6,12,Undirected,0.39405173447234904
8,11,Undirected,0.31630657916001426
8,12,Undirected,0.3815622888038871
8,13,Undirected,0.38318696725203966
11,12,Undirected,0.377060625407801
12,13,Undirected,0.37124255898049346
