Source,Target,Type,Weight
0,1,Undirected,0.34445637079018016
0,9,Undirected,0.3513348836515808
11,12,Undirected,0.38657664280400195
11,13,Undirected,0.3559812913732481
12,13,Undirected,0.37951539920968075
