Source,Target,Type,Weight
0,4,Undirected,0.30850989414552593
0,12,Undirected,0.390976207270605
4,11,Undirected,0.33804673121059026
4,12,Undirected,0.3849174327519336
11,12,Undirected,0.3852545108664852
11,13,Undirected,0.37850517176202325
12,13,Undirected,0.3724017559680958
