Source,Target,Type,Weight
0,2,Undirected,0.3389444480090922
0,12,Undirected,0.37245800738219714
2,3,Undirected,0.34671073558187965
2,5,Undirected,0.31165918399510534
2,12,Undirected,0.40886528027126257
3,5,Undirected,0.32687186039889193
3,12,Undirected,0.35936572519785104
5,12,Undirected,0.3834317211444891
5,13,Undirected,0.3204391761291492
12,13,Undirected,0.37256189062254896
