Source,Target,Type,Weight
2,4,Undirected,0.3589396626280181
2,12,Undirected,0.38110967021592107
2,13,Undirected,0.345821783758652
4,6,Undirected,0.33849513099473877
4,8,Undirected,0.3094848763696056
4,12,Undirected,0.36989665162846797
6,8,Undirected,0.4017297070324996
6,12,Undirected,0.3614285301894605
8,12,Undirected,0.3726122319711704
11,12,Undirected,0.38288977389596707
12,13,Undirected,0.3725074935721803
