Source,Target,Type,Weight
0,1,Undirected,0.32208666313835577
0,13,Undirected,0.3808400319032558
11,12,Undirected,0.3873953247156282
12,13,Undirected,0.3859853840487871
