Source,Target,Type,Weight
0,11,Undirected,0.30320156635559553
0,12,Undirected,0.39111379999196194
11,12,Undirected,0.3853594245201847
11,13,Undirected,0.33745042899520516
12,13,Undirected,0.36311817817577247
