Source,Target,Type,Weight
2,4,Undirected,0.3356744542724323
2,6,Undirected,0.3234806400380313
2,12,Undirected,0.3807655956647795
2,13,Undirected,0.31222414848226815
4,6,Undirected,0.31895944930630965
4,8,Undirected,0.38771098860060715
4,11,Undirected,0.3170501985464219
4,12,Undirected,0.3684145619487138
6,12,Undirected,0.3618015618274399
11,12,Undirected,0.3768085995972016
12,13,Undirected,0.38717525536806724
