Source,Target,Type,Weight
0,2,Undirected,0.30538841148812107
0,11,Undirected,0.3438760233956485
0,12,Undirected,0.39332579935517625
0,13,Undirected,0.3432552611063345
2,4,Undirected,0.3059363171948913
2,12,Undirected,0.4068866540955499
4,6,Undirected,0.34105822191604557
4,12,Undirected,0.3568055036279828
6,12,Undirected,0.3780651569794116
6,13,Undirected,0.33100719119007005
8,11,Undirected,0.34739386929876165
8,12,Undirected,0.388360978050584
11,12,Undirected,0.3924061350507139
12,13,Undirected,0.3733367181025188
