Source,Target,Type,Weight
0,2,Undirected,0.3374030871029738
0,12,Undirected,0.37984194322979
0,13,Undirected,0.3283282687763112
2,11,Undirected,0.309971864369277
2,12,Undirected,0.36879032527516586
2,13,Undirected,0.3117383579476557
11,12,Undirected,0.3811546239683263
12,13,Undirected,0.38334460099543555
