Source,Target,Type,Weight
0,2,Undirected,0.312155762324533
0,12,Undirected,0.40275423987183473
2,4,Undirected,0.32067985930866005
2,11,Undirected,0.3038489819188911
2,12,Undirected,0.3844222567837041
2,13,Undirected,0.318100744016628
4,6,Undirected,0.315538996183263
4,12,Undirected,0.37485855566938725
6,11,Undirected,0.333526007377913
6,12,Undirected,0.381202463912677
11,12,Undirected,0.3796878294247965
11,13,Undirected,0.3265152080134134
12,13,Undirected,0.36712654234052206
