Source,Target,Type,Weight
0,4,Undirected,0.3120916092878398
0,11,Undirected,0.3381296048580075
0,12,Undirected,0.3832055921668733
2,4,Undirected,0.3457951545523881
2,11,Undirected,0.30753375220588514
2,12,Undirected,0.39863243060815173
4,6,Undirected,0.3687027622836852
4,12,Undirected,0.3886436079524396
4,13,Undirected,0.38448579348210893
6,12,Undirected,0.386080389844815
6,13,Undirected,0.3485342761191884
11,12,Undirected,0.38013483567247947
12,13,Undirected,0.3655555217586949
