Source,Target,Type,Weight
0,4,Undirected,0.3078381026921625
0,6,Undirected,0.3158315307743245
0,11,Undirected,0.30723889242327185
0,12,Undirected,0.3890673505246463
2,4,Undirected,0.31515530943731573
2,12,Undirected,0.372799849255432
2,13,Undirected,0.3616099459840108
4,6,Undirected,0.31906565117728136
4,12,Undirected,0.3920031544901062
6,11,Undirected,0.32074683170752577
6,12,Undirected,0.36843210211206795
11,12,Undirected,0.3792155057341113
11,13,Undirected,0.3286665130806687
12,13,Undirected,0.3812101900986694
