Source,Target,Type,Weight
0,2,Undirected,0.3281844554031294
0,7,Undirected,0.31032123614614876
0,12,Undirected,0.39594451552279813
2,4,Undirected,0.3419989621727966
2,12,Undirected,0.38731200938494065
4,6,Undirected,0.3038292606212648
4,12,Undirected,0.3697668971180108
5,6,Undirected,0.3351311167383063
6,7,Undirected,0.3660081121554666
6,12,Undirected,0.3834154926294308
6,13,Undirected,0.3159920704847806
7,12,Undirected,0.35384579043453906
7,13,Undirected,0.34099428156476574
12,13,Undirected,0.3709074361197157
