Source,Target,Type,Weight
2,4,Undirected,0.3118275868606241
2,12,Undirected,0.40824064635558727
2,13,Undirected,0.33170818122576035
4,11,Undirected,0.3322240199883928
4,12,Undirected,0.39289450179595226
4,13,Undirected,0.3193582232969938
7,8,Undirected,0.32618999975813606
7,10,Undirected,0.31186257389469685
11,12,Undirected,0.38820436654757595
12,13,Undirected,0.3898342608807831
