Source,Target,Type,Weight
0,2,Undirected,0.34183462401731707
2,3,Undirected,0.3045569424292588
2,7,Undirected,0.30711990588782484
2,8,Undirected,0.32109720624337984
2,11,Undirected,0.33118206926730764
2,12,Undirected,0.3890313718910238
2,13,Undirected,0.377916192841503
3,4,Undirected,0.34660844992300627
3,12,Undirected,0.379411926999706
3,13,Undirected,0.32253870779934196
4,6,Undirected,0.3182953838751893
4,12,Undirected,0.3902055277714748
4,13,Undirected,0.36682738908757995
6,7,Undirected,0.35998938477346687
6,12,Undirected,0.3642315778742141
7,8,Undirected,0.35303101961587385
7,12,Undirected,0.3746999223139161
9,10,Undirected,0.34921075264699053
11,12,Undirected,0.3741541887022367
12,13,Undirected,0.3677416617071025
