Source,Target,Type,Weight
0,2,Undirected,0.33402041199395177
0,12,Undirected,0.3868246415076103
2,3,Undirected,0.33540235089291404
2,12,Undirected,0.4007476641228901
2,13,Undirected,0.33019648415829106
3,12,Undirected,0.35687496506171645
12,13,Undirected,0.38580133241743586
