Source,Target,Type,Weight
0,4,Undirected,0.354393698637128
0,11,Undirected,0.3123734798497588
0,12,Undirected,0.35837688399102774
2,4,Undirected,0.31815986154298015
2,12,Undirected,0.384362192864724
4,6,Undirected,0.36938865412597655
4,12,Undirected,0.3808427983252122
4,13,Undirected,0.32419548111675006
6,11,Undirected,0.3224634483343979
6,12,Undirected,0.35080835642891267
6,13,Undirected,0.34581380026850156
8,11,Undirected,0.3672350926623534
11,12,Undirected,0.3888901921009832
12,13,Undirected,0.36509747065156384
