Source,Target,Type,Weight
0,12,Undirected,0.3809781946212394
0,13,Undirected,0.33336857002561365
2,12,Undirected,0.3929679389885135
3,6,Undirected,0.3806439258841797
12,13,Undirected,0.3606608265172604
