Source,Target,Type,Weight
0,6,Undirected,0.4011414775282371
2,4,Undirected,0.3424882277184033
2,6,Undirected,0.371562652315029
2,12,Undirected,0.37384854259550093
4,6,Undirected,0.3217681142164862
4,11,Undirected,0.30470099803774864
4,12,Undirected,0.3688130576035624
6,12,Undirected,0.3714501144291622
6,13,Undirected,0.31807664484857456
7,13,Undirected,0.35823482803113327
10,13,Undirected,0.37806713351058113
11,12,Undirected,0.39984602182043927
11,13,Undirected,0.32422091742767517
12,13,Undirected,0.3839738338143644
