Source,Target,Type,Weight
0,2,Undirected,0.34911770931456615
0,12,Undirected,0.39144768401840735
0,13,Undirected,0.32637081955235037
2,5,Undirected,0.338483193558407
2,12,Undirected,0.38002754773512204
5,12,Undirected,0.3829168995437283
5,13,Undirected,0.3269772798444343
12,13,Undirected,0.3810085457274769
