Source,Target,Type,Weight
0,11,Undirected,0.3154586868573672
0,12,Undirected,0.378253190321785
0,13,Undirected,0.32293186716158767
2,4,Undirected,0.33384422496126925
2,12,Undirected,0.3841780669091863
4,6,Undirected,0.35039185238427967
4,8,Undirected,0.30368075083786716
4,12,Undirected,0.37540752348431694
4,13,Undirected,0.31470701467408313
6,8,Undirected,0.3206674537256273
6,12,Undirected,0.38924647659563016
6,13,Undirected,0.3315897278512891
8,11,Undirected,0.3148050395478004
8,12,Undirected,0.39232061401863677
11,12,Undirected,0.36563365936065473
12,13,Undirected,0.37560536677345957
