Source,Target,Type,Weight
0,2,Undirected,0.32936645919811286
0,4,Undirected,0.36803533304300956
0,7,Undirected,0.3160855617923209
0,12,Undirected,0.383723999299942
2,4,Undirected,0.3087879889736665
2,12,Undirected,0.38150085967907316
4,5,Undirected,0.30677453756944073
4,6,Undirected,0.34116780253591156
4,12,Undirected,0.370300028993256
5,6,Undirected,0.3097950249520551
6,7,Undirected,0.3875797904633451
6,12,Undirected,0.3823582794759865
6,13,Undirected,0.34257430093240593
7,12,Undirected,0.3643122831569636
7,13,Undirected,0.33585389668781096
8,9,Undirected,0.32908126917932423
12,13,Undirected,0.38037898200223186
