Source,Target,Type,Weight
0,2,Undirected,0.33192766274098723
0,6,Undirected,0.3132150674950458
0,12,Undirected,0.39671636485839606
2,4,Undirected,0.33121120306631646
2,12,Undirected,0.4006192433066859
2,13,Undirected,0.3162213726933308
4,12,Undirected,0.35834231616060536
6,12,Undirected,0.3610929769407104
11,12,Undirected,0.386273103102762
12,13,Undirected,0.38759984778059264
