Source,Target,Type,Weight
0,4,Undirected,0.336056927795382
0,6,Undirected,0.321196227558002
0,11,Undirected,0.3353328725039139
0,12,Undirected,0.3801841774535579
2,4,Undirected,0.32707537051428837
2,11,Undirected,0.30863036914638176
2,12,Undirected,0.38347326258700437
2,13,Undirected,0.3096837452921367
4,6,Undirected,0.31557534341912463
4,12,Undirected,0.3991052089350839
4,13,Undirected,0.39318417665570193
6,11,Undirected,0.3233671163487545
6,12,Undirected,0.3763237556577934
8,11,Undirected,0.3297691390221332
11,12,Undirected,0.38988999466426716
12,13,Undirected,0.34100348572336364
