Source,Target,Type,Weight
0,2,Undirected,0.33947462137644796
0,11,Undirected,0.33959192979490266
0,12,Undirected,0.3971662151761419
0,13,Undirected,0.32677493554570575
2,4,Undirected,0.32881394571811634
2,12,Undirected,0.3938538463040895
4,6,Undirected,0.31071203978188916
4,12,Undirected,0.36734705316879995
4,13,Undirected,0.3046447844329518
6,11,Undirected,0.31221803596187375
6,12,Undirected,0.3816873251864072
11,12,Undirected,0.3872769625504282
12,13,Undirected,0.3814850370747657
