Source,Target,Type,Weight
0,2,Undirected,0.3262173991935688
0,4,Undirected,0.304558114502211
0,6,Undirected,0.32630815463084767
0,12,Undirected,0.3838613118264553
2,4,Undirected,0.31329346613105385
2,12,Undirected,0.4003335680374091
2,13,Undirected,0.3929550164698427
4,6,Undirected,0.3751110651621934
4,12,Undirected,0.38058935352591294
4,13,Undirected,0.31958659433693065
6,12,Undirected,0.39218506801402486
8,11,Undirected,0.318513335507228
11,12,Undirected,0.37437059377709786
11,13,Undirected,0.3059757980034958
12,13,Undirected,0.3715363873761192
