Source,Target,Type,Weight
2,3,Undirected,0.3219214292336891
2,7,Undirected,0.3331518367258107
2,8,Undirected,0.3842343421425696
2,11,Undirected,0.33656883553536965
2,12,Undirected,0.38045640756354926
3,4,Undirected,0.32175629072724005
3,12,Undirected,0.36836978062069237
4,6,Undirected,0.3196587627099733
4,12,Undirected,0.3914113733997297
4,13,Undirected,0.33370977055893847
6,7,Undirected,0.3410030421380593
6,12,Undirected,0.37338889783568535
7,12,Undirected,0.3673662615274269
9,10,Undirected,0.3381914118185864
11,12,Undirected,0.37123217579658446
11,13,Undirected,0.34759528156616376
12,13,Undirected,0.3791304964062046
