Source,Target,Type,Weight
2,3,Undirected,0.30688568941512073
2,7,Undirected,0.31570263659584924
2,11,Undirected,0.31729880125878457
2,12,Undirected,0.39492112130638046
3,4,Undirected,0.333791646820873
3,6,Undirected,0.3034080658450503
3,12,Undirected,0.36239982885323024
4,6,Undirected,0.32286979498715157
4,12,Undirected,0.3855429483385995
6,7,Undirected,0.35045248458567846
6,12,Undirected,0.36821756024648244
6,13,Undirected,0.3472203400409995
7,11,Undirected,0.3236922630499726
7,12,Undirected,0.37195291633758815
9,13,Undirected,0.34870335235599215
11,12,Undirected,0.3795726180920121
11,13,Undirected,0.3722491261344056
12,13,Undirected,0.370040567410876
