Source,Target,Type,Weight
2,3,Undirected,0.30877130369417277
2,7,Undirected,0.3312039583664
2,8,Undirected,0.35642091976275336
2,11,Undirected,0.33534936129531734
2,12,Undirected,0.3614928555607172
3,4,Undirected,0.3758945219988109
3,6,Undirected,0.33370246924316055
3,12,Undirected,0.362367423439015
4,6,Undirected,0.3096671916993354
4,12,Undirected,0.36077719227652144
6,7,Undirected,0.3828812804433141
6,12,Undirected,0.3725447492051356
6,13,Undirected,0.35302064962201585
7,12,Undirected,0.3849074008731093
7,13,Undirected,0.3397402754774791
9,10,Undirected,0.30721395813418184
10,11,Undirected,0.31109815251204676
10,13,Undirected,0.3677628461062621
11,12,Undirected,0.39461440245700696
11,13,Undirected,0.3122172690085334
12,13,Undirected,0.37998640519143034
