Source,Target,Type,Weight
0,2,Undirected,0.30672374698280375
0,12,Undirected,0.3740284348017775
2,3,Undirected,0.3407554245566601
2,12,Undirected,0.39075605630317717
2,13,Undirected,0.36187282619189587
3,12,Undirected,0.34667488575394295
5,13,Undirected,0.35412724641104876
12,13,Undirected,0.37110414237757877
