Source,Target,Type,Weight
0,2,Undirected,0.33086303160743524
0,6,Undirected,0.30707659958913
0,11,Undirected,0.32189637714004515
0,12,Undirected,0.39358176044975796
2,4,Undirected,0.34312224336925873
2,12,Undirected,0.4050278525790022
2,13,Undirected,0.3621545059841824
4,12,Undirected,0.40048738665973327
6,11,Undirected,0.3119323627342363
6,12,Undirected,0.3744870818463714
11,12,Undirected,0.3750449882768933
12,13,Undirected,0.3804376003292896
