Source,Target,Type,Weight
0,2,Undirected,0.30584467352207845
0,6,Undirected,0.33236949994694676
0,11,Undirected,0.35074551853472924
0,12,Undirected,0.3940891661239799
2,4,Undirected,0.3184778560415859
2,12,Undirected,0.39844475314127736
4,6,Undirected,0.3546656203915414
4,12,Undirected,0.364647603719901
4,13,Undirected,0.38253253570956924
6,11,Undirected,0.3069218221258642
6,12,Undirected,0.38324323262429943
8,11,Undirected,0.3707237170941362
11,12,Undirected,0.3683967969543856
12,13,Undirected,0.3599686539289567
