Source,Target,Type,Weight
0,11,Undirected,0.3208659110263691
0,12,Undirected,0.34872845974211764
0,13,Undirected,0.31900680315983987
2,4,Undirected,0.3311144327167241
2,12,Undirected,0.38511708400269434
4,6,Undirected,0.35023762911153894
4,12,Undirected,0.38395123275663046
6,11,Undirected,0.31745249891711436
6,12,Undirected,0.3855343722091228
11,12,Undirected,0.38685675199649366
11,13,Undirected,0.3319677000001979
12,13,Undirected,0.3714261349039901
