Source,Target,Type,Weight
0,4,Undirected,0.32980492281126916
0,6,Undirected,0.3353865541649208
0,11,Undirected,0.31525086520469714
0,12,Undirected,0.3846009742335107
2,4,Undirected,0.31040650832493727
2,12,Undirected,0.3931005267202759
4,12,Undirected,0.3831189596799718
6,12,Undirected,0.38819211469958664
6,13,Undirected,0.333037903382178
8,11,Undirected,0.38237961271235277
11,12,Undirected,0.3910613983431536
11,13,Undirected,0.3402344381201082
12,13,Undirected,0.35445916865489707
