Source,Target,Type,Weight
0,12,Undirected,0.3752853917283038
0,13,Undirected,0.39357263830603
2,12,Undirected,0.3783266132760286
4,6,Undirected,0.3525195462291169
4,8,Undirected,0.3267172052358207
4,12,Undirected,0.36102963284122724
6,8,Undirected,0.3118096674509169
6,12,Undirected,0.3872046716725753
8,9,Undirected,0.30926272803339383
8,11,Undirected,0.3127549664893995
8,12,Undirected,0.38724499678611796
11,12,Undirected,0.38881070184607736
12,13,Undirected,0.3584229133398091
