Source,Target,Type,Weight
0,2,Undirected,0.33175013353280136
0,11,Undirected,0.3458945360376356
0,12,Undirected,0.3776540111620456
0,13,Undirected,0.32221686342698047
2,4,Undirected,0.31584130553940526
2,8,Undirected,0.32881807016754394
2,11,Undirected,0.30431582006879043
2,12,Undirected,0.3938531805987374
4,6,Undirected,0.372497304164012
4,12,Undirected,0.36718346137862756
4,13,Undirected,0.3254222054841848
6,8,Undirected,0.3144651664351584
6,12,Undirected,0.3703451500839883
6,13,Undirected,0.34939847257125056
8,9,Undirected,0.32100502649477125
8,12,Undirected,0.39823913960754737
11,12,Undirected,0.39324680842964793
12,13,Undirected,0.35762201495935136
