Source,Target,Type,Weight
2,4,Undirected,0.33816019198108893
2,12,Undirected,0.3879754100248577
2,13,Undirected,0.3539719884475428
4,6,Undirected,0.33602047445311906
4,8,Undirected,0.31637340761208343
4,12,Undirected,0.36948129519794576
4,13,Undirected,0.32322858681048605
6,8,Undirected,0.3613291434595852
6,11,Undirected,0.30677038664748846
6,12,Undirected,0.3789700766351342
8,12,Undirected,0.3948561336652119
11,12,Undirected,0.3812300786727683
12,13,Undirected,0.3531474490019298
