Source,Target,Type,Weight
0,2,Undirected,0.3212626037986358
0,4,Undirected,0.33279271000344113
0,7,Undirected,0.3337835450431882
0,12,Undirected,0.3801480312768278
2,4,Undirected,0.3124117541728601
2,12,Undirected,0.3929637418379739
4,6,Undirected,0.3385592032472852
4,12,Undirected,0.3806924669834033
4,13,Undirected,0.32200642292531845
6,7,Undirected,0.34893853503025746
6,12,Undirected,0.3852073820369528
6,13,Undirected,0.3194959125159584
7,12,Undirected,0.3817773076146582
8,9,Undirected,0.3155392098264156
12,13,Undirected,0.3700426894560211
