Source,Target,Type,Weight
0,2,Undirected,0.31030619837945195
0,4,Undirected,0.32126922324509255
0,7,Undirected,0.30671093982173736
0,12,Undirected,0.40207645839452555
2,4,Undirected,0.32778089505675967
2,12,Undirected,0.38641929516848744
2,13,Undirected,0.31288720622046895
4,12,Undirected,0.3548178255879554
6,7,Undirected,0.3826922501403286
6,12,Undirected,0.37685315382742385
7,12,Undirected,0.3769113339465562
8,9,Undirected,0.30528551844008517
12,13,Undirected,0.3649876392676306
