Source,Target,Type,Weight
0,12,Undirected,0.3834140556133134
0,13,Undirected,0.3227832022990595
11,12,Undirected,0.3713048374132003
11,13,Undirected,0.3637816639055437
12,13,Undirected,0.38449375907537514
