Source,Target,Type,Weight
2,8,Undirected,0.31586014328950146
2,12,Undirected,0.38621313515669686
2,13,Undirected,0.3502293819483951
8,11,Undirected,0.3255086285741559
8,12,Undirected,0.38094743315533763
10,11,Undirected,0.3225718231708527
11,12,Undirected,0.38127679379820156
11,13,Undirected,0.31149626045913625
12,13,Undirected,0.3869177052295601
