Source,Target,Type,Weight
0,4,Undirected,0.31154616792190964
0,12,Undirected,0.38256920657850946
2,4,Undirected,0.36114975064477434
2,12,Undirected,0.3939294184871746
4,6,Undirected,0.33587344911025213
4,12,Undirected,0.3882599586922827
6,11,Undirected,0.3113812819812689
6,12,Undirected,0.3639349747224958
6,13,Undirected,0.3260703334196779
11,12,Undirected,0.37550495668218775
12,13,Undirected,0.37796155434569767
