Source,Target,Type,Weight
2,4,Undirected,0.3288796914494655
2,12,Undirected,0.3884115074450793
2,13,Undirected,0.32295747857635815
4,6,Undirected,0.3056501463101104
4,8,Undirected,0.31408486131582436
4,12,Undirected,0.3607053971169739
6,8,Undirected,0.3683646366421773
6,12,Undirected,0.3729214625108172
8,11,Undirected,0.32629581745375613
8,12,Undirected,0.3893621421869018
8,13,Undirected,0.3202546947431948
11,12,Undirected,0.3899882379741421
11,13,Undirected,0.3103720309505953
12,13,Undirected,0.37634205703492846
