Source,Target,Type,Weight
0,2,Undirected,0.3112951731221964
0,12,Undirected,0.3448973001695663
2,4,Undirected,0.32613136014057
2,11,Undirected,0.30411868963203
2,12,Undirected,0.39588976524513464
2,13,Undirected,0.3516664840268713
4,6,Undirected,0.3166505899247032
4,12,Undirected,0.379004971707712
4,13,Undirected,0.36675088909221654
6,12,Undirected,0.3763520188646909
11,12,Undirected,0.3846177970315234
11,13,Undirected,0.34132927782596334
12,13,Undirected,0.38552037480085416
