Source,Target,Type,Weight
0,6,Undirected,0.3624782833429276
0,12,Undirected,0.40182292140687226
2,4,Undirected,0.3183179942350217
2,12,Undirected,0.40175656619393607
2,13,Undirected,0.3491824361810036
4,6,Undirected,0.3109792481995058
4,12,Undirected,0.3719059516777205
6,12,Undirected,0.3798269114576617
11,12,Undirected,0.38628349090236613
11,13,Undirected,0.34037936807802416
12,13,Undirected,0.3753274369258025
