Source,Target,Type,Weight
2,4,Undirected,0.3406649502534456
2,11,Undirected,0.32494097604605554
2,12,Undirected,0.3955658341146937
2,13,Undirected,0.31803759699291995
4,6,Undirected,0.3603677477917906
4,8,Undirected,0.34124716064945515
4,12,Undirected,0.3531761445711103
6,8,Undirected,0.3756824425435172
6,11,Undirected,0.3240642280579259
6,12,Undirected,0.37089995791642905
8,11,Undirected,0.30509935814482775
8,12,Undirected,0.3767262223403835
8,13,Undirected,0.3297871855277793
11,12,Undirected,0.40085394625200055
12,13,Undirected,0.39542673200193984
