Source,Target,Type,Weight
0,12,Undirected,0.3765761812088997
0,13,Undirected,0.3032516574965115
2,12,Undirected,0.38916081057973057
4,5,Undirected,0.33211437557481355
4,12,Undirected,0.3726730171682831
12,13,Undirected,0.36713133044475427
