Source,Target,Type,Weight
0,1,Undirected,0.3191050247334118
1,13,Undirected,0.3912524020074252
2,4,Undirected,0.3152191647778561
2,12,Undirected,0.38758276311325973
2,13,Undirected,0.34703681906303707
4,13,Undirected,0.3531540203216399
5,7,Undirected,0.3061826751710272
8,11,Undirected,0.3166523589532627
8,12,Undirected,0.3780452565068374
8,13,Undirected,0.3260649088009533
11,12,Undirected,0.38472659882491694
12,13,Undirected,0.38356735129177566
