Source,Target,Type,Weight
0,2,Undirected,0.30989463828777375
0,6,Undirected,0.35318735643856664
0,12,Undirected,0.38940389407236353
2,4,Undirected,0.31020010302275264
2,12,Undirected,0.38644660278260085
4,12,Undirected,0.3885502521456489
6,7,Undirected,0.3434806464240147
6,12,Undirected,0.35896260991577317
8,9,Undirected,0.32787941728621667
12,13,Undirected,0.38082021858077303
