Source,Target,Type,Weight
1,13,Undirected,0.3075389610937152
2,8,Undirected,0.327904127594713
2,12,Undirected,0.37822177591560185
2,13,Undirected,0.31213483187875696
6,11,Undirected,0.33965072443042177
6,12,Undirected,0.35395627598149504
8,12,Undirected,0.39737459969353023
11,12,Undirected,0.40408689724219604
11,13,Undirected,0.32653073934856314
12,13,Undirected,0.38088644394991117
