Source,Target,Type,Weight
0,1,Undirected,0.3102452357434007
2,12,Undirected,0.37699623192881704
4,5,Undirected,0.31420137469993287
8,11,Undirected,0.30448071072291144
8,12,Undirected,0.37832729577917823
8,13,Undirected,0.3155140731343818
11,12,Undirected,0.3753964020406337
11,13,Undirected,0.3035661296285413
12,13,Undirected,0.3909082122893417
