Source,Target,Type,Weight
0,2,Undirected,0.33141313595163396
0,3,Undirected,0.31670154107851334
0,7,Undirected,0.30678030417176344
0,12,Undirected,0.38395506385284806
2,4,Undirected,0.3347404074374981
2,12,Undirected,0.385581758322111
4,12,Undirected,0.36941136267154717
5,6,Undirected,0.3118399670606663
6,7,Undirected,0.3623831401238528
6,12,Undirected,0.37916977420512554
6,13,Undirected,0.3124841171007837
7,12,Undirected,0.38123780597820084
7,13,Undirected,0.31958861548458434
12,13,Undirected,0.39006853697514754
