Source,Target,Type,Weight
2,3,Undirected,0.3732539583943661
2,8,Undirected,0.36659285812800874
2,11,Undirected,0.3536857983266832
2,12,Undirected,0.3872418148008531
3,4,Undirected,0.34770250296155736
3,6,Undirected,0.3544698330343292
3,12,Undirected,0.3630345131301815
4,6,Undirected,0.31591826429580944
4,12,Undirected,0.3694216117117716
6,7,Undirected,0.3461517384900097
6,12,Undirected,0.34153169854594095
6,13,Undirected,0.32979081581063296
7,11,Undirected,0.35973802609052374
7,12,Undirected,0.38577840926963664
11,12,Undirected,0.39205749460702966
11,13,Undirected,0.35991255977191744
12,13,Undirected,0.35874818105018014
