Source,Target,Type,Weight
2,12,Undirected,0.3696781855880908
4,5,Undirected,0.3226308523660073
8,11,Undirected,0.3166256343848936
8,12,Undirected,0.3751005315506528
11,12,Undirected,0.39084606822350787
11,13,Undirected,0.32585088189725003
12,13,Undirected,0.3839880355290443
