Source,Target,Type,Weight
0,12,Undirected,0.3842804233851314
0,13,Undirected,0.37140242157371123
2,12,Undirected,0.39320242222885743
2,13,Undirected,0.3235586963828466
5,6,Undirected,0.3030945999235309
10,11,Undirected,0.31608722923050847
12,13,Undirected,0.35491591454880544
