Source,Target,Type,Weight
0,2,Undirected,0.3357367643133044
0,12,Undirected,0.3746446314653671
2,3,Undirected,0.33917778234402735
2,12,Undirected,0.3795676717211087
2,13,Undirected,0.3150359343270542
3,12,Undirected,0.3713061193523665
3,13,Undirected,0.3081361742693059
12,13,Undirected,0.3846385365940443
