Source,Target,Type,Weight
0,2,Undirected,0.3299916689830235
0,12,Undirected,0.39972107323714484
0,13,Undirected,0.3088014021541938
2,4,Undirected,0.30363733185690667
2,12,Undirected,0.3870343835839924
4,6,Undirected,0.32830498496630267
4,8,Undirected,0.3281106965565268
4,12,Undirected,0.37861348143624024
6,12,Undirected,0.3524934752673659
6,13,Undirected,0.37315453581214303
8,11,Undirected,0.31615656258854513
8,12,Undirected,0.37985257282108215
11,12,Undirected,0.3613429646566892
11,13,Undirected,0.36174882616960424
12,13,Undirected,0.3581354772543673
