Source,Target,Type,Weight
0,2,Undirected,0.31090829492725464
0,11,Undirected,0.3348453236898909
0,12,Undirected,0.3882304537033566
2,4,Undirected,0.3327480121849615
2,11,Undirected,0.3132747928868921
2,12,Undirected,0.3933107878998839
2,13,Undirected,0.3721358419184989
4,6,Undirected,0.3287963406381087
4,12,Undirected,0.3746790357171698
4,13,Undirected,0.31028220984520527
6,11,Undirected,0.30632632680298394
6,12,Undirected,0.3717981822921833
8,11,Undirected,0.3518163024588952
11,12,Undirected,0.3945764626516796
11,13,Undirected,0.3317192258009818
12,13,Undirected,0.38387209730351685
