Source,Target,Type,Weight
0,4,Undirected,0.30601825849562286
0,6,Undirected,0.30521847190356144
0,11,Undirected,0.32858151987472506
0,12,Undirected,0.3889343313341233
2,4,Undirected,0.30895999331740126
2,11,Undirected,0.3335559264114759
2,12,Undirected,0.36988226620686065
4,6,Undirected,0.335850346836037
4,12,Undirected,0.3880921168048547
4,13,Undirected,0.3922620554556994
6,11,Undirected,0.3214238612101321
6,12,Undirected,0.38554053847855074
6,13,Undirected,0.30809495718018204
11,12,Undirected,0.3866073579855548
12,13,Undirected,0.3810772255990833
