Source,Target,Type,Weight
0,4,Undirected,0.341028827449969
0,12,Undirected,0.3839627965735132
4,11,Undirected,0.3139703145142208
4,12,Undirected,0.3767040265789706
4,13,Undirected,0.34834525572203234
11,12,Undirected,0.37482284559284873
11,13,Undirected,0.3114173943930518
12,13,Undirected,0.37995380734313955
