Source,Target,Type,Weight
2,12,Undirected,0.3887902307081235
2,13,Undirected,0.30493461720356546
8,9,Undirected,0.31257165375830853
8,11,Undirected,0.3088920512311225
8,12,Undirected,0.39270674525600346
11,12,Undirected,0.375118881886899
11,13,Undirected,0.31690993949906926
12,13,Undirected,0.3854259985637168
