Source,Target,Type,Weight
2,12,Undirected,0.38852826083492875
2,13,Undirected,0.3088805181511225
8,11,Undirected,0.31995818417591143
8,12,Undirected,0.3863002121642038
11,12,Undirected,0.3730253390713765
11,13,Undirected,0.3316804287461475
12,13,Undirected,0.37631943382116434
