Source,Target,Type,Weight
0,2,Undirected,0.36024202318007437
0,4,Undirected,0.32223183999098987
0,6,Undirected,0.3161123858612892
0,7,Undirected,0.3520888630041278
0,8,Undirected,0.315691516025339
0,12,Undirected,0.38407622215798015
2,4,Undirected,0.3114734522658831
2,12,Undirected,0.3819021372495406
4,6,Undirected,0.31551993563077485
4,12,Undirected,0.38349563208738896
5,6,Undirected,0.3258088897278209
6,7,Undirected,0.3611430649714206
6,12,Undirected,0.36920607873026257
6,13,Undirected,0.3323747939647521
7,8,Undirected,0.37709527142058774
7,12,Undirected,0.37791374117848464
7,13,Undirected,0.34244113933682596
12,13,Undirected,0.37233434941108146
