Source,Target,Type,Weight
2,12,Undirected,0.39014614723256763
7,8,Undirected,0.33614828434544913
11,12,Undirected,0.40287853813909347
11,13,Undirected,0.3480097219932426
12,13,Undirected,0.38553830584097837
