Source,Target,Type,Weight
2,4,Undirected,0.34801587248905747
2,12,Undirected,0.35856799996306865
2,13,Undirected,0.3831391529237409
4,6,Undirected,0.34837734289416133
4,12,Undirected,0.37069340980694937
4,13,Undirected,0.3142278092881825
6,8,Undirected,0.37017521857421204
6,11,Undirected,0.3047829875694759
6,12,Undirected,0.3760087581996062
6,13,Undirected,0.32233589746249963
8,11,Undirected,0.3333981958058145
8,12,Undirected,0.38698110554536763
11,12,Undirected,0.3806632371945465
11,13,Undirected,0.32358423257616714
12,13,Undirected,0.3706094599293207
