Source,Target,Type,Weight
0,2,Undirected,0.33346281841045644
0,4,Undirected,0.31183980476704115
0,6,Undirected,0.33552652367318436
0,7,Undirected,0.3141392720975418
0,12,Undirected,0.37922812326968236
2,4,Undirected,0.33879490807320284
2,9,Undirected,0.31196284861683066
2,12,Undirected,0.4062022215539837
4,6,Undirected,0.3658682408037562
4,12,Undirected,0.3908032054348456
5,6,Undirected,0.3120705249101132
6,7,Undirected,0.3462113692558687
6,12,Undirected,0.379102122745708
7,9,Undirected,0.32133068146202676
7,12,Undirected,0.3355877853299559
9,12,Undirected,0.36066157082096495
9,13,Undirected,0.3189535553177392
12,13,Undirected,0.38110859671974145
