Source,Target,Type,Weight
0,2,Undirected,0.3239486931502175
0,11,Undirected,0.3142430647521556
0,12,Undirected,0.36168718550845014
2,4,Undirected,0.32430296732718183
2,12,Undirected,0.39693227845705414
2,13,Undirected,0.34494523671652055
4,6,Undirected,0.3509938036593933
4,12,Undirected,0.40367550999077406
4,13,Undirected,0.3789824038953025
6,12,Undirected,0.35897806335700444
11,12,Undirected,0.38242528499514433
11,13,Undirected,0.3139761197819664
12,13,Undirected,0.38554355080831887
