Source,Target,Type,Weight
0,2,Undirected,0.3096272554404335
0,12,Undirected,0.3731082629395313
2,3,Undirected,0.3146816090333635
2,12,Undirected,0.3795645116071899
2,13,Undirected,0.33552346386148635
3,4,Undirected,0.327687526572876
3,12,Undirected,0.3383053517656864
3,13,Undirected,0.3273815967898635
4,5,Undirected,0.32348717656037124
4,12,Undirected,0.38329664223944526
12,13,Undirected,0.3826000211263096
