Source,Target,Type,Weight
2,12,Undirected,0.3745165746843002
2,13,Undirected,0.3154224850903363
8,11,Undirected,0.30738396510059757
8,12,Undirected,0.36999339899872613
11,12,Undirected,0.3924038956127859
12,13,Undirected,0.3691317996317574
