Source,Target,Type,Weight
0,2,Undirected,0.3075990451773337
0,11,Undirected,0.31994788446553546
0,12,Undirected,0.387276819515121
0,13,Undirected,0.3233064467828291
2,4,Undirected,0.3400080821051087
2,12,Undirected,0.3955163353663763
4,6,Undirected,0.3266231699058733
4,12,Undirected,0.3955443097756962
6,11,Undirected,0.31319511731794186
6,12,Undirected,0.3911871202255477
6,13,Undirected,0.3449653797144627
11,12,Undirected,0.39529089425679437
11,13,Undirected,0.31336553577102694
12,13,Undirected,0.3693357325794523
