Source,Target,Type,Weight
2,4,Undirected,0.3037381708929849
2,6,Undirected,0.32865237453719515
2,12,Undirected,0.38620388908777775
4,12,Undirected,0.37876610847114833
6,12,Undirected,0.3568400184515627
6,13,Undirected,0.3491920295411363
11,12,Undirected,0.37732639633258847
12,13,Undirected,0.37806737205884405
