Source,Target,Type,Weight
0,2,Undirected,0.31036934382878917
0,11,Undirected,0.34288866605375196
0,12,Undirected,0.3773503629507307
2,4,Undirected,0.3430053728706831
2,12,Undirected,0.37806396425508365
4,12,Undirected,0.38757574343495294
4,13,Undirected,0.36088832322649667
6,12,Undirected,0.37106074011609275
6,13,Undirected,0.3052301773772571
11,12,Undirected,0.38516871811844117
11,13,Undirected,0.3236977838804785
12,13,Undirected,0.3725722159440468
