Source,Target,Type,Weight
0,2,Undirected,0.32244292236038785
0,11,Undirected,0.3182244091841679
0,12,Undirected,0.3782157051119623
0,13,Undirected,0.3522850463149027
2,4,Undirected,0.3125414446937491
2,11,Undirected,0.3063883551059783
2,12,Undirected,0.39013399024382256
4,6,Undirected,0.349697705160502
4,12,Undirected,0.32952927711199287
4,13,Undirected,0.3059897492838688
6,8,Undirected,0.3484387850552693
6,12,Undirected,0.3582363578766101
8,9,Undirected,0.31327034720446273
8,12,Undirected,0.391025596802213
11,12,Undirected,0.38210827948766585
12,13,Undirected,0.3248842190059759
