Source,Target,Type,Weight
0,2,Undirected,0.3324685602578577
0,4,Undirected,0.3092464474257947
0,7,Undirected,0.3200449037611402
0,12,Undirected,0.38326326386329695
2,4,Undirected,0.3161432177232992
2,12,Undirected,0.3864510891482835
2,13,Undirected,0.3292077554595353
3,4,Undirected,0.318132785401843
4,6,Undirected,0.31587013391727164
4,12,Undirected,0.37450630850957917
5,6,Undirected,0.31887319566318273
6,7,Undirected,0.36185147203088264
6,12,Undirected,0.39914850683694497
7,12,Undirected,0.3260117114755189
7,13,Undirected,0.33198244055736714
12,13,Undirected,0.3765690136151165
