Source,Target,Type,Weight
2,4,Undirected,0.335528751465932
2,6,Undirected,0.34078920213656255
2,12,Undirected,0.3897802454842808
4,6,Undirected,0.3490557951129406
4,8,Undirected,0.35913934392891717
4,12,Undirected,0.3929061689291638
4,13,Undirected,0.3280959641645674
6,12,Undirected,0.37721865206538774
7,10,Undirected,0.3107880157742014
7,13,Undirected,0.3951163615303253
12,13,Undirected,0.3767020642746891
