Source,Target,Type,Weight
0,2,Undirected,0.3254893296670712
0,6,Undirected,0.31750990954272956
0,12,Undirected,0.38047545825419055
2,4,Undirected,0.3193925858316783
2,12,Undirected,0.38407762897145625
2,13,Undirected,0.3822082820372394
4,6,Undirected,0.3283901179746422
4,12,Undirected,0.3776574115792859
4,13,Undirected,0.31196530816390633
6,12,Undirected,0.37511368188354594
11,12,Undirected,0.3736689897975447
12,13,Undirected,0.36905147798187643
