Source,Target,Type,Weight
0,2,Undirected,0.3111523412071524
0,4,Undirected,0.34183473545506526
0,6,Undirected,0.34507390866767934
0,12,Undirected,0.40466541352331614
2,4,Undirected,0.3271085311738976
2,11,Undirected,0.32570399457789523
2,12,Undirected,0.38670866002345533
2,13,Undirected,0.32096626341155676
4,6,Undirected,0.3108246586882757
4,12,Undirected,0.3732617311290002
6,12,Undirected,0.376214254724156
8,11,Undirected,0.3659570168655218
11,12,Undirected,0.40271750281781005
11,13,Undirected,0.3163246136183337
12,13,Undirected,0.3603326400683019
