Source,Target,Type,Weight
8,11,Undirected,0.3334060403644848
8,12,Undirected,0.39470304371720455
11,12,Undirected,0.3887750949853131
11,13,Undirected,0.33699834654594096
12,13,Undirected,0.36359538390427715
