Source,Target,Type,Weight
0,2,Undirected,0.3260998678046214
0,12,Undirected,0.3689962182828333
0,13,Undirected,0.3762828034894695
2,4,Undirected,0.3359946334475317
2,12,Undirected,0.4116623722027709
4,6,Undirected,0.3232509817246957
4,12,Undirected,0.3679933236074559
6,11,Undirected,0.30441735337658493
6,12,Undirected,0.375746286974822
11,12,Undirected,0.38644040749647424
12,13,Undirected,0.35287701806373906
