Source,Target,Type,Weight
0,2,Undirected,0.32119821992197456
0,11,Undirected,0.30541276120674005
0,12,Undirected,0.3925803388226326
2,4,Undirected,0.31570094945033705
2,12,Undirected,0.3818965388513778
4,6,Undirected,0.3606097560136819
4,12,Undirected,0.3703347843388877
6,11,Undirected,0.31035829726129766
6,12,Undirected,0.3646767084895784
11,12,Undirected,0.3927400236376027
11,13,Undirected,0.3490854565676034
12,13,Undirected,0.37435365305733015
