Source,Target,Type,Weight
0,2,Undirected,0.3086520360212176
0,12,Undirected,0.3896602045112581
2,12,Undirected,0.3443692927944101
5,6,Undirected,0.32067583842167363
7,8,Undirected,0.3060664035688521
8,9,Undirected,0.32165650449446725
12,13,Undirected,0.37972316620538565
