Source,Target,Type,Weight
0,2,Undirected,0.35226773767110287
0,4,Undirected,0.3203761251689224
0,11,Undirected,0.30634934952957166
0,12,Undirected,0.4005710349875444
2,4,Undirected,0.3329230966080897
2,11,Undirected,0.3161930760846072
2,12,Undirected,0.40219663611926215
2,13,Undirected,0.3369436604998021
4,6,Undirected,0.3354327684785148
4,12,Undirected,0.3903941699405804
6,12,Undirected,0.368418898291254
11,12,Undirected,0.3895886496548712
11,13,Undirected,0.33535051423081574
12,13,Undirected,0.37141396541035304
