Source,Target,Type,Weight
0,12,Undirected,0.36852510582028014
11,12,Undirected,0.3877707056305144
11,13,Undirected,0.33776856654291304
12,13,Undirected,0.37098945374833614
