Source,Target,Type,Weight
0,3,Undirected,0.30550777334918305
2,12,Undirected,0.3794530138861233
6,12,Undirected,0.3758812158060486
6,13,Undirected,0.3843858286832037
8,11,Undirected,0.3196961627884022
8,12,Undirected,0.37759254217854926
11,12,Undirected,0.3929661349391373
12,13,Undirected,0.38038198320817795
