Source,Target,Type,Weight
0,9,Undirected,0.3596655335822569
2,12,Undirected,0.38289085744995094
2,13,Undirected,0.36045006413982045
8,9,Undirected,0.3405674169460202
11,12,Undirected,0.39989134879563154
12,13,Undirected,0.3642052638521041
