Source,Target,Type,Weight
0,12,Undirected,0.4021898869903399
4,11,Undirected,0.34065471299484046
4,12,Undirected,0.35582727153031624
4,13,Undirected,0.3735478200958792
11,12,Undirected,0.3842804585927504
12,13,Undirected,0.35940304687256325
