Source,Target,Type,Weight
0,2,Undirected,0.33462082007592164
0,12,Undirected,0.39492093538445083
2,3,Undirected,0.33267390310833234
2,12,Undirected,0.40221379921032185
3,4,Undirected,0.33018959570372125
3,12,Undirected,0.36682232017629285
4,5,Undirected,0.3308517568934877
4,12,Undirected,0.3633101059239855
12,13,Undirected,0.37789150740934413
