Source,Target,Type,Weight
0,12,Undirected,0.38348048505576793
2,12,Undirected,0.3930231361778937
2,13,Undirected,0.3619685762591542
3,8,Undirected,0.32142053595020476
7,8,Undirected,0.3098336770263087
10,13,Undirected,0.35363942707819984
11,12,Undirected,0.38515973420211136
11,13,Undirected,0.30474704667821095
12,13,Undirected,0.3788503384973016
