Source,Target,Type,Weight
2,4,Undirected,0.3463361259786032
2,12,Undirected,0.3754626028217631
2,13,Undirected,0.3830546144780862
4,6,Undirected,0.3164588631786585
4,8,Undirected,0.3303784954154051
4,12,Undirected,0.35031693282921644
4,13,Undirected,0.3154935205155967
6,8,Undirected,0.3910399239233546
6,11,Undirected,0.31737555943414086
6,12,Undirected,0.36176342835102
6,13,Undirected,0.3068163447376764
8,12,Undirected,0.3961832391309235
11,12,Undirected,0.3729836753658759
12,13,Undirected,0.3821499872808127
