Source,Target,Type,Weight
0,2,Undirected,0.3114993372763786
0,12,Undirected,0.3963812279745102
2,4,Undirected,0.3305718581103048
2,12,Undirected,0.3823844583379753
4,12,Undirected,0.3880570363639711
12,13,Undirected,0.3755156474999848
