Source,Target,Type,Weight
0,4,Undirected,0.3109159926441155
0,12,Undirected,0.40382393743705153
4,12,Undirected,0.3745104884802173
4,13,Undirected,0.37092767469966675
11,12,Undirected,0.3831756951567691
11,13,Undirected,0.31013922792760307
12,13,Undirected,0.3867151848099991
