Source,Target,Type,Weight
0,4,Undirected,0.3414354472060939
0,12,Undirected,0.40707288832899663
0,13,Undirected,0.31316909001704385
4,12,Undirected,0.3732874432500033
4,13,Undirected,0.3381867216584752
11,12,Undirected,0.38228976429998696
12,13,Undirected,0.38257157943636166
