Source,Target,Type,Weight
2,12,Undirected,0.37170361824675485
2,13,Undirected,0.3409176180347792
4,5,Undirected,0.3103285833713077
4,12,Undirected,0.37947213588062456
11,12,Undirected,0.3902291253016404
12,13,Undirected,0.386247100478943
