Source,Target,Type,Weight
0,2,Undirected,0.3352912421704098
0,4,Undirected,0.31178699875546984
0,6,Undirected,0.3055451848833261
0,12,Undirected,0.3853430324206737
2,12,Undirected,0.38970734300736004
2,13,Undirected,0.3800164607502434
4,6,Undirected,0.33622640232882034
4,12,Undirected,0.3625281610981197
4,13,Undirected,0.30879831019906623
6,11,Undirected,0.34234102170859376
6,12,Undirected,0.36921205875028573
8,9,Undirected,0.30669335695056876
8,11,Undirected,0.3117992366601749
8,12,Undirected,0.364195681685133
8,13,Undirected,0.3405515170657207
11,12,Undirected,0.39384130923119093
12,13,Undirected,0.37584978998204405
