Source,Target,Type,Weight
0,2,Undirected,0.303314442759406
0,12,Undirected,0.35028750055328717
2,4,Undirected,0.3115193496387113
2,12,Undirected,0.39641764231203047
2,13,Undirected,0.3650415776938686
4,6,Undirected,0.3539367418948538
4,12,Undirected,0.39070611611961376
4,13,Undirected,0.3725331349713004
6,11,Undirected,0.3051663967611925
6,12,Undirected,0.37612593081954626
6,13,Undirected,0.3030887739329017
11,12,Undirected,0.38745111486196876
12,13,Undirected,0.3736497824364904
