Source,Target,Type,Weight
2,8,Undirected,0.31604350052862246
2,12,Undirected,0.3706110317976946
2,13,Undirected,0.3453945583301046
8,11,Undirected,0.30363735383805923
8,12,Undirected,0.3978538695883251
8,13,Undirected,0.31220260465584354
11,12,Undirected,0.3871745048282534
12,13,Undirected,0.37645602483891155
