Source,Target,Type,Weight
0,4,Undirected,0.3170448542111337
0,12,Undirected,0.3791550355081792
3,5,Undirected,0.3289333130163375
4,11,Undirected,0.30815940193490093
4,12,Undirected,0.3638867611645233
11,12,Undirected,0.39384130923119093
11,13,Undirected,0.38567220349069653
12,13,Undirected,0.38753277135606773
