Source,Target,Type,Weight
2,8,Undirected,0.3040089818937865
2,12,Undirected,0.3865290118577658
2,13,Undirected,0.32417751521182003
6,11,Undirected,0.3044128904071819
6,12,Undirected,0.3736308765988621
8,12,Undirected,0.39367252480384207
11,12,Undirected,0.36926344940665057
11,13,Undirected,0.3417595871934674
12,13,Undirected,0.38101685246023753
