Source,Target,Type,Weight
1,2,Undirected,0.3449917677638348
1,8,Undirected,0.31204477703993044
1,12,Undirected,0.37310869441259076
2,12,Undirected,0.35597790754479275
2,13,Undirected,0.3214568219513498
8,11,Undirected,0.32566876638174136
8,12,Undirected,0.39279449468272154
11,12,Undirected,0.36991870492328405
11,13,Undirected,0.3270331896695567
12,13,Undirected,0.3786761380000235
