Source,Target,Type,Weight
0,2,Undirected,0.3297512759639671
0,12,Undirected,0.3812605045836117
2,4,Undirected,0.33063677098654265
2,12,Undirected,0.39108783444141293
4,6,Undirected,0.36503639916735264
4,12,Undirected,0.36595669756481936
4,13,Undirected,0.3059748828439683
6,11,Undirected,0.31184117267574163
6,12,Undirected,0.38578994147253093
11,12,Undirected,0.3776167805992148
11,13,Undirected,0.3045585125667753
12,13,Undirected,0.36204546906263435
