Source,Target,Type,Weight
2,11,Undirected,0.3160035455529341
2,12,Undirected,0.3685698601478057
2,13,Undirected,0.3086991731156492
4,8,Undirected,0.3323654966225824
10,11,Undirected,0.30316667674980596
11,12,Undirected,0.3848978286875476
11,13,Undirected,0.33690471428390123
12,13,Undirected,0.37800219142467656
