Source,Target,Type,Weight
0,2,Undirected,0.31584734669429915
0,6,Undirected,0.33313164735718037
0,11,Undirected,0.3214819781558328
0,12,Undirected,0.40501447672137025
2,12,Undirected,0.38698963904344647
2,13,Undirected,0.36215707014233967
4,6,Undirected,0.3379979961733406
4,12,Undirected,0.37592349570246797
6,12,Undirected,0.37870909827357646
8,11,Undirected,0.34535775737601143
11,12,Undirected,0.39685693918499404
11,13,Undirected,0.3165444843706357
12,13,Undirected,0.359512377463722
