Source,Target,Type,Weight
0,2,Undirected,0.33340206503523995
0,12,Undirected,0.3697697657985994
2,4,Undirected,0.3416931845297037
2,8,Undirected,0.3187934580175874
2,11,Undirected,0.315256741619525
2,12,Undirected,0.38558048225323005
4,6,Undirected,0.30664326579335965
4,12,Undirected,0.3626570546167419
4,13,Undirected,0.3499884263528025
6,11,Undirected,0.33100802711259597
6,12,Undirected,0.36962892703371725
6,13,Undirected,0.35803242237729954
8,9,Undirected,0.3148173737472299
8,11,Undirected,0.33040035649772964
8,12,Undirected,0.3762566433324916
8,13,Undirected,0.3591435569315163
11,12,Undirected,0.3919068230106447
12,13,Undirected,0.3667508570234388
