Source,Target,Type,Weight
0,2,Undirected,0.3189420105228027
0,12,Undirected,0.37810186248997457
2,12,Undirected,0.39543929565241576
6,7,Undirected,0.31035409471965675
6,13,Undirected,0.3631326081654587
11,12,Undirected,0.39276433329060123
11,13,Undirected,0.33339655273555335
12,13,Undirected,0.36653391189177387
