Source,Target,Type,Weight
1,8,Undirected,0.32110526926637434
1,12,Undirected,0.3835218266532008
1,13,Undirected,0.3389968811961051
4,8,Undirected,0.34725331278334404
4,12,Undirected,0.37479206534956255
8,11,Undirected,0.3188189503377039
8,12,Undirected,0.37649069500764104
11,12,Undirected,0.3814904499232754
12,13,Undirected,0.3786741550960033
