Source,Target,Type,Weight
0,2,Undirected,0.31053801068102255
0,12,Undirected,0.40292006535785096
0,13,Undirected,0.3283869298321504
2,12,Undirected,0.38583827777367397
2,13,Undirected,0.312607227351761
7,8,Undirected,0.31077795257667673
12,13,Undirected,0.368770286830439
