Source,Target,Type,Weight
0,2,Undirected,0.3195246573414992
0,11,Undirected,0.31595303292550925
0,12,Undirected,0.3784487181407442
2,4,Undirected,0.3290133006969101
2,12,Undirected,0.3870334907346155
2,13,Undirected,0.35435830817915276
4,6,Undirected,0.31563837146920215
4,12,Undirected,0.40208355062549467
6,11,Undirected,0.3159039878142505
6,12,Undirected,0.39542662016293906
6,13,Undirected,0.30665344413974666
11,12,Undirected,0.3847373976905688
11,13,Undirected,0.3263358786050051
12,13,Undirected,0.3791908559608614
