Source,Target,Type,Weight
0,1,Undirected,0.3126497072829877
0,2,Undirected,0.3164541356592007
0,6,Undirected,0.3130372193980344
0,12,Undirected,0.38403103375785497
2,3,Undirected,0.31108435448852767
2,11,Undirected,0.308933618409636
2,12,Undirected,0.3907631188462647
2,13,Undirected,0.32799274620839636
4,6,Undirected,0.32691440732235194
4,12,Undirected,0.33243314468551716
6,12,Undirected,0.3685026032286009
11,12,Undirected,0.395132665079342
12,13,Undirected,0.3599502113545848
