Source,Target,Type,Weight
0,2,Undirected,0.33264321873782865
0,11,Undirected,0.3121332755648317
0,12,Undirected,0.3881165368226867
2,12,Undirected,0.40173286222059607
4,6,Undirected,0.32031390625960576
4,12,Undirected,0.3949268849730289
4,13,Undirected,0.3465522042146749
6,11,Undirected,0.3197859099304474
6,12,Undirected,0.37027642654235793
6,13,Undirected,0.3181652194005122
8,9,Undirected,0.3108094108698935
11,12,Undirected,0.3766164870998897
12,13,Undirected,0.37068345043983875
