Source,Target,Type,Weight
0,4,Undirected,0.3074462196861417
0,11,Undirected,0.3084611588106088
0,12,Undirected,0.38261366765907306
2,4,Undirected,0.3313348040878095
2,12,Undirected,0.40742018266137997
4,6,Undirected,0.31729404861085736
4,12,Undirected,0.3738715695379687
4,13,Undirected,0.31971266058794207
6,11,Undirected,0.32252005704054315
6,12,Undirected,0.3748900840089774
8,9,Undirected,0.303700650773041
8,11,Undirected,0.35636656161100677
8,12,Undirected,0.3925374621962068
8,13,Undirected,0.3843594455215015
11,12,Undirected,0.39290370294736043
12,13,Undirected,0.35184923891482595
