Source,Target,Type,Weight
2,12,Undirected,0.38355830162012833
2,13,Undirected,0.33471981138301643
4,5,Undirected,0.3366620920114126
8,11,Undirected,0.3402363148766753
8,12,Undirected,0.37692654230549993
8,13,Undirected,0.3345150039522388
11,12,Undirected,0.3728124742510048
12,13,Undirected,0.3962736349839853
