Source,Target,Type,Weight
2,4,Undirected,0.32863826296003573
2,12,Undirected,0.3673150437011043
2,13,Undirected,0.3362393132108343
4,6,Undirected,0.30843350812906795
4,8,Undirected,0.3244940514896207
4,12,Undirected,0.3689556768917922
4,13,Undirected,0.3595421784242325
6,8,Undirected,0.3834773646353988
6,11,Undirected,0.31816005461579305
6,12,Undirected,0.35698555802739684
6,13,Undirected,0.3276769024292817
8,11,Undirected,0.34123305724530334
8,12,Undirected,0.37757027820879746
11,12,Undirected,0.37382168696690377
11,13,Undirected,0.311967350081508
12,13,Undirected,0.35490267072403103
