Source,Target,Type,Weight
2,4,Undirected,0.31932574011357245
2,12,Undirected,0.392709944148222
2,13,Undirected,0.3106472363028311
4,5,Undirected,0.31476397977221415
4,12,Undirected,0.3747316918106154
4,13,Undirected,0.32573396856949394
5,6,Undirected,0.3246310549868431
5,13,Undirected,0.32788831154292714
7,10,Undirected,0.33656502749017
11,12,Undirected,0.3841439719274671
11,13,Undirected,0.3514574707789406
12,13,Undirected,0.3904077240395354
