Source,Target,Type,Weight
2,7,Undirected,0.3162198707241506
2,8,Undirected,0.3501519009808134
2,11,Undirected,0.33923873841776575
2,12,Undirected,0.3973106462726125
3,6,Undirected,0.33690671685789864
3,12,Undirected,0.3867550514026969
6,7,Undirected,0.36464062941069947
6,12,Undirected,0.38269252947814525
6,13,Undirected,0.37612859544894073
7,8,Undirected,0.30785127530661976
7,12,Undirected,0.3862758778712566
7,13,Undirected,0.30732898663596825
10,11,Undirected,0.32326588017169616
10,13,Undirected,0.37171643264585846
11,12,Undirected,0.38816628415840143
11,13,Undirected,0.3264452971740557
12,13,Undirected,0.3817936410205622
