Source,Target,Type,Weight
0,4,Undirected,0.3082458912529405
0,12,Undirected,0.3964579231628735
4,11,Undirected,0.3192655081076448
4,12,Undirected,0.3769537442795978
4,13,Undirected,0.3572089575449515
11,12,Undirected,0.3895505122812362
11,13,Undirected,0.31624986512853
12,13,Undirected,0.37229997782694474
