Source,Target,Type,Weight
2,4,Undirected,0.32095833017040626
2,6,Undirected,0.31046181215283297
2,12,Undirected,0.39050270180539015
4,12,Undirected,0.370609165205485
6,7,Undirected,0.32514503719981885
6,12,Undirected,0.38460132689761184
10,13,Undirected,0.35356659956637704
12,13,Undirected,0.3855693524549859
