Source,Target,Type,Weight
2,4,Undirected,0.3152661490783606
2,6,Undirected,0.34545509503980065
2,12,Undirected,0.3966070897693
3,4,Undirected,0.33346313654921994
4,6,Undirected,0.3486184605113897
4,12,Undirected,0.38813086705797123
6,7,Undirected,0.36616982692963795
6,12,Undirected,0.3634804062816717
7,8,Undirected,0.31541162143662965
9,10,Undirected,0.3378572365844996
12,13,Undirected,0.3636243524656912
