Source,Target,Type,Weight
2,4,Undirected,0.35291674561982467
2,12,Undirected,0.3905051740978462
4,8,Undirected,0.37576931264106006
4,12,Undirected,0.3764745418343393
12,13,Undirected,0.3823568155176389
