Source,Target,Type,Weight
0,6,Undirected,0.30931158014313437
0,11,Undirected,0.3166697156060573
0,12,Undirected,0.4112797403614646
2,4,Undirected,0.3396355425750152
2,12,Undirected,0.3783985285207368
4,6,Undirected,0.3804230734450835
4,12,Undirected,0.3864743415853846
4,13,Undirected,0.3100080630253781
6,12,Undirected,0.3678404786034792
6,13,Undirected,0.36354729178631623
8,11,Undirected,0.33957719307733736
11,12,Undirected,0.3799961133400769
12,13,Undirected,0.35613142283890215
