Source,Target,Type,Weight
2,12,Undirected,0.38344420015945513
2,13,Undirected,0.30840706428931514
6,8,Undirected,0.3186927644509931
6,12,Undirected,0.3774285981415553
6,13,Undirected,0.34073297447669315
8,12,Undirected,0.3815582970451662
8,13,Undirected,0.3205521963532608
11,12,Undirected,0.37325834297410343
12,13,Undirected,0.3720871806095063
