Source,Target,Type,Weight
2,11,Undirected,0.3203101391583296
2,12,Undirected,0.3923825671653855
4,8,Undirected,0.3783835083658734
11,12,Undirected,0.3742061631945219
11,13,Undirected,0.3072546922353781
12,13,Undirected,0.3804646212143271
