Source,Target,Type,Weight
0,2,Undirected,0.3261256545561055
0,6,Undirected,0.3087431428510017
0,12,Undirected,0.3926735460382448
2,4,Undirected,0.32155034604405214
2,12,Undirected,0.37815374631329074
4,12,Undirected,0.3363920548896864
4,13,Undirected,0.3032811938145244
6,12,Undirected,0.3620692840231977
6,13,Undirected,0.3489214665818357
11,12,Undirected,0.40128939076936737
11,13,Undirected,0.3186570513261258
12,13,Undirected,0.3866482003448423
