Source,Target,Type,Weight
0,2,Undirected,0.32409843378458875
0,12,Undirected,0.3811572564119108
0,13,Undirected,0.31103607104337994
2,3,Undirected,0.345580616985597
2,12,Undirected,0.39649097830980984
2,13,Undirected,0.3162832519192983
3,12,Undirected,0.371795051353461
8,10,Undirected,0.3058962888367689
12,13,Undirected,0.37698342363861687
