Source,Target,Type,Weight
0,1,Undirected,0.3174058455501889
0,12,Undirected,0.38015661063373424
0,13,Undirected,0.34268093839404423
11,12,Undirected,0.3985907218530673
11,13,Undirected,0.31811304830326215
12,13,Undirected,0.372230989418366
