Source,Target,Type,Weight
0,2,Undirected,0.3102821639376909
0,12,Undirected,0.36586543233977625
2,4,Undirected,0.3324166252695042
2,11,Undirected,0.3084143665088333
2,12,Undirected,0.3857327485163379
2,13,Undirected,0.33108806012009717
4,6,Undirected,0.3114997074239022
4,12,Undirected,0.39630531136294295
4,13,Undirected,0.35038260276810596
6,12,Undirected,0.3498166431429106
11,12,Undirected,0.37561673606803814
12,13,Undirected,0.36860205630590315
