Source,Target,Type,Weight
0,12,Undirected,0.37601998337706916
2,3,Undirected,0.34721795428777297
2,12,Undirected,0.3861634605177401
3,12,Undirected,0.3789699739113354
8,13,Undirected,0.36699021412860666
11,13,Undirected,0.3663669471170959
12,13,Undirected,0.37943358489265405
