Source,Target,Type,Weight
0,2,Undirected,0.3346391612255841
0,6,Undirected,0.33704259567310135
0,12,Undirected,0.3931924698881301
2,4,Undirected,0.31522544275668346
2,12,Undirected,0.3964263347890596
4,12,Undirected,0.3749843991332892
6,12,Undirected,0.37630967628947154
6,13,Undirected,0.3039033608087272
8,11,Undirected,0.3624565757681552
8,13,Undirected,0.32162029671117626
11,12,Undirected,0.384382446927404
11,13,Undirected,0.325532553301898
12,13,Undirected,0.3819851588484082
