Source,Target,Type,Weight
2,6,Undirected,0.36224780842573623
2,12,Undirected,0.3780152734499838
6,12,Undirected,0.40915939446847616
6,13,Undirected,0.3617304815099609
8,11,Undirected,0.333851001014773
11,12,Undirected,0.3845223815410364
11,13,Undirected,0.3116131759580445
12,13,Undirected,0.37362175721334356
