Source,Target,Type,Weight
0,4,Undirected,0.3249324423464898
0,6,Undirected,0.33553645502549423
0,11,Undirected,0.3650562880522273
0,12,Undirected,0.40282676688777314
2,4,Undirected,0.3204896641551492
2,12,Undirected,0.371518846571623
2,13,Undirected,0.30882466200729136
4,6,Undirected,0.3218618442559422
4,12,Undirected,0.37832671565134407
6,12,Undirected,0.3748975564332325
6,13,Undirected,0.31795579400595947
11,12,Undirected,0.3750716510201406
11,13,Undirected,0.33287120445008767
12,13,Undirected,0.37684103240849554
