Source,Target,Type,Weight
0,2,Undirected,0.30996018179761065
0,12,Undirected,0.3825036156921633
2,4,Undirected,0.3376721407345101
2,12,Undirected,0.3839596331501403
2,13,Undirected,0.3385257296419862
4,6,Undirected,0.3419887282357767
4,12,Undirected,0.391025924892478
6,12,Undirected,0.37095080252316703
11,12,Undirected,0.4004972910623199
11,13,Undirected,0.3243736944112391
12,13,Undirected,0.3668717640826911
