Source,Target,Type,Weight
0,2,Undirected,0.32426267671576176
0,11,Undirected,0.31018679745730343
0,12,Undirected,0.3863276808681998
2,4,Undirected,0.33073800879711956
2,11,Undirected,0.3162392305312653
2,12,Undirected,0.3914323406815991
2,13,Undirected,0.3238281401698994
4,6,Undirected,0.3442780764113886
4,12,Undirected,0.38208631518670266
4,13,Undirected,0.37491364158583235
6,11,Undirected,0.3112471013782409
6,12,Undirected,0.39967806997499383
6,13,Undirected,0.3450531852624431
11,12,Undirected,0.39748633230386715
11,13,Undirected,0.3148016135528109
12,13,Undirected,0.3783678750166663
