Source,Target,Type,Weight
0,2,Undirected,0.33874196283105407
0,4,Undirected,0.3285192383260957
0,12,Undirected,0.39617122688660983
2,4,Undirected,0.3039714168723072
2,12,Undirected,0.38216997404093134
2,13,Undirected,0.36486930378865906
4,6,Undirected,0.3185459439220538
4,12,Undirected,0.40129257743863966
4,13,Undirected,0.33210685464315315
6,12,Undirected,0.3664074016967609
8,9,Undirected,0.3110063656030832
8,11,Undirected,0.36720548166355665
11,12,Undirected,0.3972151497143507
12,13,Undirected,0.3693429852197784
