Source,Target,Type,Weight
0,2,Undirected,0.3072545571873639
0,12,Undirected,0.37362109158219825
2,3,Undirected,0.31341794107706483
2,12,Undirected,0.39544212910824833
3,4,Undirected,0.3197335716194742
3,12,Undirected,0.354278451126463
12,13,Undirected,0.38585602541718234
