Source,Target,Type,Weight
0,2,Undirected,0.30621571384558327
0,11,Undirected,0.3269388959323845
0,12,Undirected,0.3971148487655016
2,4,Undirected,0.33154398978975436
2,11,Undirected,0.3403016554710885
2,12,Undirected,0.3768830882692544
2,13,Undirected,0.3534629697265824
4,6,Undirected,0.3067284125541846
4,12,Undirected,0.374556976042236
6,12,Undirected,0.348092093147473
11,12,Undirected,0.40370942997453274
11,13,Undirected,0.3150166032660964
12,13,Undirected,0.3859136455210395
