Source,Target,Type,Weight
0,12,Undirected,0.38851753602511824
0,13,Undirected,0.30553056191404154
4,11,Undirected,0.31522864106845894
4,12,Undirected,0.3497829484748851
4,13,Undirected,0.3124421010916058
11,12,Undirected,0.3825022552682812
12,13,Undirected,0.3748868672723174
