Source,Target,Type,Weight
0,2,Undirected,0.31161567629742415
0,4,Undirected,0.3066417413415079
0,6,Undirected,0.31094471264015033
0,12,Undirected,0.3966285424002439
2,4,Undirected,0.3269894901625708
2,12,Undirected,0.3806641354427169
2,13,Undirected,0.31927488900026246
4,6,Undirected,0.31227289451822854
4,12,Undirected,0.37244775453547035
6,11,Undirected,0.3068119682521639
6,12,Undirected,0.3754910057443095
11,12,Undirected,0.39258853310856756
12,13,Undirected,0.3606045474491614
