Source,Target,Type,Weight
0,12,Undirected,0.37686724003121824
0,13,Undirected,0.38509968713147785
11,12,Undirected,0.3917242894231087
12,13,Undirected,0.38743096557259377
