Source,Target,Type,Weight
0,3,Undirected,0.3046387216850515
2,12,Undirected,0.3762557657644808
2,13,Undirected,0.3555671300064021
4,13,Undirected,0.3386550153239573
6,8,Undirected,0.3299522367000497
6,12,Undirected,0.3686484493936594
8,12,Undirected,0.4005633074313529
11,12,Undirected,0.38258187379288844
12,13,Undirected,0.37448734933423045
