Source,Target,Type,Weight
0,2,Undirected,0.3138437096780469
0,12,Undirected,0.37861132830588856
0,13,Undirected,0.3081812744583706
4,12,Undirected,0.3816794059846342
11,12,Undirected,0.3777409110317118
11,13,Undirected,0.32300107705427733
12,13,Undirected,0.36624128766482394
