Source,Target,Type,Weight
2,4,Undirected,0.33555884298672445
2,12,Undirected,0.36996197094818245
2,13,Undirected,0.3480099241187582
4,12,Undirected,0.3962141899202065
4,13,Undirected,0.31094266103590373
12,13,Undirected,0.3822920988484308
