Source,Target,Type,Weight
0,12,Undirected,0.35942192621621527
2,4,Undirected,0.321794677039458
2,11,Undirected,0.33436638734136287
2,12,Undirected,0.39328972953398356
2,13,Undirected,0.359044746539116
4,6,Undirected,0.3205963730444007
4,12,Undirected,0.3965383219797721
6,12,Undirected,0.35553855694697756
8,11,Undirected,0.3314874964613074
11,12,Undirected,0.3932950768913975
12,13,Undirected,0.33205868668353544
