Source,Target,Type,Weight
0,2,Undirected,0.3211588199792556
0,12,Undirected,0.3723718018319471
2,3,Undirected,0.3477065672069158
2,12,Undirected,0.3908065554585495
3,12,Undirected,0.37836118515712036
4,5,Undirected,0.30900583583814484
12,13,Undirected,0.40029112053730176
