Source,Target,Type,Weight
0,11,Undirected,0.31988578296933773
0,12,Undirected,0.3883269635291678
0,13,Undirected,0.36316949001676657
11,12,Undirected,0.3835652466788666
12,13,Undirected,0.37947694243008323
