Source,Target,Type,Weight
0,2,Undirected,0.3063139331042499
0,4,Undirected,0.3076050909719756
0,6,Undirected,0.33953884511569427
0,12,Undirected,0.4084257758943039
2,3,Undirected,0.3223945429646834
2,4,Undirected,0.3130373128508027
2,11,Undirected,0.32755245926117516
2,12,Undirected,0.39420009590191313
2,13,Undirected,0.38711193433861313
4,6,Undirected,0.3816675277981054
4,12,Undirected,0.3804741467324547
6,12,Undirected,0.37935822197540503
11,12,Undirected,0.3697546079333679
11,13,Undirected,0.31085879895652696
12,13,Undirected,0.3585173671722757
