Source,Target,Type,Weight
0,2,Undirected,0.3423314937409868
0,12,Undirected,0.3940725042732722
2,12,Undirected,0.3823748369281317
2,13,Undirected,0.32191475817695553
5,6,Undirected,0.3039569221207785
7,8,Undirected,0.33652873385226467
8,9,Undirected,0.34571469312832637
12,13,Undirected,0.3761608100951589
