Source,Target,Type,Weight
0,2,Undirected,0.335289312360591
0,6,Undirected,0.340731313675845
0,12,Undirected,0.38389468904541535
2,4,Undirected,0.3106936039386634
2,12,Undirected,0.37699385995756113
2,13,Undirected,0.3126298057572189
4,6,Undirected,0.30463316806571816
4,12,Undirected,0.3673267530502156
6,12,Undirected,0.3929036661418963
8,11,Undirected,0.3191873959187003
11,12,Undirected,0.38681932595208157
12,13,Undirected,0.36308224965523106
