Source,Target,Type,Weight
0,11,Undirected,0.3198380702641088
0,12,Undirected,0.3897630767232129
2,4,Undirected,0.3187656198272741
2,11,Undirected,0.3554287983403
2,12,Undirected,0.39016353122821534
4,6,Undirected,0.3772454890546926
4,12,Undirected,0.38152140326390915
4,13,Undirected,0.3457788198205774
6,12,Undirected,0.370640081015307
11,12,Undirected,0.39145648871433597
12,13,Undirected,0.38768726461074826
