Source,Target,Type,Weight
0,2,Undirected,0.3109521124713971
0,4,Undirected,0.30767492810068586
0,12,Undirected,0.4004888397846607
2,4,Undirected,0.3196389819725707
2,11,Undirected,0.31518311269985416
2,12,Undirected,0.3860614489067586
2,13,Undirected,0.3499474574538871
4,6,Undirected,0.3187817309809443
4,12,Undirected,0.36452267720327947
6,12,Undirected,0.36365193835670717
11,12,Undirected,0.37856133472099013
12,13,Undirected,0.3734412251545809
