Source,Target,Type,Weight
0,2,Undirected,0.30834689084032035
0,11,Undirected,0.3055529309501155
0,12,Undirected,0.3877781267384149
0,13,Undirected,0.3680650457358315
2,4,Undirected,0.3456156712574571
2,12,Undirected,0.4070474072988578
4,12,Undirected,0.3914176925704993
4,13,Undirected,0.3085936287171102
6,8,Undirected,0.3058204555723718
6,11,Undirected,0.32538307511576287
6,12,Undirected,0.345790963819564
6,13,Undirected,0.31019386302923546
8,11,Undirected,0.33065861412839537
8,12,Undirected,0.3942854376425057
11,12,Undirected,0.3816358909728726
12,13,Undirected,0.37238066193544894
