Source,Target,Type,Weight
2,4,Undirected,0.3640210773236166
2,12,Undirected,0.38590491086831513
4,5,Undirected,0.30964915395645576
4,11,Undirected,0.3054391388900925
4,12,Undirected,0.3909952326089881
4,13,Undirected,0.33492596628400784
5,6,Undirected,0.3203792820220288
7,10,Undirected,0.31948720003400305
11,12,Undirected,0.37348565171950787
12,13,Undirected,0.3927467167668033
