Source,Target,Type,Weight
0,2,Undirected,0.30608538886081726
0,12,Undirected,0.3807571616238761
0,13,Undirected,0.33859446015978983
2,3,Undirected,0.34660000044623374
2,12,Undirected,0.38957750437499866
3,12,Undirected,0.3738951659322575
4,5,Undirected,0.3140840146043723
6,7,Undirected,0.30766181570837886
12,13,Undirected,0.38282417787529727
