Source,Target,Type,Weight
0,2,Undirected,0.34057363904246796
0,6,Undirected,0.30933681047745337
0,7,Undirected,0.30805847986288937
0,12,Undirected,0.3647774062431729
2,12,Undirected,0.3929413217366898
2,13,Undirected,0.3179409712673146
4,6,Undirected,0.34268508208118137
4,12,Undirected,0.362188874975573
5,6,Undirected,0.305145327478906
6,7,Undirected,0.36273521271442655
6,12,Undirected,0.3623475134213934
7,12,Undirected,0.3529894541734401
12,13,Undirected,0.3738065615497321
