Source,Target,Type,Weight
2,12,Undirected,0.3996901053851336
4,5,Undirected,0.3117577753733222
8,12,Undirected,0.39309485307996644
11,12,Undirected,0.36809007917312286
11,13,Undirected,0.3179491657812644
12,13,Undirected,0.3839626559758119
