Source,Target,Type,Weight
0,4,Undirected,0.31366906453299415
0,12,Undirected,0.3916602032787632
0,13,Undirected,0.34487492488783744
2,13,Undirected,0.3629724649868162
4,12,Undirected,0.3842116752127874
11,12,Undirected,0.38255556321705725
12,13,Undirected,0.3813211629725258
