Source,Target,Type,Weight
2,12,Undirected,0.38954352968099126
6,8,Undirected,0.3186297210604298
8,9,Undirected,0.314862914689595
11,12,Undirected,0.39237907994616733
12,13,Undirected,0.383330271665867
