Source,Target,Type,Weight
0,2,Undirected,0.3046928524194121
0,6,Undirected,0.3318650516438433
0,11,Undirected,0.32751501431154056
0,12,Undirected,0.3855192054431293
2,4,Undirected,0.3556090937084983
2,11,Undirected,0.31912422954279673
2,12,Undirected,0.3846583964685893
4,12,Undirected,0.359421987816015
6,12,Undirected,0.3690205993413891
6,13,Undirected,0.3453396726097726
8,11,Undirected,0.37534352539971544
8,13,Undirected,0.32746111271247125
11,12,Undirected,0.3735957328020357
11,13,Undirected,0.3230865174383207
12,13,Undirected,0.3741937107003526
