Source,Target,Type,Weight
0,2,Undirected,0.3259665111948636
0,4,Undirected,0.3095011364155415
0,6,Undirected,0.34130505789803545
0,11,Undirected,0.3052329095240684
0,12,Undirected,0.40130551660369734
2,4,Undirected,0.3048893540485085
2,12,Undirected,0.38644336269438934
2,13,Undirected,0.3694013419376294
4,12,Undirected,0.3767019289441129
6,12,Undirected,0.37761664461061534
8,11,Undirected,0.3774203112817008
11,12,Undirected,0.385196910529578
12,13,Undirected,0.3838129076057987
