Source,Target,Type,Weight
0,2,Undirected,0.34507779813210765
0,12,Undirected,0.39008986855463673
2,12,Undirected,0.39004510394962255
5,6,Undirected,0.3300166467718977
7,8,Undirected,0.34619502375357986
12,13,Undirected,0.3933314427784555
