Source,Target,Type,Weight
0,2,Undirected,0.3169349638256371
0,6,Undirected,0.30736513371905816
0,12,Undirected,0.3830991884621884
2,4,Undirected,0.3071461744326153
2,12,Undirected,0.40343722066714677
2,13,Undirected,0.386475801632682
4,6,Undirected,0.3291303075575915
4,12,Undirected,0.3894689436350957
4,13,Undirected,0.32483344392668995
6,8,Undirected,0.30731446263285955
6,12,Undirected,0.38001701164105073
8,11,Undirected,0.33319124347269735
8,12,Undirected,0.36937238897571145
8,13,Undirected,0.3826936119160365
10,11,Undirected,0.3181359223300971
11,12,Undirected,0.3888681622944266
12,13,Undirected,0.34638391983370814
