Source,Target,Type,Weight
0,4,Undirected,0.3344237596201655
0,11,Undirected,0.3379150236732842
0,12,Undirected,0.3918266805474489
2,3,Undirected,0.3070808712147558
2,4,Undirected,0.30374404387269777
2,12,Undirected,0.3749212490033217
2,13,Undirected,0.37082450397639344
4,6,Undirected,0.31873049589016406
4,12,Undirected,0.4036336715404899
6,11,Undirected,0.3101181313609258
6,12,Undirected,0.38006949131286094
8,9,Undirected,0.3032780798408086
8,11,Undirected,0.3587873387872926
11,12,Undirected,0.38458076766073374
12,13,Undirected,0.36746082038048977
