Source,Target,Type,Weight
0,11,Undirected,0.3152254901386065
0,12,Undirected,0.38065929877184107
11,12,Undirected,0.3878074195847969
12,13,Undirected,0.38113263063046526
