Source,Target,Type,Weight
0,2,Undirected,0.30592357570585615
0,4,Undirected,0.34169560631177
0,6,Undirected,0.32570533506895655
0,11,Undirected,0.306876483558678
0,12,Undirected,0.40115390817435786
2,11,Undirected,0.327523735355327
2,12,Undirected,0.3875823691449872
2,13,Undirected,0.3646479841444395
4,6,Undirected,0.3522391895222735
4,12,Undirected,0.39029815538398405
4,13,Undirected,0.33044325426616306
6,12,Undirected,0.3663275252997899
8,11,Undirected,0.3666648046270199
11,12,Undirected,0.378412628069271
12,13,Undirected,0.3764803203207803
