Source,Target,Type,Weight
0,6,Undirected,0.303396960579193
0,11,Undirected,0.34756460553862145
0,12,Undirected,0.37307421290515513
2,4,Undirected,0.3406689069804124
2,12,Undirected,0.40572960111080986
2,13,Undirected,0.3626403421887018
4,6,Undirected,0.34838987267331223
4,12,Undirected,0.3829679802989399
6,12,Undirected,0.3828495119798384
8,11,Undirected,0.3579911681427682
11,12,Undirected,0.39553237354372545
11,13,Undirected,0.31964582700000604
12,13,Undirected,0.37032464805153514
