Source,Target,Type,Weight
2,7,Undirected,0.3373914436845688
2,8,Undirected,0.3263202642489078
2,11,Undirected,0.3268707395518439
2,12,Undirected,0.39017884784834844
2,13,Undirected,0.36551662474655777
3,4,Undirected,0.35099383303176607
3,6,Undirected,0.3304994442826913
3,12,Undirected,0.3549805862374844
4,6,Undirected,0.30656820454467215
4,12,Undirected,0.38031607107024556
4,13,Undirected,0.38618664279615694
6,7,Undirected,0.3425983095624314
6,12,Undirected,0.34425914383358697
7,12,Undirected,0.3863741588404088
9,10,Undirected,0.3250504938719946
10,11,Undirected,0.31618830883101806
11,12,Undirected,0.38799931286361317
12,13,Undirected,0.3834233788852513
