Source,Target,Type,Weight
0,2,Undirected,0.3161503904483372
0,11,Undirected,0.3116638388108828
0,12,Undirected,0.3875811514299359
0,13,Undirected,0.3593653557150715
2,4,Undirected,0.3241821505754821
2,8,Undirected,0.33411774415015694
2,12,Undirected,0.39876238602725306
4,6,Undirected,0.35744137904763007
4,8,Undirected,0.30415807763982317
4,12,Undirected,0.353185720710635
4,13,Undirected,0.32457824910697153
6,12,Undirected,0.38616481155574744
6,13,Undirected,0.3259684871782975
8,9,Undirected,0.30842300715932186
8,12,Undirected,0.3900278030426101
11,12,Undirected,0.377409274021205
12,13,Undirected,0.3740807747209648
