Source,Target,Type,Weight
2,4,Undirected,0.34795074025012146
2,6,Undirected,0.3175386346631514
2,12,Undirected,0.3916046935378518
4,6,Undirected,0.31831958867650656
4,12,Undirected,0.39225468183848433
6,12,Undirected,0.34053539748536815
6,13,Undirected,0.30359225520920835
12,13,Undirected,0.38151852286443794
