Source,Target,Type,Weight
0,4,Undirected,0.3237399082710786
0,6,Undirected,0.3166061794420028
0,12,Undirected,0.3801507187445676
2,4,Undirected,0.3219013674827971
2,11,Undirected,0.3122594105440141
2,12,Undirected,0.37151578615067565
2,13,Undirected,0.32211731086099465
4,6,Undirected,0.31265574349238284
4,12,Undirected,0.3707373487978117
6,12,Undirected,0.3889644844781127
8,9,Undirected,0.30647047158397506
11,12,Undirected,0.3782322809126118
12,13,Undirected,0.367704135521327
