Source,Target,Type,Weight
0,2,Undirected,0.31928995790915404
0,12,Undirected,0.39095339388477257
0,13,Undirected,0.32945201428338816
2,12,Undirected,0.3793652216407741
6,8,Undirected,0.3547302008884189
12,13,Undirected,0.3880376496910495
