Source,Target,Type,Weight
8,11,Undirected,0.34466554909114816
8,12,Undirected,0.3785569955042169
11,12,Undirected,0.3908846782727579
12,13,Undirected,0.38994150278735906
