Source,Target,Type,Weight
0,2,Undirected,0.32053409306278163
0,4,Undirected,0.31847611492160505
0,12,Undirected,0.380427179506529
2,4,Undirected,0.32352972030669075
2,12,Undirected,0.380578579062146
2,13,Undirected,0.35330626982202284
4,6,Undirected,0.40581423666156546
4,12,Undirected,0.38251470874035653
6,11,Undirected,0.3078673641453883
6,12,Undirected,0.37233520878199994
8,11,Undirected,0.3345472887880623
11,12,Undirected,0.3739787437828534
12,13,Undirected,0.3691016546154119
