Source,Target,Type,Weight
0,2,Undirected,0.31781769482786537
2,3,Undirected,0.3302991431823331
2,7,Undirected,0.3196572766335654
2,8,Undirected,0.3137572429544574
2,11,Undirected,0.3644949590542102
2,12,Undirected,0.3806189864471711
3,4,Undirected,0.3648906664444191
3,6,Undirected,0.3196568624835858
3,12,Undirected,0.37041118401734185
4,12,Undirected,0.3959350218980376
6,7,Undirected,0.35639087688488347
6,12,Undirected,0.3721149430671689
6,13,Undirected,0.35563279310573465
7,12,Undirected,0.3577619983815727
7,13,Undirected,0.3145834486497368
9,10,Undirected,0.3448790650886153
10,11,Undirected,0.3045076792954868
10,13,Undirected,0.3879331027607847
11,12,Undirected,0.3529665513114652
11,13,Undirected,0.31265101238959425
12,13,Undirected,0.3772826464360438
