Source,Target,Type,Weight
2,8,Undirected,0.3235501103377105
2,12,Undirected,0.3932866318210336
2,13,Undirected,0.3103405692790284
6,13,Undirected,0.38592507928188907
8,11,Undirected,0.3047788239267607
8,12,Undirected,0.3858817624005442
8,13,Undirected,0.3275012048109985
11,12,Undirected,0.4020732592635269
12,13,Undirected,0.3942848816714061
