Source,Target,Type,Weight
0,1,Undirected,0.30498286540810604
2,3,Undirected,0.3557348330673714
2,7,Undirected,0.3054179652118179
2,11,Undirected,0.361020372416221
2,12,Undirected,0.36596202995959526
3,4,Undirected,0.3346577180008547
3,12,Undirected,0.3551327913251598
4,6,Undirected,0.3178307960872212
4,12,Undirected,0.39668469777209686
6,7,Undirected,0.36068892611323244
6,12,Undirected,0.3605975409270898
7,12,Undirected,0.36320939876921293
7,13,Undirected,0.32817092319041014
9,10,Undirected,0.3478473178719192
9,13,Undirected,0.38736977897972125
10,13,Undirected,0.364255776214137
11,12,Undirected,0.3952169960012856
11,13,Undirected,0.3292881093527846
12,13,Undirected,0.3913991739593773
