Source,Target,Type,Weight
2,4,Undirected,0.32443265721796033
2,6,Undirected,0.3611990767959159
2,12,Undirected,0.39656940326681805
3,4,Undirected,0.31521606141653274
4,12,Undirected,0.39825135321109845
4,13,Undirected,0.3143067157920783
6,7,Undirected,0.32494626263346216
6,12,Undirected,0.36791827297609836
6,13,Undirected,0.3341995544647625
7,8,Undirected,0.31098964725697575
12,13,Undirected,0.3836234828237581
