Source,Target,Type,Weight
0,9,Undirected,0.38039319502861946
0,12,Undirected,0.3737753151150234
11,12,Undirected,0.3709716364359374
11,13,Undirected,0.32360220768046655
12,13,Undirected,0.3680000070190431
