Source,Target,Type,Weight
0,12,Undirected,0.3662217810727006
0,13,Undirected,0.33988073595295887
2,4,Undirected,0.3228256604554298
2,12,Undirected,0.39733541213550977
4,5,Undirected,0.35310998823052014
8,11,Undirected,0.3140835677307242
8,12,Undirected,0.39121886437413855
11,12,Undirected,0.39041964370320353
12,13,Undirected,0.3745954456996541
