Source,Target,Type,Weight
0,2,Undirected,0.33422397487174865
0,4,Undirected,0.30434428320107215
0,6,Undirected,0.32086912663290773
0,11,Undirected,0.3139736754325396
0,12,Undirected,0.39026594314830976
2,4,Undirected,0.3258440723051059
2,11,Undirected,0.3429237931228732
2,12,Undirected,0.40079599156612056
4,6,Undirected,0.3519080145226626
4,12,Undirected,0.3921207943675566
4,13,Undirected,0.3602645184066021
6,12,Undirected,0.3815543747896895
6,13,Undirected,0.3636604514195602
8,11,Undirected,0.37082404498510535
11,12,Undirected,0.3816899997279041
12,13,Undirected,0.37751254008642376
