Source,Target,Type,Weight
2,3,Undirected,0.3361824211298982
2,7,Undirected,0.34154371292017355
2,8,Undirected,0.3200102298192058
2,11,Undirected,0.3381274786861709
2,12,Undirected,0.4112129667992636
3,4,Undirected,0.35626458262178307
3,6,Undirected,0.3163449406315474
3,12,Undirected,0.3920004433751353
4,6,Undirected,0.31994649332326014
4,12,Undirected,0.3886554561501195
6,7,Undirected,0.3459316226712134
6,12,Undirected,0.385337120277746
6,13,Undirected,0.35910398320535725
7,12,Undirected,0.3757299283477448
9,13,Undirected,0.3295019656737886
11,12,Undirected,0.3837307046117172
11,13,Undirected,0.3208723423038984
12,13,Undirected,0.3904165183551345
