Source,Target,Type,Weight
0,2,Undirected,0.3314204421811226
0,4,Undirected,0.35134444849411567
0,12,Undirected,0.4020441610721014
0,13,Undirected,0.31393842462535954
2,3,Undirected,0.34174307460271175
2,12,Undirected,0.3714883433387597
3,4,Undirected,0.35786498922003457
3,12,Undirected,0.35239076950970405
4,12,Undirected,0.36975975820839785
12,13,Undirected,0.3901909713339266
