Source,Target,Type,Weight
0,2,Undirected,0.30872700779828827
0,11,Undirected,0.3047364409741269
0,12,Undirected,0.3860771203569399
2,11,Undirected,0.3241463489654731
2,12,Undirected,0.3831638286674749
4,12,Undirected,0.3834911088901407
4,13,Undirected,0.33039884694906185
6,11,Undirected,0.30363304559298154
6,12,Undirected,0.38621295734350414
6,13,Undirected,0.3257472246507383
11,12,Undirected,0.385171406300852
12,13,Undirected,0.36941666607215506
