Source,Target,Type,Weight
0,4,Undirected,0.3486647705687745
0,6,Undirected,0.3352400829199485
0,11,Undirected,0.31459609584089704
0,12,Undirected,0.3986593697836579
2,11,Undirected,0.34259427990701125
2,12,Undirected,0.3875357790914192
4,6,Undirected,0.3588195367782189
4,12,Undirected,0.3753724142214487
4,13,Undirected,0.3043845690676108
6,11,Undirected,0.30464885590274665
6,12,Undirected,0.3761580438042588
6,13,Undirected,0.3865383803685912
8,11,Undirected,0.3343958708212515
11,12,Undirected,0.3778782296832197
12,13,Undirected,0.3722384883562318
