Source,Target,Type,Weight
0,12,Undirected,0.38602243572074063
11,12,Undirected,0.3919068962485343
11,13,Undirected,0.32831744884677655
12,13,Undirected,0.3899740240710151
