Source,Target,Type,Weight
0,2,Undirected,0.3141192040164202
0,11,Undirected,0.3159421564946792
0,12,Undirected,0.39426660962717247
2,4,Undirected,0.339713969258681
2,11,Undirected,0.32834592658234985
2,12,Undirected,0.3830212432622278
2,13,Undirected,0.30994820234943515
4,6,Undirected,0.3498556261991008
4,12,Undirected,0.3931192066803302
4,13,Undirected,0.40327488546823415
6,12,Undirected,0.37316794845993523
11,12,Undirected,0.38558888319526136
12,13,Undirected,0.38355009414768204
