Source,Target,Type,Weight
2,12,Undirected,0.36813059210312665
2,13,Undirected,0.3666274978840029
8,11,Undirected,0.32749770147476504
8,12,Undirected,0.3804508514714689
8,13,Undirected,0.30999067286898707
11,12,Undirected,0.38620662730050914
12,13,Undirected,0.3844005541052223
