Source,Target,Type,Weight
0,4,Undirected,0.33187300803590364
0,12,Undirected,0.3990275621106933
0,13,Undirected,0.3197600433512571
4,11,Undirected,0.3263344567481409
4,12,Undirected,0.38474939714120915
11,12,Undirected,0.3837672193221665
11,13,Undirected,0.35751922485493987
12,13,Undirected,0.3798524696183067
