Source,Target,Type,Weight
6,8,Undirected,0.3362052726696467
6,11,Undirected,0.307477277543961
6,12,Undirected,0.38409306942661275
8,12,Undirected,0.4090329860120663
8,13,Undirected,0.32216189528070105
11,12,Undirected,0.3871992384341151
12,13,Undirected,0.3805285134371083
