Source,Target,Type,Weight
0,11,Undirected,0.3204306079657523
0,12,Undirected,0.40069620935805267
2,11,Undirected,0.3282745616533445
2,12,Undirected,0.37349406602440555
4,6,Undirected,0.35742386460531383
4,12,Undirected,0.3891978604762772
4,13,Undirected,0.3659516846168343
6,11,Undirected,0.3146130862056886
6,12,Undirected,0.38462150036079723
6,13,Undirected,0.3239655577121656
8,11,Undirected,0.3689836232058218
11,12,Undirected,0.3935231571217322
11,13,Undirected,0.30413183253629594
12,13,Undirected,0.3565387779222776
