Source,Target,Type,Weight
2,11,Undirected,0.3204369483625858
2,12,Undirected,0.38043663413628004
2,13,Undirected,0.34765365297910705
8,9,Undirected,0.3401476331609038
11,12,Undirected,0.3967978070043076
12,13,Undirected,0.3765176651097464
