Source,Target,Type,Weight
0,11,Undirected,0.3107208326774023
0,12,Undirected,0.375807492990184
3,4,Undirected,0.3097490623643469
11,12,Undirected,0.36125102999466774
11,13,Undirected,0.30687695506473434
12,13,Undirected,0.38451275799518175
