Source,Target,Type,Weight
0,2,Undirected,0.32194307501052344
0,4,Undirected,0.3354325806987176
0,12,Undirected,0.39607638942006873
2,4,Undirected,0.34177295437148403
2,12,Undirected,0.3872022767394614
4,6,Undirected,0.3264750774115625
4,12,Undirected,0.3920158679213505
6,11,Undirected,0.33585421940532967
6,12,Undirected,0.38231436560149307
6,13,Undirected,0.3695987659080513
11,12,Undirected,0.39735671776445164
12,13,Undirected,0.3711270623422614
