Source,Target,Type,Weight
0,2,Undirected,0.30886411854809626
0,4,Undirected,0.3118458561150555
0,6,Undirected,0.3060712501783279
0,12,Undirected,0.3868112637104464
2,3,Undirected,0.3249253690296676
2,11,Undirected,0.32438834529464106
2,12,Undirected,0.3909438465806684
2,13,Undirected,0.3477450237057199
4,6,Undirected,0.34481952382181635
4,12,Undirected,0.38497025003262925
4,13,Undirected,0.3068730707961345
6,12,Undirected,0.36384070657358897
8,11,Undirected,0.362692020869623
9,10,Undirected,0.30852421364393207
11,12,Undirected,0.3754790390187906
11,13,Undirected,0.32751447725364424
12,13,Undirected,0.3801349045766502
