Source,Target,Type,Weight
0,2,Undirected,0.3440285879010946
0,12,Undirected,0.37708977916223807
2,3,Undirected,0.3349788221515966
2,12,Undirected,0.3915014317142273
3,12,Undirected,0.3739209653985923
12,13,Undirected,0.39108776150932895
