Source,Target,Type,Weight
2,6,Undirected,0.3064992048332459
2,12,Undirected,0.3868156158522409
2,13,Undirected,0.31298337651902347
6,8,Undirected,0.3206349242751741
6,11,Undirected,0.3276822272151381
6,12,Undirected,0.37051998366084665
8,12,Undirected,0.37479236676377736
11,12,Undirected,0.3892643946621
11,13,Undirected,0.30645773034741125
12,13,Undirected,0.3968567138861019
