Source,Target,Type,Weight
2,12,Undirected,0.3948513013427172
2,13,Undirected,0.3266899253450013
5,6,Undirected,0.36244016368595494
6,11,Undirected,0.32344172575502245
6,12,Undirected,0.36151345074744856
8,11,Undirected,0.3075846760892908
8,12,Undirected,0.3934410605816859
11,12,Undirected,0.3746151184560759
12,13,Undirected,0.3684227169460761
