Source,Target,Type,Weight
0,2,Undirected,0.3196439756469368
0,4,Undirected,0.3140868134735124
0,6,Undirected,0.30373106643081543
0,12,Undirected,0.3886112361657617
2,3,Undirected,0.3103938741541011
2,4,Undirected,0.3239010614983609
2,11,Undirected,0.3310353275279807
2,12,Undirected,0.3932834235269209
4,6,Undirected,0.32585065406242764
4,12,Undirected,0.37945527958733744
4,13,Undirected,0.3497510393373857
6,11,Undirected,0.3291024941085194
6,12,Undirected,0.3884471916349691
6,13,Undirected,0.35540115094514685
8,11,Undirected,0.34767477639020045
11,12,Undirected,0.3816322449140771
12,13,Undirected,0.3750979821030239
