Source,Target,Type,Weight
2,12,Undirected,0.4030286261227219
6,8,Undirected,0.31473743128186776
8,9,Undirected,0.32867367295280686
11,12,Undirected,0.37662311540461874
12,13,Undirected,0.37491310539184114
