Source,Target,Type,Weight
0,4,Undirected,0.31693022207082944
0,12,Undirected,0.3934020545841899
0,13,Undirected,0.3045636211543824
4,11,Undirected,0.319767722436118
4,12,Undirected,0.38695461482354987
10,11,Undirected,0.33644102954723165
11,12,Undirected,0.38417504069084213
11,13,Undirected,0.30387002666240864
12,13,Undirected,0.37560015327387386
