Source,Target,Type,Weight
0,4,Undirected,0.3190573262012885
0,6,Undirected,0.3119551917846151
0,11,Undirected,0.346937555021888
0,12,Undirected,0.4052500522709556
2,4,Undirected,0.31976942894950855
2,12,Undirected,0.38750939138642176
4,6,Undirected,0.3069723188709156
4,12,Undirected,0.37673430955597165
4,13,Undirected,0.3391975316878836
6,12,Undirected,0.38674652824713984
6,13,Undirected,0.37922870616525667
8,11,Undirected,0.3876956501001798
11,12,Undirected,0.3916694198576757
12,13,Undirected,0.3737327843881193
