Source,Target,Type,Weight
0,2,Undirected,0.32363122171421993
0,11,Undirected,0.30688979854883985
0,12,Undirected,0.36887312853769116
0,13,Undirected,0.36999995942116226
2,4,Undirected,0.3245554438875488
2,12,Undirected,0.3890731250474247
4,6,Undirected,0.3467171555184046
4,8,Undirected,0.3040933111643095
4,12,Undirected,0.3665144381716432
4,13,Undirected,0.30990347657091905
6,8,Undirected,0.3165599656141471
6,12,Undirected,0.3666370802488895
8,9,Undirected,0.30502957605198305
8,11,Undirected,0.315583131505938
8,12,Undirected,0.3810522985899816
11,12,Undirected,0.3872796444820021
12,13,Undirected,0.3563691958577505
