Source,Target,Type,Weight
2,4,Undirected,0.31153654150128784
2,11,Undirected,0.3160384520241459
2,12,Undirected,0.392591105376489
2,13,Undirected,0.3597005422731564
4,6,Undirected,0.34443283644107925
4,8,Undirected,0.35975632349853365
4,12,Undirected,0.3743373820541172
4,13,Undirected,0.33640454679469967
6,8,Undirected,0.36672369678257816
6,11,Undirected,0.3165363621016159
6,12,Undirected,0.3685319380862014
6,13,Undirected,0.32609076608049736
8,12,Undirected,0.3876608921025872
11,12,Undirected,0.3754493607976924
12,13,Undirected,0.37242172806962165
