Source,Target,Type,Weight
0,2,Undirected,0.34833686600267655
0,12,Undirected,0.3731905595860003
2,4,Undirected,0.32415113374732124
2,12,Undirected,0.38938654155211744
4,6,Undirected,0.316693625956968
4,12,Undirected,0.3600598442360434
4,13,Undirected,0.3212780578011942
6,12,Undirected,0.40405326411685216
8,9,Undirected,0.30807169397256684
8,11,Undirected,0.3835139363471528
11,12,Undirected,0.37347717128198993
12,13,Undirected,0.36508746013728
