Source,Target,Type,Weight
0,2,Undirected,0.33736069698140364
0,12,Undirected,0.3976846079525468
0,13,Undirected,0.3830295330528976
2,12,Undirected,0.40327116318279993
2,13,Undirected,0.31090140418070555
12,13,Undirected,0.3438440553147109
