Source,Target,Type,Weight
0,4,Undirected,0.3300978636959907
0,12,Undirected,0.39500591995051576
4,11,Undirected,0.32618147642801953
4,12,Undirected,0.3921561734315404
11,12,Undirected,0.385339315183887
12,13,Undirected,0.3583470003386706
