Source,Target,Type,Weight
0,2,Undirected,0.32549806946451065
0,4,Undirected,0.31295724428959715
0,6,Undirected,0.3382144554831484
0,12,Undirected,0.3933914648868228
2,4,Undirected,0.32403213232531675
2,12,Undirected,0.40798165947011555
4,12,Undirected,0.3846534577646908
4,13,Undirected,0.33795461229488716
6,12,Undirected,0.36244627106198996
8,11,Undirected,0.39274612835069445
11,12,Undirected,0.40771780895848775
12,13,Undirected,0.35713370988880444
