Source,Target,Type,Weight
0,2,Undirected,0.3429367468192551
0,6,Undirected,0.3129367665842973
0,11,Undirected,0.33115874500090364
0,12,Undirected,0.38366875083526975
2,4,Undirected,0.30788331906460464
2,12,Undirected,0.38499707050764437
4,6,Undirected,0.3054536863745268
4,12,Undirected,0.3724245058163359
6,12,Undirected,0.3813548280395318
8,13,Undirected,0.35929153598248664
11,12,Undirected,0.3883852161335785
11,13,Undirected,0.33177808138905746
12,13,Undirected,0.37075268566278463
