Source,Target,Type,Weight
0,9,Undirected,0.40669901276461395
0,11,Undirected,0.3104783129147322
0,12,Undirected,0.3722150015024185
11,12,Undirected,0.40119561785338403
12,13,Undirected,0.38128729588085936
