Source,Target,Type,Weight
0,2,Undirected,0.31392289328211037
0,12,Undirected,0.37903661911550796
0,13,Undirected,0.31186925223278184
2,12,Undirected,0.39343965815066934
3,4,Undirected,0.30683764541634684
12,13,Undirected,0.3893174721631265
