Source,Target,Type,Weight
0,2,Undirected,0.30608967762934164
0,11,Undirected,0.30359825440037175
0,12,Undirected,0.36184198210159396
0,13,Undirected,0.30468121025366107
2,4,Undirected,0.35142955437370726
2,8,Undirected,0.3221016770727764
2,11,Undirected,0.3130202586446548
2,12,Undirected,0.37774067289524355
4,6,Undirected,0.38522832675979135
4,12,Undirected,0.37840528797947487
6,8,Undirected,0.3200821499902777
6,12,Undirected,0.3670272414406551
6,13,Undirected,0.30927636493145755
8,11,Undirected,0.33127490206615573
8,12,Undirected,0.379556439815933
11,12,Undirected,0.3865302585915652
11,13,Undirected,0.3813293793355004
12,13,Undirected,0.37326445498440125
