Source,Target,Type,Weight
2,4,Undirected,0.31327474608957784
2,12,Undirected,0.37294871953328057
2,13,Undirected,0.3727978611450838
4,6,Undirected,0.31135569394068086
4,12,Undirected,0.37570152292302905
6,8,Undirected,0.37590536976943273
6,11,Undirected,0.32195478866512667
6,12,Undirected,0.3842848595959346
8,11,Undirected,0.3354552767513391
8,12,Undirected,0.34894869561383146
11,12,Undirected,0.38007589730466523
11,13,Undirected,0.31779703363956774
12,13,Undirected,0.3837251928985062
