Source,Target,Type,Weight
2,4,Undirected,0.3317358596370231
2,12,Undirected,0.39498237351756976
4,8,Undirected,0.3570495880734672
4,12,Undirected,0.3800033431347279
8,11,Undirected,0.33922507489059894
8,12,Undirected,0.39920249044705536
11,12,Undirected,0.3587643832150469
12,13,Undirected,0.3883766569397434
