Source,Target,Type,Weight
0,2,Undirected,0.30919326237540373
0,11,Undirected,0.3046545428660874
0,12,Undirected,0.3793383566849786
2,4,Undirected,0.31677628793949997
2,12,Undirected,0.3908698161432817
2,13,Undirected,0.40161580715718653
4,6,Undirected,0.31378839177823276
4,12,Undirected,0.34995449419471414
6,12,Undirected,0.3792370726285816
8,11,Undirected,0.36669355907569845
11,12,Undirected,0.39463809069224987
11,13,Undirected,0.309404720138117
12,13,Undirected,0.3784671243374711
