Source,Target,Type,Weight
0,2,Undirected,0.31463036162465924
0,6,Undirected,0.3278350557365179
0,11,Undirected,0.31456801856611777
0,12,Undirected,0.38781269061567786
2,4,Undirected,0.3231289060691367
2,11,Undirected,0.3398842062621841
2,12,Undirected,0.3916599838416949
2,13,Undirected,0.3681303013086988
4,6,Undirected,0.3644834928926525
4,12,Undirected,0.37908951359308873
4,13,Undirected,0.314474432397546
6,12,Undirected,0.3799399024656077
8,11,Undirected,0.36024864459185646
9,10,Undirected,0.30570891521507365
11,12,Undirected,0.37896774824270285
12,13,Undirected,0.3857928157596624
