node,degree_cent,bet_cent,clust_coeff,close_cent
0,0.38461538461538464,0.003205128205128205,0.9,0.5909090909090909
1,0.38461538461538464,0.023504273504273504,0.7,0.6190476190476191
2,0.9230769230769231,0.40583028083028083,0.3484848484848485,0.9285714285714286
3,0.38461538461538464,0.04563492063492063,0.6,0.6190476190476191
4,0.3076923076923077,0.01572039072039072,0.8333333333333334,0.5909090909090909
5,0.3076923076923077,0.008547008547008546,0.6666666666666666,0.48148148148148145
6,0.46153846153846156,0.04532967032967033,0.6,0.65
7,0.38461538461538464,0.04716117216117215,0.6,0.6190476190476191
8,0.38461538461538464,0.01862026862026862,0.7,0.6190476190476191
9,0.5384615384615385,0.04777167277167277,0.6190476190476191,0.6842105263157895
10,0.46153846153846156,0.023504273504273504,0.6666666666666666,0.6190476190476191
11,0.5384615384615385,0.04166666666666665,0.6190476190476191,0.65
12,0.23076923076923078,0.0,1.0,0.5416666666666666
13,0.3076923076923077,0.004273504273504273,0.8333333333333334,0.5652173913043478
