node,degree_cent,bet_cent,clust_coeff,close_cent
0,0.23076923076923078,0.0,1.0,0.48148148148148145
1,0.38461538461538464,0.03135521885521885,0.7,0.6190476190476191
2,0.6923076923076923,0.1329189329189329,0.5277777777777778,0.7647058823529411
3,0.46153846153846156,0.03091815591815591,0.6666666666666666,0.5909090909090909
4,0.6153846153846154,0.04314296814296815,0.6785714285714286,0.7222222222222222
5,0.46153846153846156,0.024303936803936804,0.6666666666666666,0.6190476190476191
6,0.5384615384615385,0.01517094017094017,0.7619047619047619,0.65
7,0.5384615384615385,0.045299145299145305,0.6190476190476191,0.65
8,0.6153846153846154,0.08186350686350687,0.5714285714285714,0.7222222222222222
9,0.3076923076923077,0.005555555555555556,0.8333333333333334,0.5416666666666666
10,0.23076923076923078,0.0,1.0,0.5
11,0.7692307692307693,0.17547915047915047,0.5111111111111111,0.8125
12,0.5384615384615385,0.011564361564361565,0.8095238095238095,0.6842105263157895
13,0.6923076923076923,0.06909479409479409,0.6111111111111112,0.7647058823529411
