node,degree_cent,bet_cent,clust_coeff,close_cent
0,0.38461538461538464,0.0222018722018722,0.7,0.40625
1,0.23076923076923078,0.0,1.0,0.38235294117647056
2,0.46153846153846156,0.09051689051689052,0.6,0.4642857142857143
3,0.46153846153846156,0.22554945054945058,0.5333333333333333,0.52
4,0.38461538461538464,0.2685897435897436,0.5,0.5416666666666666
5,0.3076923076923077,0.25658323158323154,0.5,0.5416666666666666
6,0.3076923076923077,0.2322140822140822,0.5,0.52
7,0.38461538461538464,0.23654863654863653,0.5,0.48148148148148145
8,0.38461538461538464,0.14006919006919008,0.6,0.43333333333333335
9,0.3076923076923077,0.01401098901098901,0.8333333333333334,0.37142857142857144
10,0.23076923076923078,0.0,1.0,0.325
11,0.3076923076923077,0.01401098901098901,0.8333333333333334,0.37142857142857144
12,0.38461538461538464,0.06380748880748881,0.7,0.4482758620689655
13,0.23076923076923078,0.0,1.0,0.34210526315789475
