node,degree_cent,bet_cent,clust_coeff,close_cent
0,0.15384615384615385,0.0,1.0,0.48148148148148145
1,0.23076923076923078,0.00641025641025641,0.6666666666666666,0.5
2,0.7692307692307693,0.3245726495726496,0.4222222222222222,0.8125
3,0.3076923076923077,0.014957264957264954,0.6666666666666666,0.5416666666666666
4,0.5384615384615385,0.047970085470085466,0.6190476190476191,0.6842105263157895
5,0.38461538461538464,0.0329059829059829,0.6,0.5909090909090909
6,0.5384615384615385,0.026923076923076918,0.7142857142857143,0.6842105263157895
7,0.46153846153846156,0.040064102564102554,0.6,0.5909090909090909
8,0.6923076923076923,0.14380341880341876,0.5555555555555556,0.7647058823529411
9,0.3076923076923077,0.005876068376068376,0.8333333333333334,0.52
10,0.23076923076923078,0.0,1.0,0.48148148148148145
11,0.6153846153846154,0.1033119658119658,0.5714285714285714,0.7222222222222222
12,0.5384615384615385,0.019871794871794867,0.7619047619047619,0.6842105263157895
13,0.38461538461538464,0.002564102564102564,0.9,0.6190476190476191
