node,degree_cent,bet_cent,clust_coeff,close_cent
0,0.5384615384615385,0.028205128205128206,0.7619047619047619,0.65
1,0.6153846153846154,0.07147435897435896,0.6071428571428571,0.7222222222222222
2,0.3076923076923077,0.003205128205128205,0.8333333333333334,0.52
3,0.38461538461538464,0.018696581196581196,0.7,0.5909090909090909
4,0.6923076923076923,0.09136141636141637,0.5833333333333334,0.7647058823529411
5,0.7692307692307693,0.14352869352869352,0.5111111111111111,0.8125
6,0.38461538461538464,0.05857753357753357,0.5,0.6190476190476191
7,0.46153846153846156,0.056547619047619055,0.5333333333333333,0.65
8,0.3076923076923077,0.02393162393162393,0.5,0.5
9,0.38461538461538464,0.03186813186813186,0.6,0.5909090909090909
10,0.23076923076923078,0.00931013431013431,0.6666666666666666,0.52
11,0.6923076923076923,0.16585775335775335,0.5277777777777778,0.7647058823529411
12,0.46153846153846156,0.002564102564102564,0.9333333333333333,0.6190476190476191
13,0.38461538461538464,0.0,1.0,0.5909090909090909
