node,degree_cent,bet_cent,clust_coeff,close_cent
0,0.7692307692307693,0.05076312576312576,0.6888888888888889,0.8125
1,0.46153846153846156,0.008547008547008546,0.8666666666666667,0.65
2,0.6153846153846154,0.015811965811965815,0.8214285714285714,0.7222222222222222
3,0.46153846153846156,0.014316239316239316,0.7333333333333333,0.5909090909090909
4,0.6923076923076923,0.035378510378510385,0.7222222222222222,0.7647058823529411
5,0.38461538461538464,0.007051282051282051,0.8,0.5909090909090909
6,0.6923076923076923,0.03635531135531135,0.7222222222222222,0.7647058823529411
7,0.6153846153846154,0.06211843711843711,0.6428571428571429,0.7222222222222222
8,0.5384615384615385,0.04768009768009768,0.6190476190476191,0.6842105263157895
9,0.3076923076923077,0.006105006105006104,0.8333333333333334,0.5652173913043478
10,0.23076923076923078,0.0,1.0,0.52
11,0.8461538461538463,0.1789072039072039,0.5636363636363636,0.8666666666666667
12,0.7692307692307693,0.05811965811965813,0.6888888888888889,0.8125
13,0.6153846153846154,0.01730769230769231,0.7857142857142857,0.7222222222222222
