node,degree_cent,bet_cent,clust_coeff,close_cent
0,0.38461538461538464,0.002564102564102564,0.9,0.5909090909090909
1,0.6153846153846154,0.06730769230769229,0.5714285714285714,0.7222222222222222
2,0.9230769230769231,0.4073260073260074,0.36363636363636365,0.9285714285714286
3,0.38461538461538464,0.0264041514041514,0.7,0.6190476190476191
4,0.3076923076923077,0.01465201465201465,0.8333333333333334,0.5909090909090909
5,0.3076923076923077,0.007478632478632477,0.6666666666666666,0.48148148148148145
6,0.5384615384615385,0.0528083028083028,0.6190476190476191,0.6842105263157895
7,0.46153846153846156,0.05143467643467643,0.6666666666666666,0.65
8,0.46153846153846156,0.020115995115995114,0.7333333333333333,0.65
9,0.5384615384615385,0.026831501831501826,0.7142857142857143,0.6842105263157895
10,0.38461538461538464,0.00641025641025641,0.8,0.5909090909090909
11,0.46153846153846156,0.028205128205128206,0.6666666666666666,0.6190476190476191
12,0.23076923076923078,0.00641025641025641,0.6666666666666666,0.5416666666666666
13,0.15384615384615385,0.0,1.0,0.52
