node,degree_cent,bet_cent,clust_coeff,close_cent
0,0.23076923076923078,0.006862261669953977,0.6666666666666666,0.4642857142857143
1,0.23076923076923078,0.004273504273504273,0.6666666666666666,0.43333333333333335
2,0.6153846153846154,0.18879026955950032,0.4642857142857143,0.65
3,0.3076923076923077,0.020052596975673898,0.6666666666666666,0.5
4,0.6153846153846154,0.10198608371685294,0.6071428571428571,0.6842105263157895
5,0.46153846153846156,0.09658393600701291,0.5333333333333333,0.6190476190476191
6,0.5384615384615385,0.034629081744466356,0.7142857142857143,0.65
7,0.6153846153846154,0.18103769449923296,0.5357142857142857,0.6842105263157895
8,0.46153846153846156,0.05415844838921762,0.6666666666666666,0.5909090909090909
9,0.3076923076923077,0.04284188034188034,0.6666666666666666,0.48148148148148145
10,0.38461538461538464,0.10486795967565198,0.6,0.5416666666666666
11,0.15384615384615385,0.0,1.0,0.37142857142857144
12,0.38461538461538464,0.0065773613850536915,0.9,0.5909090909090909
13,0.5384615384615385,0.11887738330046023,0.6666666666666666,0.6842105263157895
