node,degree_cent,bet_cent,clust_coeff,close_cent
0,0.46153846153846156,0.018589743589743586,0.6666666666666666,0.5909090909090909
1,0.46153846153846156,0.0469017094017094,0.6,0.65
2,0.6923076923076923,0.10170940170940171,0.5555555555555556,0.7647058823529411
3,0.3076923076923077,0.008547008547008546,0.6666666666666666,0.52
4,0.38461538461538464,0.00908119658119658,0.8,0.5652173913043478
5,0.46153846153846156,0.045192307692307684,0.6,0.6190476190476191
6,0.6923076923076923,0.12329059829059827,0.5555555555555556,0.7647058823529411
7,0.5384615384615385,0.07136752136752136,0.5714285714285714,0.6842105263157895
8,0.46153846153846156,0.04091880341880342,0.6666666666666666,0.6190476190476191
9,0.3076923076923077,0.00641025641025641,0.8333333333333334,0.52
10,0.23076923076923078,0.0,1.0,0.48148148148148145
11,0.6923076923076923,0.18076923076923077,0.5277777777777778,0.7647058823529411
12,0.5384615384615385,0.026495726495726492,0.7142857142857143,0.6842105263157895
13,0.5384615384615385,0.025854700854700853,0.7142857142857143,0.6842105263157895
