node,degree_cent,bet_cent,clust_coeff,close_cent
0,0.7692307692307693,0.0690883190883191,0.6444444444444445,0.7647058823529411
1,0.46153846153846156,0.024643874643874644,0.7333333333333333,0.6190476190476191
2,0.5384615384615385,0.015740740740740743,0.7619047619047619,0.6190476190476191
3,0.46153846153846156,0.015384615384615384,0.6666666666666666,0.5416666666666666
4,0.5384615384615385,0.01616809116809117,0.7619047619047619,0.6190476190476191
5,0.38461538461538464,0.007834757834757835,0.8,0.5652173913043478
6,0.5384615384615385,0.02264957264957265,0.7619047619047619,0.65
7,0.7692307692307693,0.19914529914529916,0.5555555555555556,0.8125
8,0.6153846153846154,0.2047008547008547,0.5357142857142857,0.7222222222222222
9,0.3076923076923077,0.12435897435897435,0.5,0.5652173913043478
10,0.23076923076923078,0.030982905982905987,0.6666666666666666,0.48148148148148145
11,0.15384615384615385,0.0,1.0,0.38235294117647056
12,0.6153846153846154,0.03874643874643875,0.7142857142857143,0.6842105263157895
13,0.5384615384615385,0.012606837606837607,0.8095238095238095,0.65
