node,degree_cent,bet_cent,clust_coeff,close_cent
0,0.6923076923076923,0.07165007357315051,0.6388888888888888,0.7222222222222222
1,0.3076923076923077,0.022749757365141975,0.6666666666666666,0.5652173913043478
2,0.5384615384615385,0.022557997557997554,0.7142857142857143,0.5652173913043478
3,0.46153846153846156,0.015720390720390717,0.7333333333333333,0.5416666666666666
4,0.6153846153846154,0.021458313766006074,0.7857142857142857,0.65
5,0.5384615384615385,0.01962681193450424,0.7619047619047619,0.6190476190476191
6,0.5384615384615385,0.012301587301587301,0.8571428571428571,0.65
7,0.6153846153846154,0.13552722206568357,0.6785714285714286,0.7222222222222222
8,0.6153846153846154,0.24963761309915153,0.4642857142857143,0.7222222222222222
9,0.3076923076923077,0.11443129520052597,0.5,0.5416666666666666
10,0.23076923076923078,0.03770545693622617,0.6666666666666666,0.48148148148148145
11,0.15384615384615385,0.0,1.0,0.37142857142857144
12,0.6923076923076923,0.05467815660123352,0.7222222222222222,0.7222222222222222
13,0.6153846153846154,0.029647631570708495,0.7857142857142857,0.6842105263157895
