node,degree_cent,bet_cent,clust_coeff,close_cent
0,0.15384615384615385,0.0,1.0,0.38235294117647056
1,0.23076923076923078,0.008547008547008546,0.6666666666666666,0.40625
2,0.5384615384615385,0.20939893439893434,0.42857142857142855,0.5652173913043478
3,0.38461538461538464,0.06816516816516816,0.6,0.52
4,0.46153846153846156,0.014743589743589742,0.7333333333333333,0.5416666666666666
5,0.5384615384615385,0.11613386613386613,0.5238095238095238,0.6190476190476191
6,0.5384615384615385,0.20919080919080915,0.5238095238095238,0.65
7,0.3076923076923077,0.07138417138417137,0.6666666666666666,0.5416666666666666
8,0.46153846153846156,0.2901542901542902,0.4,0.5909090909090909
9,0.3076923076923077,0.09726107226107225,0.5,0.43333333333333335
10,0.23076923076923078,0.050174825174825174,0.6666666666666666,0.41935483870967744
11,0.15384615384615385,0.0,1.0,0.3170731707317073
12,0.38461538461538464,0.007264957264957264,0.8,0.52
13,0.38461538461538464,0.08835053835053835,0.6,0.5909090909090909
