node,degree_cent,bet_cent,clust_coeff,close_cent
0,0.46153846153846156,0.043628095551172474,0.6666666666666666,0.5652173913043478
1,0.23076923076923078,0.0,1.0,0.4642857142857143
2,0.5384615384615385,0.08324293228139382,0.5714285714285714,0.5909090909090909
3,0.5384615384615385,0.1574813719044488,0.5714285714285714,0.6842105263157895
4,0.46153846153846156,0.052577799693184296,0.6666666666666666,0.65
5,0.6153846153846154,0.15367357001972384,0.5714285714285714,0.7222222222222222
6,0.38461538461538464,0.036908284023668636,0.7,0.5909090909090909
7,0.38461538461538464,0.038691650230111764,0.7,0.5652173913043478
8,0.6153846153846154,0.33132259478413323,0.42857142857142855,0.6842105263157895
9,0.23076923076923078,0.0,1.0,0.4482758620689655
10,0.23076923076923078,0.0,1.0,0.4482758620689655
11,0.3076923076923077,0.01282051282051282,0.6666666666666666,0.4642857142857143
12,0.46153846153846156,0.0640121630506246,0.6,0.5652173913043478
13,0.23076923076923078,0.0,1.0,0.41935483870967744
