node,degree_cent,bet_cent,clust_coeff,close_cent
0,0.3076923076923077,0.009401709401709401,0.8333333333333334,0.5416666666666666
1,0.23076923076923078,0.0,1.0,0.48148148148148145
2,0.6153846153846154,0.2205128205128205,0.42857142857142855,0.7222222222222222
3,0.38461538461538464,0.04444444444444445,0.6,0.5652173913043478
4,0.6153846153846154,0.169017094017094,0.42857142857142855,0.7222222222222222
5,0.3076923076923077,0.020512820512820513,0.6666666666666666,0.52
6,0.3076923076923077,0.011752136752136752,0.8333333333333334,0.5652173913043478
7,0.38461538461538464,0.05106837606837607,0.6,0.5909090909090909
8,0.6923076923076923,0.25064102564102564,0.3888888888888889,0.7647058823529411
9,0.3076923076923077,0.01816239316239316,0.6666666666666666,0.52
10,0.23076923076923078,0.0,1.0,0.48148148148148145
11,0.38461538461538464,0.05277777777777777,0.6,0.5909090909090909
12,0.3076923076923077,0.004273504273504273,0.8333333333333334,0.5652173913043478
13,0.3076923076923077,0.00641025641025641,0.8333333333333334,0.5909090909090909
