node,degree_cent,bet_cent,clust_coeff,close_cent
0,0.5384615384615385,0.25320512820512814,0.42857142857142855,0.6842105263157895
1,0.3076923076923077,0.0,1.0,0.5909090909090909
2,0.46153846153846156,0.05384615384615385,0.6666666666666666,0.65
3,0.46153846153846156,0.05384615384615385,0.6666666666666666,0.65
4,0.38461538461538464,0.017094017094017092,0.6,0.52
5,0.46153846153846156,0.021794871794871794,0.6666666666666666,0.5652173913043478
6,0.3076923076923077,0.004700854700854701,0.8333333333333334,0.52
7,0.38461538461538464,0.04209401709401709,0.6,0.5652173913043478
8,0.6923076923076923,0.2852564102564103,0.3611111111111111,0.7647058823529411
9,0.3076923076923077,0.05341880341880341,0.5,0.5909090909090909
10,0.23076923076923078,0.009615384615384616,0.6666666666666666,0.5416666666666666
11,0.38461538461538464,0.07692307692307693,0.4,0.5416666666666666
12,0.23076923076923078,0.0,1.0,0.48148148148148145
13,0.23076923076923078,0.0,1.0,0.48148148148148145
