node,degree_cent,bet_cent,clust_coeff,close_cent
0,0.7692307692307693,0.06021201021201022,0.7111111111111111,0.7647058823529411
1,0.46153846153846156,0.02178099678099678,0.8,0.6190476190476191
2,0.6923076923076923,0.02847014097014097,0.75,0.6842105263157895
3,0.46153846153846156,0.005769230769230769,0.8666666666666667,0.5416666666666666
4,0.5384615384615385,0.007905982905982906,0.8571428571428571,0.5652173913043478
5,0.5384615384615385,0.01223082473082473,0.8571428571428571,0.6190476190476191
6,0.6153846153846154,0.02573260073260073,0.8214285714285714,0.6842105263157895
7,0.6923076923076923,0.1556901431901432,0.6388888888888888,0.7647058823529411
8,0.6153846153846154,0.22156870906870907,0.5357142857142857,0.7222222222222222
9,0.3076923076923077,0.11689421689421689,0.5,0.5416666666666666
10,0.23076923076923078,0.034937284937284936,0.6666666666666666,0.48148148148148145
11,0.15384615384615385,0.0,1.0,0.37142857142857144
12,0.7692307692307693,0.06021201021201022,0.7111111111111111,0.7647058823529411
13,0.5384615384615385,0.01782661782661783,0.8571428571428571,0.65
