node,degree_cent,bet_cent,clust_coeff,close_cent
0,0.3076923076923077,0.004273504273504273,0.8333333333333334,0.52
1,0.3076923076923077,0.004273504273504273,0.8333333333333334,0.52
2,0.7692307692307693,0.24519230769230768,0.4666666666666667,0.8125
3,0.46153846153846156,0.02318376068376068,0.6666666666666666,0.5909090909090909
4,0.38461538461538464,0.017094017094017092,0.7,0.5652173913043478
5,0.46153846153846156,0.045405982905982904,0.6,0.6190476190476191
6,0.6153846153846154,0.07029914529914529,0.6071428571428571,0.7222222222222222
7,0.46153846153846156,0.04433760683760684,0.6,0.5909090909090909
8,0.5384615384615385,0.08824786324786325,0.6190476190476191,0.6842105263157895
9,0.3076923076923077,0.005876068376068376,0.8333333333333334,0.5
10,0.23076923076923078,0.0,1.0,0.4642857142857143
11,0.6153846153846154,0.1392094017094017,0.5714285714285714,0.7222222222222222
12,0.46153846153846156,0.01314102564102564,0.8,0.65
13,0.5384615384615385,0.06869658119658119,0.5714285714285714,0.6842105263157895
