node,degree_cent,bet_cent,clust_coeff,close_cent
0,0.23076923076923078,0.0,1.0,0.5
1,0.3076923076923077,0.028968253968253966,0.6666666666666666,0.5909090909090909
2,0.7692307692307693,0.1974053724053724,0.4888888888888889,0.8125
3,0.38461538461538464,0.027472527472527472,0.6,0.5652173913043478
4,0.5384615384615385,0.04155982905982905,0.6666666666666666,0.6842105263157895
5,0.38461538461538464,0.029090354090354095,0.6,0.5909090909090909
6,0.6153846153846154,0.03153235653235653,0.7142857142857143,0.7222222222222222
7,0.46153846153846156,0.039423076923076915,0.6,0.6190476190476191
8,0.6923076923076923,0.11678876678876678,0.5833333333333334,0.7647058823529411
9,0.3076923076923077,0.005876068376068376,0.8333333333333334,0.5416666666666666
10,0.23076923076923078,0.0,1.0,0.5
11,0.6923076923076923,0.15825702075702075,0.5,0.7647058823529411
12,0.5384615384615385,0.013369963369963368,0.8095238095238095,0.6842105263157895
13,0.46153846153846156,0.002564102564102564,0.9333333333333333,0.65
