node,degree_cent,bet_cent,clust_coeff,close_cent
0,0.15384615384615385,0.0,1.0,0.48148148148148145
1,0.3076923076923077,0.019230769230769232,0.5,0.52
2,0.7692307692307693,0.3302299552299552,0.37777777777777777,0.8125
3,0.3076923076923077,0.014245014245014245,0.6666666666666666,0.5416666666666666
4,0.3076923076923077,0.004273504273504273,0.8333333333333334,0.5416666666666666
5,0.38461538461538464,0.037891737891737894,0.6,0.5909090909090909
6,0.6153846153846154,0.08322140822140824,0.5714285714285714,0.7222222222222222
7,0.46153846153846156,0.048229548229548225,0.6,0.5909090909090909
8,0.5384615384615385,0.09324379324379324,0.6190476190476191,0.6842105263157895
9,0.3076923076923077,0.006105006105006104,0.8333333333333334,0.5
10,0.23076923076923078,0.0,1.0,0.4642857142857143
11,0.6153846153846154,0.1363349613349613,0.5714285714285714,0.7222222222222222
12,0.46153846153846156,0.015455840455840454,0.8,0.65
13,0.38461538461538464,0.03205128205128205,0.7,0.6190476190476191
