node,degree_cent,bet_cent,clust_coeff,close_cent
0,0.7692307692307693,0.07451159951159952,0.6,0.8125
1,0.38461538461538464,0.011874236874236874,0.8,0.6190476190476191
2,0.6923076923076923,0.04801587301587301,0.6944444444444444,0.7647058823529411
3,0.38461538461538464,0.01282051282051282,0.7,0.5652173913043478
4,0.6153846153846154,0.04010989010989011,0.6785714285714286,0.7222222222222222
5,0.38461538461538464,0.01401098901098901,0.7,0.5909090909090909
6,0.6923076923076923,0.034554334554334556,0.7222222222222222,0.7647058823529411
7,0.5384615384615385,0.050518925518925506,0.6190476190476191,0.6842105263157895
8,0.6923076923076923,0.10103785103785104,0.5833333333333334,0.7647058823529411
9,0.3076923076923077,0.006105006105006104,0.8333333333333334,0.5652173913043478
10,0.23076923076923078,0.0,1.0,0.52
11,0.7692307692307693,0.13675213675213674,0.5555555555555556,0.8125
12,0.6923076923076923,0.029822954822954825,0.7222222222222222,0.7647058823529411
13,0.5384615384615385,0.003968253968253968,0.9047619047619048,0.6842105263157895
