node,degree_cent,bet_cent,clust_coeff,close_cent
0,0.23076923076923078,0.0,1.0,0.48148148148148145
1,0.23076923076923078,0.0,1.0,0.48148148148148145
2,0.6153846153846154,0.17827635327635324,0.5,0.7222222222222222
3,0.46153846153846156,0.11417378917378919,0.4666666666666667,0.65
4,0.6153846153846154,0.11958689458689456,0.5,0.7222222222222222
5,0.3076923076923077,0.018803418803418806,0.6666666666666666,0.5416666666666666
6,0.3076923076923077,0.007193732193732194,0.8333333333333334,0.5416666666666666
7,0.38461538461538464,0.03682336182336182,0.6,0.5652173913043478
8,0.7692307692307693,0.264031339031339,0.4,0.8125
9,0.3076923076923077,0.016809116809116807,0.6666666666666666,0.5416666666666666
10,0.23076923076923078,0.0,1.0,0.5
11,0.46153846153846156,0.05555555555555555,0.6,0.6190476190476191
12,0.38461538461538464,0.004629629629629629,0.9,0.6190476190476191
13,0.38461538461538464,0.004629629629629629,0.9,0.6190476190476191
