node,degree_cent,bet_cent,clust_coeff,close_cent
0,0.6923076923076923,0.02953897953897954,0.75,0.7647058823529411
1,0.38461538461538464,0.005154105154105154,0.9,0.6190476190476191
2,0.7692307692307693,0.0434084434084434,0.7111111111111111,0.8125
3,0.5384615384615385,0.012179487179487178,0.8095238095238095,0.6190476190476191
4,0.6153846153846154,0.01593499093499093,0.8214285714285714,0.7222222222222222
5,0.5384615384615385,0.018686868686868686,0.7619047619047619,0.65
6,0.6923076923076923,0.02604895104895105,0.75,0.7647058823529411
7,0.46153846153846156,0.032323232323232316,0.6666666666666666,0.65
8,0.6923076923076923,0.10422170422170421,0.5833333333333334,0.7647058823529411
9,0.3076923076923077,0.005439005439005438,0.8333333333333334,0.5652173913043478
10,0.23076923076923078,0.0,1.0,0.52
11,0.7692307692307693,0.14783734783734784,0.5333333333333333,0.8125
12,0.8461538461538463,0.06957394457394458,0.6545454545454545,0.8666666666666667
13,0.6153846153846154,0.015293965293965291,0.8214285714285714,0.7222222222222222
