node,degree_cent,bet_cent,clust_coeff,close_cent
0,0.8461538461538463,0.11145706145706143,0.6,0.8666666666666667
1,0.38461538461538464,0.012942612942612942,0.8,0.6190476190476191
2,0.7692307692307693,0.09141229141229142,0.6,0.8125
3,0.38461538461538464,0.008547008547008546,0.8,0.5652173913043478
4,0.38461538461538464,0.003205128205128205,0.9,0.5652173913043478
5,0.46153846153846156,0.018976393976393974,0.7333333333333333,0.6190476190476191
6,0.6923076923076923,0.0474155474155474,0.7222222222222222,0.7647058823529411
7,0.6153846153846154,0.054945054945054944,0.6785714285714286,0.7222222222222222
8,0.6923076923076923,0.08683353683353684,0.6666666666666666,0.7647058823529411
9,0.3076923076923077,0.005698005698005697,0.8333333333333334,0.5416666666666666
10,0.23076923076923078,0.0,1.0,0.5
11,0.7692307692307693,0.13075905575905575,0.6,0.8125
12,0.6153846153846154,0.015720390720390717,0.8214285714285714,0.7222222222222222
13,0.5384615384615385,0.0018315018315018313,0.9523809523809523,0.6842105263157895
