node,degree_cent,bet_cent,clust_coeff,close_cent
0,0.7692307692307693,0.0919108669108669,0.6,0.7647058823529411
1,0.46153846153846156,0.12086385836385835,0.4666666666666667,0.65
2,0.46153846153846156,0.02361111111111111,0.7333333333333333,0.6190476190476191
3,0.46153846153846156,0.019887057387057382,0.7333333333333333,0.6190476190476191
4,0.6153846153846154,0.023717948717948717,0.75,0.65
5,0.5384615384615385,0.013675213675213675,0.8095238095238095,0.6190476190476191
6,0.5384615384615385,0.024374236874236874,0.8095238095238095,0.65
7,0.5384615384615385,0.10344932844932846,0.6666666666666666,0.6842105263157895
8,0.5384615384615385,0.12206959706959705,0.5238095238095238,0.6842105263157895
9,0.38461538461538464,0.11155372405372405,0.5,0.5909090909090909
10,0.3076923076923077,0.043589743589743594,0.6666666666666666,0.52
11,0.15384615384615385,0.0,1.0,0.3939393939393939
12,0.6923076923076923,0.05193833943833943,0.6666666666666666,0.7222222222222222
13,0.46153846153846156,0.0057692307692307696,0.8666666666666667,0.5416666666666666
