node,degree_cent,bet_cent,clust_coeff,close_cent
0,0.3076923076923077,0.004273504273504273,0.8333333333333334,0.5416666666666666
1,0.23076923076923078,0.0,1.0,0.52
2,0.7692307692307693,0.1510579698079698,0.6,0.8125
3,0.6153846153846154,0.06795981795981797,0.6071428571428571,0.6842105263157895
4,0.6923076923076923,0.06609362859362859,0.6666666666666666,0.7647058823529411
5,0.3076923076923077,0.0,1.0,0.5652173913043478
6,0.7692307692307693,0.07074314574314573,0.6666666666666666,0.8125
7,0.7692307692307693,0.07074314574314573,0.6666666666666666,0.8125
8,0.5384615384615385,0.03568931068931069,0.7142857142857143,0.6842105263157895
9,0.46153846153846156,0.012408424908424906,0.8,0.5909090909090909
10,0.3076923076923077,0.0018315018315018313,0.8333333333333334,0.5
11,0.6923076923076923,0.05551323676323675,0.7222222222222222,0.7647058823529411
12,0.6153846153846154,0.015132783882783886,0.8214285714285714,0.7222222222222222
13,0.6153846153846154,0.051117632367632365,0.7142857142857143,0.7222222222222222
