node,degree_cent,bet_cent,clust_coeff,close_cent
0,0.23076923076923078,0.0,1.0,0.52
1,0.23076923076923078,0.0,1.0,0.52
2,0.7692307692307693,0.15747863247863247,0.6222222222222222,0.8125
3,0.6923076923076923,0.11655011655011653,0.5833333333333334,0.7647058823529411
4,0.6153846153846154,0.018356643356643353,0.8214285714285714,0.7222222222222222
5,0.3076923076923077,0.0,1.0,0.5652173913043478
6,0.7692307692307693,0.05722610722610723,0.7111111111111111,0.8125
7,0.7692307692307693,0.05722610722610723,0.7111111111111111,0.8125
8,0.6153846153846154,0.032031857031857035,0.7857142857142857,0.7222222222222222
9,0.46153846153846156,0.008741258741258742,0.8666666666666667,0.5909090909090909
10,0.3076923076923077,0.0,1.0,0.52
11,0.7692307692307693,0.07752525252525252,0.7111111111111111,0.8125
12,0.6153846153846154,0.006837606837606838,0.8928571428571429,0.7222222222222222
13,0.6923076923076923,0.04494949494949495,0.75,0.7647058823529411
