node,degree_cent,bet_cent,clust_coeff,close_cent
0,0.6153846153846154,0.2914529914529914,0.39285714285714285,0.7222222222222222
1,0.3076923076923077,0.0,1.0,0.5909090909090909
2,0.5384615384615385,0.08525641025641024,0.6190476190476191,0.6842105263157895
3,0.46153846153846156,0.05384615384615385,0.6666666666666666,0.65
4,0.46153846153846156,0.015384615384615384,0.7333333333333333,0.5652173913043478
5,0.38461538461538464,0.010683760683760682,0.7,0.52
6,0.38461538461538464,0.007905982905982906,0.8,0.5416666666666666
7,0.38461538461538464,0.04145299145299145,0.6,0.5652173913043478
8,0.6923076923076923,0.21282051282051284,0.4166666666666667,0.7647058823529411
9,0.38461538461538464,0.06709401709401708,0.5,0.6190476190476191
10,0.23076923076923078,0.008974358974358974,0.6666666666666666,0.5416666666666666
11,0.38461538461538464,0.05128205128205128,0.5,0.5416666666666666
12,0.23076923076923078,0.0,1.0,0.48148148148148145
13,0.23076923076923078,0.0,1.0,0.48148148148148145
