node,degree_cent,bet_cent,clust_coeff,close_cent
0,0.38461538461538464,0.008547008547008546,0.8,0.40625
1,0.23076923076923078,0.0,1.0,0.38235294117647056
2,0.46153846153846156,0.05918803418803419,0.7333333333333333,0.52
3,0.5384615384615385,0.14508547008547004,0.5714285714285714,0.5416666666666666
4,0.5384615384615385,0.4012820512820513,0.47619047619047616,0.65
5,0.3076923076923077,0.07948717948717947,0.6666666666666666,0.5652173913043478
6,0.3076923076923077,0.07692307692307693,0.6666666666666666,0.5416666666666666
7,0.46153846153846156,0.3568376068376068,0.4,0.5909090909090909
8,0.3076923076923077,0.0747863247863248,0.5,0.43333333333333335
9,0.3076923076923077,0.034188034188034185,0.6666666666666666,0.43333333333333335
10,0.23076923076923078,0.004273504273504273,0.6666666666666666,0.3333333333333333
11,0.23076923076923078,0.029914529914529916,0.6666666666666666,0.41935483870967744
12,0.38461538461538464,0.018589743589743593,0.9,0.5
13,0.38461538461538464,0.018589743589743593,0.9,0.5
