node,degree_cent,bet_cent,clust_coeff,close_cent
0,0.3076923076923077,0.004273504273504273,0.8333333333333334,0.3939393939393939
1,0.23076923076923078,0.0,1.0,0.38235294117647056
2,0.5384615384615385,0.10042735042735046,0.6666666666666666,0.5416666666666666
3,0.5384615384615385,0.10042735042735046,0.6666666666666666,0.5416666666666666
4,0.5384615384615385,0.1823361823361823,0.6666666666666666,0.65
5,0.5384615384615385,0.1823361823361823,0.6666666666666666,0.65
6,0.38461538461538464,0.12179487179487179,0.6,0.5652173913043478
7,0.46153846153846156,0.31196581196581197,0.4666666666666667,0.5909090909090909
8,0.38461538461538464,0.09757834757834759,0.6,0.4642857142857143
9,0.3076923076923077,0.02492877492877493,0.8333333333333334,0.43333333333333335
10,0.23076923076923078,0.0,1.0,0.34210526315789475
11,0.3076923076923077,0.02492877492877493,0.8333333333333334,0.43333333333333335
12,0.46153846153846156,0.03846153846153845,0.8,0.52
13,0.46153846153846156,0.04131054131054131,0.8,0.5652173913043478
