node,degree_cent,bet_cent,clust_coeff,close_cent
0,0.6923076923076923,0.06126373626373626,0.6111111111111112,0.7647058823529411
1,0.38461538461538464,0.010805860805860806,0.8,0.6190476190476191
2,0.6153846153846154,0.05323565323565324,0.6428571428571429,0.7222222222222222
3,0.38461538461538464,0.013247863247863246,0.7,0.5652173913043478
4,0.6153846153846154,0.045115995115995115,0.6428571428571429,0.7222222222222222
5,0.38461538461538464,0.015079365079365076,0.7,0.5909090909090909
6,0.6153846153846154,0.03635531135531136,0.6785714285714286,0.7222222222222222
7,0.5384615384615385,0.05231990231990233,0.6190476190476191,0.6842105263157895
8,0.6153846153846154,0.06788766788766788,0.5714285714285714,0.7222222222222222
9,0.3076923076923077,0.006105006105006104,0.8333333333333334,0.5652173913043478
10,0.23076923076923078,0.0,1.0,0.52
11,0.8461538461538463,0.18516483516483517,0.509090909090909,0.8666666666666667
12,0.6923076923076923,0.03846153846153846,0.6666666666666666,0.7647058823529411
13,0.46153846153846156,0.0047008547008547015,0.8666666666666667,0.65
