node,degree_cent,bet_cent,clust_coeff,close_cent
0,0.3076923076923077,0.0,1.0,0.4482758620689655
1,0.46153846153846156,0.032967032967032954,0.6666666666666666,0.5
2,0.6153846153846154,0.2687881562881563,0.5,0.65
3,0.5384615384615385,0.11999898249898248,0.5714285714285714,0.6190476190476191
4,0.38461538461538464,0.027726902726902723,0.7,0.52
5,0.38461538461538464,0.04349308099308098,0.7,0.5416666666666666
6,0.46153846153846156,0.09006410256410255,0.6666666666666666,0.6190476190476191
7,0.46153846153846156,0.2744098494098494,0.5333333333333333,0.65
8,0.38461538461538464,0.13985551485551484,0.5,0.52
9,0.3076923076923077,0.1518111518111518,0.5,0.48148148148148145
10,0.23076923076923078,0.01816239316239316,0.6666666666666666,0.38235294117647056
11,0.15384615384615385,0.0,1.0,0.34210526315789475
12,0.3076923076923077,0.0,1.0,0.4482758620689655
13,0.38461538461538464,0.012210012210012208,0.8,0.48148148148148145
