node,degree_cent,bet_cent,clust_coeff,close_cent
0,0.3076923076923077,0.004273504273504273,0.8333333333333334,0.5416666666666666
1,0.23076923076923078,0.0,1.0,0.52
2,0.7692307692307693,0.15634451019066403,0.5555555555555556,0.8125
3,0.6153846153846154,0.07667652859960553,0.6071428571428571,0.7222222222222222
4,0.6153846153846154,0.0509533201840894,0.6428571428571429,0.7222222222222222
5,0.3076923076923077,0.0,1.0,0.5909090909090909
6,0.8461538461538463,0.10591442033749726,0.6,0.8666666666666667
7,0.7692307692307693,0.08732467674775365,0.6222222222222222,0.8125
8,0.5384615384615385,0.014055993863686172,0.8571428571428571,0.6842105263157895
9,0.38461538461538464,0.0,1.0,0.5652173913043478
10,0.5384615384615385,0.011538461538461539,0.8095238095238095,0.6190476190476191
11,0.6153846153846154,0.023030352838045144,0.7857142857142857,0.7222222222222222
12,0.6923076923076923,0.035508437431514356,0.7222222222222222,0.7647058823529411
13,0.46153846153846156,0.011302870918255534,0.8,0.65
