node,degree_cent,bet_cent,clust_coeff,close_cent
0,0.7692307692307693,0.07032967032967034,0.6222222222222222,0.8125
1,0.38461538461538464,0.011645299145299144,0.8,0.6190476190476191
2,0.6153846153846154,0.040842490842490836,0.6785714285714286,0.7222222222222222
3,0.38461538461538464,0.013888888888888888,0.7,0.5652173913043478
4,0.6923076923076923,0.05109890109890109,0.6666666666666666,0.7647058823529411
5,0.38461538461538464,0.010149572649572648,0.8,0.5909090909090909
6,0.6153846153846154,0.022283272283272284,0.7857142857142857,0.7222222222222222
7,0.6923076923076923,0.06738400488400488,0.6666666666666666,0.7647058823529411
8,0.6923076923076923,0.08830891330891331,0.6111111111111112,0.7647058823529411
9,0.3076923076923077,0.006105006105006104,0.8333333333333334,0.5652173913043478
10,0.23076923076923078,0.0,1.0,0.52
11,0.7692307692307693,0.1341422466422466,0.5555555555555556,0.8125
12,0.6923076923076923,0.02716727716727716,0.75,0.7647058823529411
13,0.6153846153846154,0.007936507936507934,0.8571428571428571,0.7222222222222222
