node,degree_cent,bet_cent,clust_coeff,close_cent
0,0.6153846153846154,0.027350427350427354,0.75,0.6842105263157895
1,0.6153846153846154,0.058775946275946275,0.6428571428571429,0.7222222222222222
2,0.46153846153846156,0.011538461538461539,0.8,0.5909090909090909
3,0.46153846153846156,0.01549145299145299,0.8,0.6190476190476191
4,0.6923076923076923,0.07565628815628815,0.6388888888888888,0.7647058823529411
5,0.7692307692307693,0.1521825396825397,0.5111111111111111,0.8125
6,0.38461538461538464,0.06082112332112331,0.5,0.6190476190476191
7,0.38461538461538464,0.039987789987789985,0.5,0.5909090909090909
8,0.3076923076923077,0.02564102564102564,0.5,0.5
9,0.38461538461538464,0.04639804639804639,0.5,0.6190476190476191
10,0.23076923076923078,0.014117826617826618,0.6666666666666666,0.52
11,0.6153846153846154,0.1498168498168498,0.5357142857142857,0.7222222222222222
12,0.46153846153846156,0.007264957264957264,0.8666666666666667,0.6190476190476191
13,0.38461538461538464,0.007264957264957264,0.8,0.5652173913043478
