node,degree_cent,bet_cent,clust_coeff,close_cent
0,0.23076923076923078,0.01282051282051282,0.6666666666666666,0.5
1,0.23076923076923078,0.00641025641025641,0.6666666666666666,0.4482758620689655
2,0.6153846153846154,0.15480769230769226,0.5,0.6842105263157895
3,0.3076923076923077,0.026709401709401705,0.6666666666666666,0.5416666666666666
4,0.6923076923076923,0.14305555555555555,0.5555555555555556,0.7647058823529411
5,0.46153846153846156,0.026816239316239318,0.7333333333333333,0.6190476190476191
6,0.6153846153846154,0.11933760683760682,0.5714285714285714,0.7222222222222222
7,0.6153846153846154,0.10138888888888889,0.5714285714285714,0.6842105263157895
8,0.38461538461538464,0.03141025641025641,0.7,0.5909090909090909
9,0.3076923076923077,0.012286324786324784,0.6666666666666666,0.48148148148148145
10,0.46153846153846156,0.04449786324786324,0.6,0.5909090909090909
11,0.23076923076923078,0.006356837606837607,0.6666666666666666,0.48148148148148145
12,0.46153846153846156,0.010416666666666666,0.8666666666666667,0.65
13,0.5384615384615385,0.12419871794871792,0.5714285714285714,0.6842105263157895
