node,degree_cent,bet_cent,clust_coeff,close_cent
0,0.23076923076923078,0.0,1.0,0.52
1,0.23076923076923078,0.0,1.0,0.52
2,0.6923076923076923,0.14658119658119656,0.5555555555555556,0.7647058823529411
3,0.6923076923076923,0.1388888888888889,0.5277777777777778,0.7647058823529411
4,0.6153846153846154,0.029059829059829057,0.7142857142857143,0.7222222222222222
5,0.3076923076923077,0.0,1.0,0.5909090909090909
6,0.5384615384615385,0.04017094017094017,0.6190476190476191,0.6842105263157895
7,0.8461538461538463,0.12777777777777774,0.5636363636363636,0.8666666666666667
8,0.5384615384615385,0.027777777777777776,0.7142857142857143,0.6842105263157895
9,0.38461538461538464,0.005769230769230769,0.8,0.5652173913043478
10,0.38461538461538464,0.002564102564102564,0.9,0.5652173913043478
11,0.6153846153846154,0.044444444444444446,0.6785714285714286,0.7222222222222222
12,0.6923076923076923,0.049786324786324776,0.6666666666666666,0.7647058823529411
13,0.46153846153846156,0.002564102564102564,0.9333333333333333,0.65
