node,degree_cent,bet_cent,clust_coeff,close_cent
0,0.38461538461538464,0.028205128205128206,0.7,0.52
1,0.23076923076923078,0.002564102564102564,0.6666666666666666,0.40625
2,0.46153846153846156,0.030769230769230767,0.7333333333333333,0.5416666666666666
3,0.46153846153846156,0.08547008547008547,0.6,0.5652173913043478
4,0.5384615384615385,0.09294871794871795,0.5714285714285714,0.5909090909090909
5,0.46153846153846156,0.13461538461538458,0.5333333333333333,0.65
6,0.3076923076923077,0.03269230769230769,0.6666666666666666,0.5652173913043478
7,0.3076923076923077,0.024786324786324785,0.6666666666666666,0.5
8,0.5384615384615385,0.3532051282051282,0.38095238095238093,0.65
9,0.3076923076923077,0.01282051282051282,0.6666666666666666,0.4482758620689655
10,0.23076923076923078,0.0,1.0,0.43333333333333335
11,0.23076923076923078,0.0,1.0,0.43333333333333335
12,0.38461538461538464,0.002564102564102564,0.9,0.52
13,0.5384615384615385,0.2634615384615385,0.5714285714285714,0.6842105263157895
