node,degree_cent,bet_cent,clust_coeff,close_cent
0,0.6153846153846154,0.013675213675213675,0.8214285714285714,0.7222222222222222
1,0.5384615384615385,0.04371184371184371,0.6666666666666666,0.6842105263157895
2,0.6923076923076923,0.03354700854700855,0.7222222222222222,0.7647058823529411
3,0.46153846153846156,0.02854090354090354,0.6666666666666666,0.6190476190476191
4,0.6153846153846154,0.031105006105006102,0.7142857142857143,0.7222222222222222
5,0.3076923076923077,0.01282051282051282,0.5,0.5652173913043478
6,0.6923076923076923,0.04768009768009768,0.6666666666666666,0.7647058823529411
7,0.5384615384615385,0.05656288156288156,0.5714285714285714,0.6842105263157895
8,0.5384615384615385,0.04297924297924297,0.6190476190476191,0.6842105263157895
9,0.3076923076923077,0.006105006105006104,0.8333333333333334,0.5652173913043478
10,0.3076923076923077,0.010897435897435899,0.6666666666666666,0.5652173913043478
11,0.8461538461538463,0.13968253968253969,0.5636363636363636,0.8666666666666667
12,0.7692307692307693,0.05384615384615385,0.6666666666666666,0.8125
13,0.6153846153846154,0.01730769230769231,0.7857142857142857,0.7222222222222222
