node,degree_cent,bet_cent,clust_coeff,close_cent
0,0.7692307692307693,0.06324786324786323,0.6444444444444445,0.8125
1,0.46153846153846156,0.0423076923076923,0.6666666666666666,0.65
2,0.5384615384615385,0.017948717948717947,0.7619047619047619,0.6842105263157895
3,0.46153846153846156,0.018910256410256412,0.7333333333333333,0.6190476190476191
4,0.6153846153846154,0.026068376068376073,0.7142857142857143,0.6842105263157895
5,0.38461538461538464,0.007692307692307694,0.8,0.5909090909090909
6,0.6153846153846154,0.029273504273504277,0.75,0.7222222222222222
7,0.6923076923076923,0.08173076923076923,0.6388888888888888,0.7647058823529411
8,0.5384615384615385,0.04209401709401709,0.6666666666666666,0.6842105263157895
9,0.3076923076923077,0.006730769230769229,0.8333333333333334,0.5652173913043478
10,0.3076923076923077,0.011965811965811965,0.6666666666666666,0.5416666666666666
11,0.7692307692307693,0.11570512820512821,0.5555555555555556,0.8125
12,0.7692307692307693,0.06858974358974358,0.6444444444444445,0.8125
13,0.6153846153846154,0.019017094017094015,0.7857142857142857,0.7222222222222222
