node,degree_cent,bet_cent,clust_coeff,close_cent
0,0.3076923076923077,0.008547008547008546,0.6666666666666666,0.3939393939393939
1,0.23076923076923078,0.003205128205128205,0.6666666666666666,0.38235294117647056
2,0.5384615384615385,0.11944166944166942,0.6190476190476191,0.5416666666666666
3,0.46153846153846156,0.06987179487179487,0.6666666666666666,0.52
4,0.46153846153846156,0.12929015429015428,0.6666666666666666,0.5652173913043478
5,0.46153846153846156,0.3572483072483073,0.5333333333333333,0.6190476190476191
6,0.3076923076923077,0.16519869019869018,0.5,0.5416666666666666
7,0.38461538461538464,0.27967310467310463,0.5,0.5416666666666666
8,0.38461538461538464,0.11371406371406373,0.6,0.4482758620689655
9,0.3076923076923077,0.020066045066045066,0.8333333333333334,0.40625
10,0.23076923076923078,0.0,1.0,0.3333333333333333
11,0.3076923076923077,0.020066045066045066,0.8333333333333334,0.40625
12,0.38461538461538464,0.013039738039738036,0.8,0.4482758620689655
13,0.46153846153846156,0.059612609612609606,0.7333333333333333,0.52
