node,degree_cent,bet_cent,clust_coeff,close_cent
0,0.6153846153846154,0.023982498982498983,0.75,0.7222222222222222
1,0.38461538461538464,0.0064611314611314604,0.9,0.6190476190476191
2,0.6923076923076923,0.037922262922262924,0.7222222222222222,0.7647058823529411
3,0.46153846153846156,0.027777777777777776,0.6666666666666666,0.5909090909090909
4,0.6153846153846154,0.037871387871387864,0.6785714285714286,0.7222222222222222
5,0.3076923076923077,0.012962962962962963,0.5,0.5652173913043478
6,0.6923076923076923,0.04358974358974359,0.6944444444444444,0.7647058823529411
7,0.5384615384615385,0.053062678062678066,0.6190476190476191,0.6842105263157895
8,0.6923076923076923,0.09822954822954821,0.6111111111111112,0.7647058823529411
9,0.3076923076923077,0.00641025641025641,0.8333333333333334,0.5652173913043478
10,0.23076923076923078,0.0,1.0,0.52
11,0.7692307692307693,0.1427248677248677,0.5555555555555556,0.8125
12,0.7692307692307693,0.0605006105006105,0.6666666666666666,0.8125
13,0.6153846153846154,0.012606837606837607,0.8214285714285714,0.7222222222222222
