node,degree_cent,bet_cent,clust_coeff,close_cent
0,0.7692307692307693,0.08023504273504273,0.5777777777777777,0.8125
1,0.3076923076923077,0.010576923076923076,0.6666666666666666,0.5909090909090909
2,0.7692307692307693,0.09002849002849002,0.5777777777777777,0.8125
3,0.46153846153846156,0.017094017094017092,0.7333333333333333,0.6190476190476191
4,0.6153846153846154,0.018376068376068377,0.75,0.6842105263157895
5,0.5384615384615385,0.013675213675213675,0.7619047619047619,0.65
6,0.6923076923076923,0.04131054131054131,0.6944444444444444,0.7647058823529411
7,0.5384615384615385,0.025071225071225074,0.7142857142857143,0.6842105263157895
8,0.5384615384615385,0.06417378917378916,0.5238095238095238,0.6842105263157895
9,0.6923076923076923,0.08992165242165243,0.5833333333333334,0.7647058823529411
10,0.46153846153846156,0.03308404558404558,0.6666666666666666,0.65
11,0.23076923076923078,0.0,1.0,0.5
12,0.7692307692307693,0.06054131054131053,0.6444444444444445,0.8125
13,0.46153846153846156,0.007193732193732194,0.8666666666666667,0.65
