node,degree_cent,bet_cent,clust_coeff,close_cent
0,0.6923076923076923,0.04855873973521033,0.6666666666666666,0.7647058823529411
1,0.46153846153846156,0.041821685939333005,0.6666666666666666,0.65
2,0.6153846153846154,0.025695491871962458,0.75,0.7222222222222222
3,0.46153846153846156,0.01616809116809117,0.7333333333333333,0.5909090909090909
4,0.6153846153846154,0.03246187363834423,0.7142857142857143,0.7222222222222222
5,0.38461538461538464,0.01233450645215351,0.7,0.5909090909090909
6,0.6923076923076923,0.05597871627283393,0.6388888888888888,0.7647058823529411
7,0.5384615384615385,0.060382101558572134,0.5714285714285714,0.6842105263157895
8,0.46153846153846156,0.03383190883190883,0.6,0.6190476190476191
9,0.3076923076923077,0.005698005698005697,0.8333333333333334,0.5652173913043478
10,0.3076923076923077,0.014999162057985588,0.6666666666666666,0.5652173913043478
11,0.8461538461538463,0.16958270487682256,0.509090909090909,0.8666666666666667
12,0.6923076923076923,0.045395508630802744,0.6666666666666666,0.7647058823529411
13,0.46153846153846156,0.014014580191050778,0.8,0.65
