node,degree_cent,bet_cent,clust_coeff,close_cent
0,0.15384615384615385,0.0,1.0,0.4482758620689655
1,0.23076923076923078,0.010683760683760682,0.6666666666666666,0.48148148148148145
2,0.6153846153846154,0.31520146520146514,0.35714285714285715,0.7222222222222222
3,0.3076923076923077,0.053113553113553105,0.5,0.5416666666666666
4,0.5384615384615385,0.14075091575091572,0.47619047619047616,0.6842105263157895
5,0.3076923076923077,0.021794871794871797,0.6666666666666666,0.5
6,0.3076923076923077,0.00931013431013431,0.8333333333333334,0.52
7,0.38461538461538464,0.045115995115995115,0.6,0.5416666666666666
8,0.6153846153846154,0.2074175824175824,0.42857142857142855,0.7222222222222222
9,0.3076923076923077,0.01999389499389499,0.6666666666666666,0.52
10,0.23076923076923078,0.0,1.0,0.48148148148148145
11,0.46153846153846156,0.09487179487179487,0.5333333333333333,0.6190476190476191
12,0.38461538461538464,0.030463980463980463,0.7,0.6190476190476191
13,0.23076923076923078,0.0,1.0,0.5
