node,degree_cent,bet_cent,clust_coeff,close_cent
0,0.6923076923076923,0.08265900765900766,0.5833333333333334,0.7647058823529411
1,0.3076923076923077,0.012276612276612276,0.8333333333333334,0.5909090909090909
2,0.6153846153846154,0.05905760905760905,0.6071428571428571,0.7222222222222222
3,0.38461538461538464,0.013888888888888888,0.7,0.5416666666666666
4,0.5384615384615385,0.04121989121989122,0.6190476190476191,0.6190476190476191
5,0.38461538461538464,0.018881118881118878,0.7,0.5909090909090909
6,0.6153846153846154,0.060325785325785315,0.6071428571428571,0.7222222222222222
7,0.5384615384615385,0.06981351981351983,0.5714285714285714,0.6842105263157895
8,0.46153846153846156,0.044882894882894875,0.5333333333333333,0.6190476190476191
9,0.3076923076923077,0.00641025641025641,0.8333333333333334,0.5416666666666666
10,0.23076923076923078,0.0,1.0,0.5
11,0.7692307692307693,0.2221139971139971,0.4444444444444444,0.8125
12,0.5384615384615385,0.023179598179598176,0.7142857142857143,0.6842105263157895
13,0.38461538461538464,0.024777999777999774,0.6,0.6190476190476191
