node,degree_cent,bet_cent,clust_coeff,close_cent
0,0.15384615384615385,0.0,1.0,0.4482758620689655
1,0.23076923076923078,0.00641025641025641,0.6666666666666666,0.4642857142857143
2,0.6923076923076923,0.2962352462352463,0.4166666666666667,0.7222222222222222
3,0.38461538461538464,0.048911273911273916,0.5,0.5652173913043478
4,0.6153846153846154,0.14758852258852256,0.5714285714285714,0.7222222222222222
5,0.46153846153846156,0.03276353276353276,0.7333333333333333,0.6190476190476191
6,0.46153846153846156,0.018874643874643875,0.8,0.6190476190476191
7,0.6153846153846154,0.19329466829466824,0.5714285714285714,0.7222222222222222
8,0.46153846153846156,0.04017094017094017,0.6666666666666666,0.5652173913043478
9,0.3076923076923077,0.04276556776556776,0.6666666666666666,0.5
10,0.38461538461538464,0.10467032967032967,0.6,0.5416666666666666
11,0.15384615384615385,0.0,1.0,0.37142857142857144
12,0.38461538461538464,0.0384004884004884,0.7,0.5909090909090909
13,0.23076923076923078,0.004273504273504273,0.6666666666666666,0.4642857142857143
