node,degree_cent,bet_cent,clust_coeff,close_cent
0,0.23076923076923078,0.013888888888888888,0.6666666666666666,0.5652173913043478
1,0.23076923076923078,0.00641025641025641,0.6666666666666666,0.52
2,0.8461538461538463,0.4495726495726496,0.2909090909090909,0.8666666666666667
3,0.3076923076923077,0.01282051282051282,0.6666666666666666,0.5416666666666666
4,0.3076923076923077,0.004273504273504273,0.8333333333333334,0.5416666666666666
5,0.38461538461538464,0.020299145299145296,0.7,0.5909090909090909
6,0.38461538461538464,0.026068376068376073,0.7,0.6190476190476191
7,0.38461538461538464,0.048931623931623924,0.6,0.6190476190476191
8,0.46153846153846156,0.0846153846153846,0.5333333333333333,0.65
9,0.3076923076923077,0.013247863247863246,0.6666666666666666,0.52
10,0.23076923076923078,0.0,1.0,0.48148148148148145
11,0.5384615384615385,0.1532051282051282,0.38095238095238093,0.6842105263157895
12,0.23076923076923078,0.0,1.0,0.5652173913043478
13,0.23076923076923078,0.0,1.0,0.5652173913043478
