node,degree_cent,bet_cent,clust_coeff,close_cent
0,0.23076923076923078,0.00641025641025641,0.6666666666666666,0.4642857142857143
1,0.23076923076923078,0.010683760683760682,0.6666666666666666,0.48148148148148145
2,0.6153846153846154,0.27863247863247864,0.35714285714285715,0.7222222222222222
3,0.3076923076923077,0.05555555555555555,0.5,0.5652173913043478
4,0.3076923076923077,0.038461538461538464,0.5,0.5652173913043478
5,0.38461538461538464,0.06559829059829059,0.5,0.5416666666666666
6,0.38461538461538464,0.03290598290598291,0.6,0.5652173913043478
7,0.3076923076923077,0.008547008547008548,0.8333333333333334,0.5416666666666666
8,0.6153846153846154,0.21132478632478632,0.42857142857142855,0.7222222222222222
9,0.46153846153846156,0.0735042735042735,0.5333333333333333,0.5909090909090909
10,0.23076923076923078,0.0,1.0,0.48148148148148145
11,0.46153846153846156,0.07307692307692307,0.6,0.65
12,0.38461538461538464,0.04273504273504273,0.7,0.5909090909090909
13,0.3076923076923077,0.0,1.0,0.5652173913043478
