node,degree_cent,bet_cent,clust_coeff,close_cent
0,0.6923076923076923,0.11164529914529915,0.5555555555555556,0.7647058823529411
1,0.38461538461538464,0.003205128205128205,0.9,0.52
2,0.5384615384615385,0.05341880341880342,0.6666666666666666,0.6842105263157895
3,0.46153846153846156,0.024038461538461533,0.6666666666666666,0.5652173913043478
4,0.38461538461538464,0.012286324786324784,0.7,0.5652173913043478
5,0.38461538461538464,0.038461538461538464,0.6,0.5909090909090909
6,0.5384615384615385,0.09615384615384616,0.47619047619047616,0.6842105263157895
7,0.38461538461538464,0.04326923076923076,0.6,0.5909090909090909
8,0.38461538461538464,0.02457264957264957,0.7,0.5652173913043478
9,0.3076923076923077,0.00641025641025641,0.8333333333333334,0.52
10,0.23076923076923078,0.0,1.0,0.48148148148148145
11,0.6923076923076923,0.29006410256410253,0.4166666666666667,0.7647058823529411
12,0.5384615384615385,0.052350427350427345,0.6666666666666666,0.6842105263157895
13,0.38461538461538464,0.013354700854700852,0.9,0.6190476190476191
