node,degree_cent,bet_cent,clust_coeff,close_cent
0,0.3076923076923077,0.008547008547008546,0.6666666666666666,0.40625
1,0.23076923076923078,0.005036630036630035,0.6666666666666666,0.40625
2,0.46153846153846156,0.08336385836385837,0.6666666666666666,0.5652173913043478
3,0.46153846153846156,0.09963369963369961,0.5333333333333333,0.5652173913043478
4,0.6153846153846154,0.45805860805860804,0.42857142857142855,0.7222222222222222
5,0.3076923076923077,0.035042735042735036,0.6666666666666666,0.5416666666666666
6,0.3076923076923077,0.006837606837606838,0.8333333333333334,0.5416666666666666
7,0.46153846153846156,0.14700854700854699,0.5333333333333333,0.5909090909090909
8,0.46153846153846156,0.21025641025641023,0.5333333333333333,0.5909090909090909
9,0.3076923076923077,0.006837606837606838,0.8333333333333334,0.43333333333333335
10,0.23076923076923078,0.0,1.0,0.40625
11,0.3076923076923077,0.006837606837606838,0.8333333333333334,0.43333333333333335
12,0.38461538461538464,0.03678266178266177,0.8,0.5416666666666666
13,0.38461538461538464,0.03678266178266177,0.8,0.5416666666666666
