node,degree_cent,bet_cent,clust_coeff,close_cent
0,0.38461538461538464,0.04679487179487179,0.6,0.52
1,0.23076923076923078,0.003205128205128205,0.6666666666666666,0.40625
2,0.38461538461538464,0.02678062678062678,0.7,0.52
3,0.38461538461538464,0.06894586894586895,0.6,0.5416666666666666
4,0.6153846153846154,0.2848290598290598,0.42857142857142855,0.7222222222222222
5,0.46153846153846156,0.132977207977208,0.5333333333333333,0.65
6,0.46153846153846156,0.17357549857549862,0.4666666666666667,0.6190476190476191
7,0.46153846153846156,0.08283475783475783,0.5333333333333333,0.5652173913043478
8,0.3076923076923077,0.006837606837606838,0.8333333333333334,0.4642857142857143
9,0.38461538461538464,0.015384615384615384,0.7,0.48148148148148145
10,0.3076923076923077,0.004273504273504273,0.8333333333333334,0.4482758620689655
11,0.3076923076923077,0.09957264957264955,0.5,0.5652173913043478
12,0.46153846153846156,0.024999999999999998,0.6666666666666666,0.5652173913043478
13,0.38461538461538464,0.04180911680911681,0.7,0.5909090909090909
