node,degree_cent,bet_cent,clust_coeff,close_cent
0,0.6923076923076923,0.07643467643467644,0.5833333333333334,0.7647058823529411
1,0.3076923076923077,0.009462759462759462,0.8333333333333334,0.5909090909090909
2,0.5384615384615385,0.03800366300366301,0.6666666666666666,0.6842105263157895
3,0.38461538461538464,0.013888888888888888,0.7,0.5416666666666666
4,0.6153846153846154,0.04865689865689865,0.6428571428571429,0.7222222222222222
5,0.38461538461538464,0.016788766788766785,0.7,0.5909090909090909
6,0.6153846153846154,0.03418803418803418,0.7142857142857143,0.7222222222222222
7,0.6153846153846154,0.0660866910866911,0.6071428571428571,0.7222222222222222
8,0.5384615384615385,0.03998778998778998,0.6666666666666666,0.65
9,0.3076923076923077,0.006105006105006104,0.8333333333333334,0.5652173913043478
10,0.23076923076923078,0.0,1.0,0.52
11,0.8461538461538463,0.22509157509157512,0.4909090909090909,0.8666666666666667
12,0.6153846153846154,0.02347374847374847,0.75,0.7222222222222222
13,0.5384615384615385,0.01721611721611721,0.7619047619047619,0.6842105263157895
