node,degree_cent,bet_cent,clust_coeff,close_cent
0,0.23076923076923078,0.0,1.0,0.4642857142857143
1,0.23076923076923078,0.0,1.0,0.4642857142857143
2,0.5384615384615385,0.3258547008547008,0.3333333333333333,0.6842105263157895
3,0.38461538461538464,0.07692307692307693,0.5,0.5416666666666666
4,0.3076923076923077,0.038461538461538464,0.5,0.52
5,0.3076923076923077,0.05448717948717949,0.5,0.5
6,0.3076923076923077,0.05128205128205128,0.5,0.5416666666666666
7,0.3076923076923077,0.06196581196581196,0.5,0.5416666666666666
8,0.6153846153846154,0.358974358974359,0.32142857142857145,0.7222222222222222
9,0.3076923076923077,0.021367521367521364,0.6666666666666666,0.5
10,0.23076923076923078,0.0,1.0,0.4642857142857143
11,0.3076923076923077,0.01282051282051282,0.6666666666666666,0.48148148148148145
12,0.23076923076923078,0.0,1.0,0.5416666666666666
13,0.3076923076923077,0.03632478632478632,0.6666666666666666,0.5652173913043478
