node,degree_cent,bet_cent,clust_coeff,close_cent
0,0.5384615384615385,0.017124542124542126,0.7619047619047619,0.6842105263157895
1,0.38461538461538464,0.006318681318681319,0.9,0.6190476190476191
2,0.7692307692307693,0.06518111518111518,0.6222222222222222,0.8125
3,0.46153846153846156,0.014957264957264954,0.7333333333333333,0.5909090909090909
4,0.6923076923076923,0.041625966625966626,0.6666666666666666,0.7647058823529411
5,0.46153846153846156,0.013156288156288158,0.7333333333333333,0.6190476190476191
6,0.6153846153846154,0.01719576719576719,0.7857142857142857,0.7222222222222222
7,0.6153846153846154,0.05482295482295482,0.6428571428571429,0.7222222222222222
8,0.6153846153846154,0.07639397639397638,0.6071428571428571,0.7222222222222222
9,0.3076923076923077,0.005698005698005697,0.8333333333333334,0.5652173913043478
10,0.23076923076923078,0.0,1.0,0.52
11,0.7692307692307693,0.15823158323158323,0.5111111111111111,0.8125
12,0.7692307692307693,0.06117216117216117,0.6444444444444445,0.8125
13,0.6153846153846154,0.019403744403744403,0.75,0.7222222222222222
