node,degree_cent,bet_cent,clust_coeff,close_cent
0,0.3076923076923077,0.004273504273504273,0.8333333333333334,0.38235294117647056
1,0.38461538461538464,0.04742063492063492,0.7,0.5
2,0.46153846153846156,0.12206450956450955,0.6,0.52
3,0.5384615384615385,0.39759869759869765,0.47619047619047616,0.65
4,0.38461538461538464,0.06714489214489214,0.6,0.5416666666666666
5,0.3076923076923077,0.011752136752136752,0.8333333333333334,0.52
6,0.38461538461538464,0.12135225885225884,0.6,0.5652173913043478
7,0.46153846153846156,0.3241605616605617,0.4,0.5909090909090909
8,0.3076923076923077,0.08859381359381359,0.5,0.4482758620689655
9,0.3076923076923077,0.028886853886853886,0.6666666666666666,0.43333333333333335
10,0.23076923076923078,0.004273504273504273,0.6666666666666666,0.34210526315789475
11,0.23076923076923078,0.024613349613349614,0.6666666666666666,0.41935483870967744
12,0.38461538461538464,0.07837810337810339,0.7,0.5
13,0.23076923076923078,0.0,1.0,0.37142857142857144
