node,degree_cent,bet_cent,clust_coeff,close_cent
0,0.6923076923076923,0.0936202686202686,0.5833333333333334,0.7647058823529411
1,0.3076923076923077,0.005341880341880341,0.8333333333333334,0.5652173913043478
2,0.6153846153846154,0.04264346764346764,0.6428571428571429,0.6842105263157895
3,0.46153846153846156,0.01901709401709402,0.6666666666666666,0.5909090909090909
4,0.46153846153846156,0.007692307692307692,0.8,0.5909090909090909
5,0.38461538461538464,0.012606837606837605,0.6,0.5652173913043478
6,0.6153846153846154,0.05665445665445667,0.6428571428571429,0.7222222222222222
7,0.5384615384615385,0.05256410256410257,0.6190476190476191,0.6842105263157895
8,0.5384615384615385,0.10622710622710621,0.5714285714285714,0.6842105263157895
9,0.46153846153846156,0.06529304029304028,0.6,0.65
10,0.3076923076923077,0.009615384615384616,0.8333333333333334,0.52
11,0.23076923076923078,0.0,1.0,0.4642857142857143
12,0.6153846153846154,0.07823565323565322,0.6071428571428571,0.7222222222222222
13,0.6923076923076923,0.1427960927960928,0.5277777777777778,0.7647058823529411
