node,degree_cent,bet_cent,clust_coeff,close_cent
0,0.23076923076923078,0.0,1.0,0.52
1,0.23076923076923078,0.0,1.0,0.52
2,0.7692307692307693,0.17583527583527583,0.5777777777777777,0.8125
3,0.6923076923076923,0.10897435897435898,0.5555555555555556,0.7222222222222222
4,0.6153846153846154,0.02253302253302253,0.7857142857142857,0.7222222222222222
5,0.3076923076923077,0.0,1.0,0.5652173913043478
6,0.6153846153846154,0.0316045066045066,0.75,0.7222222222222222
7,0.7692307692307693,0.10862470862470862,0.6222222222222222,0.8125
8,0.5384615384615385,0.0644910644910645,0.6666666666666666,0.6842105263157895
9,0.3076923076923077,0.007575757575757574,0.8333333333333334,0.5416666666666666
10,0.23076923076923078,0.0,1.0,0.48148148148148145
11,0.6923076923076923,0.11532634032634033,0.6111111111111112,0.7647058823529411
12,0.6153846153846154,0.015578865578865578,0.8214285714285714,0.7222222222222222
13,0.46153846153846156,0.003302253302253302,0.9333333333333333,0.65
