node,degree_cent,bet_cent,clust_coeff,close_cent
0,0.38461538461538464,0.06132478632478632,0.5,0.5652173913043478
1,0.23076923076923078,0.013888888888888888,0.6666666666666666,0.5416666666666666
2,0.5384615384615385,0.24957264957264955,0.3333333333333333,0.65
3,0.46153846153846156,0.12542735042735043,0.5333333333333333,0.6190476190476191
4,0.38461538461538464,0.06880341880341881,0.7,0.5909090909090909
5,0.3076923076923077,0.0,1.0,0.48148148148148145
6,0.38461538461538464,0.03461538461538461,0.7,0.52
7,0.46153846153846156,0.10064102564102564,0.5333333333333333,0.5909090909090909
8,0.3076923076923077,0.052991452991453,0.5,0.5
9,0.38461538461538464,0.0985042735042735,0.5,0.6190476190476191
10,0.3076923076923077,0.03675213675213675,0.6666666666666666,0.52
11,0.46153846153846156,0.11901709401709401,0.4666666666666667,0.5909090909090909
12,0.23076923076923078,0.0,1.0,0.48148148148148145
13,0.23076923076923078,0.0,1.0,0.48148148148148145
