node,degree_cent,bet_cent,clust_coeff,close_cent
0,0.3076923076923077,0.01282051282051282,0.6666666666666666,0.3939393939393939
1,0.23076923076923078,0.013247863247863246,0.6666666666666666,0.40625
2,0.46153846153846156,0.37777777777777777,0.4,0.5416666666666666
3,0.3076923076923077,0.11303418803418802,0.5,0.52
4,0.38461538461538464,0.41901709401709397,0.4,0.6190476190476191
5,0.3076923076923077,0.08888888888888889,0.5,0.5
6,0.38461538461538464,0.07628205128205129,0.6,0.52
7,0.38461538461538464,0.05021367521367521,0.6,0.4482758620689655
8,0.38461538461538464,0.01923076923076923,0.7,0.41935483870967744
9,0.3076923076923077,0.00641025641025641,0.8333333333333334,0.40625
10,0.23076923076923078,0.0,1.0,0.38235294117647056
11,0.46153846153846156,0.24615384615384614,0.5333333333333333,0.5416666666666666
12,0.23076923076923078,0.0,1.0,0.38235294117647056
13,0.23076923076923078,0.0,1.0,0.38235294117647056
