node,degree_cent,bet_cent,clust_coeff,close_cent
0,0.6923076923076923,0.053205128205128197,0.6666666666666666,0.7647058823529411
1,0.38461538461538464,0.008867521367521367,0.9,0.6190476190476191
2,0.5384615384615385,0.022115384615384613,0.7619047619047619,0.6842105263157895
3,0.46153846153846156,0.015384615384615387,0.7333333333333333,0.5652173913043478
4,0.6153846153846154,0.034722222222222224,0.6785714285714286,0.6842105263157895
5,0.38461538461538464,0.00908119658119658,0.8,0.5909090909090909
6,0.6923076923076923,0.060470085470085456,0.6388888888888888,0.7647058823529411
7,0.6923076923076923,0.10106837606837606,0.5833333333333334,0.7647058823529411
8,0.46153846153846156,0.03376068376068375,0.6666666666666666,0.6190476190476191
9,0.3076923076923077,0.007692307692307692,0.8333333333333334,0.5652173913043478
10,0.23076923076923078,0.0,1.0,0.5
11,0.7692307692307693,0.20106837606837608,0.4888888888888889,0.8125
12,0.6923076923076923,0.05405982905982906,0.6666666666666666,0.7647058823529411
13,0.46153846153846156,0.013888888888888888,0.8,0.65
