node,degree_cent,bet_cent,clust_coeff,close_cent
0,0.6923076923076923,0.06292226292226293,0.6111111111111112,0.7647058823529411
1,0.46153846153846156,0.04524063899063899,0.6,0.65
2,0.5384615384615385,0.026030219780219774,0.7142857142857143,0.6842105263157895
3,0.38461538461538464,0.014672364672364671,0.7,0.5652173913043478
4,0.6153846153846154,0.043213268213268215,0.6428571428571429,0.7222222222222222
5,0.38461538461538464,0.016254578754578752,0.7,0.5909090909090909
6,0.6153846153846154,0.03303062678062678,0.7142857142857143,0.7222222222222222
7,0.6153846153846154,0.06402625152625153,0.6071428571428571,0.7222222222222222
8,0.5384615384615385,0.03703703703703703,0.6666666666666666,0.65
9,0.3076923076923077,0.005698005698005697,0.8333333333333334,0.5652173913043478
10,0.3076923076923077,0.013316544566544564,0.6666666666666666,0.5652173913043478
11,0.8461538461538463,0.1549043549043549,0.5272727272727272,0.8666666666666667
12,0.6923076923076923,0.04358974358974358,0.6666666666666666,0.7647058823529411
13,0.5384615384615385,0.016987179487179482,0.7619047619047619,0.6842105263157895
