node,degree_cent,bet_cent,clust_coeff,close_cent
0,0.38461538461538464,0.007478632478632477,0.8,0.5909090909090909
1,0.38461538461538464,0.03205128205128205,0.5,0.6190476190476191
2,0.9230769230769231,0.3171550671550671,0.3787878787878788,0.9285714285714286
3,0.38461538461538464,0.04082722832722832,0.6,0.6190476190476191
4,0.3076923076923077,0.010912698412698412,0.8333333333333334,0.5909090909090909
5,0.3076923076923077,0.008547008547008546,0.6666666666666666,0.5
6,0.5384615384615385,0.07577838827838827,0.5238095238095238,0.6842105263157895
7,0.38461538461538464,0.04342185592185592,0.6,0.6190476190476191
8,0.5384615384615385,0.04319291819291819,0.6190476190476191,0.6842105263157895
9,0.5384615384615385,0.04403235653235653,0.6190476190476191,0.6842105263157895
10,0.38461538461538464,0.003205128205128205,0.9,0.5909090909090909
11,0.5384615384615385,0.037393162393162385,0.6190476190476191,0.65
12,0.38461538461538464,0.018696581196581196,0.7,0.6190476190476191
13,0.3076923076923077,0.009615384615384616,0.6666666666666666,0.5652173913043478
