node,degree_cent,bet_cent,clust_coeff,close_cent
0,0.23076923076923078,0.0,1.0,0.48148148148148145
1,0.6153846153846154,0.19810744810744813,0.4642857142857143,0.7222222222222222
2,0.38461538461538464,0.020085470085470087,0.7,0.5652173913043478
3,0.38461538461538464,0.04627594627594628,0.6,0.5652173913043478
4,0.6153846153846154,0.16724664224664224,0.4642857142857143,0.7222222222222222
5,0.3076923076923077,0.020512820512820513,0.6666666666666666,0.52
6,0.3076923076923077,0.00931013431013431,0.8333333333333334,0.5416666666666666
7,0.38461538461538464,0.04725274725274725,0.6,0.5652173913043478
8,0.6153846153846154,0.1945970695970696,0.42857142857142855,0.7222222222222222
9,0.3076923076923077,0.01999389499389499,0.6666666666666666,0.52
10,0.23076923076923078,0.0,1.0,0.48148148148148145
11,0.46153846153846156,0.09145299145299146,0.5333333333333333,0.6190476190476191
12,0.46153846153846156,0.05695970695970696,0.6,0.65
13,0.23076923076923078,0.0,1.0,0.5
