node,degree_cent,bet_cent,clust_coeff,close_cent
0,0.23076923076923078,0.0,1.0,0.48148148148148145
1,0.6153846153846154,0.13866503866503863,0.5714285714285714,0.7222222222222222
2,0.46153846153846156,0.030769230769230767,0.6666666666666666,0.5909090909090909
3,0.38461538461538464,0.041595441595441596,0.6,0.5652173913043478
4,0.6923076923076923,0.17734025234025233,0.4722222222222222,0.7647058823529411
5,0.3076923076923077,0.021611721611721608,0.6666666666666666,0.5416666666666666
6,0.38461538461538464,0.028021978021978023,0.7,0.5909090909090909
7,0.38461538461538464,0.028021978021978023,0.7,0.5909090909090909
8,0.6923076923076923,0.178011803011803,0.4722222222222222,0.7647058823529411
9,0.38461538461538464,0.033618233618233614,0.6,0.5416666666666666
10,0.23076923076923078,0.0,1.0,0.48148148148148145
11,0.46153846153846156,0.06715506715506715,0.6,0.6190476190476191
12,0.46153846153846156,0.018620268620268624,0.8,0.65
13,0.46153846153846156,0.018620268620268624,0.8,0.65
