node,degree_cent,bet_cent,clust_coeff,close_cent
0,0.6153846153846154,0.2518620268620268,0.35714285714285715,0.7222222222222222
1,0.3076923076923077,0.005036630036630035,0.8333333333333334,0.5909090909090909
2,0.5384615384615385,0.07426739926739925,0.5714285714285714,0.6842105263157895
3,0.38461538461538464,0.03568376068376069,0.6,0.5909090909090909
4,0.5384615384615385,0.06071428571428569,0.5714285714285714,0.65
5,0.38461538461538464,0.013888888888888888,0.7,0.52
6,0.38461538461538464,0.008547008547008546,0.8,0.5416666666666666
7,0.38461538461538464,0.02927350427350427,0.7,0.5909090909090909
8,0.6153846153846154,0.15647130647130644,0.42857142857142855,0.7222222222222222
9,0.5384615384615385,0.14874847374847378,0.42857142857142855,0.6842105263157895
10,0.23076923076923078,0.00641025641025641,0.6666666666666666,0.5
11,0.3076923076923077,0.017643467643467643,0.6666666666666666,0.5416666666666666
12,0.3076923076923077,0.02478632478632478,0.6666666666666666,0.5416666666666666
13,0.15384615384615385,0.0,1.0,0.4482758620689655
