node,degree_cent,bet_cent,clust_coeff,close_cent
0,0.46153846153846156,0.010256410256410255,0.8666666666666667,0.6190476190476191
1,0.5384615384615385,0.03162393162393162,0.7142857142857143,0.65
2,0.46153846153846156,0.01645299145299145,0.7333333333333333,0.5416666666666666
3,0.3076923076923077,0.005769230769230769,0.8333333333333334,0.5416666666666666
4,0.6923076923076923,0.13443223443223445,0.5555555555555556,0.7647058823529411
5,0.6153846153846154,0.127014652014652,0.5,0.7222222222222222
6,0.38461538461538464,0.061172161172161184,0.6,0.6190476190476191
7,0.38461538461538464,0.028693528693528692,0.7,0.5909090909090909
8,0.3076923076923077,0.010683760683760682,0.6666666666666666,0.4642857142857143
9,0.46153846153846156,0.048992673992673985,0.6,0.6190476190476191
10,0.23076923076923078,0.014346764346764346,0.6666666666666666,0.52
11,0.6923076923076923,0.23577533577533574,0.4444444444444444,0.7647058823529411
12,0.5384615384615385,0.023504273504273504,0.7619047619047619,0.65
13,0.38461538461538464,0.007692307692307692,0.9,0.5909090909090909
