node,degree_cent,bet_cent,clust_coeff,close_cent
0,0.38461538461538464,0.07265974765974766,0.7,0.41935483870967744
1,0.23076923076923078,0.0,1.0,0.3170731707317073
2,0.3076923076923077,0.011518111518111518,0.8333333333333334,0.3611111111111111
3,0.38461538461538464,0.07265974765974766,0.7,0.41935483870967744
4,0.38461538461538464,0.1426739926739927,0.6,0.4642857142857143
5,0.38461538461538464,0.29899267399267393,0.5,0.52
6,0.3076923076923077,0.21335978835978836,0.5,0.52
7,0.3076923076923077,0.2902726902726903,0.5,0.5416666666666666
8,0.38461538461538464,0.21695156695156692,0.5,0.5
9,0.46153846153846156,0.25142450142450146,0.4666666666666667,0.48148148148148145
10,0.23076923076923078,0.0,1.0,0.38235294117647056
11,0.38461538461538464,0.04487179487179487,0.6,0.40625
12,0.23076923076923078,0.0,1.0,0.35135135135135137
13,0.23076923076923078,0.0,1.0,0.35135135135135137
