node,degree_cent,bet_cent,clust_coeff,close_cent
0,0.6923076923076923,0.02370823620823621,0.7777777777777778,0.7647058823529411
1,0.46153846153846156,0.007896270396270397,0.8666666666666667,0.65
2,0.7692307692307693,0.03972416472416473,0.7333333333333333,0.8125
3,0.46153846153846156,0.005341880341880341,0.8666666666666667,0.5909090909090909
4,0.7692307692307693,0.038020313020313015,0.7555555555555555,0.8125
5,0.5384615384615385,0.01197136197136197,0.8095238095238095,0.65
6,0.6923076923076923,0.015079365079365076,0.8333333333333334,0.7647058823529411
7,0.6153846153846154,0.04345376845376846,0.7142857142857143,0.7222222222222222
8,0.6923076923076923,0.07530663780663781,0.6666666666666666,0.7647058823529411
9,0.3076923076923077,0.005341880341880341,0.8333333333333334,0.5652173913043478
10,0.23076923076923078,0.0,1.0,0.52
11,0.8461538461538463,0.1496461871461871,0.6,0.8666666666666667
12,0.8461538461538463,0.05340492840492841,0.7090909090909091,0.8666666666666667
13,0.6923076923076923,0.018284493284493282,0.8055555555555556,0.7647058823529411
