node,degree_cent,bet_cent,clust_coeff,close_cent
0,0.6923076923076923,0.05982905982905982,0.6388888888888888,0.7647058823529411
1,0.38461538461538464,0.008867521367521367,0.9,0.6190476190476191
2,0.5384615384615385,0.028098290598290596,0.7142857142857143,0.6842105263157895
3,0.46153846153846156,0.01645299145299145,0.7333333333333333,0.5652173913043478
4,0.6153846153846154,0.05053418803418803,0.6071428571428571,0.6842105263157895
5,0.38461538461538464,0.00972222222222222,0.8,0.5909090909090909
6,0.5384615384615385,0.03739316239316239,0.6666666666666666,0.6842105263157895
7,0.6153846153846154,0.08995726495726494,0.5714285714285714,0.7222222222222222
8,0.46153846153846156,0.0423076923076923,0.5333333333333333,0.6190476190476191
9,0.3076923076923077,0.007692307692307692,0.8333333333333334,0.5652173913043478
10,0.23076923076923078,0.0,1.0,0.5
11,0.7692307692307693,0.20982905982905978,0.4444444444444444,0.8125
12,0.6923076923076923,0.05918803418803418,0.6111111111111112,0.7647058823529411
13,0.38461538461538464,0.02115384615384615,0.6,0.6190476190476191
