node,degree_cent,bet_cent,clust_coeff,close_cent
0,0.5384615384615385,0.008333333333333333,0.8571428571428571,0.65
1,0.6153846153846154,0.038451825951825946,0.6785714285714286,0.7222222222222222
2,0.46153846153846156,0.00641025641025641,0.8666666666666667,0.6190476190476191
3,0.38461538461538464,0.00908119658119658,0.8,0.6190476190476191
4,0.7692307692307693,0.09442501942501942,0.5777777777777777,0.8125
5,0.8461538461538463,0.13415889665889666,0.5272727272727272,0.8666666666666667
6,0.46153846153846156,0.04773698523698524,0.5333333333333333,0.65
7,0.46153846153846156,0.038752913752913745,0.6,0.65
8,0.3076923076923077,0.008547008547008546,0.6666666666666666,0.5416666666666666
9,0.46153846153846156,0.026796814296814294,0.6,0.65
10,0.46153846153846156,0.05594405594405594,0.5333333333333333,0.65
11,0.6923076923076923,0.06097513597513597,0.6111111111111112,0.7647058823529411
12,0.6153846153846154,0.027554390054390056,0.75,0.7222222222222222
13,0.46153846153846156,0.0069347319347319355,0.8666666666666667,0.65
