node,degree_cent,bet_cent,clust_coeff,close_cent
0,0.23076923076923078,0.0,1.0,0.5
1,0.3076923076923077,0.005555555555555556,0.8333333333333334,0.5416666666666666
2,0.7692307692307693,0.2120675620675621,0.4666666666666667,0.8125
3,0.5384615384615385,0.05940170940170939,0.47619047619047616,0.6190476190476191
4,0.3076923076923077,0.002564102564102564,0.8333333333333334,0.5416666666666666
5,0.38461538461538464,0.021509971509971505,0.6,0.5909090909090909
6,0.6153846153846154,0.06263736263736264,0.6428571428571429,0.7222222222222222
7,0.5384615384615385,0.0572039072039072,0.6190476190476191,0.65
8,0.6153846153846154,0.10378510378510378,0.6428571428571429,0.7222222222222222
9,0.3076923076923077,0.006105006105006104,0.8333333333333334,0.5
10,0.23076923076923078,0.0,1.0,0.4642857142857143
11,0.6153846153846154,0.10378510378510378,0.6428571428571429,0.7222222222222222
12,0.6153846153846154,0.08034188034188036,0.6428571428571429,0.7222222222222222
13,0.5384615384615385,0.02863247863247863,0.7619047619047619,0.6842105263157895
