node,degree_cent,bet_cent,clust_coeff,close_cent
0,0.23076923076923078,0.0,1.0,0.5416666666666666
1,0.3076923076923077,0.024999999999999998,0.6666666666666666,0.5909090909090909
2,0.7692307692307693,0.2916056166056167,0.35555555555555557,0.8125
3,0.3076923076923077,0.034188034188034185,0.5,0.5416666666666666
4,0.23076923076923078,0.004273504273504273,0.6666666666666666,0.48148148148148145
5,0.38461538461538464,0.033547008547008546,0.6,0.5909090909090909
6,0.5384615384615385,0.12097069597069599,0.47619047619047616,0.6842105263157895
7,0.38461538461538464,0.05024420024420024,0.6,0.6190476190476191
8,0.5384615384615385,0.10891330891330893,0.5238095238095238,0.6842105263157895
9,0.3076923076923077,0.013247863247863246,0.6666666666666666,0.52
10,0.23076923076923078,0.0,1.0,0.48148148148148145
11,0.5384615384615385,0.12545787545787546,0.42857142857142855,0.65
12,0.38461538461538464,0.025885225885225883,0.7,0.6190476190476191
13,0.23076923076923078,0.0,1.0,0.52
