node,degree_cent,bet_cent,clust_coeff,close_cent
0,0.38461538461538464,0.005341880341880341,0.9,0.5416666666666666
1,0.3076923076923077,0.0,1.0,0.5
2,0.6153846153846154,0.28055555555555556,0.42857142857142855,0.7222222222222222
3,0.38461538461538464,0.005341880341880341,0.9,0.5416666666666666
4,0.46153846153846156,0.04679487179487179,0.6666666666666666,0.5909090909090909
5,0.46153846153846156,0.0903846153846154,0.5333333333333333,0.6190476190476191
6,0.38461538461538464,0.06901709401709402,0.5,0.6190476190476191
7,0.38461538461538464,0.06495726495726495,0.5,0.5909090909090909
8,0.46153846153846156,0.06303418803418803,0.5333333333333333,0.5652173913043478
9,0.3076923076923077,0.013888888888888888,0.6666666666666666,0.5
10,0.23076923076923078,0.0,1.0,0.4642857142857143
11,0.46153846153846156,0.16111111111111107,0.4666666666666667,0.65
12,0.23076923076923078,0.0,1.0,0.5652173913043478
13,0.46153846153846156,0.07136752136752136,0.4666666666666667,0.65
