node,degree_cent,bet_cent,clust_coeff,close_cent
0,0.3076923076923077,0.05213675213675213,0.5,0.4642857142857143
1,0.23076923076923078,0.0,1.0,0.3611111111111111
2,0.38461538461538464,0.05512820512820513,0.6,0.48148148148148145
3,0.38461538461538464,0.05512820512820513,0.6,0.48148148148148145
4,0.5384615384615385,0.2773504273504273,0.47619047619047616,0.6190476190476191
5,0.38461538461538464,0.035897435897435895,0.6,0.48148148148148145
6,0.3076923076923077,0.004273504273504273,0.8333333333333334,0.4482758620689655
7,0.38461538461538464,0.05769230769230769,0.7,0.5416666666666666
8,0.38461538461538464,0.1418803418803419,0.5,0.5652173913043478
9,0.38461538461538464,0.4615384615384615,0.4,0.5909090909090909
10,0.15384615384615385,0.0,1.0,0.41935483870967744
11,0.3076923076923077,0.28205128205128205,0.3333333333333333,0.4482758620689655
12,0.15384615384615385,0.0,1.0,0.325
13,0.15384615384615385,0.0,1.0,0.325
