node,degree_cent,bet_cent,clust_coeff,close_cent
0,0.38461538461538464,0.008547008547008546,0.8,0.5
1,0.23076923076923078,0.0,1.0,0.4642857142857143
2,0.6923076923076923,0.2395909645909646,0.5555555555555556,0.7222222222222222
3,0.6153846153846154,0.0625152625152625,0.6428571428571429,0.6190476190476191
4,0.46153846153846156,0.010805860805860804,0.8666666666666667,0.5652173913043478
5,0.46153846153846156,0.03205128205128205,0.8,0.6190476190476191
6,0.5384615384615385,0.19471916971916972,0.6190476190476191,0.6842105263157895
7,0.46153846153846156,0.2604090354090354,0.4666666666666667,0.65
8,0.38461538461538464,0.12582417582417582,0.6,0.5416666666666666
9,0.3076923076923077,0.017216117216117214,0.8333333333333334,0.4642857142857143
10,0.23076923076923078,0.0,1.0,0.38235294117647056
11,0.3076923076923077,0.017216117216117214,0.8333333333333334,0.4642857142857143
12,0.5384615384615385,0.027899877899877898,0.7619047619047619,0.5909090909090909
13,0.38461538461538464,0.003205128205128205,0.9,0.5
