node,degree_cent,bet_cent,clust_coeff,close_cent
0,0.6153846153846154,0.06449938949938948,0.6071428571428571,0.7222222222222222
1,0.38461538461538464,0.07728937728937728,0.4,0.6190476190476191
2,0.6153846153846154,0.05808913308913308,0.6428571428571429,0.7222222222222222
3,0.38461538461538464,0.02802197802197802,0.6,0.5909090909090909
4,0.6153846153846154,0.0239010989010989,0.75,0.65
5,0.46153846153846156,0.016636141636141636,0.7333333333333333,0.5909090909090909
6,0.6153846153846154,0.02738095238095238,0.75,0.7222222222222222
7,0.6923076923076923,0.05757020757020756,0.6666666666666666,0.7647058823529411
8,0.5384615384615385,0.09374236874236874,0.5238095238095238,0.6842105263157895
9,0.46153846153846156,0.07316849816849817,0.5333333333333333,0.6190476190476191
10,0.3076923076923077,0.011599511599511598,0.6666666666666666,0.5416666666666666
11,0.3076923076923077,0.011599511599511598,0.6666666666666666,0.5416666666666666
12,0.6923076923076923,0.05757020757020756,0.6666666666666666,0.7647058823529411
13,0.5384615384615385,0.02713675213675213,0.7619047619047619,0.6842105263157895
