node,degree_cent,bet_cent,clust_coeff,close_cent
0,0.15384615384615385,0.0,1.0,0.4482758620689655
1,0.3076923076923077,0.026495726495726492,0.6666666666666666,0.5416666666666666
2,0.6153846153846154,0.279059829059829,0.35714285714285715,0.7222222222222222
3,0.3076923076923077,0.017948717948717947,0.6666666666666666,0.5652173913043478
4,0.46153846153846156,0.0905982905982906,0.4666666666666667,0.6190476190476191
5,0.46153846153846156,0.05341880341880342,0.6,0.6190476190476191
6,0.38461538461538464,0.01282051282051282,0.8,0.5909090909090909
7,0.38461538461538464,0.01282051282051282,0.8,0.5909090909090909
8,0.6923076923076923,0.21623931623931625,0.4166666666666667,0.7647058823529411
9,0.46153846153846156,0.046474358974358976,0.6,0.5909090909090909
10,0.23076923076923078,0.0,1.0,0.48148148148148145
11,0.46153846153846156,0.06463675213675213,0.6,0.65
12,0.3076923076923077,0.0,1.0,0.5909090909090909
13,0.3076923076923077,0.0,1.0,0.5909090909090909
