node,degree_cent,bet_cent,clust_coeff,close_cent
0,0.3076923076923077,0.0171957671957672,0.6666666666666666,0.5
1,0.23076923076923078,0.004273504273504273,0.6666666666666666,0.4482758620689655
2,0.6153846153846154,0.1356328856328856,0.4642857142857143,0.6842105263157895
3,0.3076923076923077,0.03642653642653643,0.6666666666666666,0.5652173913043478
4,0.6923076923076923,0.22107244607244605,0.5,0.7647058823529411
5,0.5384615384615385,0.07155067155067156,0.5714285714285714,0.65
6,0.6153846153846154,0.08111518111518112,0.5714285714285714,0.6842105263157895
7,0.6153846153846154,0.11568986568986571,0.5357142857142857,0.6842105263157895
8,0.46153846153846156,0.03663003663003663,0.7333333333333333,0.6190476190476191
9,0.38461538461538464,0.07051282051282051,0.7,0.5652173913043478
10,0.38461538461538464,0.07051282051282051,0.7,0.5652173913043478
11,0.15384615384615385,0.0,1.0,0.38235294117647056
12,0.38461538461538464,0.007193732193732194,0.8,0.5909090909090909
13,0.3076923076923077,0.003988603988603989,0.8333333333333334,0.5652173913043478
