node,degree_cent,bet_cent,clust_coeff,close_cent
0,0.15384615384615385,0.0,1.0,0.4642857142857143
1,0.23076923076923078,0.00641025641025641,0.6666666666666666,0.48148148148148145
2,0.6923076923076923,0.2995532245532246,0.4166666666666667,0.7647058823529411
3,0.3076923076923077,0.018589743589743593,0.6666666666666666,0.5416666666666666
4,0.5384615384615385,0.04261849261849261,0.6666666666666666,0.6842105263157895
5,0.5384615384615385,0.05641025641025641,0.6190476190476191,0.65
6,0.5384615384615385,0.018997668997668995,0.7142857142857143,0.6190476190476191
7,0.46153846153846156,0.033197358197358195,0.6666666666666666,0.5909090909090909
8,0.6153846153846154,0.13114801864801862,0.5357142857142857,0.7222222222222222
9,0.3076923076923077,0.005439005439005438,0.8333333333333334,0.52
10,0.23076923076923078,0.0,1.0,0.48148148148148145
11,0.6153846153846154,0.12366938616938615,0.5357142857142857,0.7222222222222222
12,0.6153846153846154,0.03384809634809635,0.7142857142857143,0.7222222222222222
13,0.46153846153846156,0.01216977466977467,0.8,0.65
