node,degree_cent,bet_cent,clust_coeff,close_cent
0,0.38461538461538464,0.0,1.0,0.5909090909090909
1,0.46153846153846156,0.03217338217338218,0.7333333333333333,0.65
2,0.8461538461538463,0.2975885225885226,0.38181818181818183,0.8666666666666667
3,0.38461538461538464,0.04618437118437118,0.6,0.6190476190476191
4,0.3076923076923077,0.014010989010989012,0.8333333333333334,0.5909090909090909
5,0.3076923076923077,0.01282051282051282,0.6666666666666666,0.5
6,0.5384615384615385,0.10750915750915752,0.42857142857142855,0.6842105263157895
7,0.3076923076923077,0.031868131868131866,0.5,0.5652173913043478
8,0.38461538461538464,0.027594627594627594,0.6,0.6190476190476191
9,0.5384615384615385,0.07362637362637363,0.6190476190476191,0.6842105263157895
10,0.46153846153846156,0.012820512820512818,0.8,0.6190476190476191
11,0.5384615384615385,0.05384615384615385,0.6190476190476191,0.65
12,0.23076923076923078,0.0,1.0,0.52
13,0.3076923076923077,0.020726495726495726,0.6666666666666666,0.5909090909090909
