node,degree_cent,bet_cent,clust_coeff,close_cent
0,0.6923076923076923,0.09481837606837605,0.5833333333333334,0.7222222222222222
1,0.3076923076923077,0.023112535612535613,0.6666666666666666,0.5652173913043478
2,0.46153846153846156,0.027136752136752137,0.6666666666666666,0.5416666666666666
3,0.46153846153846156,0.017521367521367518,0.7333333333333333,0.5416666666666666
4,0.6153846153846154,0.04008190883190883,0.7142857142857143,0.6842105263157895
5,0.5384615384615385,0.022489316239316236,0.7619047619047619,0.65
6,0.6923076923076923,0.21445868945868946,0.5277777777777778,0.7647058823529411
7,0.5384615384615385,0.06688034188034188,0.6666666666666666,0.6842105263157895
8,0.46153846153846156,0.09195156695156693,0.5333333333333333,0.65
9,0.38461538461538464,0.09177350427350427,0.6,0.5652173913043478
10,0.3076923076923077,0.05352564102564103,0.6666666666666666,0.5416666666666666
11,0.15384615384615385,0.0,1.0,0.38235294117647056
12,0.6153846153846154,0.04008190883190883,0.7142857142857143,0.6842105263157895
13,0.38461538461538464,0.01103988603988604,0.8,0.5909090909090909
