node,degree_cent,bet_cent,clust_coeff,close_cent
0,0.6923076923076923,0.05434585001892693,0.6666666666666666,0.7222222222222222
1,0.38461538461538464,0.014781941705018627,0.8,0.5909090909090909
2,0.6153846153846154,0.04292948860256553,0.6785714285714286,0.6842105263157895
3,0.46153846153846156,0.01324786324786325,0.7333333333333333,0.5416666666666666
4,0.5384615384615385,0.012515262515262512,0.7619047619047619,0.5652173913043478
5,0.5384615384615385,0.017320090877783186,0.7619047619047619,0.6190476190476191
6,0.5384615384615385,0.01853216228216228,0.8095238095238095,0.65
7,0.6923076923076923,0.14192499096345249,0.5833333333333334,0.7647058823529411
8,0.6923076923076923,0.25190895287049136,0.5,0.7647058823529411
9,0.3076923076923077,0.10957018408941484,0.5,0.5416666666666666
10,0.23076923076923078,0.04000246548323471,0.6666666666666666,0.5
11,0.15384615384615385,0.0,1.0,0.37142857142857144
12,0.6923076923076923,0.0439978646709416,0.7222222222222222,0.7222222222222222
13,0.5384615384615385,0.020974164724164725,0.7619047619047619,0.65
