node,degree_cent,bet_cent,clust_coeff,close_cent
0,0.38461538461538464,0.01007326007326007,0.8,0.5652173913043478
1,0.3076923076923077,0.003205128205128205,0.8333333333333334,0.5
2,0.6153846153846154,0.09645909645909646,0.6071428571428571,0.7222222222222222
3,0.38461538461538464,0.03617216117216117,0.6,0.5652173913043478
4,0.7692307692307693,0.22078754578754578,0.4444444444444444,0.8125
5,0.3076923076923077,0.018620268620268617,0.6666666666666666,0.5652173913043478
6,0.3076923076923077,0.006837606837606838,0.8333333333333334,0.5652173913043478
7,0.38461538461538464,0.03901098901098901,0.6,0.5909090909090909
8,0.6923076923076923,0.17435897435897435,0.4722222222222222,0.7647058823529411
9,0.3076923076923077,0.013247863247863246,0.6666666666666666,0.52
10,0.23076923076923078,0.0,1.0,0.48148148148148145
11,0.5384615384615385,0.08711843711843711,0.6190476190476191,0.6842105263157895
12,0.38461538461538464,0.0,1.0,0.6190476190476191
13,0.5384615384615385,0.06333943833943834,0.6666666666666666,0.6842105263157895
