node,degree_cent,bet_cent,clust_coeff,close_cent
0,0.23076923076923078,0.010897435897435899,0.6666666666666666,0.52
1,0.23076923076923078,0.00641025641025641,0.6666666666666666,0.48148148148148145
2,0.6923076923076923,0.16842185592185588,0.4722222222222222,0.7647058823529411
3,0.38461538461538464,0.03205128205128205,0.6,0.5909090909090909
4,0.6923076923076923,0.07767094017094017,0.5833333333333334,0.7647058823529411
5,0.38461538461538464,0.013782051282051282,0.7,0.6190476190476191
6,0.6153846153846154,0.10112942612942613,0.5357142857142857,0.7222222222222222
7,0.6923076923076923,0.08804945054945056,0.5555555555555556,0.7222222222222222
8,0.38461538461538464,0.024160561660561658,0.6,0.5909090909090909
9,0.3076923076923077,0.003205128205128205,0.8333333333333334,0.52
10,0.46153846153846156,0.01976495726495726,0.6666666666666666,0.5909090909090909
11,0.5384615384615385,0.06283577533577535,0.6666666666666666,0.6842105263157895
12,0.6153846153846154,0.06103479853479854,0.6428571428571429,0.7222222222222222
13,0.5384615384615385,0.022893772893772892,0.7619047619047619,0.6842105263157895
