node,degree_cent,bet_cent,clust_coeff,close_cent
0,0.15384615384615385,0.0,1.0,0.4482758620689655
1,0.23076923076923078,0.009615384615384616,0.6666666666666666,0.48148148148148145
2,0.6153846153846154,0.3194444444444444,0.32142857142857145,0.7222222222222222
3,0.3076923076923077,0.04700854700854701,0.5,0.5652173913043478
4,0.38461538461538464,0.05876068376068375,0.5,0.5909090909090909
5,0.46153846153846156,0.05982905982905982,0.6,0.6190476190476191
6,0.38461538461538464,0.010683760683760682,0.8,0.5652173913043478
7,0.38461538461538464,0.010683760683760682,0.8,0.5652173913043478
8,0.6923076923076923,0.22970085470085466,0.4166666666666667,0.7647058823529411
9,0.46153846153846156,0.046474358974358976,0.6,0.5909090909090909
10,0.23076923076923078,0.0,1.0,0.48148148148148145
11,0.46153846153846156,0.06677350427350427,0.6,0.65
12,0.3076923076923077,0.0,1.0,0.5909090909090909
13,0.3076923076923077,0.0,1.0,0.5909090909090909
