node,degree_cent,bet_cent,clust_coeff,close_cent
0,0.5384615384615385,0.015384615384615384,0.8095238095238095,0.65
1,0.6153846153846154,0.05149572649572649,0.6785714285714286,0.7222222222222222
2,0.46153846153846156,0.00641025641025641,0.8666666666666667,0.5909090909090909
3,0.3076923076923077,0.0,1.0,0.5416666666666666
4,0.6923076923076923,0.09957264957264957,0.5833333333333334,0.7647058823529411
5,0.7692307692307693,0.15363247863247861,0.5333333333333333,0.8125
6,0.38461538461538464,0.04444444444444444,0.6,0.6190476190476191
7,0.46153846153846156,0.05619658119658119,0.6,0.65
8,0.3076923076923077,0.010683760683760682,0.6666666666666666,0.48148148148148145
9,0.46153846153846156,0.04893162393162393,0.6,0.65
10,0.23076923076923078,0.010683760683760684,0.6666666666666666,0.52
11,0.6923076923076923,0.17948717948717946,0.5,0.7647058823529411
12,0.5384615384615385,0.015384615384615384,0.8095238095238095,0.65
13,0.3076923076923077,0.0,1.0,0.5652173913043478
