node,degree_cent,bet_cent,clust_coeff,close_cent
0,0.7692307692307693,0.09141414141414142,0.5777777777777777,0.8125
1,0.46153846153846156,0.05380730380730381,0.6,0.65
2,0.5384615384615385,0.02849650349650349,0.7142857142857143,0.6842105263157895
3,0.38461538461538464,0.016656954156954156,0.7,0.5652173913043478
4,0.5384615384615385,0.028205128205128202,0.6666666666666666,0.6190476190476191
5,0.38461538461538464,0.019327894327894325,0.7,0.5909090909090909
6,0.6153846153846154,0.051554001554001555,0.6428571428571429,0.7222222222222222
7,0.5384615384615385,0.06609362859362859,0.5714285714285714,0.6842105263157895
8,0.46153846153846156,0.0382090132090132,0.6,0.6190476190476191
9,0.3076923076923077,0.005876068376068376,0.8333333333333334,0.5416666666666666
10,0.3076923076923077,0.016025641025641024,0.6666666666666666,0.5416666666666666
11,0.7692307692307693,0.14552253302253304,0.5111111111111111,0.8125
12,0.6153846153846154,0.03479020979020979,0.6785714285714286,0.7222222222222222
13,0.5384615384615385,0.03222610722610723,0.7142857142857143,0.6842105263157895
