node,degree_cent,bet_cent,clust_coeff,close_cent
0,0.7692307692307693,0.06596811308349769,0.6444444444444445,0.8125
1,0.38461538461538464,0.007371794871794871,0.9,0.6190476190476191
2,0.6153846153846154,0.027909270216962528,0.75,0.7222222222222222
3,0.46153846153846156,0.015384615384615387,0.7333333333333333,0.5909090909090909
4,0.5384615384615385,0.014743589743589742,0.7619047619047619,0.6190476190476191
5,0.38461538461538464,0.011990466798159105,0.7,0.5909090909090909
6,0.6923076923076923,0.04783037475345168,0.6944444444444444,0.7647058823529411
7,0.6153846153846154,0.06721729125575279,0.6428571428571429,0.7222222222222222
8,0.5384615384615385,0.05253122945430637,0.6666666666666666,0.6842105263157895
9,0.3076923076923077,0.00641025641025641,0.8333333333333334,0.5416666666666666
10,0.23076923076923078,0.0,1.0,0.5
11,0.7692307692307693,0.16828566732412883,0.5555555555555556,0.8125
12,0.7692307692307693,0.08020216962524655,0.6444444444444445,0.8125
13,0.6153846153846154,0.023898750821827745,0.7857142857142857,0.7222222222222222
