node,degree_cent,bet_cent,clust_coeff,close_cent
0,0.7692307692307693,0.05895400895400895,0.6888888888888889,0.7647058823529411
1,0.46153846153846156,0.02070614570614571,0.8,0.6190476190476191
2,0.6153846153846154,0.01809116809116809,0.7857142857142857,0.65
3,0.46153846153846156,0.011965811965811965,0.7333333333333333,0.5416666666666666
4,0.6153846153846154,0.018732193732193734,0.7857142857142857,0.65
5,0.38461538461538464,0.007193732193732192,0.8,0.5652173913043478
6,0.6153846153846154,0.024481074481074477,0.7857142857142857,0.6842105263157895
7,0.7692307692307693,0.18891941391941391,0.6,0.8125
8,0.6153846153846154,0.20521978021978024,0.5357142857142857,0.7222222222222222
9,0.3076923076923077,0.12362637362637362,0.5,0.5652173913043478
10,0.23076923076923078,0.030982905982905987,0.6666666666666666,0.48148148148148145
11,0.15384615384615385,0.0,1.0,0.38235294117647056
12,0.6923076923076923,0.038868538868538874,0.75,0.7222222222222222
13,0.5384615384615385,0.00866910866910867,0.9047619047619048,0.65
