node,degree_cent,bet_cent,clust_coeff,close_cent
0,0.6153846153846154,0.014804639804639806,0.8214285714285714,0.7222222222222222
1,0.38461538461538464,0.004334554334554334,0.9,0.6190476190476191
2,0.7692307692307693,0.03927397388935851,0.7333333333333333,0.8125
3,0.5384615384615385,0.011538461538461539,0.8095238095238095,0.6190476190476191
4,0.7692307692307693,0.03091011552550014,0.7777777777777778,0.8125
5,0.5384615384615385,0.008089133089133088,0.8571428571428571,0.65
6,0.6923076923076923,0.014914999530384146,0.8333333333333334,0.7647058823529411
7,0.6153846153846154,0.040809617732694654,0.75,0.7222222222222222
8,0.6923076923076923,0.07636893021508406,0.6666666666666666,0.7647058823529411
9,0.3076923076923077,0.0052596975673898745,0.8333333333333334,0.5652173913043478
10,0.23076923076923078,0.0,1.0,0.52
11,0.8461538461538463,0.15576453461068845,0.5818181818181818,0.8666666666666667
12,0.8461538461538463,0.05420071381609842,0.7090909090909091,0.8666666666666667
13,0.7692307692307693,0.03091011552550014,0.7777777777777778,0.8125
