node,degree_cent,bet_cent,clust_coeff,close_cent
0,0.6923076923076923,0.06498778998778999,0.6111111111111112,0.7647058823529411
1,0.46153846153846156,0.05008394383394383,0.6,0.65
2,0.5384615384615385,0.031585775335775335,0.6666666666666666,0.6842105263157895
3,0.38461538461538464,0.016346153846153844,0.7,0.5652173913043478
4,0.6153846153846154,0.04221611721611722,0.6428571428571429,0.6842105263157895
5,0.38461538461538464,0.01198107448107448,0.8,0.5909090909090909
6,0.6153846153846154,0.036164529914529904,0.7142857142857143,0.7222222222222222
7,0.6923076923076923,0.08898809523809524,0.6111111111111112,0.7647058823529411
8,0.5384615384615385,0.04081196581196581,0.6666666666666666,0.65
9,0.3076923076923077,0.006730769230769229,0.8333333333333334,0.5652173913043478
10,0.3076923076923077,0.013316544566544564,0.6666666666666666,0.5416666666666666
11,0.7692307692307693,0.12232142857142855,0.5333333333333333,0.8125
12,0.6923076923076923,0.046153846153846156,0.6666666666666666,0.7647058823529411
13,0.5384615384615385,0.018055555555555554,0.7619047619047619,0.6842105263157895
