node,degree_cent,bet_cent,clust_coeff,close_cent
0,0.23076923076923078,0.0,1.0,0.5416666666666666
1,0.3076923076923077,0.017521367521367518,0.6666666666666666,0.5909090909090909
2,0.8461538461538463,0.40540293040293035,0.3090909090909091,0.8666666666666667
3,0.46153846153846156,0.05770757020757021,0.6,0.65
4,0.3076923076923077,0.016147741147741146,0.8333333333333334,0.5652173913043478
5,0.3076923076923077,0.004807692307692308,0.8333333333333334,0.48148148148148145
6,0.46153846153846156,0.04148351648351648,0.6666666666666666,0.65
7,0.46153846153846156,0.07429792429792431,0.5333333333333333,0.65
8,0.38461538461538464,0.027167277167277168,0.6,0.6190476190476191
9,0.3076923076923077,0.018925518925518928,0.5,0.5652173913043478
10,0.38461538461538464,0.0219017094017094,0.6,0.5909090909090909
11,0.5384615384615385,0.09241452991452992,0.42857142857142855,0.65
12,0.23076923076923078,0.0,1.0,0.5416666666666666
13,0.3076923076923077,0.004273504273504273,0.8333333333333334,0.5652173913043478
