node,degree_cent,bet_cent,clust_coeff,close_cent
0,0.15384615384615385,0.0,1.0,0.4482758620689655
1,0.3076923076923077,0.027777777777777776,0.6666666666666666,0.5416666666666666
2,0.6153846153846154,0.29529914529914525,0.35714285714285715,0.7222222222222222
3,0.3076923076923077,0.03034188034188034,0.6666666666666666,0.5416666666666666
4,0.5384615384615385,0.1495726495726495,0.47619047619047616,0.6842105263157895
5,0.3076923076923077,0.015384615384615387,0.6666666666666666,0.48148148148148145
6,0.3076923076923077,0.01217948717948718,0.8333333333333334,0.5416666666666666
7,0.38461538461538464,0.05149572649572649,0.6,0.5652173913043478
8,0.6153846153846154,0.232051282051282,0.39285714285714285,0.7222222222222222
9,0.3076923076923077,0.020726495726495726,0.6666666666666666,0.52
10,0.23076923076923078,0.0,1.0,0.48148148148148145
11,0.46153846153846156,0.09102564102564102,0.5333333333333333,0.6190476190476191
12,0.3076923076923077,0.010042735042735042,0.8333333333333334,0.5652173913043478
13,0.23076923076923078,0.0,1.0,0.5
