node,degree_cent,bet_cent,clust_coeff,close_cent
0,0.3076923076923077,0.0,1.0,0.3939393939393939
1,0.46153846153846156,0.08995726495726494,0.6666666666666666,0.5416666666666666
2,0.46153846153846156,0.08995726495726494,0.6666666666666666,0.5416666666666666
3,0.5384615384615385,0.40683760683760684,0.47619047619047616,0.6842105263157895
4,0.38461538461538464,0.06111111111111111,0.6,0.5416666666666666
5,0.3076923076923077,0.014957264957264958,0.8333333333333334,0.5416666666666666
6,0.38461538461538464,0.08653846153846155,0.6,0.5652173913043478
7,0.5384615384615385,0.36858974358974356,0.42857142857142855,0.6190476190476191
8,0.3076923076923077,0.019230769230769232,0.6666666666666666,0.4482758620689655
9,0.3076923076923077,0.004273504273504273,0.8333333333333334,0.43333333333333335
10,0.3076923076923077,0.004273504273504273,0.8333333333333334,0.43333333333333335
11,0.23076923076923078,0.0,1.0,0.41935483870967744
12,0.38461538461538464,0.05940170940170939,0.8,0.52
13,0.3076923076923077,0.0,1.0,0.3939393939393939
