node,degree_cent,bet_cent,clust_coeff,close_cent
0,0.7692307692307693,0.05477207977207978,0.7333333333333333,0.7647058823529411
1,0.46153846153846156,0.02143874643874644,0.8,0.6190476190476191
2,0.6923076923076923,0.020655270655270654,0.8055555555555556,0.6842105263157895
3,0.46153846153846156,0.005128205128205128,0.8666666666666667,0.5416666666666666
4,0.6153846153846154,0.009757834757834757,0.8928571428571429,0.65
5,0.6153846153846154,0.009757834757834757,0.8928571428571429,0.65
6,0.6153846153846154,0.02200854700854701,0.8571428571428571,0.6842105263157895
7,0.7692307692307693,0.202991452991453,0.6444444444444445,0.8125
8,0.5384615384615385,0.18504273504273505,0.5238095238095238,0.6842105263157895
9,0.3076923076923077,0.13055555555555554,0.5,0.5652173913043478
10,0.23076923076923078,0.02670940170940171,0.6666666666666666,0.4642857142857143
11,0.15384615384615385,0.0,1.0,0.38235294117647056
12,0.7692307692307693,0.05477207977207978,0.7333333333333333,0.7647058823529411
13,0.5384615384615385,0.0,1.0,0.6190476190476191
