node,degree_cent,bet_cent,clust_coeff,close_cent
0,0.23076923076923078,0.00641025641025641,0.6666666666666666,0.4642857142857143
1,0.3076923076923077,0.02564102564102564,0.6666666666666666,0.5416666666666666
2,0.6153846153846154,0.24084249084249082,0.39285714285714285,0.7222222222222222
3,0.3076923076923077,0.025641025641025637,0.6666666666666666,0.5652173913043478
4,0.46153846153846156,0.09401709401709402,0.4666666666666667,0.6190476190476191
5,0.38461538461538464,0.04029304029304029,0.6,0.5416666666666666
6,0.38461538461538464,0.02289377289377289,0.7,0.5909090909090909
7,0.38461538461538464,0.02289377289377289,0.7,0.5909090909090909
8,0.6153846153846154,0.184981684981685,0.42857142857142855,0.7222222222222222
9,0.46153846153846156,0.07387057387057387,0.5333333333333333,0.5909090909090909
10,0.23076923076923078,0.0,1.0,0.48148148148148145
11,0.46153846153846156,0.0702075702075702,0.6,0.65
12,0.3076923076923077,0.0,1.0,0.5652173913043478
13,0.38461538461538464,0.038461538461538464,0.7,0.5909090909090909
