node,degree_cent,bet_cent,clust_coeff,close_cent
0,0.6923076923076923,0.05877178377178376,0.6388888888888888,0.7647058823529411
1,0.38461538461538464,0.009157509157509158,0.9,0.6190476190476191
2,0.6153846153846154,0.045670995670995675,0.6428571428571429,0.7222222222222222
3,0.46153846153846156,0.009615384615384616,0.8,0.5652173913043478
4,0.5384615384615385,0.020421245421245418,0.7142857142857143,0.6190476190476191
5,0.46153846153846156,0.020854145854145852,0.6666666666666666,0.6190476190476191
6,0.6153846153846154,0.05593850593850593,0.6071428571428571,0.7222222222222222
7,0.5384615384615385,0.06754356754356752,0.5714285714285714,0.6842105263157895
8,0.46153846153846156,0.04063991563991564,0.6,0.6190476190476191
9,0.3076923076923077,0.006105006105006104,0.8333333333333334,0.5416666666666666
10,0.23076923076923078,0.0,1.0,0.5
11,0.7692307692307693,0.21428293928293926,0.4666666666666667,0.8125
12,0.6923076923076923,0.06255688755688754,0.6111111111111112,0.7647058823529411
13,0.46153846153846156,0.029467754467754466,0.6666666666666666,0.65
