node,degree_cent,bet_cent,clust_coeff,close_cent
0,0.7692307692307693,0.07775586237124699,0.6222222222222222,0.8125
1,0.5384615384615385,0.06013039666885821,0.6190476190476191,0.6842105263157895
2,0.6153846153846154,0.029607714223098842,0.75,0.7222222222222222
3,0.38461538461538464,0.014768244575936885,0.7,0.5652173913043478
4,0.5384615384615385,0.022435897435897436,0.7142857142857143,0.6190476190476191
5,0.38461538461538464,0.017450142450142446,0.7,0.5909090909090909
6,0.6923076923076923,0.05418036379574841,0.6666666666666666,0.7647058823529411
7,0.5384615384615385,0.05900997150997151,0.6190476190476191,0.6842105263157895
8,0.5384615384615385,0.04612097304404997,0.6190476190476191,0.65
9,0.3076923076923077,0.005876068376068376,0.8333333333333334,0.5416666666666666
10,0.3076923076923077,0.012464387464387463,0.6666666666666666,0.5416666666666666
11,0.7692307692307693,0.11785831689677842,0.5777777777777777,0.8125
12,0.6923076923076923,0.04320074512382205,0.6944444444444444,0.7647058823529411
13,0.6153846153846154,0.028884505807582735,0.75,0.7222222222222222
