node,degree_cent,bet_cent,clust_coeff,close_cent
0,0.23076923076923078,0.0,1.0,0.48148148148148145
1,0.23076923076923078,0.0,1.0,0.48148148148148145
2,0.6153846153846154,0.32863247863247863,0.35714285714285715,0.7222222222222222
3,0.38461538461538464,0.07948717948717947,0.5,0.5652173913043478
4,0.38461538461538464,0.06987179487179486,0.5,0.5909090909090909
5,0.3076923076923077,0.028846153846153844,0.6666666666666666,0.5
6,0.3076923076923077,0.026495726495726492,0.6666666666666666,0.5416666666666666
7,0.38461538461538464,0.07435897435897436,0.5,0.5652173913043478
8,0.6153846153846154,0.22970085470085466,0.39285714285714285,0.7222222222222222
9,0.3076923076923077,0.022222222222222223,0.6666666666666666,0.52
10,0.23076923076923078,0.0,1.0,0.4642857142857143
11,0.46153846153846156,0.07628205128205129,0.6,0.6190476190476191
12,0.3076923076923077,0.0,1.0,0.5652173913043478
13,0.3076923076923077,0.0,1.0,0.5652173913043478
