node,degree_cent,bet_cent,clust_coeff,close_cent
0,0.46153846153846156,0.01994301994301994,0.7333333333333333,0.5909090909090909
1,0.38461538461538464,0.003205128205128205,0.9,0.5416666666666666
2,0.6923076923076923,0.1893171643171643,0.5277777777777778,0.7647058823529411
3,0.3076923076923077,0.0,1.0,0.52
4,0.46153846153846156,0.013939763939763941,0.8,0.5909090909090909
5,0.5384615384615385,0.06762866762866762,0.6190476190476191,0.65
6,0.6923076923076923,0.12061642061642061,0.5833333333333334,0.7647058823529411
7,0.5384615384615385,0.06276593776593778,0.6666666666666666,0.6842105263157895
8,0.5384615384615385,0.04561549561549561,0.7142857142857143,0.6190476190476191
9,0.38461538461538464,0.010683760683760682,0.8,0.52
10,0.23076923076923078,0.0,1.0,0.4642857142857143
11,0.6153846153846154,0.12003089503089502,0.6428571428571429,0.7222222222222222
12,0.5384615384615385,0.039470714470714464,0.7142857142857143,0.6842105263157895
13,0.5384615384615385,0.03755226255226255,0.7619047619047619,0.6842105263157895
