node,degree_cent,bet_cent,clust_coeff,close_cent
0,0.5384615384615385,0.0213980463980464,0.7619047619047619,0.6842105263157895
1,0.38461538461538464,0.007875457875457873,0.9,0.6190476190476191
2,0.5384615384615385,0.02246642246642247,0.7619047619047619,0.6842105263157895
3,0.46153846153846156,0.01645299145299145,0.7333333333333333,0.5652173913043478
4,0.6153846153846154,0.03803418803418804,0.6785714285714286,0.7222222222222222
5,0.38461538461538464,0.015842490842490838,0.7,0.5909090909090909
6,0.6153846153846154,0.046642246642246636,0.6428571428571429,0.7222222222222222
7,0.5384615384615385,0.05479242979242979,0.6190476190476191,0.6842105263157895
8,0.46153846153846156,0.0293040293040293,0.6666666666666666,0.6190476190476191
9,0.3076923076923077,0.006105006105006104,0.8333333333333334,0.5652173913043478
10,0.23076923076923078,0.0,1.0,0.52
11,0.8461538461538463,0.2481990231990232,0.4727272727272727,0.8666666666666667
12,0.7692307692307693,0.08223443223443225,0.6,0.8125
13,0.5384615384615385,0.026037851037851036,0.7142857142857143,0.6842105263157895
