node,degree_cent,bet_cent,clust_coeff,close_cent
0,0.23076923076923078,0.009037803155450214,0.6666666666666666,0.48148148148148145
1,0.23076923076923078,0.004273504273504273,0.6666666666666666,0.43333333333333335
2,0.6153846153846154,0.15513430553023314,0.5,0.65
3,0.38461538461538464,0.031365366659484306,0.6,0.52
4,0.6153846153846154,0.05922452149827715,0.6785714285714286,0.6842105263157895
5,0.5384615384615385,0.12315219973591014,0.5238095238095238,0.65
6,0.5384615384615385,0.021430965548612606,0.7619047619047619,0.65
7,0.6153846153846154,0.13866602854159413,0.5714285714285714,0.6842105263157895
8,0.5384615384615385,0.09618961983215377,0.6190476190476191,0.65
9,0.3076923076923077,0.0438198553583169,0.6666666666666666,0.48148148148148145
10,0.38461538461538464,0.10351548903585102,0.6,0.5416666666666666
11,0.15384615384615385,0.0,1.0,0.37142857142857144
12,0.46153846153846156,0.028683399724123707,0.7333333333333333,0.6190476190476191
13,0.5384615384615385,0.10858386418341169,0.6666666666666666,0.6842105263157895
