node,degree_cent,bet_cent,clust_coeff,close_cent
0,0.38461538461538464,0.05245726495726496,0.6,0.52
1,0.3076923076923077,0.01282051282051282,0.6666666666666666,0.5
2,0.46153846153846156,0.06765873015873015,0.5333333333333333,0.52
3,0.5384615384615385,0.17048229548229546,0.42857142857142855,0.5652173913043478
4,0.38461538461538464,0.15006105006105006,0.5,0.5909090909090909
5,0.38461538461538464,0.10944749694749693,0.6,0.5909090909090909
6,0.46153846153846156,0.1811965811965812,0.4,0.5909090909090909
7,0.3076923076923077,0.061446886446886444,0.6666666666666666,0.52
8,0.46153846153846156,0.29752747252747247,0.4666666666666667,0.5909090909090909
9,0.3076923076923077,0.09536019536019535,0.5,0.43333333333333335
10,0.23076923076923078,0.05207570207570207,0.6666666666666666,0.41935483870967744
11,0.15384615384615385,0.0,1.0,0.3170731707317073
12,0.3076923076923077,0.005876068376068376,0.8333333333333334,0.41935483870967744
13,0.23076923076923078,0.0,1.0,0.3939393939393939
