node,degree_cent,bet_cent,clust_coeff,close_cent
0,0.6153846153846154,0.01507936507936508,0.8214285714285714,0.6842105263157895
1,0.6153846153846154,0.0437118437118437,0.7142857142857143,0.7222222222222222
2,0.5384615384615385,0.00641025641025641,0.8571428571428571,0.6190476190476191
3,0.46153846153846156,0.004273504273504273,0.8666666666666667,0.5909090909090909
4,0.6923076923076923,0.07255799755799756,0.6666666666666666,0.7647058823529411
5,0.7692307692307693,0.1444749694749695,0.5555555555555556,0.8125
6,0.38461538461538464,0.04444444444444444,0.6,0.6190476190476191
7,0.46153846153846156,0.05619658119658119,0.6,0.65
8,0.3076923076923077,0.010683760683760682,0.6666666666666666,0.48148148148148145
9,0.46153846153846156,0.047557997557997556,0.6,0.65
10,0.23076923076923078,0.010683760683760684,0.6666666666666666,0.52
11,0.6923076923076923,0.1787240537240537,0.5,0.7647058823529411
12,0.5384615384615385,0.00824175824175824,0.8571428571428571,0.65
13,0.46153846153846156,0.010805860805860806,0.8,0.6190476190476191
