node,degree_cent,bet_cent,clust_coeff,close_cent
0,0.38461538461538464,0.008547008547008546,0.8,0.41935483870967744
1,0.23076923076923078,0.0,1.0,0.3939393939393939
2,0.5384615384615385,0.10451770451770451,0.6666666666666666,0.5652173913043478
3,0.5384615384615385,0.10451770451770451,0.6666666666666666,0.5652173913043478
4,0.46153846153846156,0.1071123321123321,0.6666666666666666,0.5652173913043478
5,0.46153846153846156,0.38840048840048835,0.5333333333333333,0.65
6,0.3076923076923077,0.11880341880341881,0.5,0.5416666666666666
7,0.46153846153846156,0.35213675213675216,0.4666666666666667,0.5652173913043478
8,0.3076923076923077,0.02564102564102564,0.6666666666666666,0.43333333333333335
9,0.3076923076923077,0.004273504273504273,0.8333333333333334,0.40625
10,0.3076923076923077,0.004273504273504273,0.8333333333333334,0.40625
11,0.23076923076923078,0.0,1.0,0.3939393939393939
12,0.46153846153846156,0.04468864468864468,0.8,0.5416666666666666
13,0.38461538461538464,0.006318681318681318,0.9,0.4482758620689655
