node,degree_cent,bet_cent,clust_coeff,close_cent
0,0.8461538461538463,0.11634380576688266,0.5818181818181818,0.8666666666666667
1,0.3076923076923077,0.007371794871794871,0.8333333333333334,0.5909090909090909
2,0.6153846153846154,0.03431952662721893,0.7142857142857143,0.7222222222222222
3,0.46153846153846156,0.019658119658119654,0.6666666666666666,0.5909090909090909
4,0.5384615384615385,0.014743589743589742,0.7619047619047619,0.6190476190476191
5,0.38461538461538464,0.011990466798159105,0.7,0.5909090909090909
6,0.6923076923076923,0.04508312200619893,0.6944444444444444,0.7647058823529411
7,0.6153846153846154,0.06416478820324975,0.6428571428571429,0.7222222222222222
8,0.5384615384615385,0.0537522306753076,0.6666666666666666,0.6842105263157895
9,0.3076923076923077,0.006105006105006104,0.8333333333333334,0.5416666666666666
10,0.23076923076923078,0.0,1.0,0.5
11,0.7692307692307693,0.1748485488870104,0.5333333333333333,0.8125
12,0.6153846153846154,0.030284352399737015,0.75,0.7222222222222222
13,0.6153846153846154,0.023898750821827748,0.7857142857142857,0.7222222222222222
