node,degree_cent,bet_cent,clust_coeff,close_cent
0,0.6923076923076923,0.05943223443223442,0.6388888888888888,0.7647058823529411
1,0.38461538461538464,0.009157509157509158,0.9,0.6190476190476191
2,0.5384615384615385,0.029426129426129422,0.7142857142857143,0.6842105263157895
3,0.46153846153846156,0.010683760683760682,0.8,0.5652173913043478
4,0.5384615384615385,0.020421245421245418,0.7142857142857143,0.6190476190476191
5,0.46153846153846156,0.014774114774114772,0.8,0.6190476190476191
6,0.6153846153846154,0.048168498168498164,0.6785714285714286,0.7222222222222222
7,0.6153846153846154,0.0757020757020757,0.6071428571428571,0.7222222222222222
8,0.46153846153846156,0.0351037851037851,0.6666666666666666,0.6190476190476191
9,0.3076923076923077,0.006105006105006104,0.8333333333333334,0.5416666666666666
10,0.23076923076923078,0.0,1.0,0.5
11,0.7692307692307693,0.20845543345543344,0.4888888888888889,0.8125
12,0.7692307692307693,0.07423687423687425,0.6222222222222222,0.8125
13,0.5384615384615385,0.03653846153846154,0.6666666666666666,0.6842105263157895
