node,degree_cent,bet_cent,clust_coeff,close_cent
0,0.23076923076923078,0.0,1.0,0.48148148148148145
1,0.23076923076923078,0.0,1.0,0.48148148148148145
2,0.6923076923076923,0.2678062678062678,0.4166666666666667,0.7647058823529411
3,0.46153846153846156,0.05213675213675213,0.6,0.5909090909090909
4,0.38461538461538464,0.012108262108262107,0.8,0.5652173913043478
5,0.46153846153846156,0.051531339031339024,0.6,0.6190476190476191
6,0.5384615384615385,0.04334045584045583,0.6190476190476191,0.6190476190476191
7,0.46153846153846156,0.041025641025641026,0.6,0.5909090909090909
8,0.6153846153846154,0.12126068376068375,0.5714285714285714,0.7222222222222222
9,0.3076923076923077,0.005698005698005697,0.8333333333333334,0.5
10,0.23076923076923078,0.0,1.0,0.4642857142857143
11,0.6153846153846154,0.12126068376068375,0.5714285714285714,0.7222222222222222
12,0.46153846153846156,0.015883190883190883,0.8,0.65
13,0.6153846153846154,0.07564102564102565,0.6071428571428571,0.7222222222222222
