node,degree_cent,bet_cent,clust_coeff,close_cent
0,0.38461538461538464,0.20448717948717948,0.4,0.5652173913043478
1,0.3076923076923077,0.08803418803418803,0.3333333333333333,0.5909090909090909
2,0.38461538461538464,0.14636752136752135,0.5,0.5652173913043478
3,0.3076923076923077,0.010683760683760682,0.6666666666666666,0.48148148148148145
4,0.46153846153846156,0.07991452991452991,0.5333333333333333,0.5652173913043478
5,0.38461538461538464,0.04316239316239316,0.6,0.52
6,0.3076923076923077,0.007478632478632479,0.8333333333333334,0.4642857142857143
7,0.38461538461538464,0.06602564102564101,0.6,0.5416666666666666
8,0.46153846153846156,0.1782051282051282,0.3333333333333333,0.5909090909090909
9,0.3076923076923077,0.09615384615384615,0.5,0.5416666666666666
10,0.23076923076923078,0.026709401709401705,0.6666666666666666,0.5
11,0.38461538461538464,0.14252136752136751,0.4,0.52
12,0.23076923076923078,0.0,1.0,0.43333333333333335
13,0.23076923076923078,0.0,1.0,0.43333333333333335
