node,degree_cent,bet_cent,clust_coeff,close_cent
0,0.6923076923076923,0.04601139601139602,0.6666666666666666,0.7647058823529411
1,0.46153846153846156,0.037891737891737894,0.6666666666666666,0.65
2,0.6153846153846154,0.02329059829059829,0.75,0.7222222222222222
3,0.46153846153846156,0.01616809116809117,0.7333333333333333,0.6190476190476191
4,0.6153846153846154,0.030056980056980057,0.7142857142857143,0.7222222222222222
5,0.38461538461538464,0.010683760683760682,0.7,0.5909090909090909
6,0.6923076923076923,0.0457977207977208,0.6666666666666666,0.7647058823529411
7,0.5384615384615385,0.05128205128205127,0.6190476190476191,0.6842105263157895
8,0.5384615384615385,0.043660968660968656,0.6190476190476191,0.6842105263157895
9,0.3076923076923077,0.005698005698005697,0.8333333333333334,0.5652173913043478
10,0.3076923076923077,0.011965811965811965,0.6666666666666666,0.5652173913043478
11,0.8461538461538463,0.1522792022792023,0.5272727272727272,0.8666666666666667
12,0.7692307692307693,0.07008547008547009,0.6222222222222222,0.8125
13,0.46153846153846156,0.00641025641025641,0.8666666666666667,0.65
