node,degree_cent,bet_cent,clust_coeff,close_cent
0,0.6153846153846154,0.04007936507936507,0.7142857142857143,0.6842105263157895
1,0.6153846153846154,0.06426027676027675,0.6428571428571429,0.7222222222222222
2,0.3076923076923077,0.0,1.0,0.52
3,0.46153846153846156,0.025356125356125355,0.7333333333333333,0.6190476190476191
4,0.6923076923076923,0.08040801790801791,0.6111111111111112,0.7647058823529411
5,0.7692307692307693,0.11674297924297924,0.5555555555555556,0.8125
6,0.46153846153846156,0.073992673992674,0.5333333333333333,0.65
7,0.46153846153846156,0.050351037851037846,0.6,0.65
8,0.3076923076923077,0.012515262515262512,0.6666666666666666,0.5
9,0.46153846153846156,0.04222629222629222,0.6,0.6190476190476191
10,0.23076923076923078,0.009132071632071631,0.6666666666666666,0.52
11,0.6923076923076923,0.16185897435897434,0.5277777777777778,0.7647058823529411
12,0.46153846153846156,0.002564102564102564,0.9333333333333333,0.6190476190476191
13,0.38461538461538464,0.0,1.0,0.5909090909090909
