node,degree_cent,bet_cent,clust_coeff,close_cent
0,0.15384615384615385,0.0,1.0,0.4482758620689655
1,0.3076923076923077,0.029700854700854696,0.6666666666666666,0.5652173913043478
2,0.6153846153846154,0.1612332112332112,0.5,0.7222222222222222
3,0.5384615384615385,0.05289987789987789,0.5714285714285714,0.6842105263157895
4,0.6153846153846154,0.13653846153846153,0.42857142857142855,0.7222222222222222
5,0.46153846153846156,0.01465201465201465,0.7333333333333333,0.6190476190476191
6,0.38461538461538464,0.0018315018315018313,0.9,0.5909090909090909
7,0.38461538461538464,0.0018315018315018313,0.9,0.5909090909090909
8,0.7692307692307693,0.19487179487179487,0.4222222222222222,0.8125
9,0.5384615384615385,0.06059218559218559,0.5714285714285714,0.65
10,0.23076923076923078,0.0,1.0,0.52
11,0.46153846153846156,0.04700854700854701,0.6,0.65
12,0.38461538461538464,0.003205128205128205,0.9,0.6190476190476191
13,0.46153846153846156,0.013583638583638584,0.7333333333333333,0.65
