node,degree_cent,bet_cent,clust_coeff,close_cent
0,0.7692307692307693,0.07417582417582419,0.6222222222222222,0.8125
1,0.38461538461538464,0.011446886446886448,0.8,0.6190476190476191
2,0.6153846153846154,0.035714285714285705,0.7142857142857143,0.7222222222222222
3,0.38461538461538464,0.013888888888888888,0.7,0.5652173913043478
4,0.6153846153846154,0.03762210012210012,0.6785714285714286,0.7222222222222222
5,0.38461538461538464,0.023626373626373626,0.6,0.5909090909090909
6,0.6153846153846154,0.02393162393162393,0.75,0.7222222222222222
7,0.5384615384615385,0.046169108669108665,0.6190476190476191,0.6842105263157895
8,0.7692307692307693,0.11810134310134307,0.6,0.8125
9,0.3076923076923077,0.005876068376068376,0.8333333333333334,0.5652173913043478
10,0.23076923076923078,0.0,1.0,0.52
11,0.7692307692307693,0.12889194139194138,0.5555555555555556,0.8125
12,0.6923076923076923,0.03247863247863248,0.7222222222222222,0.7647058823529411
13,0.6153846153846154,0.01217948717948718,0.8214285714285714,0.7222222222222222
