node,degree_cent,bet_cent,clust_coeff,close_cent
0,0.5384615384615385,0.011324786324786324,0.8095238095238095,0.6842105263157895
1,0.5384615384615385,0.04221611721611721,0.6666666666666666,0.6842105263157895
2,0.6923076923076923,0.0314102564102564,0.7222222222222222,0.7647058823529411
3,0.46153846153846156,0.028968253968253966,0.6666666666666666,0.6190476190476191
4,0.6923076923076923,0.04584859584859585,0.6666666666666666,0.7647058823529411
5,0.3076923076923077,0.007905982905982904,0.6666666666666666,0.5652173913043478
6,0.6923076923076923,0.04297924297924297,0.6944444444444444,0.7647058823529411
7,0.6153846153846154,0.06105006105006105,0.6428571428571429,0.7222222222222222
8,0.6923076923076923,0.0681929181929182,0.6111111111111112,0.7647058823529411
9,0.3076923076923077,0.006105006105006104,0.8333333333333334,0.5652173913043478
10,0.3076923076923077,0.005341880341880341,0.8333333333333334,0.5652173913043478
11,0.8461538461538463,0.12365689865689866,0.5818181818181818,0.8666666666666667
12,0.7692307692307693,0.04636752136752137,0.6888888888888889,0.8125
13,0.5384615384615385,0.004273504273504273,0.9047619047619048,0.6842105263157895
