node,degree_cent,bet_cent,clust_coeff,close_cent
0,0.7692307692307693,0.059595034595034596,0.6888888888888889,0.7647058823529411
1,0.38461538461538464,0.02070614570614571,0.7,0.5909090909090909
2,0.6923076923076923,0.03198005698005698,0.7222222222222222,0.6842105263157895
3,0.46153846153846156,0.008974358974358974,0.8,0.5416666666666666
4,0.5384615384615385,0.007193732193732192,0.9047619047619048,0.6190476190476191
5,0.5384615384615385,0.007193732193732192,0.9047619047619048,0.6190476190476191
6,0.6153846153846154,0.02063492063492063,0.8214285714285714,0.6842105263157895
7,0.7692307692307693,0.1882783882783883,0.6,0.8125
8,0.6153846153846154,0.2092796092796093,0.5,0.7222222222222222
9,0.3076923076923077,0.12341269841269842,0.5,0.5652173913043478
10,0.23076923076923078,0.030982905982905987,0.6666666666666666,0.48148148148148145
11,0.15384615384615385,0.0,1.0,0.38235294117647056
12,0.6923076923076923,0.044210419210419204,0.75,0.7222222222222222
13,0.46153846153846156,0.003968253968253968,0.9333333333333333,0.6190476190476191
