node,degree_cent,bet_cent,clust_coeff,close_cent
0,0.3076923076923077,0.04212454212454212,0.6666666666666666,0.48148148148148145
1,0.23076923076923078,0.0,1.0,0.40625
2,0.46153846153846156,0.24126984126984127,0.3333333333333333,0.5416666666666666
3,0.38461538461538464,0.057844932844932855,0.6,0.5
4,0.3076923076923077,0.08528693528693528,0.5,0.52
5,0.38461538461538464,0.1752747252747253,0.4,0.52
6,0.3076923076923077,0.1043345543345543,0.5,0.52
7,0.3076923076923077,0.11135531135531136,0.5,0.48148148148148145
8,0.38461538461538464,0.11452991452991455,0.5,0.48148148148148145
9,0.3076923076923077,0.03568376068376068,0.6666666666666666,0.4482758620689655
10,0.23076923076923078,0.0,1.0,0.3939393939393939
11,0.3076923076923077,0.15717338217338217,0.5,0.48148148148148145
12,0.15384615384615385,0.0,1.0,0.41935483870967744
13,0.23076923076923078,0.169993894993895,0.3333333333333333,0.5
