node,degree_cent,bet_cent,clust_coeff,close_cent
0,0.6153846153846154,0.015017532325224634,0.8214285714285714,0.7222222222222222
1,0.38461538461538464,0.004547446855139163,0.9,0.6190476190476191
2,0.7692307692307693,0.04392395353933816,0.7111111111111111,0.8125
3,0.5384615384615385,0.011538461538461539,0.8095238095238095,0.6190476190476191
4,0.7692307692307693,0.03563053755361448,0.7555555555555555,0.8125
5,0.5384615384615385,0.008159575467267774,0.8571428571428571,0.65
6,0.6923076923076923,0.018070818070818066,0.8055555555555556,0.7647058823529411
7,0.6153846153846154,0.0460387902695595,0.7142857142857143,0.7222222222222222
8,0.6153846153846154,0.06355076547384239,0.6428571428571429,0.7222222222222222
9,0.3076923076923077,0.005341880341880341,0.8333333333333334,0.5652173913043478
10,0.23076923076923078,0.0,1.0,0.52
11,0.8461538461538463,0.16864609749225135,0.5636363636363636,0.8666666666666667
12,0.8461538461538463,0.058921135844212776,0.6909090909090909,0.8666666666666667
13,0.6923076923076923,0.020613005228389842,0.8055555555555556,0.7647058823529411
