node,degree_cent,bet_cent,clust_coeff,close_cent
0,0.15384615384615385,0.0,1.0,0.4642857142857143
1,0.23076923076923078,0.00641025641025641,0.6666666666666666,0.48148148148148145
2,0.6923076923076923,0.2844322344322345,0.4722222222222222,0.7647058823529411
3,0.3076923076923077,0.014957264957264954,0.6666666666666666,0.52
4,0.5384615384615385,0.03656898656898657,0.7142857142857143,0.6842105263157895
5,0.5384615384615385,0.051648351648351645,0.7142857142857143,0.6842105263157895
6,0.5384615384615385,0.0495115995115995,0.7142857142857143,0.6842105263157895
7,0.6153846153846154,0.06892551892551892,0.5714285714285714,0.65
8,0.38461538461538464,0.013888888888888888,0.7,0.5416666666666666
9,0.3076923076923077,0.003205128205128205,0.8333333333333334,0.52
10,0.38461538461538464,0.00641025641025641,0.8,0.5416666666666666
11,0.5384615384615385,0.11346153846153845,0.5714285714285714,0.6842105263157895
12,0.5384615384615385,0.014957264957264954,0.8095238095238095,0.6842105263157895
13,0.6923076923076923,0.10485347985347986,0.6111111111111112,0.7647058823529411
