node,degree_cent,bet_cent,clust_coeff,close_cent
0,0.5384615384615385,0.061050061050061034,0.6190476190476191,0.65
1,0.6153846153846154,0.07269536019536019,0.6071428571428571,0.7222222222222222
2,0.3076923076923077,0.0,1.0,0.52
3,0.46153846153846156,0.032936507936507944,0.6666666666666666,0.6190476190476191
4,0.6153846153846154,0.07208485958485958,0.6071428571428571,0.7222222222222222
5,0.6153846153846154,0.08447802197802198,0.5357142857142857,0.7222222222222222
6,0.38461538461538464,0.05555555555555555,0.5,0.5909090909090909
7,0.46153846153846156,0.058684371184371184,0.5333333333333333,0.65
8,0.3076923076923077,0.023504273504273504,0.5,0.5
9,0.38461538461538464,0.03098290598290598,0.6,0.5909090909090909
10,0.23076923076923078,0.012286324786324784,0.6666666666666666,0.52
11,0.6923076923076923,0.21814713064713062,0.4444444444444444,0.7647058823529411
12,0.46153846153846156,0.021184371184371182,0.7333333333333333,0.6190476190476191
13,0.23076923076923078,0.0,1.0,0.52
