node,degree_cent,bet_cent,clust_coeff,close_cent
0,0.23076923076923078,0.0,1.0,0.5416666666666666
1,0.23076923076923078,0.0,1.0,0.5416666666666666
2,0.8461538461538463,0.14640313390313386,0.6,0.8666666666666667
3,0.8461538461538463,0.15081908831908833,0.5818181818181818,0.8666666666666667
4,0.6153846153846154,0.015384615384615384,0.8571428571428571,0.7222222222222222
5,0.3076923076923077,0.0,1.0,0.5652173913043478
6,0.6923076923076923,0.024038461538461536,0.8055555555555556,0.7647058823529411
7,0.7692307692307693,0.05900997150997151,0.7111111111111111,0.8125
8,0.6153846153846154,0.026424501424501427,0.75,0.7222222222222222
9,0.38461538461538464,0.00438034188034188,0.8,0.5652173913043478
10,0.46153846153846156,0.00957977207977208,0.8,0.6190476190476191
11,0.6923076923076923,0.03454415954415954,0.75,0.7647058823529411
12,0.6923076923076923,0.016773504273504273,0.8333333333333334,0.7647058823529411
13,0.7692307692307693,0.03828347578347578,0.7555555555555555,0.8125
