node,degree_cent,bet_cent,clust_coeff,close_cent
0,0.6923076923076923,0.032671957671957665,0.7222222222222222,0.7647058823529411
1,0.38461538461538464,0.005056980056980057,0.9,0.6190476190476191
2,0.6153846153846154,0.023697598697598694,0.75,0.7222222222222222
3,0.5384615384615385,0.017948717948717947,0.7619047619047619,0.6190476190476191
4,0.6153846153846154,0.022629222629222626,0.75,0.7222222222222222
5,0.46153846153846156,0.010470085470085468,0.8,0.6190476190476191
6,0.6153846153846154,0.02091982091982092,0.75,0.7222222222222222
7,0.5384615384615385,0.04349816849816849,0.6666666666666666,0.6842105263157895
8,0.6923076923076923,0.10519943019943019,0.5555555555555556,0.7647058823529411
9,0.3076923076923077,0.005698005698005697,0.8333333333333334,0.5652173913043478
10,0.23076923076923078,0.0,1.0,0.52
11,0.7692307692307693,0.14050671550671548,0.5333333333333333,0.8125
12,0.8461538461538463,0.0741961741961742,0.6363636363636364,0.8666666666666667
13,0.6923076923076923,0.03596866096866098,0.6944444444444444,0.7647058823529411
