node,degree_cent,bet_cent,clust_coeff,close_cent
0,0.15384615384615385,0.0,1.0,0.43333333333333335
1,0.23076923076923078,0.00641025641025641,0.6666666666666666,0.4482758620689655
2,0.6153846153846154,0.2516025641025641,0.4642857142857143,0.6842105263157895
3,0.38461538461538464,0.03685897435897436,0.7,0.5416666666666666
4,0.5384615384615385,0.10491452991452992,0.5714285714285714,0.6842105263157895
5,0.46153846153846156,0.14572649572649574,0.5333333333333333,0.65
6,0.3076923076923077,0.0623931623931624,0.5,0.5416666666666666
7,0.38461538461538464,0.06645299145299145,0.5,0.5416666666666666
8,0.3076923076923077,0.01282051282051282,0.6666666666666666,0.43333333333333335
9,0.3076923076923077,0.028525641025641025,0.6666666666666666,0.52
10,0.3076923076923077,0.028525641025641025,0.6666666666666666,0.52
11,0.46153846153846156,0.20448717948717948,0.4666666666666667,0.65
12,0.46153846153846156,0.02564102564102564,0.7333333333333333,0.6190476190476191
13,0.3076923076923077,0.0,1.0,0.5416666666666666
