node,degree_cent,bet_cent,clust_coeff,close_cent
0,0.46153846153846156,0.16477411477411474,0.5333333333333333,0.6190476190476191
1,0.3076923076923077,0.014957264957264958,0.6666666666666666,0.5
2,0.38461538461538464,0.013888888888888888,0.7,0.5
3,0.38461538461538464,0.013888888888888888,0.7,0.5
4,0.5384615384615385,0.06303418803418803,0.5238095238095238,0.5652173913043478
5,0.38461538461538464,0.02564102564102564,0.6,0.5
6,0.3076923076923077,0.007478632478632479,0.8333333333333334,0.5
7,0.38461538461538464,0.09960317460317461,0.6,0.5909090909090909
8,0.5384615384615385,0.1982295482295482,0.38095238095238093,0.65
9,0.46153846153846156,0.34987789987789986,0.3333333333333333,0.65
10,0.23076923076923078,0.029395604395604392,0.6666666666666666,0.5
11,0.3076923076923077,0.08894993894993895,0.5,0.4642857142857143
12,0.15384615384615385,0.0,1.0,0.3333333333333333
13,0.23076923076923078,0.05848595848595848,0.6666666666666666,0.4482758620689655
