node,degree_cent,bet_cent,clust_coeff,close_cent
0,0.23076923076923078,0.013049450549450548,0.6666666666666666,0.52
1,0.23076923076923078,0.00641025641025641,0.6666666666666666,0.4642857142857143
2,0.6153846153846154,0.15310337810337807,0.4642857142857143,0.7222222222222222
3,0.38461538461538464,0.03347069597069597,0.6,0.5652173913043478
4,0.6923076923076923,0.09797517297517298,0.5555555555555556,0.7647058823529411
5,0.38461538461538464,0.017144892144892145,0.7,0.6190476190476191
6,0.6153846153846154,0.11626984126984127,0.5357142857142857,0.7222222222222222
7,0.6153846153846154,0.08925518925518926,0.5357142857142857,0.6842105263157895
8,0.46153846153846156,0.0321021571021571,0.6666666666666666,0.6190476190476191
9,0.3076923076923077,0.0057692307692307696,0.6666666666666666,0.52
10,0.38461538461538464,0.008974358974358974,0.7,0.5416666666666666
11,0.46153846153846156,0.09493284493284493,0.4666666666666667,0.65
12,0.5384615384615385,0.04514652014652014,0.6190476190476191,0.6842105263157895
13,0.5384615384615385,0.02998575498575498,0.6666666666666666,0.65
