node,degree_cent,bet_cent,clust_coeff,close_cent
0,0.7692307692307693,0.07799145299145298,0.6222222222222222,0.8125
1,0.5384615384615385,0.031837606837606836,0.7142857142857143,0.6842105263157895
2,0.6153846153846154,0.03653846153846154,0.7142857142857143,0.7222222222222222
3,0.38461538461538464,0.010042735042735042,0.7,0.5416666666666666
4,0.5384615384615385,0.026282051282051286,0.6666666666666666,0.6190476190476191
5,0.38461538461538464,0.016666666666666663,0.7,0.5909090909090909
6,0.6153846153846154,0.07072649572649573,0.6071428571428571,0.7222222222222222
7,0.6153846153846154,0.0938034188034188,0.5357142857142857,0.7222222222222222
8,0.38461538461538464,0.02264957264957265,0.7,0.5909090909090909
9,0.3076923076923077,0.00641025641025641,0.8333333333333334,0.5416666666666666
10,0.23076923076923078,0.0,1.0,0.5
11,0.7692307692307693,0.21559829059829058,0.5111111111111111,0.8125
12,0.6153846153846154,0.023931623931623933,0.75,0.7222222222222222
13,0.46153846153846156,0.008547008547008546,0.8666666666666667,0.65
