node,degree_cent,bet_cent,clust_coeff,close_cent
0,0.15384615384615385,0.0,1.0,0.43333333333333335
1,0.23076923076923078,0.00641025641025641,0.6666666666666666,0.4482758620689655
2,0.6153846153846154,0.22884615384615387,0.4642857142857143,0.6842105263157895
3,0.38461538461538464,0.05106837606837607,0.6,0.5909090909090909
4,0.7692307692307693,0.3032051282051282,0.4888888888888889,0.8125
5,0.46153846153846156,0.04038461538461538,0.6666666666666666,0.6190476190476191
6,0.5384615384615385,0.04102564102564102,0.6666666666666666,0.65
7,0.5384615384615385,0.052350427350427345,0.6190476190476191,0.6190476190476191
8,0.46153846153846156,0.025641025641025637,0.7333333333333333,0.5909090909090909
9,0.38461538461538464,0.07051282051282051,0.7,0.5652173913043478
10,0.38461538461538464,0.07051282051282051,0.7,0.5652173913043478
11,0.15384615384615385,0.0,1.0,0.38235294117647056
12,0.38461538461538464,0.012820512820512818,0.8,0.5909090909090909
13,0.38461538461538464,0.007478632478632477,0.8,0.5909090909090909
