node,degree_cent,bet_cent,clust_coeff,close_cent
0,0.5384615384615385,0.22051282051282045,0.42857142857142855,0.6842105263157895
1,0.3076923076923077,0.007478632478632479,0.8333333333333334,0.5652173913043478
2,0.5384615384615385,0.10790598290598291,0.5238095238095238,0.65
3,0.38461538461538464,0.05235042735042736,0.6,0.5652173913043478
4,0.3076923076923077,0.004273504273504273,0.8333333333333334,0.4642857142857143
5,0.38461538461538464,0.03098290598290598,0.6,0.52
6,0.38461538461538464,0.038461538461538464,0.6,0.5416666666666666
7,0.3076923076923077,0.06837606837606838,0.5,0.5909090909090909
8,0.5384615384615385,0.17905982905982906,0.38095238095238093,0.6842105263157895
9,0.5384615384615385,0.16410256410256405,0.42857142857142855,0.65
10,0.23076923076923078,0.017948717948717947,0.6666666666666666,0.5
11,0.3076923076923077,0.01282051282051282,0.6666666666666666,0.4482758620689655
12,0.3076923076923077,0.01581196581196581,0.8333333333333334,0.52
13,0.3076923076923077,0.01581196581196581,0.8333333333333334,0.52
