node,degree_cent,bet_cent,clust_coeff,close_cent
0,0.23076923076923078,0.0,1.0,0.48148148148148145
1,0.3076923076923077,0.02991452991452991,0.6666666666666666,0.5909090909090909
2,0.6923076923076923,0.17179487179487177,0.4722222222222222,0.7647058823529411
3,0.38461538461538464,0.03205128205128205,0.6,0.5652173913043478
4,0.6153846153846154,0.06346153846153846,0.6071428571428571,0.7222222222222222
5,0.46153846153846156,0.030769230769230767,0.6666666666666666,0.6190476190476191
6,0.46153846153846156,0.01047008547008547,0.8,0.6190476190476191
7,0.5384615384615385,0.0438034188034188,0.6666666666666666,0.65
8,0.6923076923076923,0.11303418803418802,0.5555555555555556,0.7647058823529411
9,0.3076923076923077,0.005555555555555556,0.8333333333333334,0.5416666666666666
10,0.23076923076923078,0.0,1.0,0.5
11,0.6923076923076923,0.17264957264957262,0.4444444444444444,0.7647058823529411
12,0.6153846153846154,0.02948717948717949,0.7142857142857143,0.7222222222222222
13,0.38461538461538464,0.0021367521367521365,0.9,0.6190476190476191
