node,degree_cent,bet_cent,clust_coeff,close_cent
0,0.3076923076923077,0.008547008547008546,0.6666666666666666,0.35135135135135137
1,0.23076923076923078,0.00829106790645252,0.6666666666666666,0.38235294117647056
2,0.46153846153846156,0.060270498732037193,0.6666666666666666,0.4642857142857143
3,0.46153846153846156,0.1667112801728186,0.5333333333333333,0.52
4,0.46153846153846156,0.3198271813656429,0.5333333333333333,0.5652173913043478
5,0.3076923076923077,0.22320841551610784,0.5,0.5416666666666666
6,0.3076923076923077,0.2579881656804734,0.5,0.5416666666666666
7,0.38461538461538464,0.22186061801446416,0.5,0.48148148148148145
8,0.38461538461538464,0.15036160420775807,0.6,0.4482758620689655
9,0.3076923076923077,0.012179487179487178,0.8333333333333334,0.37142857142857144
10,0.23076923076923078,0.0,1.0,0.3333333333333333
11,0.3076923076923077,0.012179487179487178,0.8333333333333334,0.37142857142857144
12,0.38461538461538464,0.03569784915938761,0.8,0.4482758620689655
13,0.38461538461538464,0.03569784915938761,0.8,0.4482758620689655
