node,degree_cent,bet_cent,clust_coeff,close_cent
0,0.6923076923076923,0.02628205128205128,0.7777777777777778,0.7647058823529411
1,0.38461538461538464,0.0049145299145299135,0.9,0.6190476190476191
2,0.6923076923076923,0.02628205128205128,0.7777777777777778,0.7647058823529411
3,0.5384615384615385,0.027564102564102567,0.7142857142857143,0.6190476190476191
4,0.6153846153846154,0.020833333333333336,0.7857142857142857,0.7222222222222222
5,0.38461538461538464,0.015384615384615387,0.6,0.5909090909090909
6,0.6923076923076923,0.03397435897435897,0.7222222222222222,0.7647058823529411
7,0.46153846153846156,0.03835470085470085,0.6,0.65
8,0.7692307692307693,0.12222222222222222,0.6,0.8125
9,0.3076923076923077,0.005876068376068376,0.8333333333333334,0.5652173913043478
10,0.23076923076923078,0.0,1.0,0.52
11,0.7692307692307693,0.13066239316239314,0.5555555555555556,0.8125
12,0.7692307692307693,0.05235042735042736,0.6888888888888889,0.8125
13,0.6923076923076923,0.03376068376068376,0.75,0.7647058823529411
