node,degree_cent,bet_cent,clust_coeff,close_cent
0,0.23076923076923078,0.0,1.0,0.52
1,0.23076923076923078,0.0,1.0,0.52
2,0.7692307692307693,0.15630341880341878,0.6,0.8125
3,0.6923076923076923,0.12266483516483516,0.5555555555555556,0.7647058823529411
4,0.6153846153846154,0.021443833943833944,0.7857142857142857,0.7222222222222222
5,0.3076923076923077,0.0,1.0,0.5652173913043478
6,0.6923076923076923,0.04703907203907203,0.6944444444444444,0.7647058823529411
7,0.7692307692307693,0.05383089133089131,0.7111111111111111,0.8125
8,0.6153846153846154,0.02138278388278388,0.8214285714285714,0.7222222222222222
9,0.5384615384615385,0.009203296703296702,0.8571428571428571,0.6190476190476191
10,0.38461538461538464,0.0,1.0,0.5416666666666666
11,0.6923076923076923,0.047619047619047616,0.7222222222222222,0.7647058823529411
12,0.7692307692307693,0.05334249084249084,0.7333333333333333,0.8125
13,0.6923076923076923,0.031272893772893766,0.7777777777777778,0.7647058823529411
