node,degree_cent,bet_cent,clust_coeff,close_cent
0,0.15384615384615385,0.0,1.0,0.38235294117647056
1,0.23076923076923078,0.008974358974358974,0.6666666666666666,0.40625
2,0.5384615384615385,0.21080703484549637,0.42857142857142855,0.5652173913043478
3,0.38461538461538464,0.07380834976988822,0.6,0.52
4,0.5384615384615385,0.17424391847468768,0.5714285714285714,0.65
5,0.46153846153846156,0.07710387902695594,0.6,0.5909090909090909
6,0.5384615384615385,0.18433596318211704,0.5714285714285714,0.65
7,0.3076923076923077,0.05947567389875082,0.6666666666666666,0.52
8,0.46153846153846156,0.2994986850756081,0.4666666666666667,0.5909090909090909
9,0.3076923076923077,0.09485535831689677,0.5,0.43333333333333335
10,0.23076923076923078,0.05258053911900066,0.6666666666666666,0.41935483870967744
11,0.15384615384615385,0.0,1.0,0.3170731707317073
12,0.38461538461538464,0.020726495726495722,0.7,0.52
13,0.23076923076923078,0.0,1.0,0.4642857142857143
