node,degree_cent,bet_cent,clust_coeff,close_cent
0,0.23076923076923078,0.0,1.0,0.52
1,0.23076923076923078,0.0,1.0,0.52
2,0.7692307692307693,0.18289072039072035,0.5333333333333333,0.8125
3,0.6153846153846154,0.09798534798534797,0.5714285714285714,0.7222222222222222
4,0.6153846153846154,0.029380341880341877,0.7142857142857143,0.7222222222222222
5,0.3076923076923077,0.0,1.0,0.5909090909090909
6,0.7692307692307693,0.09542124542124542,0.5777777777777777,0.8125
7,0.6923076923076923,0.05786019536019535,0.6388888888888888,0.7647058823529411
8,0.5384615384615385,0.018757631257631257,0.7619047619047619,0.6842105263157895
9,0.46153846153846156,0.00844017094017094,0.7333333333333333,0.5909090909090909
10,0.46153846153846156,0.005876068376068375,0.8,0.5909090909090909
11,0.6153846153846154,0.030402930402930402,0.6785714285714286,0.7222222222222222
12,0.6923076923076923,0.04012515262515262,0.6944444444444444,0.7647058823529411
13,0.5384615384615385,0.022603785103785103,0.7142857142857143,0.6842105263157895
