node,degree_cent,bet_cent,clust_coeff,close_cent
0,0.6923076923076923,0.02953897953897954,0.75,0.7647058823529411
1,0.38461538461538464,0.005154105154105154,0.9,0.6190476190476191
2,0.6923076923076923,0.02953897953897954,0.75,0.7647058823529411
3,0.5384615384615385,0.027564102564102567,0.7142857142857143,0.6190476190476191
4,0.6153846153846154,0.025148000148000147,0.75,0.7222222222222222
5,0.38461538461538464,0.016122766122766124,0.6,0.5909090909090909
6,0.6923076923076923,0.03827838827838828,0.6944444444444444,0.7647058823529411
7,0.46153846153846156,0.040304140304140305,0.6,0.65
8,0.6923076923076923,0.10452972952972953,0.5833333333333334,0.7647058823529411
9,0.3076923076923077,0.006105006105006104,0.8333333333333334,0.5652173913043478
10,0.23076923076923078,0.0,1.0,0.52
11,0.7692307692307693,0.14814537314537313,0.5333333333333333,0.8125
12,0.7692307692307693,0.05634550634550635,0.6666666666666666,0.8125
13,0.6153846153846154,0.02450697450697451,0.75,0.7222222222222222
