node,degree_cent,bet_cent,clust_coeff,close_cent
0,0.7692307692307693,0.12063492063492064,0.6222222222222222,0.8125
1,0.23076923076923078,0.0,1.0,0.5
2,0.5384615384615385,0.04754273504273503,0.7142857142857143,0.6842105263157895
3,0.46153846153846156,0.02179487179487179,0.6666666666666666,0.5652173913043478
4,0.6923076923076923,0.04264346764346765,0.7222222222222222,0.7647058823529411
5,0.38461538461538464,0.010149572649572648,0.8,0.5909090909090909
6,0.6153846153846154,0.04362026862026861,0.7142857142857143,0.7222222222222222
7,0.6923076923076923,0.09887057387057387,0.6111111111111112,0.7647058823529411
8,0.38461538461538464,0.01862026862026862,0.7,0.5652173913043478
9,0.3076923076923077,0.006105006105006104,0.8333333333333334,0.5416666666666666
10,0.23076923076923078,0.0,1.0,0.5
11,0.7692307692307693,0.21117216117216117,0.5555555555555556,0.8125
12,0.6153846153846154,0.027564102564102567,0.7857142857142857,0.7222222222222222
13,0.5384615384615385,0.005128205128205128,0.9047619047619048,0.6842105263157895
