node,degree_cent,bet_cent,clust_coeff,close_cent
0,0.5384615384615385,0.11614774114774112,0.6190476190476191,0.5652173913043478
1,0.46153846153846156,0.018620268620268617,0.7333333333333333,0.5416666666666666
2,0.46153846153846156,0.03931623931623931,0.7333333333333333,0.52
3,0.5384615384615385,0.09392551892551892,0.6190476190476191,0.5652173913043478
4,0.5384615384615385,0.22899877899877896,0.5714285714285714,0.65
5,0.38461538461538464,0.06788766788766787,0.6,0.5652173913043478
6,0.46153846153846156,0.13626373626373625,0.5333333333333333,0.6190476190476191
7,0.3076923076923077,0.08888888888888888,0.5,0.52
8,0.38461538461538464,0.2772588522588523,0.4,0.5652173913043478
9,0.3076923076923077,0.10320512820512821,0.5,0.43333333333333335
10,0.23076923076923078,0.047435897435897434,0.6666666666666666,0.40625
11,0.15384615384615385,0.0,1.0,0.3170731707317073
12,0.3076923076923077,0.0,1.0,0.41935483870967744
13,0.3076923076923077,0.0,1.0,0.41935483870967744
