node,degree_cent,bet_cent,clust_coeff,close_cent
0,0.6153846153846154,0.018829318829318827,0.7857142857142857,0.7222222222222222
1,0.38461538461538464,0.004726754726754726,0.9,0.6190476190476191
2,0.6153846153846154,0.026120176120176117,0.75,0.7222222222222222
3,0.5384615384615385,0.02799145299145299,0.7142857142857143,0.6190476190476191
4,0.6923076923076923,0.04214581714581715,0.6944444444444444,0.7647058823529411
5,0.38461538461538464,0.015909090909090907,0.6,0.5909090909090909
6,0.6153846153846154,0.03162393162393162,0.6785714285714286,0.7222222222222222
7,0.46153846153846156,0.03854895104895105,0.6,0.65
8,0.6153846153846154,0.07283411033411033,0.5714285714285714,0.7222222222222222
9,0.3076923076923077,0.005876068376068376,0.8333333333333334,0.5652173913043478
10,0.23076923076923078,0.0,1.0,0.52
11,0.8461538461538463,0.1918220668220668,0.509090909090909,0.8666666666666667
12,0.7692307692307693,0.06339678839678839,0.6444444444444445,0.8125
13,0.6153846153846154,0.024278036778036777,0.75,0.7222222222222222
