node,degree_cent,bet_cent,clust_coeff,close_cent
0,0.5384615384615385,0.009712509712509712,0.8571428571428571,0.65
1,0.6923076923076923,0.08447940947940948,0.6111111111111112,0.7647058823529411
2,0.5384615384615385,0.009401709401709401,0.8095238095238095,0.5909090909090909
3,0.38461538461538464,0.004273504273504273,0.8,0.5416666666666666
4,0.6923076923076923,0.06928256928256929,0.6666666666666666,0.7647058823529411
5,0.6923076923076923,0.08447940947940948,0.6111111111111112,0.7647058823529411
6,0.46153846153846156,0.07977855477855478,0.5333333333333333,0.65
7,0.46153846153846156,0.05646205646205646,0.6,0.65
8,0.3076923076923077,0.010683760683760682,0.6666666666666666,0.48148148148148145
9,0.38461538461538464,0.02393162393162393,0.6,0.5652173913043478
10,0.23076923076923078,0.010683760683760684,0.6666666666666666,0.52
11,0.6923076923076923,0.221024346024346,0.4722222222222222,0.7647058823529411
12,0.5384615384615385,0.009712509712509712,0.8571428571428571,0.65
13,0.46153846153846156,0.0184019684019684,0.7333333333333333,0.6190476190476191
