node,degree_cent,bet_cent,clust_coeff,close_cent
0,0.38461538461538464,0.020757020757020753,0.7,0.5416666666666666
1,0.3076923076923077,0.006105006105006104,0.8333333333333334,0.5
2,0.6153846153846154,0.21092796092796093,0.4642857142857143,0.7222222222222222
3,0.38461538461538464,0.052289377289377284,0.6,0.5652173913043478
4,0.38461538461538464,0.059432234432234436,0.5,0.5652173913043478
5,0.3076923076923077,0.04401709401709402,0.5,0.5
6,0.3076923076923077,0.04307081807081808,0.5,0.5652173913043478
7,0.3076923076923077,0.05375457875457876,0.5,0.5416666666666666
8,0.6153846153846154,0.24554334554334548,0.39285714285714285,0.7222222222222222
9,0.3076923076923077,0.019658119658119654,0.6666666666666666,0.5
10,0.23076923076923078,0.0,1.0,0.4642857142857143
11,0.46153846153846156,0.08162393162393161,0.6,0.6190476190476191
12,0.3076923076923077,0.0,1.0,0.5652173913043478
13,0.46153846153846156,0.07307692307692308,0.6,0.6190476190476191
