node,degree_cent,bet_cent,clust_coeff,close_cent
0,0.46153846153846156,0.2185897435897436,0.4,0.5909090909090909
1,0.3076923076923077,0.05576923076923077,0.5,0.5909090909090909
2,0.38461538461538464,0.07179487179487179,0.6,0.5652173913043478
3,0.38461538461538464,0.07179487179487179,0.6,0.5652173913043478
4,0.46153846153846156,0.08055555555555556,0.5333333333333333,0.5652173913043478
5,0.38461538461538464,0.04658119658119658,0.6,0.52
6,0.3076923076923077,0.007478632478632479,0.8333333333333334,0.4642857142857143
7,0.38461538461538464,0.060897435897435896,0.6,0.5416666666666666
8,0.46153846153846156,0.16538461538461535,0.3333333333333333,0.5909090909090909
9,0.3076923076923077,0.08952991452991453,0.5,0.5416666666666666
10,0.23076923076923078,0.025,0.6666666666666666,0.5
11,0.38461538461538464,0.14508547008547007,0.4,0.5416666666666666
12,0.23076923076923078,0.0,1.0,0.4482758620689655
13,0.23076923076923078,0.0,1.0,0.4482758620689655
