node,degree_cent,bet_cent,clust_coeff,close_cent
0,0.23076923076923078,0.022222222222222223,0.3333333333333333,0.52
1,0.23076923076923078,0.00641025641025641,0.6666666666666666,0.48148148148148145
2,0.6153846153846154,0.15676638176638175,0.4642857142857143,0.7222222222222222
3,0.46153846153846156,0.04871794871794871,0.6,0.6190476190476191
4,0.7692307692307693,0.22300569800569803,0.4444444444444444,0.8125
5,0.46153846153846156,0.04943019943019943,0.6,0.65
6,0.38461538461538464,0.05982905982905982,0.6,0.6190476190476191
7,0.46153846153846156,0.03425925925925926,0.6666666666666666,0.6190476190476191
8,0.46153846153846156,0.03425925925925926,0.6666666666666666,0.6190476190476191
9,0.3076923076923077,0.008547008547008546,0.6666666666666666,0.52
10,0.38461538461538464,0.013176638176638176,0.7,0.5652173913043478
11,0.46153846153846156,0.09052706552706552,0.5333333333333333,0.65
12,0.38461538461538464,0.004629629629629629,0.9,0.6190476190476191
13,0.38461538461538464,0.004629629629629629,0.9,0.6190476190476191
