node,degree_cent,bet_cent,clust_coeff,close_cent
0,0.5384615384615385,0.030056980056980057,0.7142857142857143,0.65
1,0.6153846153846154,0.07104700854700854,0.6428571428571429,0.7222222222222222
2,0.38461538461538464,0.002564102564102564,0.9,0.5416666666666666
3,0.38461538461538464,0.007193732193732194,0.8,0.5652173913043478
4,0.6923076923076923,0.11769943019943019,0.5555555555555556,0.7647058823529411
5,0.6153846153846154,0.09853988603988606,0.5,0.7222222222222222
6,0.3076923076923077,0.04081196581196581,0.5,0.5909090909090909
7,0.46153846153846156,0.06456552706552705,0.5333333333333333,0.65
8,0.3076923076923077,0.021367521367521364,0.5,0.48148148148148145
9,0.38461538461538464,0.033333333333333326,0.6,0.5909090909090909
10,0.23076923076923078,0.011645299145299146,0.6666666666666666,0.52
11,0.6923076923076923,0.20516381766381764,0.4722222222222222,0.7647058823529411
12,0.5384615384615385,0.02678062678062678,0.7142857142857143,0.65
13,0.3076923076923077,0.0,1.0,0.5652173913043478
