node,degree_cent,bet_cent,clust_coeff,close_cent
0,0.3076923076923077,0.010683760683760682,0.6666666666666666,0.4482758620689655
1,0.23076923076923078,0.006837606837606838,0.6666666666666666,0.4482758620689655
2,0.5384615384615385,0.30534188034188037,0.42857142857142855,0.65
3,0.46153846153846156,0.1405982905982906,0.4666666666666667,0.6190476190476191
4,0.38461538461538464,0.04380341880341881,0.7,0.5909090909090909
5,0.3076923076923077,0.009401709401709401,0.8333333333333334,0.52
6,0.3076923076923077,0.019230769230769232,0.6666666666666666,0.5
7,0.6153846153846154,0.4476495726495726,0.39285714285714285,0.7222222222222222
8,0.38461538461538464,0.06837606837606838,0.6,0.52
9,0.3076923076923077,0.03632478632478632,0.8333333333333334,0.5
10,0.23076923076923078,0.0,1.0,0.37142857142857144
11,0.3076923076923077,0.03632478632478632,0.8333333333333334,0.5
12,0.3076923076923077,0.01645299145299145,0.6666666666666666,0.4642857142857143
13,0.23076923076923078,0.0,1.0,0.43333333333333335
