node,degree_cent,bet_cent,clust_coeff,close_cent
0,0.38461538461538464,0.0,1.0,0.5909090909090909
1,0.46153846153846156,0.018391330891330892,0.8,0.65
2,0.8461538461538463,0.2722680097680098,0.4,0.8666666666666667
3,0.46153846153846156,0.06585775335775336,0.5333333333333333,0.65
4,0.3076923076923077,0.013049450549450548,0.8333333333333334,0.5909090909090909
5,0.3076923076923077,0.010683760683760682,0.6666666666666666,0.5
6,0.5384615384615385,0.10173992673992675,0.42857142857142855,0.6842105263157895
7,0.3076923076923077,0.0231990231990232,0.5,0.5652173913043478
8,0.38461538461538464,0.026068376068376066,0.6,0.6190476190476191
9,0.6153846153846154,0.09960317460317461,0.5357142857142857,0.7222222222222222
10,0.46153846153846156,0.012820512820512818,0.8,0.6190476190476191
11,0.5384615384615385,0.05384615384615385,0.6190476190476191,0.65
12,0.23076923076923078,0.0,1.0,0.52
13,0.3076923076923077,0.02042124542124542,0.6666666666666666,0.5909090909090909
