node,degree_cent,bet_cent,clust_coeff,close_cent
0,0.15384615384615385,0.0,1.0,0.43333333333333335
1,0.23076923076923078,0.010683760683760682,0.6666666666666666,0.4642857142857143
2,0.5384615384615385,0.34722222222222227,0.2857142857142857,0.6842105263157895
3,0.3076923076923077,0.05341880341880341,0.5,0.52
4,0.38461538461538464,0.07264957264957266,0.5,0.5652173913043478
5,0.3076923076923077,0.023504273504273504,0.6666666666666666,0.48148148148148145
6,0.3076923076923077,0.03098290598290598,0.6666666666666666,0.5416666666666666
7,0.38461538461538464,0.08547008547008546,0.5,0.5652173913043478
8,0.6153846153846154,0.3108974358974359,0.35714285714285715,0.7222222222222222
9,0.3076923076923077,0.026709401709401705,0.6666666666666666,0.52
10,0.23076923076923078,0.0,1.0,0.4642857142857143
11,0.38461538461538464,0.02564102564102564,0.6,0.5
12,0.3076923076923077,0.019230769230769232,0.8333333333333334,0.5652173913043478
13,0.3076923076923077,0.019230769230769232,0.8333333333333334,0.5652173913043478
