node,degree_cent,bet_cent,clust_coeff,close_cent
0,0.15384615384615385,0.0,1.0,0.48148148148148145
1,0.3076923076923077,0.01282051282051282,0.6666666666666666,0.52
2,0.7692307692307693,0.2627363377363377,0.4444444444444444,0.8125
3,0.38461538461538464,0.015054390054390054,0.7,0.5652173913043478
4,0.3076923076923077,0.003205128205128205,0.8333333333333334,0.5416666666666666
5,0.46153846153846156,0.041530691530691534,0.6,0.6190476190476191
6,0.6153846153846154,0.06415436415436414,0.6428571428571429,0.7222222222222222
7,0.46153846153846156,0.04209401709401709,0.6,0.5909090909090909
8,0.6153846153846154,0.11486661486661484,0.6071428571428571,0.7222222222222222
9,0.3076923076923077,0.005698005698005697,0.8333333333333334,0.5
10,0.23076923076923078,0.0,1.0,0.4642857142857143
11,0.6153846153846154,0.11486661486661484,0.6071428571428571,0.7222222222222222
12,0.46153846153846156,0.010023310023310023,0.8666666666666667,0.65
13,0.6153846153846154,0.095001295001295,0.5714285714285714,0.7222222222222222
