node,degree_cent,bet_cent,clust_coeff,close_cent
0,0.23076923076923078,0.0,1.0,0.5
1,0.3076923076923077,0.01282051282051282,0.6666666666666666,0.52
2,0.7692307692307693,0.26524216524216526,0.4222222222222222,0.8125
3,0.3076923076923077,0.014102564102564103,0.6666666666666666,0.5416666666666666
4,0.3076923076923077,0.004273504273504273,0.8333333333333334,0.5416666666666666
5,0.38461538461538464,0.036467236467236465,0.6,0.5909090909090909
6,0.6153846153846154,0.07913105413105415,0.6071428571428571,0.7222222222222222
7,0.46153846153846156,0.046794871794871795,0.6,0.5909090909090909
8,0.6153846153846154,0.0898148148148148,0.6428571428571429,0.7222222222222222
9,0.3076923076923077,0.004487179487179487,0.8333333333333334,0.5
10,0.3076923076923077,0.003205128205128205,0.8333333333333334,0.48148148148148145
11,0.6153846153846154,0.0898148148148148,0.6428571428571429,0.7222222222222222
12,0.5384615384615385,0.04814814814814814,0.7142857142857143,0.6842105263157895
13,0.5384615384615385,0.08774928774928774,0.6190476190476191,0.6842105263157895
