node,degree_cent,bet_cent,clust_coeff,close_cent
0,0.6923076923076923,0.20793650793650797,0.4722222222222222,0.7647058823529411
1,0.38461538461538464,0.008547008547008546,0.8,0.52
2,0.5384615384615385,0.07029914529914531,0.6190476190476191,0.65
3,0.38461538461538464,0.02106227106227106,0.7,0.5416666666666666
4,0.38461538461538464,0.020757020757020753,0.7,0.5652173913043478
5,0.38461538461538464,0.061477411477411474,0.6,0.5909090909090909
6,0.38461538461538464,0.07438949938949939,0.5,0.6190476190476191
7,0.3076923076923077,0.04358974358974359,0.5,0.5
8,0.38461538461538464,0.05995115995115995,0.5,0.5652173913043478
9,0.3076923076923077,0.024267399267399264,0.6666666666666666,0.52
10,0.23076923076923078,0.0,1.0,0.48148148148148145
11,0.5384615384615385,0.2423382173382173,0.42857142857142855,0.6842105263157895
12,0.38461538461538464,0.012179487179487178,0.9,0.5909090909090909
13,0.38461538461538464,0.012179487179487178,0.9,0.5909090909090909
