node,degree_cent,bet_cent,clust_coeff,close_cent
0,0.23076923076923078,0.0,1.0,0.4642857142857143
1,0.38461538461538464,0.021367521367521368,0.7,0.5416666666666666
2,0.6153846153846154,0.11901709401709398,0.5714285714285714,0.7222222222222222
3,0.38461538461538464,0.06538461538461537,0.4,0.5652173913043478
4,0.23076923076923078,0.003205128205128205,0.6666666666666666,0.5
5,0.3076923076923077,0.02948717948717949,0.5,0.5416666666666666
6,0.6153846153846154,0.15747863247863245,0.5,0.7222222222222222
7,0.38461538461538464,0.046581196581196575,0.6,0.5652173913043478
8,0.6153846153846154,0.12628205128205125,0.5714285714285714,0.7222222222222222
9,0.3076923076923077,0.006837606837606838,0.8333333333333334,0.5
10,0.23076923076923078,0.0,1.0,0.4642857142857143
11,0.6153846153846154,0.12628205128205125,0.5714285714285714,0.7222222222222222
12,0.5384615384615385,0.05705128205128205,0.6666666666666666,0.6842105263157895
13,0.5384615384615385,0.07435897435897437,0.6666666666666666,0.6842105263157895
