node,degree_cent,bet_cent,clust_coeff,close_cent
0,0.7692307692307693,0.0615967365967366,0.6444444444444445,0.8125
1,0.46153846153846156,0.021756021756021756,0.7333333333333333,0.65
2,0.6153846153846154,0.05176767676767677,0.6428571428571429,0.7222222222222222
3,0.46153846153846156,0.018783993783993785,0.7333333333333333,0.6190476190476191
4,0.6153846153846154,0.027117327117327117,0.7142857142857143,0.7222222222222222
5,0.38461538461538464,0.007575757575757574,0.8,0.5909090909090909
6,0.6153846153846154,0.02668997668997669,0.75,0.7222222222222222
7,0.6923076923076923,0.0773892773892774,0.6388888888888888,0.7647058823529411
8,0.5384615384615385,0.03447940947940948,0.6666666666666666,0.6842105263157895
9,0.3076923076923077,0.005439005439005438,0.8333333333333334,0.5652173913043478
10,0.38461538461538464,0.02263014763014763,0.6,0.5909090909090909
11,0.7692307692307693,0.08956876456876456,0.5777777777777777,0.8125
12,0.7692307692307693,0.0646076146076146,0.6444444444444445,0.8125
13,0.6153846153846154,0.016239316239316234,0.7857142857142857,0.7222222222222222
