node,degree_cent,bet_cent,clust_coeff,close_cent
0,0.5384615384615385,0.017643467643467643,0.7619047619047619,0.65
1,0.6153846153846154,0.06292226292226293,0.6428571428571429,0.7222222222222222
2,0.38461538461538464,0.00641025641025641,0.8,0.5652173913043478
3,0.3076923076923077,0.002564102564102564,0.8333333333333334,0.5416666666666666
4,0.7692307692307693,0.14224664224664224,0.5333333333333333,0.8125
5,0.6923076923076923,0.09437321937321937,0.5277777777777778,0.7647058823529411
6,0.46153846153846156,0.04228734228734229,0.6,0.65
7,0.46153846153846156,0.058740333740333744,0.5333333333333333,0.65
8,0.3076923076923077,0.002564102564102564,0.8333333333333334,0.5
9,0.38461538461538464,0.011965811965811965,0.7,0.5652173913043478
10,0.5384615384615385,0.0766890516890517,0.5238095238095238,0.6842105263157895
11,0.6923076923076923,0.10882173382173382,0.5555555555555556,0.7647058823529411
12,0.5384615384615385,0.017643467643467643,0.7619047619047619,0.65
13,0.38461538461538464,0.008974358974358974,0.8,0.6190476190476191
