node,degree_cent,bet_cent,clust_coeff,close_cent
0,0.3076923076923077,0.02006604506604507,0.8333333333333334,0.40625
1,0.23076923076923078,0.0,1.0,0.3333333333333333
2,0.3076923076923077,0.02006604506604507,0.8333333333333334,0.40625
3,0.38461538461538464,0.1145687645687646,0.6,0.4482758620689655
4,0.38461538461538464,0.2788184038184039,0.5,0.5416666666666666
5,0.3076923076923077,0.16754911754911755,0.5,0.5416666666666666
6,0.46153846153846156,0.3548978798978799,0.5333333333333333,0.6190476190476191
7,0.46153846153846156,0.1384781884781885,0.6,0.5652173913043478
8,0.5384615384615385,0.10598013098013098,0.6190476190476191,0.5416666666666666
9,0.3076923076923077,0.009834609834609834,0.8333333333333334,0.43333333333333335
10,0.3076923076923077,0.004273504273504273,0.8333333333333334,0.3939393939393939
11,0.5384615384615385,0.10598013098013098,0.6190476190476191,0.5416666666666666
12,0.38461538461538464,0.034188034188034185,0.8,0.5
13,0.3076923076923077,0.004273504273504273,0.8333333333333334,0.3939393939393939
