node,degree_cent,bet_cent,clust_coeff,close_cent
0,0.7692307692307693,0.09837384837384837,0.5777777777777777,0.8125
1,0.3076923076923077,0.009712509712509712,0.8333333333333334,0.5909090909090909
2,0.46153846153846156,0.02146464646464646,0.7333333333333333,0.65
3,0.38461538461538464,0.013888888888888888,0.7,0.5416666666666666
4,0.6153846153846154,0.04913142413142413,0.6428571428571429,0.7222222222222222
5,0.38461538461538464,0.017288267288267288,0.7,0.5909090909090909
6,0.6153846153846154,0.036005661005661,0.7142857142857143,0.7222222222222222
7,0.6153846153846154,0.06872294372294373,0.6071428571428571,0.7222222222222222
8,0.46153846153846156,0.0293040293040293,0.6666666666666666,0.6190476190476191
9,0.3076923076923077,0.006105006105006104,0.8333333333333334,0.5652173913043478
10,0.23076923076923078,0.0,1.0,0.52
11,0.8461538461538463,0.25023587523587526,0.4727272727272727,0.8666666666666667
12,0.5384615384615385,0.01282051282051282,0.8095238095238095,0.6842105263157895
13,0.5384615384615385,0.015151515151515152,0.8095238095238095,0.6842105263157895
