node,degree_cent,bet_cent,clust_coeff,close_cent
0,0.7692307692307693,0.05642135642135642,0.6666666666666666,0.8125
1,0.38461538461538464,0.00556110556110556,0.9,0.6190476190476191
2,0.6153846153846154,0.03248973248973249,0.7142857142857143,0.7222222222222222
3,0.46153846153846156,0.01581196581196581,0.7333333333333333,0.5909090909090909
4,0.6923076923076923,0.03569486069486069,0.7222222222222222,0.7647058823529411
5,0.38461538461538464,0.007575757575757574,0.8,0.5909090909090909
6,0.6153846153846154,0.023321123321123318,0.7857142857142857,0.7222222222222222
7,0.6923076923076923,0.06827616827616827,0.6666666666666666,0.7647058823529411
8,0.6153846153846154,0.06307581307581309,0.6071428571428571,0.7222222222222222
9,0.3076923076923077,0.006105006105006104,0.8333333333333334,0.5652173913043478
10,0.23076923076923078,0.0,1.0,0.52
11,0.8461538461538463,0.16269563769563766,0.5636363636363636,0.8666666666666667
12,0.7692307692307693,0.05288600288600288,0.6888888888888889,0.8125
13,0.6153846153846154,0.008547008547008546,0.8571428571428571,0.7222222222222222
