node,degree_cent,bet_cent,clust_coeff,close_cent
0,0.38461538461538464,0.008547008547008546,0.8,0.5
1,0.3076923076923077,0.01862026862026862,0.6666666666666666,0.52
2,0.6153846153846154,0.11889499389499389,0.5,0.65
3,0.38461538461538464,0.008547008547008546,0.8,0.5
4,0.38461538461538464,0.022893772893772896,0.8,0.5652173913043478
5,0.46153846153846156,0.10508241758241757,0.6,0.6190476190476191
6,0.6153846153846154,0.1833180708180708,0.5,0.7222222222222222
7,0.5384615384615385,0.13208180708180708,0.5238095238095238,0.6842105263157895
8,0.38461538461538464,0.04305555555555555,0.7,0.5416666666666666
9,0.3076923076923077,0.008974358974358974,0.8333333333333334,0.48148148148148145
10,0.23076923076923078,0.0,1.0,0.41935483870967744
11,0.5384615384615385,0.128525641025641,0.5714285714285714,0.6190476190476191
12,0.38461538461538464,0.019688644688644688,0.8,0.6190476190476191
13,0.46153846153846156,0.09920634920634921,0.6,0.65
