node,degree_cent,bet_cent,clust_coeff,close_cent
0,0.7692307692307693,0.06301383801383802,0.6666666666666666,0.7647058823529411
1,0.46153846153846156,0.023911273911273914,0.7333333333333333,0.6190476190476191
2,0.6153846153846154,0.024715099715099716,0.7142857142857143,0.65
3,0.46153846153846156,0.011752136752136752,0.7333333333333333,0.5416666666666666
4,0.5384615384615385,0.00933048433048433,0.8571428571428571,0.6190476190476191
5,0.46153846153846156,0.007193732193732192,0.8666666666666667,0.5909090909090909
6,0.5384615384615385,0.017643467643467643,0.8095238095238095,0.65
7,0.7692307692307693,0.19276556776556777,0.5777777777777777,0.8125
8,0.6153846153846154,0.2082112332112332,0.5,0.7222222222222222
9,0.3076923076923077,0.12341269841269842,0.5,0.5652173913043478
10,0.23076923076923078,0.030982905982905987,0.6666666666666666,0.48148148148148145
11,0.15384615384615385,0.0,1.0,0.38235294117647056
12,0.6923076923076923,0.05019332519332519,0.6944444444444444,0.7222222222222222
13,0.46153846153846156,0.006105006105006104,0.8666666666666667,0.6190476190476191
