node,degree_cent,bet_cent,clust_coeff,close_cent
0,0.38461538461538464,0.04594017094017094,0.5,0.5909090909090909
1,0.23076923076923078,0.010683760683760684,0.6666666666666666,0.5652173913043478
2,0.7692307692307693,0.23482905982905986,0.4,0.8125
3,0.38461538461538464,0.0344017094017094,0.6,0.5909090909090909
4,0.38461538461538464,0.009829059829059827,0.8,0.5909090909090909
5,0.3076923076923077,0.003205128205128205,0.8333333333333334,0.52
6,0.5384615384615385,0.06495726495726496,0.5714285714285714,0.6842105263157895
7,0.6153846153846154,0.11944444444444444,0.5,0.7222222222222222
8,0.5384615384615385,0.072008547008547,0.5714285714285714,0.6842105263157895
9,0.38461538461538464,0.031196581196581193,0.6,0.6190476190476191
10,0.3076923076923077,0.003205128205128205,0.8333333333333334,0.52
11,0.5384615384615385,0.0673076923076923,0.5238095238095238,0.65
12,0.3076923076923077,0.004487179487179487,0.8333333333333334,0.5909090909090909
13,0.46153846153846156,0.01645299145299145,0.7333333333333333,0.65
