node,degree_cent,bet_cent,clust_coeff,close_cent
0,0.15384615384615385,0.0,1.0,0.48148148148148145
1,0.46153846153846156,0.05448717948717949,0.4666666666666667,0.65
2,0.7692307692307693,0.18397435897435896,0.4888888888888889,0.8125
3,0.38461538461538464,0.022863247863247862,0.6,0.5909090909090909
4,0.3076923076923077,0.005341880341880341,0.8333333333333334,0.5652173913043478
5,0.3076923076923077,0.009829059829059827,0.6666666666666666,0.5652173913043478
6,0.7692307692307693,0.14358974358974358,0.5111111111111111,0.8125
7,0.7692307692307693,0.11944444444444444,0.5555555555555556,0.8125
8,0.6153846153846154,0.04764957264957265,0.6785714285714286,0.7222222222222222
9,0.38461538461538464,0.0049145299145299135,0.9,0.5909090909090909
10,0.38461538461538464,0.002564102564102564,0.9,0.5416666666666666
11,0.6153846153846154,0.031196581196581193,0.75,0.7222222222222222
12,0.5384615384615385,0.019017094017094015,0.8095238095238095,0.6842105263157895
13,0.46153846153846156,0.008974358974358974,0.8,0.65
