node,degree_cent,bet_cent,clust_coeff,close_cent
0,0.7692307692307693,0.06503866503866504,0.6666666666666666,0.8125
1,0.38461538461538464,0.012871387871387871,0.8,0.6190476190476191
2,0.6153846153846154,0.03074888074888075,0.75,0.7222222222222222
3,0.38461538461538464,0.012179487179487178,0.7,0.5416666666666666
4,0.6923076923076923,0.045380545380545374,0.7222222222222222,0.7647058823529411
5,0.38461538461538464,0.010734635734635735,0.8,0.5909090909090909
6,0.6923076923076923,0.03621286121286121,0.75,0.7647058823529411
7,0.6923076923076923,0.07274114774114775,0.6666666666666666,0.7647058823529411
8,0.5384615384615385,0.03998778998778998,0.6666666666666666,0.65
9,0.3076923076923077,0.006105006105006104,0.8333333333333334,0.5652173913043478
10,0.23076923076923078,0.0,1.0,0.52
11,0.8461538461538463,0.18651811151811148,0.5636363636363636,0.8666666666666667
12,0.6923076923076923,0.032977207977207976,0.75,0.7647058823529411
13,0.6153846153846154,0.012606837606837607,0.8571428571428571,0.7222222222222222
