node,degree_cent,bet_cent,clust_coeff,close_cent
0,0.3076923076923077,0.03632478632478632,0.6666666666666666,0.5652173913043478
1,0.3076923076923077,0.017094017094017092,0.6666666666666666,0.5
2,0.46153846153846156,0.16004273504273506,0.4666666666666667,0.65
3,0.3076923076923077,0.020299145299145296,0.6666666666666666,0.5
4,0.46153846153846156,0.08012820512820511,0.4666666666666667,0.5652173913043478
5,0.3076923076923077,0.017094017094017092,0.6666666666666666,0.48148148148148145
6,0.3076923076923077,0.03995726495726495,0.6666666666666666,0.5909090909090909
7,0.38461538461538464,0.09914529914529913,0.5,0.6190476190476191
8,0.6923076923076923,0.36880341880341877,0.3055555555555556,0.7647058823529411
9,0.3076923076923077,0.027136752136752137,0.6666666666666666,0.5416666666666666
10,0.23076923076923078,0.0,1.0,0.48148148148148145
11,0.38461538461538464,0.02564102564102564,0.6,0.52
12,0.38461538461538464,0.05705128205128205,0.6,0.5909090909090909
13,0.23076923076923078,0.0,1.0,0.48148148148148145
