node,degree_cent,bet_cent,clust_coeff,close_cent
0,0.46153846153846156,0.020726495726495722,0.7333333333333333,0.6190476190476191
1,0.38461538461538464,0.028006715506715508,0.7,0.6190476190476191
2,0.7692307692307693,0.2563492063492063,0.37777777777777777,0.8125
3,0.38461538461538464,0.04105616605616605,0.6,0.5909090909090909
4,0.3076923076923077,0.011446886446886448,0.8333333333333334,0.5652173913043478
5,0.3076923076923077,0.01282051282051282,0.6666666666666666,0.5
6,0.5384615384615385,0.11338522588522587,0.42857142857142855,0.6842105263157895
7,0.3076923076923077,0.037851037851037855,0.5,0.5652173913043478
8,0.46153846153846156,0.0669108669108669,0.5333333333333333,0.65
9,0.5384615384615385,0.07683150183150184,0.5714285714285714,0.6842105263157895
10,0.3076923076923077,0.003205128205128205,0.8333333333333334,0.52
11,0.5384615384615385,0.07991452991452992,0.5238095238095238,0.65
12,0.23076923076923078,0.0,1.0,0.52
13,0.3076923076923077,0.020726495726495726,0.6666666666666666,0.5909090909090909
