node,degree_cent,bet_cent,clust_coeff,close_cent
0,0.7692307692307693,0.08585254614666382,0.5777777777777777,0.8125
1,0.46153846153846156,0.049942541119011696,0.6,0.65
2,0.5384615384615385,0.026102492278962865,0.7142857142857143,0.6842105263157895
3,0.38461538461538464,0.016346153846153844,0.7,0.5652173913043478
4,0.6153846153846154,0.046301084536378656,0.6071428571428571,0.6842105263157895
5,0.38461538461538464,0.011886806004453063,0.8,0.5909090909090909
6,0.5384615384615385,0.028971845148315734,0.7142857142857143,0.6842105263157895
7,0.6153846153846154,0.07752190619837677,0.6071428571428571,0.7222222222222222
8,0.5384615384615385,0.04807692307692307,0.5714285714285714,0.65
9,0.3076923076923077,0.006730769230769229,0.8333333333333334,0.5652173913043478
10,0.3076923076923077,0.013269410328233856,0.6666666666666666,0.5416666666666666
11,0.7692307692307693,0.12688088055735114,0.5111111111111111,0.8125
12,0.6923076923076923,0.04852941176470589,0.6388888888888888,0.7647058823529411
13,0.46153846153846156,0.016151332327802914,0.7333333333333333,0.65
