node,degree_cent,bet_cent,clust_coeff,close_cent
0,0.46153846153846156,0.04487179487179486,0.5333333333333333,0.5652173913043478
1,0.23076923076923078,0.0,1.0,0.4642857142857143
2,0.5384615384615385,0.1968253968253968,0.42857142857142855,0.6842105263157895
3,0.38461538461538464,0.019943019943019943,0.7,0.5416666666666666
4,0.38461538461538464,0.02642450142450142,0.6,0.5652173913043478
5,0.38461538461538464,0.05966625966625966,0.5,0.5909090909090909
6,0.5384615384615385,0.09343711843711844,0.5238095238095238,0.65
7,0.5384615384615385,0.07232397232397232,0.6190476190476191,0.65
8,0.46153846153846156,0.029395604395604392,0.7333333333333333,0.5652173913043478
9,0.38461538461538464,0.01111111111111111,0.8,0.52
10,0.23076923076923078,0.0,1.0,0.4642857142857143
11,0.6153846153846154,0.15772283272283272,0.5714285714285714,0.7222222222222222
12,0.46153846153846156,0.05662393162393162,0.6,0.65
13,0.5384615384615385,0.06498778998778998,0.6666666666666666,0.6842105263157895
