node,degree_cent,bet_cent,clust_coeff,close_cent
0,0.6923076923076923,0.05912698412698412,0.6111111111111112,0.7647058823529411
1,0.46153846153846156,0.03806471306471307,0.6,0.65
2,0.5384615384615385,0.025122100122100123,0.7142857142857143,0.6842105263157895
3,0.38461538461538464,0.013247863247863246,0.7,0.5652173913043478
4,0.6153846153846154,0.04297924297924298,0.6428571428571429,0.7222222222222222
5,0.38461538461538464,0.01465201465201465,0.7,0.5909090909090909
6,0.6153846153846154,0.035073260073260074,0.6785714285714286,0.7222222222222222
7,0.6153846153846154,0.06834554334554334,0.5714285714285714,0.7222222222222222
8,0.5384615384615385,0.05613553113553113,0.5238095238095238,0.6842105263157895
9,0.3076923076923077,0.006105006105006104,0.8333333333333334,0.5652173913043478
10,0.23076923076923078,0.0,1.0,0.52
11,0.8461538461538463,0.18965201465201464,0.509090909090909,0.8666666666666667
12,0.6153846153846154,0.02222222222222222,0.7142857142857143,0.7222222222222222
13,0.5384615384615385,0.01901709401709402,0.7142857142857143,0.6842105263157895
