node,degree_cent,bet_cent,clust_coeff,close_cent
0,0.6153846153846154,0.016595441595441594,0.7857142857142857,0.7222222222222222
1,0.5384615384615385,0.049643874643874646,0.6190476190476191,0.6842105263157895
2,0.5384615384615385,0.011253561253561254,0.8095238095238095,0.6842105263157895
3,0.46153846153846156,0.01623931623931624,0.7333333333333333,0.6190476190476191
4,0.6153846153846154,0.025997150997151,0.7142857142857143,0.7222222222222222
5,0.38461538461538464,0.012962962962962963,0.7,0.5909090909090909
6,0.6923076923076923,0.04786324786324786,0.6388888888888888,0.7647058823529411
7,0.5384615384615385,0.04836182336182336,0.6190476190476191,0.6842105263157895
8,0.46153846153846156,0.028774928774928776,0.6666666666666666,0.65
9,0.3076923076923077,0.005555555555555556,0.8333333333333334,0.5652173913043478
10,0.3076923076923077,0.012108262108262107,0.6666666666666666,0.5652173913043478
11,0.8461538461538463,0.16054131054131054,0.5272727272727272,0.8666666666666667
12,0.8461538461538463,0.10064102564102563,0.5818181818181818,0.8666666666666667
13,0.5384615384615385,0.014743589743589742,0.7619047619047619,0.6842105263157895
