node,degree_cent,bet_cent,clust_coeff,close_cent
0,0.6923076923076923,0.03664113664113664,0.7222222222222222,0.7647058823529411
1,0.38461538461538464,0.005973193473193473,0.9,0.6190476190476191
2,0.6153846153846154,0.025957375957375958,0.75,0.7222222222222222
3,0.46153846153846156,0.027777777777777776,0.6666666666666666,0.5909090909090909
4,0.6923076923076923,0.04752331002331002,0.6666666666666666,0.7647058823529411
5,0.3076923076923077,0.008003108003108002,0.6666666666666666,0.5652173913043478
6,0.6923076923076923,0.03965201465201464,0.7222222222222222,0.7647058823529411
7,0.6153846153846154,0.061951936951936945,0.6428571428571429,0.7222222222222222
8,0.7692307692307693,0.10734820734820734,0.6222222222222222,0.8125
9,0.3076923076923077,0.00641025641025641,0.8333333333333334,0.5652173913043478
10,0.23076923076923078,0.0,1.0,0.52
11,0.7692307692307693,0.12688422688422685,0.5555555555555556,0.8125
12,0.7692307692307693,0.053191253191253195,0.6888888888888889,0.8125
13,0.5384615384615385,0.003968253968253968,0.9047619047619048,0.6842105263157895
