node,degree_cent,bet_cent,clust_coeff,close_cent
0,0.46153846153846156,0.01816239316239316,0.7333333333333333,0.52
1,0.23076923076923078,0.0,1.0,0.4642857142857143
2,0.6923076923076923,0.23725071225071226,0.5,0.7222222222222222
3,0.46153846153846156,0.022435897435897436,0.6666666666666666,0.52
4,0.3076923076923077,0.006623931623931623,0.8333333333333334,0.52
5,0.6153846153846154,0.13896011396011393,0.5714285714285714,0.6842105263157895
6,0.46153846153846156,0.1551282051282051,0.5333333333333333,0.65
7,0.46153846153846156,0.2925213675213675,0.4666666666666667,0.65
8,0.38461538461538464,0.10954415954415954,0.6,0.52
9,0.3076923076923077,0.02215099715099715,0.8333333333333334,0.4642857142857143
10,0.23076923076923078,0.0,1.0,0.37142857142857144
11,0.3076923076923077,0.02215099715099715,0.8333333333333334,0.4642857142857143
12,0.46153846153846156,0.02635327635327635,0.7333333333333333,0.5652173913043478
13,0.3076923076923077,0.0,1.0,0.48148148148148145
