node,degree_cent,bet_cent,clust_coeff,close_cent
0,0.7692307692307693,0.05948912198912198,0.6444444444444445,0.8125
1,0.6153846153846154,0.06241744366744366,0.6428571428571429,0.7222222222222222
2,0.5384615384615385,0.013238150738150739,0.8095238095238095,0.6842105263157895
3,0.46153846153846156,0.018215811965811967,0.7333333333333333,0.6190476190476191
4,0.6153846153846154,0.029156954156954157,0.6785714285714286,0.6842105263157895
5,0.38461538461538464,0.007575757575757574,0.8,0.5909090909090909
6,0.6153846153846154,0.03194444444444444,0.7142857142857143,0.7222222222222222
7,0.6153846153846154,0.07319832944832945,0.6071428571428571,0.7222222222222222
8,0.6153846153846154,0.0551087801087801,0.6071428571428571,0.7222222222222222
9,0.3076923076923077,0.006677350427350426,0.8333333333333334,0.5652173913043478
10,0.3076923076923077,0.005439005439005438,0.8333333333333334,0.5416666666666666
11,0.7692307692307693,0.10380730380730378,0.5777777777777777,0.8125
12,0.7692307692307693,0.051413170163170166,0.6666666666666666,0.8125
13,0.6153846153846154,0.020779914529914525,0.75,0.7222222222222222
