node,degree_cent,bet_cent,clust_coeff,close_cent
0,0.6153846153846154,0.018406593406593407,0.7857142857142857,0.7222222222222222
1,0.46153846153846156,0.008882783882783882,0.8666666666666667,0.65
2,0.7692307692307693,0.057203907203907195,0.6666666666666666,0.8125
3,0.46153846153846156,0.014743589743589742,0.7333333333333333,0.5909090909090909
4,0.6923076923076923,0.03838522588522589,0.6944444444444444,0.7647058823529411
5,0.38461538461538464,0.009951159951159949,0.7,0.5909090909090909
6,0.6923076923076923,0.02802197802197802,0.75,0.7647058823529411
7,0.6153846153846154,0.055784493284493294,0.6428571428571429,0.7222222222222222
8,0.6923076923076923,0.0877899877899878,0.6388888888888888,0.7647058823529411
9,0.3076923076923077,0.005876068376068376,0.8333333333333334,0.5652173913043478
10,0.23076923076923078,0.0,1.0,0.52
11,0.7692307692307693,0.13426434676434673,0.5777777777777777,0.8125
12,0.7692307692307693,0.04536019536019536,0.7111111111111111,0.8125
13,0.6923076923076923,0.02097069597069597,0.7777777777777778,0.7647058823529411
