node,degree_cent,bet_cent,clust_coeff,close_cent
0,0.7692307692307693,0.07306870479947404,0.6444444444444445,0.8125
1,0.3076923076923077,0.00953320184089415,0.8333333333333334,0.5909090909090909
2,0.6923076923076923,0.052851742274819195,0.6666666666666666,0.7647058823529411
3,0.38461538461538464,0.007478632478632477,0.8,0.5416666666666666
4,0.6153846153846154,0.0325525969756739,0.75,0.7222222222222222
5,0.46153846153846156,0.017998027613412227,0.7333333333333333,0.6190476190476191
6,0.6923076923076923,0.040483234714003946,0.7222222222222222,0.7647058823529411
7,0.6153846153846154,0.06575443786982248,0.6071428571428571,0.7222222222222222
8,0.46153846153846156,0.02884615384615384,0.6666666666666666,0.6190476190476191
9,0.3076923076923077,0.005876068376068376,0.8333333333333334,0.5652173913043478
10,0.23076923076923078,0.0,1.0,0.52
11,0.8461538461538463,0.2288379355687048,0.509090909090909,0.8666666666666667
12,0.5384615384615385,0.004273504273504273,0.9047619047619048,0.6842105263157895
13,0.6153846153846154,0.022189349112426034,0.7857142857142857,0.7222222222222222
