node,degree_cent,bet_cent,clust_coeff,close_cent
0,0.6923076923076923,0.06009615384615384,0.6388888888888888,0.7647058823529411
1,0.3076923076923077,0.008814102564102564,0.8333333333333334,0.5909090909090909
2,0.6153846153846154,0.04097222222222222,0.6785714285714286,0.7222222222222222
3,0.46153846153846156,0.019658119658119654,0.6666666666666666,0.5652173913043478
4,0.6153846153846154,0.028365384615384612,0.7142857142857143,0.6842105263157895
5,0.38461538461538464,0.008974358974358974,0.8,0.5909090909090909
6,0.6923076923076923,0.05400641025641026,0.6666666666666666,0.7647058823529411
7,0.6923076923076923,0.10042735042735042,0.5833333333333334,0.7647058823529411
8,0.46153846153846156,0.03376068376068375,0.6666666666666666,0.6190476190476191
9,0.3076923076923077,0.007692307692307692,0.8333333333333334,0.5652173913043478
10,0.23076923076923078,0.0,1.0,0.5
11,0.7692307692307693,0.20106837606837608,0.4888888888888889,0.8125
12,0.6153846153846154,0.030555555555555555,0.75,0.7222222222222222
13,0.5384615384615385,0.020993589743589742,0.7619047619047619,0.6842105263157895
