node,degree_cent,bet_cent,clust_coeff,close_cent
0,0.38461538461538464,0.03632478632478633,0.6,0.5909090909090909
1,0.23076923076923078,0.0,1.0,0.5
2,0.6153846153846154,0.1904151404151404,0.4642857142857143,0.7222222222222222
3,0.38461538461538464,0.03601953601953602,0.6,0.5652173913043478
4,0.6153846153846154,0.12451159951159951,0.4642857142857143,0.7222222222222222
5,0.3076923076923077,0.014957264957264958,0.6666666666666666,0.52
6,0.3076923076923077,0.011446886446886448,0.8333333333333334,0.5652173913043478
7,0.46153846153846156,0.08785103785103784,0.4666666666666667,0.65
8,0.6923076923076923,0.2151098901098901,0.4166666666666667,0.7647058823529411
9,0.3076923076923077,0.020421245421245418,0.6666666666666666,0.5416666666666666
10,0.23076923076923078,0.0,1.0,0.48148148148148145
11,0.46153846153846156,0.058119658119658114,0.6,0.6190476190476191
12,0.38461538461538464,0.012515262515262514,0.8,0.6190476190476191
13,0.3076923076923077,0.0,1.0,0.5652173913043478
