node,degree_cent,bet_cent,clust_coeff,close_cent
0,0.5384615384615385,0.03909423909423909,0.7142857142857143,0.65
1,0.6153846153846154,0.0658896658896659,0.6428571428571429,0.7222222222222222
2,0.38461538461538464,0.008741258741258742,0.8,0.5416666666666666
3,0.38461538461538464,0.017735042735042734,0.7,0.5652173913043478
4,0.6153846153846154,0.06796536796536795,0.6428571428571429,0.7222222222222222
5,0.6923076923076923,0.11775169275169273,0.5277777777777778,0.7647058823529411
6,0.38461538461538464,0.054914529914529914,0.5,0.5909090909090909
7,0.46153846153846156,0.058669108669108676,0.5333333333333333,0.65
8,0.3076923076923077,0.02393162393162393,0.5,0.5
9,0.38461538461538464,0.03247863247863247,0.6,0.5909090909090909
10,0.23076923076923078,0.01175213675213675,0.6666666666666666,0.52
11,0.6923076923076923,0.20557220557220554,0.4722222222222222,0.7647058823529411
12,0.5384615384615385,0.03909423909423909,0.7142857142857143,0.65
13,0.23076923076923078,0.0,1.0,0.5
