node,degree_cent,bet_cent,clust_coeff,close_cent
0,0.23076923076923078,0.0,1.0,0.4642857142857143
1,0.23076923076923078,0.0,1.0,0.4642857142857143
2,0.5384615384615385,0.24725274725274723,0.42857142857142855,0.6842105263157895
3,0.38461538461538464,0.07234432234432234,0.5,0.5416666666666666
4,0.5384615384615385,0.13006715506715505,0.47619047619047616,0.6842105263157895
5,0.3076923076923077,0.028205128205128206,0.6666666666666666,0.52
6,0.3076923076923077,0.012515262515262514,0.8333333333333334,0.5416666666666666
7,0.38461538461538464,0.048321123321123316,0.6,0.5652173913043478
8,0.6923076923076923,0.25934065934065925,0.3888888888888889,0.7647058823529411
9,0.3076923076923077,0.017857142857142856,0.6666666666666666,0.52
10,0.23076923076923078,0.0,1.0,0.48148148148148145
11,0.46153846153846156,0.08632478632478631,0.5333333333333333,0.6190476190476191
12,0.38461538461538464,0.03366910866910867,0.7,0.6190476190476191
13,0.23076923076923078,0.0,1.0,0.48148148148148145
