node,degree_cent,bet_cent,clust_coeff,close_cent
0,0.23076923076923078,0.0,1.0,0.5
1,0.38461538461538464,0.06068376068376068,0.6,0.6190476190476191
2,0.7692307692307693,0.24743589743589745,0.4444444444444444,0.8125
3,0.38461538461538464,0.0235042735042735,0.6,0.5416666666666666
4,0.46153846153846156,0.02457264957264957,0.6666666666666666,0.5652173913043478
5,0.38461538461538464,0.01645299145299145,0.7,0.5652173913043478
6,0.5384615384615385,0.08418803418803418,0.6190476190476191,0.6842105263157895
7,0.5384615384615385,0.12756410256410258,0.47619047619047616,0.6842105263157895
8,0.5384615384615385,0.27521367521367524,0.42857142857142855,0.6842105263157895
9,0.3076923076923077,0.02564102564102564,0.6666666666666666,0.5
10,0.23076923076923078,0.0,1.0,0.4482758620689655
11,0.23076923076923078,0.0,1.0,0.4482758620689655
12,0.38461538461538464,0.012179487179487178,0.8,0.5652173913043478
13,0.3076923076923077,0.0,1.0,0.52
