node,degree_cent,bet_cent,clust_coeff,close_cent
0,0.46153846153846156,0.28205128205128205,0.4666666666666667,0.6190476190476191
1,0.3076923076923077,0.0,1.0,0.5652173913043478
2,0.6153846153846154,0.13717948717948716,0.5357142857142857,0.6842105263157895
3,0.46153846153846156,0.07058404558404557,0.6,0.6190476190476191
4,0.3076923076923077,0.003205128205128205,0.8333333333333334,0.4642857142857143
5,0.38461538461538464,0.01531339031339031,0.7,0.52
6,0.38461538461538464,0.027136752136752137,0.7,0.5416666666666666
7,0.38461538461538464,0.06602564102564101,0.6,0.5652173913043478
8,0.6153846153846154,0.35106837606837604,0.39285714285714285,0.7222222222222222
9,0.3076923076923077,0.09871794871794871,0.5,0.52
10,0.23076923076923078,0.05128205128205128,0.6666666666666666,0.48148148148148145
11,0.15384615384615385,0.0,1.0,0.3611111111111111
12,0.15384615384615385,0.0,1.0,0.40625
13,0.15384615384615385,0.0,1.0,0.40625
