node,degree_cent,bet_cent,clust_coeff,close_cent
0,0.6923076923076923,0.053735153735153716,0.6388888888888888,0.7647058823529411
1,0.38461538461538464,0.005973193473193473,0.9,0.6190476190476191
2,0.6153846153846154,0.03087190587190587,0.7142857142857143,0.7222222222222222
3,0.46153846153846156,0.01645299145299145,0.7333333333333333,0.5909090909090909
4,0.6923076923076923,0.04378399378399378,0.6666666666666666,0.7647058823529411
5,0.38461538461538464,0.01078088578088578,0.7,0.5909090909090909
6,0.6153846153846154,0.023626373626373626,0.75,0.7222222222222222
7,0.6153846153846154,0.056503219003218995,0.6428571428571429,0.7222222222222222
8,0.7692307692307693,0.10948495948495947,0.6,0.8125
9,0.3076923076923077,0.005876068376068376,0.8333333333333334,0.5652173913043478
10,0.23076923076923078,0.0,1.0,0.52
11,0.7692307692307693,0.1306235431235431,0.5333333333333333,0.8125
12,0.7692307692307693,0.057037407037407034,0.6666666666666666,0.8125
13,0.5384615384615385,0.006532356532356532,0.8571428571428571,0.6842105263157895
