node,degree_cent,bet_cent,clust_coeff,close_cent
0,0.7692307692307693,0.06887464387464387,0.6666666666666666,0.7647058823529411
1,0.38461538461538464,0.022507122507122505,0.7,0.5909090909090909
2,0.5384615384615385,0.017236467236467237,0.7619047619047619,0.6190476190476191
3,0.46153846153846156,0.012179487179487178,0.7333333333333333,0.5416666666666666
4,0.6153846153846154,0.015099715099715102,0.8214285714285714,0.65
5,0.5384615384615385,0.010398860398860399,0.8571428571428571,0.6190476190476191
6,0.5384615384615385,0.01730769230769231,0.8571428571428571,0.65
7,0.7692307692307693,0.2168803418803419,0.5777777777777777,0.8125
8,0.5384615384615385,0.18888888888888888,0.47619047619047616,0.6842105263157895
9,0.3076923076923077,0.130982905982906,0.5,0.5652173913043478
10,0.23076923076923078,0.02670940170940171,0.6666666666666666,0.4642857142857143
11,0.15384615384615385,0.0,1.0,0.38235294117647056
12,0.6923076923076923,0.050284900284900284,0.7222222222222222,0.7222222222222222
13,0.5384615384615385,0.0047008547008547015,0.9047619047619048,0.6190476190476191
