node,degree_cent,bet_cent,clust_coeff,close_cent
0,0.6923076923076923,0.05695970695970695,0.6388888888888888,0.7647058823529411
1,0.3076923076923077,0.0059829059829059825,0.8333333333333334,0.5909090909090909
2,0.5384615384615385,0.02564102564102564,0.7142857142857143,0.6842105263157895
3,0.46153846153846156,0.019658119658119654,0.6666666666666666,0.5909090909090909
4,0.6923076923076923,0.04713064713064713,0.6666666666666666,0.7647058823529411
5,0.38461538461538464,0.007692307692307694,0.8,0.5909090909090909
6,0.6153846153846154,0.03315018315018314,0.7142857142857143,0.7222222222222222
7,0.6153846153846154,0.06275946275946276,0.6428571428571429,0.7222222222222222
8,0.5384615384615385,0.0481074481074481,0.6190476190476191,0.6842105263157895
9,0.3076923076923077,0.006105006105006104,0.8333333333333334,0.5652173913043478
10,0.23076923076923078,0.0,1.0,0.52
11,0.8461538461538463,0.21202686202686202,0.4909090909090909,0.8666666666666667
12,0.6923076923076923,0.05512820512820513,0.6666666666666666,0.7647058823529411
13,0.46153846153846156,0.009401709401709403,0.8,0.65
