node,degree_cent,bet_cent,clust_coeff,close_cent
0,0.38461538461538464,0.010683760683760682,0.8,0.4482758620689655
1,0.23076923076923078,0.0,1.0,0.40625
2,0.46153846153846156,0.02243589743589744,0.7333333333333333,0.4642857142857143
3,0.5384615384615385,0.13568376068376067,0.6666666666666666,0.5909090909090909
4,0.46153846153846156,0.043803418803418794,0.7333333333333333,0.5652173913043478
5,0.5384615384615385,0.3579059829059828,0.5238095238095238,0.6842105263157895
6,0.38461538461538464,0.1014957264957265,0.6,0.5909090909090909
7,0.38461538461538464,0.11538461538461538,0.6,0.5416666666666666
8,0.46153846153846156,0.23504273504273507,0.5333333333333333,0.5652173913043478
9,0.3076923076923077,0.004273504273504273,0.8333333333333334,0.40625
10,0.23076923076923078,0.0,1.0,0.3939393939393939
11,0.3076923076923077,0.004273504273504273,0.8333333333333334,0.40625
12,0.46153846153846156,0.0373931623931624,0.8,0.5652173913043478
13,0.5384615384615385,0.0982905982905983,0.6666666666666666,0.5909090909090909
