node,degree_cent,bet_cent,clust_coeff,close_cent
0,0.8461538461538463,0.03518009768009768,0.7454545454545455,0.8666666666666667
1,0.46153846153846156,0.005341880341880341,0.8666666666666667,0.65
2,0.7692307692307693,0.027167277167277168,0.7555555555555555,0.8125
3,0.46153846153846156,0.005128205128205128,0.8666666666666667,0.65
4,0.6923076923076923,0.014545177045177044,0.8333333333333334,0.7647058823529411
5,0.6153846153846154,0.00950854700854701,0.8571428571428571,0.7222222222222222
6,0.6923076923076923,0.007402319902319901,0.8888888888888888,0.7647058823529411
7,0.6923076923076923,0.026098901098901096,0.7777777777777778,0.7647058823529411
8,0.7692307692307693,0.0483058608058608,0.7111111111111111,0.8125
9,0.38461538461538464,0.003205128205128205,0.9,0.6190476190476191
10,0.3076923076923077,0.0,1.0,0.5909090909090909
11,0.7692307692307693,0.05694444444444445,0.6666666666666666,0.8125
12,0.7692307692307693,0.020863858363858363,0.8,0.8125
13,1.0,0.13774420024420023,0.6025641025641025,1.0
