node,degree_cent,bet_cent,clust_coeff,close_cent
0,0.23076923076923078,0.0,1.0,0.52
1,0.23076923076923078,0.0,1.0,0.52
2,0.7692307692307693,0.15897435897435894,0.6,0.8125
3,0.6923076923076923,0.1175213675213675,0.5833333333333334,0.7647058823529411
4,0.6153846153846154,0.016025641025641024,0.8214285714285714,0.7222222222222222
5,0.3076923076923077,0.0,1.0,0.5909090909090909
6,0.8461538461538463,0.09252136752136751,0.6363636363636364,0.8666666666666667
7,0.8461538461538463,0.09252136752136751,0.6363636363636364,0.8666666666666667
8,0.5384615384615385,0.01581196581196581,0.8571428571428571,0.6842105263157895
9,0.38461538461538464,0.0,1.0,0.5652173913043478
10,0.46153846153846156,0.002564102564102564,0.9333333333333333,0.5909090909090909
11,0.6923076923076923,0.035897435897435895,0.75,0.7647058823529411
12,0.6923076923076923,0.03012820512820513,0.7777777777777778,0.7647058823529411
13,0.5384615384615385,0.0021367521367521365,0.9523809523809523,0.6842105263157895
