node,degree_cent,bet_cent,clust_coeff,close_cent
0,0.46153846153846156,0.23885836385836384,0.4666666666666667,0.6190476190476191
1,0.23076923076923078,0.0,1.0,0.43333333333333335
2,0.38461538461538464,0.022893772893772896,0.7,0.5
3,0.38461538461538464,0.022893772893772896,0.7,0.5
4,0.5384615384615385,0.08134920634920634,0.5238095238095238,0.5652173913043478
5,0.38461538461538464,0.033577533577533576,0.6,0.5
6,0.3076923076923077,0.007478632478632479,0.8333333333333334,0.48148148148148145
7,0.38461538461538464,0.09960317460317461,0.6,0.5652173913043478
8,0.46153846153846156,0.13574481074481073,0.4666666666666667,0.6190476190476191
9,0.46153846153846156,0.36709401709401707,0.3333333333333333,0.65
10,0.23076923076923078,0.022557997557997554,0.6666666666666666,0.48148148148148145
11,0.3076923076923077,0.08766788766788765,0.5,0.4642857142857143
12,0.23076923076923078,0.05976800976800976,0.6666666666666666,0.4482758620689655
13,0.15384615384615385,0.0,1.0,0.3333333333333333
