node,degree_cent,bet_cent,clust_coeff,close_cent
0,0.6923076923076923,0.054914529914529914,0.6388888888888888,0.7647058823529411
1,0.46153846153846156,0.0423076923076923,0.6666666666666666,0.65
2,0.5384615384615385,0.023290598290598288,0.7142857142857143,0.6842105263157895
3,0.46153846153846156,0.018910256410256412,0.7333333333333333,0.6190476190476191
4,0.6153846153846154,0.04764957264957265,0.6071428571428571,0.6842105263157895
5,0.38461538461538464,0.007692307692307694,0.8,0.5909090909090909
6,0.5384615384615385,0.026709401709401705,0.7142857142857143,0.6842105263157895
7,0.6153846153846154,0.07489316239316238,0.6071428571428571,0.7222222222222222
8,0.5384615384615385,0.05064102564102564,0.5714285714285714,0.6842105263157895
9,0.3076923076923077,0.006730769230769229,0.8333333333333334,0.5652173913043478
10,0.3076923076923077,0.011965811965811965,0.6666666666666666,0.5416666666666666
11,0.7692307692307693,0.13044871794871793,0.4888888888888889,0.8125
12,0.7692307692307693,0.08226495726495724,0.5777777777777777,0.8125
13,0.38461538461538464,0.011324786324786324,0.7,0.6190476190476191
