node,degree_cent,bet_cent,clust_coeff,close_cent
0,0.46153846153846156,0.02277167277167277,0.8,0.6190476190476191
1,0.6153846153846154,0.08151709401709403,0.6071428571428571,0.7222222222222222
2,0.46153846153846156,0.009401709401709403,0.8,0.5652173913043478
3,0.38461538461538464,0.015293040293040292,0.7,0.5652173913043478
4,0.6923076923076923,0.1397893772893773,0.5555555555555556,0.7647058823529411
5,0.6153846153846154,0.10154151404151404,0.5357142857142857,0.7222222222222222
6,0.38461538461538464,0.058882783882783875,0.6,0.6190476190476191
7,0.46153846153846156,0.05587606837606837,0.6,0.6190476190476191
8,0.3076923076923077,0.010683760683760682,0.6666666666666666,0.48148148148148145
9,0.46153846153846156,0.04038461538461538,0.6,0.5909090909090909
10,0.23076923076923078,0.00844017094017094,0.6666666666666666,0.5
11,0.6153846153846154,0.16842185592185588,0.5,0.7222222222222222
12,0.5384615384615385,0.037637362637362635,0.7142857142857143,0.65
13,0.38461538461538464,0.005769230769230769,0.8,0.52
