node,degree_cent,bet_cent,clust_coeff,close_cent
0,0.38461538461538464,0.003205128205128205,0.9,0.5909090909090909
1,0.38461538461538464,0.011431623931623933,0.8,0.6190476190476191
2,0.9230769230769231,0.2576210826210827,0.3939393939393939,0.9285714285714286
3,0.46153846153846156,0.04675925925925926,0.6,0.65
4,0.3076923076923077,0.007514245014245014,0.8333333333333334,0.5909090909090909
5,0.3076923076923077,0.007478632478632477,0.6666666666666666,0.52
6,0.6923076923076923,0.1344017094017094,0.4444444444444444,0.7647058823529411
7,0.38461538461538464,0.023931623931623933,0.7,0.6190476190476191
8,0.38461538461538464,0.011396011396011395,0.8,0.6190476190476191
9,0.6923076923076923,0.09519230769230769,0.5277777777777778,0.7647058823529411
10,0.38461538461538464,0.008547008547008546,0.8,0.5909090909090909
11,0.5384615384615385,0.0502136752136752,0.5714285714285714,0.65
12,0.3076923076923077,0.004487179487179487,0.8333333333333334,0.5909090909090909
13,0.3076923076923077,0.004487179487179487,0.8333333333333334,0.5909090909090909
