node,degree_cent,bet_cent,clust_coeff,close_cent
0,0.15384615384615385,0.0,1.0,0.4642857142857143
1,0.23076923076923078,0.00641025641025641,0.6666666666666666,0.48148148148148145
2,0.6923076923076923,0.28771367521367525,0.4444444444444444,0.7647058823529411
3,0.3076923076923077,0.017094017094017092,0.6666666666666666,0.52
4,0.6153846153846154,0.07927350427350426,0.6071428571428571,0.7222222222222222
5,0.46153846153846156,0.04038461538461538,0.6666666666666666,0.65
6,0.5384615384615385,0.09572649572649572,0.6190476190476191,0.6842105263157895
7,0.5384615384615385,0.08675213675213674,0.5238095238095238,0.6190476190476191
8,0.3076923076923077,0.008547008547008546,0.6666666666666666,0.5
9,0.3076923076923077,0.004807692307692308,0.8333333333333334,0.52
10,0.3076923076923077,0.004807692307692308,0.8333333333333334,0.52
11,0.6153846153846154,0.19017094017094016,0.5,0.7222222222222222
12,0.46153846153846156,0.011645299145299146,0.8,0.65
13,0.3076923076923077,0.0,1.0,0.5652173913043478
