node,degree_cent,bet_cent,clust_coeff,close_cent
0,0.23076923076923078,0.0,1.0,0.52
1,0.23076923076923078,0.0,1.0,0.52
2,0.7692307692307693,0.18593155210802265,0.5777777777777777,0.8125
3,0.6153846153846154,0.09188034188034189,0.5714285714285714,0.6842105263157895
4,0.6153846153846154,0.024157868275515332,0.7857142857142857,0.7222222222222222
5,0.3076923076923077,0.0,1.0,0.5652173913043478
6,0.7692307692307693,0.06332387655917067,0.6888888888888889,0.8125
7,0.7692307692307693,0.06332387655917067,0.6888888888888889,0.8125
8,0.5384615384615385,0.033002346237640354,0.7619047619047619,0.6842105263157895
9,0.5384615384615385,0.016273432449903036,0.8095238095238095,0.6190476190476191
10,0.3076923076923077,0.0018315018315018313,0.8333333333333334,0.5
11,0.6923076923076923,0.04840850870262635,0.75,0.7647058823529411
12,0.6923076923076923,0.03041789365318777,0.7777777777777778,0.7647058823529411
13,0.6153846153846154,0.04401290430702195,0.75,0.7222222222222222
