node,degree_cent,bet_cent,clust_coeff,close_cent
0,0.38461538461538464,0.0,1.0,0.5909090909090909
1,0.46153846153846156,0.028098290598290596,0.7333333333333333,0.65
2,0.8461538461538463,0.35673076923076924,0.38181818181818183,0.8666666666666667
3,0.46153846153846156,0.06527777777777778,0.5333333333333333,0.65
4,0.3076923076923077,0.019551282051282055,0.8333333333333334,0.5909090909090909
5,0.3076923076923077,0.010683760683760682,0.6666666666666666,0.48148148148148145
6,0.46153846153846156,0.05106837606837607,0.6,0.65
7,0.3076923076923077,0.029700854700854703,0.5,0.5416666666666666
8,0.46153846153846156,0.045405982905982904,0.5333333333333333,0.65
9,0.5384615384615385,0.08044871794871794,0.6190476190476191,0.6842105263157895
10,0.46153846153846156,0.01175213675213675,0.8,0.6190476190476191
11,0.5384615384615385,0.05769230769230769,0.6190476190476191,0.65
12,0.23076923076923078,0.0,1.0,0.52
13,0.23076923076923078,0.0,1.0,0.52
