node,degree_cent,bet_cent,clust_coeff,close_cent
0,0.23076923076923078,0.0,1.0,0.52
1,0.23076923076923078,0.0,1.0,0.52
2,0.7692307692307693,0.14261849261849263,0.6,0.8125
3,0.7692307692307693,0.13943278943278942,0.6,0.8125
4,0.6153846153846154,0.014957264957264954,0.8571428571428571,0.7222222222222222
5,0.3076923076923077,0.0,1.0,0.5652173913043478
6,0.7692307692307693,0.052525252525252523,0.7111111111111111,0.8125
7,0.7692307692307693,0.052525252525252523,0.7111111111111111,0.8125
8,0.46153846153846156,0.025621600621600623,0.6666666666666666,0.65
9,0.5384615384615385,0.01602564102564102,0.7619047619047619,0.6190476190476191
10,0.3076923076923077,0.004273504273504273,0.6666666666666666,0.52
11,0.6923076923076923,0.05316627816627817,0.75,0.7647058823529411
12,0.6923076923076923,0.022610722610722608,0.8055555555555556,0.7647058823529411
13,0.6923076923076923,0.05316627816627817,0.75,0.7647058823529411
