node,degree_cent,bet_cent,clust_coeff,close_cent
0,0.5384615384615385,0.2717948717948718,0.38095238095238093,0.6842105263157895
1,0.23076923076923078,0.0,1.0,0.4642857142857143
2,0.38461538461538464,0.04380341880341881,0.7,0.5909090909090909
3,0.38461538461538464,0.04380341880341881,0.7,0.5909090909090909
4,0.6153846153846154,0.2668803418803419,0.42857142857142855,0.7222222222222222
5,0.38461538461538464,0.035897435897435895,0.6,0.52
6,0.3076923076923077,0.006837606837606838,0.8333333333333334,0.5
7,0.38461538461538464,0.025213675213675214,0.7,0.5416666666666666
8,0.38461538461538464,0.05128205128205128,0.6,0.5416666666666666
9,0.38461538461538464,0.08632478632478632,0.5,0.5909090909090909
10,0.23076923076923078,0.01752136752136752,0.6666666666666666,0.48148148148148145
11,0.38461538461538464,0.125,0.4,0.5652173913043478
12,0.23076923076923078,0.0,1.0,0.48148148148148145
13,0.23076923076923078,0.0,1.0,0.48148148148148145
