node,degree_cent,bet_cent,clust_coeff,close_cent
0,0.6153846153846154,0.15416666666666665,0.4642857142857143,0.7222222222222222
1,0.3076923076923077,0.004807692307692308,0.8333333333333334,0.5909090909090909
2,0.5384615384615385,0.06178266178266179,0.5714285714285714,0.6842105263157895
3,0.38461538461538464,0.027991452991452993,0.6,0.5909090909090909
4,0.5384615384615385,0.06306471306471305,0.5714285714285714,0.6842105263157895
5,0.38461538461538464,0.020299145299145296,0.6,0.52
6,0.3076923076923077,0.005036630036630035,0.8333333333333334,0.52
7,0.38461538461538464,0.03208180708180708,0.7,0.6190476190476191
8,0.6153846153846154,0.1517704517704518,0.42857142857142855,0.7222222222222222
9,0.6923076923076923,0.2226953601953602,0.4166666666666667,0.7647058823529411
10,0.23076923076923078,0.006837606837606838,0.6666666666666666,0.52
11,0.38461538461538464,0.018696581196581196,0.7,0.5652173913043478
12,0.3076923076923077,0.0,1.0,0.5416666666666666
13,0.3076923076923077,0.0,1.0,0.5416666666666666
