node,degree_cent,bet_cent,clust_coeff,close_cent
0,0.23076923076923078,0.0,1.0,0.4642857142857143
1,0.23076923076923078,0.0,1.0,0.4642857142857143
2,0.5384615384615385,0.2170940170940171,0.47619047619047616,0.6842105263157895
3,0.38461538461538464,0.07564102564102565,0.5,0.5652173913043478
4,0.6923076923076923,0.2002136752136752,0.4444444444444444,0.7647058823529411
5,0.3076923076923077,0.027777777777777776,0.6666666666666666,0.5652173913043478
6,0.3076923076923077,0.006837606837606838,0.8333333333333334,0.5416666666666666
7,0.38461538461538464,0.037179487179487186,0.6,0.5652173913043478
8,0.6923076923076923,0.18910256410256407,0.4444444444444444,0.7647058823529411
9,0.3076923076923077,0.013247863247863246,0.6666666666666666,0.52
10,0.23076923076923078,0.0,1.0,0.48148148148148145
11,0.5384615384615385,0.09636752136752136,0.5714285714285714,0.6842105263157895
12,0.38461538461538464,0.008333333333333333,0.9,0.6190476190476191
13,0.3076923076923077,0.0,1.0,0.5416666666666666
