node,degree_cent,bet_cent,clust_coeff,close_cent
0,0.6923076923076923,0.0400668419899189,0.7222222222222222,0.7647058823529411
1,0.38461538461538464,0.007716962524654832,0.9,0.6190476190476191
2,0.6923076923076923,0.03811911023449485,0.7222222222222222,0.7647058823529411
3,0.46153846153846156,0.0057692307692307696,0.8666666666666667,0.5652173913043478
4,0.6153846153846154,0.024871246986631602,0.7857142857142857,0.7222222222222222
5,0.5384615384615385,0.01554076265614727,0.8095238095238095,0.65
6,0.6923076923076923,0.059275695814157356,0.6666666666666666,0.7647058823529411
7,0.5384615384615385,0.05904832347140039,0.6190476190476191,0.6842105263157895
8,0.38461538461538464,0.017806267806267807,0.7,0.5909090909090909
9,0.3076923076923077,0.005698005698005697,0.8333333333333334,0.5652173913043478
10,0.23076923076923078,0.0,1.0,0.52
11,0.8461538461538463,0.2571745562130177,0.4727272727272727,0.8666666666666667
12,0.7692307692307693,0.058656585579662496,0.6666666666666666,0.8125
13,0.38461538461538464,0.0,1.0,0.6190476190476191
