node,degree_cent,bet_cent,clust_coeff,close_cent
0,0.38461538461538464,0.008547008547008546,0.8,0.40625
1,0.23076923076923078,0.0,1.0,0.38235294117647056
2,0.46153846153846156,0.05479242979242979,0.7333333333333333,0.52
3,0.5384615384615385,0.11172161172161171,0.6666666666666666,0.5416666666666666
4,0.5384615384615385,0.2907509157509158,0.5714285714285714,0.65
5,0.46153846153846156,0.173992673992674,0.6,0.6190476190476191
6,0.3076923076923077,0.07692307692307693,0.6666666666666666,0.5416666666666666
7,0.46153846153846156,0.34615384615384615,0.4666666666666667,0.5909090909090909
8,0.38461538461538464,0.0811965811965812,0.6,0.4482758620689655
9,0.3076923076923077,0.029914529914529916,0.8333333333333334,0.43333333333333335
10,0.23076923076923078,0.0,1.0,0.3333333333333333
11,0.3076923076923077,0.029914529914529916,0.8333333333333334,0.43333333333333335
12,0.46153846153846156,0.03266178266178265,0.8,0.52
13,0.46153846153846156,0.03266178266178265,0.8,0.52
