node,degree_cent,bet_cent,clust_coeff,close_cent
0,0.6923076923076923,0.08803418803418804,0.6111111111111112,0.7222222222222222
1,0.3076923076923077,0.0,1.0,0.5416666666666666
2,0.6153846153846154,0.026495726495726492,0.7142857142857143,0.65
3,0.46153846153846156,0.009615384615384616,0.8,0.5909090909090909
4,0.5384615384615385,0.01047008547008547,0.8095238095238095,0.6190476190476191
5,0.46153846153846156,0.011965811965811965,0.7333333333333333,0.5909090909090909
6,0.6153846153846154,0.03568376068376069,0.7142857142857143,0.6842105263157895
7,0.5384615384615385,0.044444444444444446,0.6666666666666666,0.6842105263157895
8,0.46153846153846156,0.08974358974358974,0.6,0.65
9,0.46153846153846156,0.18717948717948718,0.4666666666666667,0.65
10,0.23076923076923078,0.011538461538461539,0.6666666666666666,0.4642857142857143
11,0.15384615384615385,0.0,1.0,0.41935483870967744
12,0.7692307692307693,0.16474358974358977,0.5777777777777777,0.8125
13,0.6153846153846154,0.06367521367521367,0.6785714285714286,0.7222222222222222
