node,degree_cent,bet_cent,clust_coeff,close_cent
0,0.15384615384615385,0.0,1.0,0.48148148148148145
1,0.23076923076923078,0.00641025641025641,0.6666666666666666,0.5
2,0.7692307692307693,0.30147630147630144,0.4666666666666667,0.8125
3,0.3076923076923077,0.014957264957264954,0.6666666666666666,0.5416666666666666
4,0.6153846153846154,0.05361305361305361,0.6785714285714286,0.7222222222222222
5,0.46153846153846156,0.035897435897435895,0.6666666666666666,0.6190476190476191
6,0.5384615384615385,0.017288267288267288,0.8095238095238095,0.6842105263157895
7,0.46153846153846156,0.03255633255633256,0.6666666666666666,0.5909090909090909
8,0.6923076923076923,0.12377622377622374,0.5833333333333334,0.7647058823529411
9,0.3076923076923077,0.005439005439005438,0.8333333333333334,0.52
10,0.23076923076923078,0.0,1.0,0.48148148148148145
11,0.6923076923076923,0.12377622377622374,0.5833333333333334,0.7647058823529411
12,0.6153846153846154,0.028399378399378394,0.75,0.7222222222222222
13,0.38461538461538464,0.0,1.0,0.6190476190476191
