node,degree_cent,bet_cent,clust_coeff,close_cent
0,0.6923076923076923,0.019261294261294262,0.7777777777777778,0.7647058823529411
1,0.46153846153846156,0.002564102564102564,0.9333333333333333,0.65
2,0.7692307692307693,0.030372405372405372,0.7333333333333333,0.8125
3,0.5384615384615385,0.007600732600732601,0.8571428571428571,0.6842105263157895
4,0.6923076923076923,0.01904761904761905,0.7777777777777778,0.7647058823529411
5,0.5384615384615385,0.00931013431013431,0.8095238095238095,0.6842105263157895
6,0.6923076923076923,0.014896214896214897,0.8055555555555556,0.7647058823529411
7,0.6153846153846154,0.025885225885225883,0.7142857142857143,0.7222222222222222
8,0.6923076923076923,0.04105616605616605,0.6944444444444444,0.7647058823529411
9,0.38461538461538464,0.003205128205128205,0.9,0.6190476190476191
10,0.3076923076923077,0.0,1.0,0.5909090909090909
11,0.7692307692307693,0.06849816849816849,0.6222222222222222,0.8125
12,0.7692307692307693,0.031654456654456646,0.7333333333333333,0.8125
13,1.0,0.14972527472527472,0.5769230769230769,1.0
