node,degree_cent,bet_cent,clust_coeff,close_cent
0,0.3076923076923077,0.003205128205128205,0.8333333333333334,0.52
1,0.3076923076923077,0.003205128205128205,0.8333333333333334,0.52
2,0.6923076923076923,0.15982905982905982,0.5,0.7647058823529411
3,0.46153846153846156,0.06495726495726495,0.4,0.5909090909090909
4,0.3076923076923077,0.007478632478632477,0.6666666666666666,0.5416666666666666
5,0.3076923076923077,0.022863247863247865,0.5,0.5652173913043478
6,0.6153846153846154,0.09358974358974359,0.5714285714285714,0.7222222222222222
7,0.46153846153846156,0.0547008547008547,0.6,0.5909090909090909
8,0.6153846153846154,0.11495726495726495,0.6071428571428571,0.7222222222222222
9,0.3076923076923077,0.006837606837606838,0.8333333333333334,0.5
10,0.23076923076923078,0.0,1.0,0.4642857142857143
11,0.6153846153846154,0.11495726495726495,0.6071428571428571,0.7222222222222222
12,0.5384615384615385,0.05256410256410256,0.6666666666666666,0.6842105263157895
13,0.5384615384615385,0.0829059829059829,0.6190476190476191,0.6842105263157895
