node,degree_cent,bet_cent,clust_coeff,close_cent
0,0.6923076923076923,0.04700854700854701,0.6944444444444444,0.7647058823529411
1,0.38461538461538464,0.007532051282051282,0.9,0.6190476190476191
2,0.5384615384615385,0.01730769230769231,0.8095238095238095,0.6842105263157895
3,0.46153846153846156,0.029273504273504267,0.6666666666666666,0.5652173913043478
4,0.6923076923076923,0.05512820512820513,0.6666666666666666,0.7647058823529411
5,0.3076923076923077,0.010683760683760684,0.6666666666666666,0.5652173913043478
6,0.6153846153846154,0.04316239316239315,0.6785714285714286,0.7222222222222222
7,0.6153846153846154,0.07238247863247863,0.6071428571428571,0.7222222222222222
8,0.46153846153846156,0.02991452991452991,0.6666666666666666,0.6190476190476191
9,0.3076923076923077,0.00641025641025641,0.8333333333333334,0.5652173913043478
10,0.23076923076923078,0.0,1.0,0.52
11,0.8461538461538463,0.22697649572649575,0.509090909090909,0.8666666666666667
12,0.6153846153846154,0.0281517094017094,0.75,0.7222222222222222
13,0.6153846153846154,0.02863247863247863,0.75,0.7222222222222222
