node,degree_cent,bet_cent,clust_coeff,close_cent
0,0.5384615384615385,0.012062937062937061,0.8095238095238095,0.6842105263157895
1,0.5384615384615385,0.043240093240093244,0.6666666666666666,0.6842105263157895
2,0.6153846153846154,0.022630147630147632,0.75,0.7222222222222222
3,0.46153846153846156,0.018803418803418803,0.7333333333333333,0.6190476190476191
4,0.6153846153846154,0.03428515928515928,0.6785714285714286,0.7222222222222222
5,0.38461538461538464,0.015054390054390054,0.7,0.5909090909090909
6,0.5384615384615385,0.023290598290598288,0.7142857142857143,0.6842105263157895
7,0.46153846153846156,0.035023310023310016,0.6666666666666666,0.65
8,0.6923076923076923,0.07977855477855476,0.5555555555555556,0.7647058823529411
9,0.3076923076923077,0.005555555555555556,0.8333333333333334,0.5652173913043478
10,0.3076923076923077,0.005439005439005438,0.8333333333333334,0.5652173913043478
11,0.8461538461538463,0.1487762237762238,0.5272727272727272,0.8666666666666667
12,0.8461538461538463,0.09644522144522144,0.5818181818181818,0.8666666666666667
13,0.5384615384615385,0.010897435897435899,0.8095238095238095,0.6842105263157895
