node,degree_cent,bet_cent,clust_coeff,close_cent
0,0.6153846153846154,0.13624847374847374,0.5,0.7222222222222222
1,0.3076923076923077,0.004273504273504273,0.8333333333333334,0.48148148148148145
2,0.5384615384615385,0.08827838827838827,0.5714285714285714,0.6842105263157895
3,0.38461538461538464,0.020726495726495726,0.7,0.5416666666666666
4,0.38461538461538464,0.028006715506715508,0.6,0.5652173913043478
5,0.38461538461538464,0.05248778998778999,0.5,0.5909090909090909
6,0.38461538461538464,0.05013736263736263,0.5,0.5909090909090909
7,0.38461538461538464,0.041788766788766786,0.6,0.5909090909090909
8,0.46153846153846156,0.05074786324786324,0.6,0.5909090909090909
9,0.38461538461538464,0.018162393162393164,0.7,0.5416666666666666
10,0.23076923076923078,0.0,1.0,0.48148148148148145
11,0.5384615384615385,0.14340659340659337,0.5238095238095238,0.6842105263157895
12,0.38461538461538464,0.02553418803418804,0.8,0.6190476190476191
13,0.6153846153846154,0.1478937728937729,0.4642857142857143,0.7222222222222222
