node,degree_cent,bet_cent,clust_coeff,close_cent
0,0.23076923076923078,0.0,1.0,0.48148148148148145
1,0.38461538461538464,0.07229344729344729,0.5,0.6190476190476191
2,0.6153846153846154,0.1784900284900285,0.35714285714285715,0.7222222222222222
3,0.38461538461538464,0.03062678062678063,0.6,0.5652173913043478
4,0.3076923076923077,0.011823361823361824,0.6666666666666666,0.5416666666666666
5,0.38461538461538464,0.046438746438746445,0.5,0.5909090909090909
6,0.5384615384615385,0.08354700854700854,0.5238095238095238,0.65
7,0.46153846153846156,0.05213675213675213,0.6,0.6190476190476191
8,0.6153846153846154,0.12450142450142448,0.5357142857142857,0.7222222222222222
9,0.3076923076923077,0.00641025641025641,0.8333333333333334,0.52
10,0.23076923076923078,0.0,1.0,0.48148148148148145
11,0.6153846153846154,0.12685185185185183,0.5,0.7222222222222222
12,0.38461538461538464,0.007193732193732194,0.8,0.6190476190476191
13,0.5384615384615385,0.04173789173789173,0.6190476190476191,0.6842105263157895
