node,degree_cent,bet_cent,clust_coeff,close_cent
0,0.6153846153846154,0.013675213675213675,0.8214285714285714,0.7222222222222222
1,0.46153846153846156,0.03479853479853479,0.6666666666666666,0.65
2,0.7692307692307693,0.04783272283272283,0.6888888888888889,0.8125
3,0.5384615384615385,0.012454212454212453,0.8095238095238095,0.65
4,0.6923076923076923,0.023778998778998778,0.7777777777777778,0.7647058823529411
5,0.5384615384615385,0.012179487179487178,0.8095238095238095,0.65
6,0.6923076923076923,0.026190476190476188,0.75,0.7647058823529411
7,0.5384615384615385,0.041636141636141634,0.6666666666666666,0.6842105263157895
8,0.5384615384615385,0.04212454212454212,0.6190476190476191,0.6842105263157895
9,0.3076923076923077,0.005189255189255189,0.8333333333333334,0.5652173913043478
10,0.3076923076923077,0.010683760683760686,0.6666666666666666,0.5652173913043478
11,0.8461538461538463,0.15143467643467645,0.5454545454545454,0.8666666666666667
12,0.8461538461538463,0.06749084249084249,0.6545454545454545,0.8666666666666667
13,0.6153846153846154,0.010531135531135528,0.8571428571428571,0.7222222222222222
