node,degree_cent,bet_cent,clust_coeff,close_cent
0,0.6923076923076923,0.02524420024420024,0.7777777777777778,0.7647058823529411
1,0.38461538461538464,0.004334554334554334,0.9,0.6190476190476191
2,0.7692307692307693,0.03849206349206349,0.7333333333333333,0.8125
3,0.5384615384615385,0.011538461538461539,0.8095238095238095,0.6190476190476191
4,0.7692307692307693,0.030769230769230774,0.7777777777777778,0.8125
5,0.5384615384615385,0.008089133089133088,0.8571428571428571,0.65
6,0.6923076923076923,0.014774114774114772,0.8333333333333334,0.7647058823529411
7,0.6153846153846154,0.04545177045177045,0.7142857142857143,0.7222222222222222
8,0.6923076923076923,0.08006715506715506,0.6388888888888888,0.7647058823529411
9,0.3076923076923077,0.005341880341880341,0.8333333333333334,0.5652173913043478
10,0.23076923076923078,0.0,1.0,0.52
11,0.8461538461538463,0.15018315018315018,0.5818181818181818,0.8666666666666667
12,0.8461538461538463,0.052991452991452984,0.7090909090909091,0.8666666666666667
13,0.6923076923076923,0.0199023199023199,0.8055555555555556,0.7647058823529411
