node,degree_cent,bet_cent,clust_coeff,close_cent
0,0.6923076923076923,0.05503506465044926,0.6388888888888888,0.7647058823529411
1,0.46153846153846156,0.04344729344729344,0.6666666666666666,0.65
2,0.6153846153846154,0.02997479728248959,0.7142857142857143,0.7222222222222222
3,0.46153846153846156,0.018055555555555557,0.7333333333333333,0.6190476190476191
4,0.5384615384615385,0.01901709401709402,0.7142857142857143,0.6190476190476191
5,0.38461538461538464,0.011812404120096426,0.7,0.5909090909090909
6,0.6923076923076923,0.04953977646285338,0.6666666666666666,0.7647058823529411
7,0.6153846153846154,0.06892669296515451,0.6071428571428571,0.7222222222222222
8,0.5384615384615385,0.04498137190444883,0.6666666666666666,0.6842105263157895
9,0.3076923076923077,0.005876068376068376,0.8333333333333334,0.5416666666666666
10,0.3076923076923077,0.012108262108262107,0.6666666666666666,0.5416666666666666
11,0.7692307692307693,0.12056486960333114,0.5555555555555556,0.8125
12,0.7692307692307693,0.07731755424063116,0.6222222222222222,0.8125
13,0.5384615384615385,0.02026627218934911,0.7619047619047619,0.6842105263157895
