node,degree_cent,bet_cent,clust_coeff,close_cent
0,0.6153846153846154,0.3055555555555555,0.35714285714285715,0.7222222222222222
1,0.3076923076923077,0.005341880341880341,0.8333333333333334,0.5909090909090909
2,0.46153846153846156,0.06025641025641026,0.6,0.65
3,0.38461538461538464,0.04914529914529914,0.6,0.5909090909090909
4,0.46153846153846156,0.032478632478632474,0.6,0.5652173913043478
5,0.38461538461538464,0.021367521367521364,0.6,0.52
6,0.3076923076923077,0.005769230769230769,0.8333333333333334,0.52
7,0.38461538461538464,0.043589743589743594,0.6,0.5652173913043478
8,0.6153846153846154,0.2271367521367521,0.35714285714285715,0.7222222222222222
9,0.38461538461538464,0.07094017094017092,0.5,0.6190476190476191
10,0.23076923076923078,0.009615384615384616,0.6666666666666666,0.52
11,0.38461538461538464,0.05341880341880341,0.5,0.5416666666666666
12,0.23076923076923078,0.0,1.0,0.48148148148148145
13,0.23076923076923078,0.0,1.0,0.48148148148148145
