node,degree_cent,bet_cent,clust_coeff,close_cent
0,0.23076923076923078,0.0,1.0,0.52
1,0.23076923076923078,0.0,1.0,0.52
2,0.7692307692307693,0.16828449328449324,0.5333333333333333,0.8125
3,0.6923076923076923,0.12072649572649571,0.5555555555555556,0.7647058823529411
4,0.6153846153846154,0.023626373626373622,0.75,0.7222222222222222
5,0.3076923076923077,0.0,1.0,0.5909090909090909
6,0.7692307692307693,0.09487179487179487,0.5777777777777777,0.8125
7,0.7692307692307693,0.08687423687423686,0.6,0.8125
8,0.46153846153846156,0.01581196581196581,0.8,0.65
9,0.38461538461538464,0.004395604395604396,0.8,0.5652173913043478
10,0.46153846153846156,0.00695970695970696,0.8,0.5909090909090909
11,0.5384615384615385,0.03611111111111111,0.6190476190476191,0.6842105263157895
12,0.6923076923076923,0.040506715506715495,0.6944444444444444,0.7647058823529411
13,0.46153846153846156,0.004395604395604396,0.8666666666666667,0.65
