node,degree_cent,bet_cent,clust_coeff,close_cent
0,0.7692307692307693,0.0889055389055389,0.6222222222222222,0.7647058823529411
1,0.3076923076923077,0.01691086691086691,0.6666666666666666,0.5652173913043478
2,0.6153846153846154,0.04199272949272949,0.6428571428571429,0.65
3,0.46153846153846156,0.016025641025641024,0.7333333333333333,0.5416666666666666
4,0.46153846153846156,0.0047008547008547015,0.8666666666666667,0.5416666666666666
5,0.46153846153846156,0.014214951714951712,0.8,0.5909090909090909
6,0.6153846153846154,0.0360972360972361,0.75,0.6842105263157895
7,0.6153846153846154,0.13978660228660228,0.6428571428571429,0.7222222222222222
8,0.6153846153846154,0.2438825063825064,0.4642857142857143,0.7222222222222222
9,0.3076923076923077,0.11457431457431455,0.5,0.5416666666666666
10,0.23076923076923078,0.037257187257187255,0.6666666666666666,0.48148148148148145
11,0.15384615384615385,0.0,1.0,0.37142857142857144
12,0.6923076923076923,0.06219613719613719,0.6944444444444444,0.7222222222222222
13,0.46153846153846156,0.003968253968253968,0.9333333333333333,0.6190476190476191
