node,degree_cent,bet_cent,clust_coeff,close_cent
0,0.6923076923076923,0.03706293706293707,0.6944444444444444,0.7647058823529411
1,0.46153846153846156,0.03587801087801087,0.6666666666666666,0.65
2,0.6153846153846154,0.02818570318570318,0.7142857142857143,0.7222222222222222
3,0.46153846153846156,0.011111111111111112,0.8,0.6190476190476191
4,0.6923076923076923,0.03181818181818182,0.7222222222222222,0.7647058823529411
5,0.46153846153846156,0.01078088578088578,0.8,0.6190476190476191
6,0.6153846153846154,0.018376068376068377,0.7857142857142857,0.7222222222222222
7,0.6153846153846154,0.05029137529137529,0.6785714285714286,0.7222222222222222
8,0.6153846153846154,0.05510878010878011,0.6071428571428571,0.7222222222222222
9,0.3076923076923077,0.005341880341880341,0.8333333333333334,0.5652173913043478
10,0.3076923076923077,0.01078088578088578,0.6666666666666666,0.5652173913043478
11,0.8461538461538463,0.1321095571095571,0.5636363636363636,0.8666666666666667
12,0.8461538461538463,0.07443667443667443,0.6363636363636364,0.8666666666666667
13,0.6153846153846154,0.011538461538461539,0.8214285714285714,0.7222222222222222
