node,degree_cent,bet_cent,clust_coeff,close_cent
0,0.6923076923076923,0.06636141636141635,0.6388888888888888,0.7647058823529411
1,0.38461538461538464,0.015740740740740743,0.8,0.6190476190476191
2,0.6923076923076923,0.06215913715913715,0.6388888888888888,0.7647058823529411
3,0.38461538461538464,0.007478632478632477,0.8,0.5416666666666666
4,0.5384615384615385,0.02364672364672365,0.7142857142857143,0.6190476190476191
5,0.46153846153846156,0.02207977207977208,0.7333333333333333,0.6190476190476191
6,0.6923076923076923,0.08329263329263328,0.6111111111111112,0.7647058823529411
7,0.5384615384615385,0.06924094424094424,0.5714285714285714,0.6842105263157895
8,0.38461538461538464,0.02203907203907204,0.7,0.5909090909090909
9,0.3076923076923077,0.006105006105006104,0.8333333333333334,0.5416666666666666
10,0.23076923076923078,0.0,1.0,0.5
11,0.7692307692307693,0.2348901098901099,0.4666666666666667,0.8125
12,0.6153846153846154,0.03482905982905983,0.6785714285714286,0.7222222222222222
13,0.38461538461538464,0.0059829059829059825,0.9,0.6190476190476191
