node,degree_cent,bet_cent,clust_coeff,close_cent
0,0.38461538461538464,0.00908119658119658,0.8,0.5909090909090909
1,0.38461538461538464,0.025854700854700853,0.7,0.6190476190476191
2,0.7692307692307693,0.302991452991453,0.4222222222222222,0.8125
3,0.5384615384615385,0.06527777777777778,0.6190476190476191,0.65
4,0.38461538461538464,0.013247863247863246,0.9,0.5652173913043478
5,0.3076923076923077,0.0,1.0,0.4642857142857143
6,0.46153846153846156,0.02553418803418803,0.8,0.6190476190476191
7,0.5384615384615385,0.0626068376068376,0.6666666666666666,0.65
8,0.46153846153846156,0.05876068376068375,0.6,0.6190476190476191
9,0.5384615384615385,0.06324786324786325,0.5714285714285714,0.6842105263157895
10,0.3076923076923077,0.011752136752136752,0.6666666666666666,0.5416666666666666
11,0.5384615384615385,0.14604700854700853,0.47619047619047616,0.65
12,0.23076923076923078,0.03611111111111111,0.6666666666666666,0.5416666666666666
13,0.15384615384615385,0.0,1.0,0.41935483870967744
