node,degree_cent,bet_cent,clust_coeff,close_cent
0,0.6923076923076923,0.04741554741554742,0.6666666666666666,0.7647058823529411
1,0.38461538461538464,0.006125356125356125,0.9,0.6190476190476191
2,0.6153846153846154,0.025569800569800568,0.75,0.7222222222222222
3,0.46153846153846156,0.014743589743589742,0.7333333333333333,0.5909090909090909
4,0.6153846153846154,0.03274318274318275,0.7142857142857143,0.7222222222222222
5,0.38461538461538464,0.010826210826210825,0.7,0.5909090909090909
6,0.6923076923076923,0.04661172161172161,0.6666666666666666,0.7647058823529411
7,0.5384615384615385,0.05293040293040294,0.6190476190476191,0.6842105263157895
8,0.5384615384615385,0.048890923890923886,0.6190476190476191,0.6842105263157895
9,0.3076923076923077,0.006105006105006104,0.8333333333333334,0.5652173913043478
10,0.23076923076923078,0.0,1.0,0.52
11,0.8461538461538463,0.20162800162800162,0.509090909090909,0.8666666666666667
12,0.7692307692307693,0.07692307692307693,0.6222222222222222,0.8125
13,0.46153846153846156,0.00641025641025641,0.8666666666666667,0.65
