node,degree_cent,bet_cent,clust_coeff,close_cent
0,0.6923076923076923,0.029832347140039454,0.75,0.7647058823529411
1,0.38461538461538464,0.00440499671268902,0.9,0.6190476190476191
2,0.6923076923076923,0.02675871137409599,0.7777777777777778,0.7647058823529411
3,0.5384615384615385,0.016239316239316237,0.7619047619047619,0.6190476190476191
4,0.6923076923076923,0.027186061801446417,0.7777777777777778,0.7647058823529411
5,0.46153846153846156,0.012097304404996711,0.7333333333333333,0.6190476190476191
6,0.6923076923076923,0.022435897435897436,0.7777777777777778,0.7647058823529411
7,0.5384615384615385,0.0403517422748192,0.6666666666666666,0.6842105263157895
8,0.6923076923076923,0.08086785009861934,0.6388888888888888,0.7647058823529411
9,0.3076923076923077,0.005555555555555556,0.8333333333333334,0.5652173913043478
10,0.23076923076923078,0.0,1.0,0.52
11,0.8461538461538463,0.16168639053254438,0.5636363636363636,0.8666666666666667
12,0.7692307692307693,0.04569362261669955,0.7111111111111111,0.8125
13,0.7692307692307693,0.039710716633793566,0.7333333333333333,0.8125
