node,degree_cent,bet_cent,clust_coeff,close_cent
0,0.38461538461538464,0.003205128205128205,0.9,0.5909090909090909
1,0.38461538461538464,0.012515262515262514,0.8,0.6190476190476191
2,0.8461538461538463,0.25496031746031744,0.4,0.8666666666666667
3,0.5384615384615385,0.07226800976800976,0.5238095238095238,0.6842105263157895
4,0.38461538461538464,0.015613553113553115,0.7,0.6190476190476191
5,0.3076923076923077,0.002564102564102564,0.8333333333333334,0.52
6,0.6153846153846154,0.11626984126984127,0.4642857142857143,0.7222222222222222
7,0.38461538461538464,0.02854090354090354,0.5,0.6190476190476191
8,0.46153846153846156,0.030876068376068374,0.6,0.65
9,0.6153846153846154,0.09062881562881563,0.5357142857142857,0.7222222222222222
10,0.38461538461538464,0.008547008547008546,0.8,0.5909090909090909
11,0.46153846153846156,0.028846153846153844,0.6666666666666666,0.6190476190476191
12,0.3076923076923077,0.01465201465201465,0.6666666666666666,0.5909090909090909
13,0.23076923076923078,0.0,1.0,0.5652173913043478
