node,degree_cent,bet_cent,clust_coeff,close_cent
0,0.15384615384615385,0.0,1.0,0.43333333333333335
1,0.23076923076923078,0.010683760683760682,0.6666666666666666,0.4642857142857143
2,0.5384615384615385,0.3307692307692307,0.2857142857142857,0.6842105263157895
3,0.3076923076923077,0.055982905982905964,0.5,0.52
4,0.46153846153846156,0.11239316239316235,0.5333333333333333,0.65
5,0.3076923076923077,0.022435897435897436,0.6666666666666666,0.48148148148148145
6,0.3076923076923077,0.01324786324786325,0.8333333333333334,0.52
7,0.38461538461538464,0.051709401709401706,0.6,0.5416666666666666
8,0.6153846153846154,0.3134615384615385,0.35714285714285715,0.7222222222222222
9,0.3076923076923077,0.021794871794871797,0.6666666666666666,0.52
10,0.23076923076923078,0.0,1.0,0.48148148148148145
11,0.38461538461538464,0.05106837606837607,0.5,0.52
12,0.3076923076923077,0.026068376068376066,0.6666666666666666,0.5652173913043478
13,0.23076923076923078,0.016025641025641024,0.6666666666666666,0.5
