node,degree_cent,bet_cent,clust_coeff,close_cent
0,0.46153846153846156,0.008430458430458431,0.8666666666666667,0.6190476190476191
1,0.6153846153846154,0.07283411033411033,0.6071428571428571,0.7222222222222222
2,0.46153846153846156,0.007905982905982906,0.8,0.5652173913043478
3,0.38461538461538464,0.009712509712509712,0.7,0.5652173913043478
4,0.6923076923076923,0.10702214452214452,0.5833333333333334,0.7647058823529411
5,0.6153846153846154,0.09002525252525252,0.5357142857142857,0.7222222222222222
6,0.38461538461538464,0.046250971250971246,0.6,0.6190476190476191
7,0.46153846153846156,0.058964646464646456,0.6,0.65
8,0.3076923076923077,0.010683760683760682,0.6666666666666666,0.48148148148148145
9,0.46153846153846156,0.04294871794871795,0.6,0.6190476190476191
10,0.23076923076923078,0.011645299145299146,0.6666666666666666,0.52
11,0.6923076923076923,0.20166083916083913,0.4722222222222222,0.7647058823529411
12,0.5384615384615385,0.01921134421134421,0.7619047619047619,0.65
13,0.46153846153846156,0.017832167832167834,0.7333333333333333,0.6190476190476191
