node,degree_cent,bet_cent,clust_coeff,close_cent
0,0.3076923076923077,0.020510472433549358,0.6666666666666666,0.5
1,0.23076923076923078,0.004273504273504273,0.6666666666666666,0.43333333333333335
2,0.6153846153846154,0.12394727779343163,0.5,0.65
3,0.46153846153846156,0.05568469991546914,0.6,0.5909090909090909
4,0.6923076923076923,0.32517845402460777,0.4444444444444444,0.7647058823529411
5,0.46153846153846156,0.05653000845308538,0.6,0.6190476190476191
6,0.46153846153846156,0.07883284806361729,0.6,0.6190476190476191
7,0.46153846153846156,0.09892614507999124,0.6,0.6190476190476191
8,0.38461538461538464,0.04931514354591277,0.7,0.5909090909090909
9,0.3076923076923077,0.026495726495726492,0.6666666666666666,0.4482758620689655
10,0.38461538461538464,0.1346646942800789,0.6,0.5652173913043478
11,0.15384615384615385,0.0,1.0,0.38235294117647056
12,0.3076923076923077,0.0,1.0,0.5416666666666666
13,0.3076923076923077,0.0,1.0,0.5416666666666666
