node,degree_cent,bet_cent,clust_coeff,close_cent
0,0.38461538461538464,0.03165954415954417,0.7,0.6190476190476191
1,0.6153846153846154,0.09088319088319087,0.6071428571428571,0.7222222222222222
2,0.8461538461538463,0.3240028490028489,0.38181818181818183,0.8666666666666667
3,0.38461538461538464,0.008262108262108265,0.9,0.6190476190476191
4,0.46153846153846156,0.021403133903133902,0.8,0.65
5,0.46153846153846156,0.008974358974358974,0.8,0.5652173913043478
6,0.38461538461538464,0.002564102564102564,0.9,0.5416666666666666
7,0.46153846153846156,0.03831908831908832,0.6666666666666666,0.65
8,0.6923076923076923,0.11228632478632478,0.5555555555555556,0.7647058823529411
9,0.38461538461538464,0.02101139601139601,0.7,0.6190476190476191
10,0.3076923076923077,0.0073005698005698,0.8333333333333334,0.5909090909090909
11,0.46153846153846156,0.038461538461538464,0.6,0.5909090909090909
12,0.3076923076923077,0.0,1.0,0.5416666666666666
13,0.3076923076923077,0.0,1.0,0.5416666666666666
