node,degree_cent,bet_cent,clust_coeff,close_cent
0,0.3076923076923077,0.0,1.0,0.48148148148148145
1,0.46153846153846156,0.025956450956450956,0.7333333333333333,0.6190476190476191
2,0.6153846153846154,0.08189865689865691,0.6071428571428571,0.7222222222222222
3,0.3076923076923077,0.013532763532763533,0.6666666666666666,0.5652173913043478
4,0.7692307692307693,0.19727309727309725,0.4444444444444444,0.8125
5,0.38461538461538464,0.019658119658119658,0.7,0.5909090909090909
6,0.3076923076923077,0.0,1.0,0.5652173913043478
7,0.38461538461538464,0.008547008547008546,0.8,0.5909090909090909
8,0.7692307692307693,0.2088522588522588,0.4444444444444444,0.8125
9,0.38461538461538464,0.02596153846153846,0.6,0.5909090909090909
10,0.23076923076923078,0.0,1.0,0.5
11,0.46153846153846156,0.049679487179487176,0.6,0.65
12,0.5384615384615385,0.043294668294668284,0.7142857142857143,0.6842105263157895
13,0.5384615384615385,0.043294668294668284,0.7142857142857143,0.6842105263157895
