node,degree_cent,bet_cent,clust_coeff,close_cent
0,0.6923076923076923,0.09059007232084156,0.5555555555555556,0.7647058823529411
1,0.3076923076923077,0.012097304404996711,0.8333333333333334,0.5909090909090909
2,0.5384615384615385,0.04750986193293885,0.6190476190476191,0.6842105263157895
3,0.38461538461538464,0.014957264957264954,0.7,0.5416666666666666
4,0.5384615384615385,0.03693293885601578,0.6190476190476191,0.6190476190476191
5,0.38461538461538464,0.01949375410913872,0.7,0.5909090909090909
6,0.6153846153846154,0.052958579881656795,0.6428571428571429,0.7222222222222222
7,0.5384615384615385,0.06265614727153189,0.6190476190476191,0.6842105263157895
8,0.5384615384615385,0.053952991452991456,0.6190476190476191,0.65
9,0.3076923076923077,0.00641025641025641,0.8333333333333334,0.5416666666666666
10,0.23076923076923078,0.0,1.0,0.5
11,0.7692307692307693,0.20862097304404997,0.4666666666666667,0.8125
12,0.6153846153846154,0.039497041420118346,0.6785714285714286,0.7222222222222222
13,0.46153846153846156,0.02098948060486522,0.7333333333333333,0.65
