node,degree_cent,bet_cent,clust_coeff,close_cent
0,0.46153846153846156,0.2497863247863248,0.4,0.65
1,0.3076923076923077,0.032600732600732596,0.6666666666666666,0.5909090909090909
2,0.46153846153846156,0.08537851037851035,0.6,0.65
3,0.38461538461538464,0.01816239316239316,0.6,0.5
4,0.38461538461538464,0.010164835164835163,0.8,0.5416666666666666
5,0.46153846153846156,0.029090354090354088,0.6666666666666666,0.5652173913043478
6,0.38461538461538464,0.01947496947496947,0.7,0.5416666666666666
7,0.3076923076923077,0.022252747252747253,0.6666666666666666,0.5416666666666666
8,0.6923076923076923,0.32774725274725275,0.3333333333333333,0.7647058823529411
9,0.3076923076923077,0.05106837606837607,0.5,0.5652173913043478
10,0.23076923076923078,0.013247863247863246,0.6666666666666666,0.5416666666666666
11,0.38461538461538464,0.07692307692307693,0.4,0.52
12,0.23076923076923078,0.0,1.0,0.4642857142857143
13,0.23076923076923078,0.0,1.0,0.4642857142857143
