node,degree_cent,bet_cent,clust_coeff,close_cent
0,0.6153846153846154,0.0150997150997151,0.8214285714285714,0.7222222222222222
1,0.38461538461538464,0.004629629629629629,0.9,0.6190476190476191
2,0.7692307692307693,0.05071225071225072,0.6888888888888889,0.8125
3,0.5384615384615385,0.016239316239316237,0.7619047619047619,0.6190476190476191
4,0.7692307692307693,0.04494301994301995,0.7111111111111111,0.8125
5,0.46153846153846156,0.012179487179487178,0.7333333333333333,0.6190476190476191
6,0.6923076923076923,0.026068376068376073,0.75,0.7647058823529411
7,0.5384615384615385,0.0405982905982906,0.6666666666666666,0.6842105263157895
8,0.6153846153846154,0.06388888888888888,0.6428571428571429,0.7222222222222222
9,0.3076923076923077,0.005555555555555556,0.8333333333333334,0.5652173913043478
10,0.23076923076923078,0.0,1.0,0.52
11,0.8461538461538463,0.1794871794871795,0.5454545454545454,0.8666666666666667
12,0.7692307692307693,0.05092592592592592,0.6888888888888889,0.8125
13,0.6153846153846154,0.015313390313390313,0.8214285714285714,0.7222222222222222
