node,degree_cent,bet_cent,clust_coeff,close_cent
0,0.15384615384615385,0.0,1.0,0.4482758620689655
1,0.23076923076923078,0.00641025641025641,0.6666666666666666,0.4642857142857143
2,0.6153846153846154,0.25969169719169716,0.42857142857142855,0.7222222222222222
3,0.3076923076923077,0.03144078144078143,0.6666666666666666,0.5652173913043478
4,0.7692307692307693,0.2187271062271062,0.4888888888888889,0.8125
5,0.38461538461538464,0.01947496947496947,0.7,0.5909090909090909
6,0.5384615384615385,0.043818681318681316,0.6666666666666666,0.6842105263157895
7,0.6153846153846154,0.05715811965811965,0.5714285714285714,0.65
8,0.38461538461538464,0.007478632478632477,0.8,0.5652173913043478
9,0.38461538461538464,0.021367521367521364,0.7,0.5652173913043478
10,0.46153846153846156,0.027777777777777776,0.6666666666666666,0.5909090909090909
11,0.23076923076923078,0.003205128205128205,0.6666666666666666,0.48148148148148145
12,0.38461538461538464,0.00695970695970696,0.9,0.6190476190476191
13,0.5384615384615385,0.11700244200244198,0.5714285714285714,0.6842105263157895
