node,degree_cent,bet_cent,clust_coeff,close_cent
0,0.23076923076923078,0.009615384615384616,0.6666666666666666,0.5416666666666666
1,0.23076923076923078,0.008974358974358974,0.6666666666666666,0.5416666666666666
2,0.8461538461538463,0.36159951159951154,0.32727272727272727,0.8666666666666667
3,0.38461538461538464,0.037408424908424914,0.6,0.5909090909090909
4,0.3076923076923077,0.009203296703296704,0.8333333333333334,0.5652173913043478
5,0.3076923076923077,0.008547008547008546,0.6666666666666666,0.5
6,0.5384615384615385,0.08978937728937729,0.47619047619047616,0.6842105263157895
7,0.38461538461538464,0.04629120879120879,0.6,0.6190476190476191
8,0.5384615384615385,0.08913308913308912,0.5238095238095238,0.6842105263157895
9,0.38461538461538464,0.03044871794871794,0.7,0.6190476190476191
10,0.23076923076923078,0.0,1.0,0.48148148148148145
11,0.5384615384615385,0.08867521367521368,0.47619047619047616,0.65
12,0.3076923076923077,0.003205128205128205,0.8333333333333334,0.5652173913043478
13,0.3076923076923077,0.01198107448107448,0.6666666666666666,0.5909090909090909
