node,degree_cent,bet_cent,clust_coeff,close_cent
0,0.46153846153846156,0.008012820512820512,0.8666666666666667,0.6190476190476191
1,0.6153846153846154,0.06401098901098899,0.6428571428571429,0.7222222222222222
2,0.5384615384615385,0.013034188034188033,0.7619047619047619,0.5909090909090909
3,0.38461538461538464,0.0047008547008547015,0.8,0.5416666666666666
4,0.6923076923076923,0.09488705738705738,0.6111111111111112,0.7647058823529411
5,0.6153846153846154,0.0852869352869353,0.5714285714285714,0.7222222222222222
6,0.3076923076923077,0.04468864468864468,0.5,0.5909090909090909
7,0.46153846153846156,0.0854090354090354,0.4666666666666667,0.65
8,0.3076923076923077,0.0235042735042735,0.5,0.48148148148148145
9,0.3076923076923077,0.016147741147741146,0.6666666666666666,0.5416666666666666
10,0.23076923076923078,0.011874236874236874,0.6666666666666666,0.52
11,0.6923076923076923,0.24587912087912084,0.4444444444444444,0.7647058823529411
12,0.5384615384615385,0.013141025641025643,0.8095238095238095,0.65
13,0.46153846153846156,0.02019230769230769,0.7333333333333333,0.6190476190476191
