node,degree_cent,bet_cent,clust_coeff,close_cent
0,0.3076923076923077,0.004273504273504273,0.8333333333333334,0.4482758620689655
1,0.46153846153846156,0.06825396825396825,0.6,0.5416666666666666
2,0.6153846153846154,0.2934065934065934,0.4642857142857143,0.65
3,0.46153846153846156,0.02924297924297924,0.7333333333333333,0.5909090909090909
4,0.46153846153846156,0.07658730158730159,0.6666666666666666,0.6190476190476191
5,0.38461538461538464,0.008333333333333333,0.8,0.52
6,0.5384615384615385,0.08782051282051283,0.6666666666666666,0.65
7,0.46153846153846156,0.2162087912087912,0.5333333333333333,0.65
8,0.46153846153846156,0.1791208791208791,0.4666666666666667,0.5652173913043478
9,0.3076923076923077,0.13565323565323564,0.5,0.5
10,0.23076923076923078,0.02503052503052503,0.6666666666666666,0.40625
11,0.15384615384615385,0.0,1.0,0.35135135135135137
12,0.3076923076923077,0.004273504273504273,0.8333333333333334,0.4482758620689655
13,0.23076923076923078,0.0,1.0,0.43333333333333335
