node,degree_cent,bet_cent,clust_coeff,close_cent
0,0.6153846153846154,0.018910256410256412,0.7857142857142857,0.7222222222222222
1,0.46153846153846156,0.014743589743589745,0.8,0.65
2,0.6923076923076923,0.030769230769230774,0.75,0.7647058823529411
3,0.46153846153846156,0.02713675213675213,0.6666666666666666,0.5909090909090909
4,0.6153846153846154,0.033653846153846145,0.7142857142857143,0.7222222222222222
5,0.3076923076923077,0.01282051282051282,0.5,0.5652173913043478
6,0.6923076923076923,0.044017094017094006,0.6944444444444444,0.7647058823529411
7,0.5384615384615385,0.05277777777777777,0.6190476190476191,0.6842105263157895
8,0.6923076923076923,0.08685897435897436,0.5833333333333334,0.7647058823529411
9,0.3076923076923077,0.00641025641025641,0.8333333333333334,0.5652173913043478
10,0.23076923076923078,0.0,1.0,0.52
11,0.8461538461538463,0.15908119658119654,0.5636363636363636,0.8666666666666667
12,0.7692307692307693,0.051068376068376074,0.6888888888888889,0.8125
13,0.6153846153846154,0.013034188034188033,0.8214285714285714,0.7222222222222222
