node,degree_cent,bet_cent,clust_coeff,close_cent
0,0.15384615384615385,0.0,1.0,0.48148148148148145
1,0.38461538461538464,0.04764957264957265,0.5,0.6190476190476191
2,0.7692307692307693,0.22884615384615387,0.4444444444444444,0.8125
3,0.38461538461538464,0.0235042735042735,0.6,0.5652173913043478
4,0.3076923076923077,0.005341880341880341,0.8333333333333334,0.5416666666666666
5,0.3076923076923077,0.014957264957264954,0.6666666666666666,0.5652173913043478
6,0.6153846153846154,0.08589743589743588,0.5357142857142857,0.7222222222222222
7,0.7692307692307693,0.18632478632478633,0.4666666666666667,0.8125
8,0.6153846153846154,0.08547008547008547,0.5714285714285714,0.7222222222222222
9,0.3076923076923077,0.0,1.0,0.52
10,0.3076923076923077,0.0,1.0,0.52
11,0.5384615384615385,0.045085470085470085,0.6666666666666666,0.6842105263157895
12,0.46153846153846156,0.005128205128205128,0.8666666666666667,0.65
13,0.38461538461538464,0.002564102564102564,0.9,0.6190476190476191
