node,degree_cent,bet_cent,clust_coeff,close_cent
0,0.38461538461538464,0.07692307692307691,0.6,0.48148148148148145
1,0.23076923076923078,0.003205128205128205,0.6666666666666666,0.37142857142857144
2,0.38461538461538464,0.01175213675213675,0.7,0.3939393939393939
3,0.38461538461538464,0.0769230769230769,0.6,0.48148148148148145
4,0.46153846153846156,0.04594017094017093,0.6666666666666666,0.5
5,0.46153846153846156,0.235042735042735,0.5333333333333333,0.5909090909090909
6,0.3076923076923077,0.11965811965811966,0.6666666666666666,0.5416666666666666
7,0.38461538461538464,0.297008547008547,0.5,0.5652173913043478
8,0.38461538461538464,0.1816239316239316,0.5,0.4482758620689655
9,0.23076923076923078,0.0,1.0,0.3333333333333333
10,0.23076923076923078,0.0,1.0,0.3333333333333333
11,0.3076923076923077,0.08119658119658117,0.6666666666666666,0.43333333333333335
12,0.46153846153846156,0.04594017094017093,0.6666666666666666,0.5
13,0.46153846153846156,0.235042735042735,0.5333333333333333,0.5909090909090909
