node,degree_cent,bet_cent,clust_coeff,close_cent
0,0.9230769230769231,0.1566239316239316,0.5303030303030303,0.9285714285714286
1,0.3076923076923077,0.006410256410256409,0.8333333333333334,0.5909090909090909
2,0.7692307692307693,0.08917378917378917,0.5777777777777777,0.8125
3,0.38461538461538464,0.008547008547008546,0.8,0.5909090909090909
4,0.6153846153846154,0.026495726495726492,0.7142857142857143,0.6842105263157895
5,0.46153846153846156,0.009615384615384616,0.8,0.6190476190476191
6,0.6923076923076923,0.03938746438746439,0.6944444444444444,0.7647058823529411
7,0.5384615384615385,0.024002849002849,0.7142857142857143,0.6842105263157895
8,0.46153846153846156,0.032478632478632474,0.6666666666666666,0.65
9,0.6923076923076923,0.08283475783475784,0.6111111111111112,0.7647058823529411
10,0.5384615384615385,0.06310541310541311,0.5714285714285714,0.6842105263157895
11,0.23076923076923078,0.0,1.0,0.5
12,0.6153846153846154,0.022222222222222223,0.75,0.7222222222222222
13,0.46153846153846156,0.0032051282051282046,0.9333333333333333,0.65
