node,degree_cent,bet_cent,clust_coeff,close_cent
0,0.23076923076923078,0.0,1.0,0.48148148148148145
1,0.23076923076923078,0.0,1.0,0.48148148148148145
2,0.6153846153846154,0.2579365079365079,0.42857142857142855,0.7222222222222222
3,0.38461538461538464,0.07371794871794872,0.5,0.5652173913043478
4,0.6153846153846154,0.1698107448107448,0.4642857142857143,0.7222222222222222
5,0.3076923076923077,0.027777777777777776,0.6666666666666666,0.5416666666666666
6,0.3076923076923077,0.006837606837606838,0.8333333333333334,0.52
7,0.38461538461538464,0.037179487179487186,0.6,0.5416666666666666
8,0.6153846153846154,0.16703296703296702,0.4642857142857143,0.7222222222222222
9,0.3076923076923077,0.01507936507936508,0.6666666666666666,0.52
10,0.23076923076923078,0.0,1.0,0.48148148148148145
11,0.5384615384615385,0.12237484737484736,0.5238095238095238,0.6842105263157895
12,0.38461538461538464,0.019688644688644685,0.8,0.6190476190476191
13,0.23076923076923078,0.0,1.0,0.5
