node,degree_cent,bet_cent,clust_coeff,close_cent
0,0.7692307692307693,0.052898312513697136,0.6666666666666666,0.8125
1,0.46153846153846156,0.04149134341442034,0.6,0.65
2,0.6153846153846154,0.02364672364672365,0.75,0.7222222222222222
3,0.38461538461538464,0.010387902695595003,0.7,0.5909090909090909
4,0.7692307692307693,0.057527942143326745,0.6888888888888889,0.8125
5,0.46153846153846156,0.011467236467236465,0.8,0.6190476190476191
6,0.6923076923076923,0.022912557527942145,0.7777777777777778,0.7647058823529411
7,0.6153846153846154,0.04718934911242603,0.7142857142857143,0.7222222222222222
8,0.6153846153846154,0.05451457374534297,0.6428571428571429,0.7222222222222222
9,0.3076923076923077,0.0052596975673898745,0.8333333333333334,0.5652173913043478
10,0.3076923076923077,0.012108262108262107,0.6666666666666666,0.5652173913043478
11,0.8461538461538463,0.12302213456059609,0.5818181818181818,0.8666666666666667
12,0.7692307692307693,0.04569362261669955,0.6888888888888889,0.8125
13,0.5384615384615385,0.0047008547008547015,0.9047619047619048,0.6842105263157895
