node,degree_cent,bet_cent,clust_coeff,close_cent
0,0.3076923076923077,0.0,1.0,0.4482758620689655
1,0.38461538461538464,0.030158730158730152,0.7,0.52
2,0.6153846153846154,0.20238095238095238,0.4642857142857143,0.65
3,0.5384615384615385,0.12573260073260073,0.5714285714285714,0.65
4,0.3076923076923077,0.007478632478632477,0.8333333333333334,0.5
5,0.38461538461538464,0.01926129426129426,0.8,0.5416666666666666
6,0.46153846153846156,0.04300976800976801,0.7333333333333333,0.6190476190476191
7,0.5384615384615385,0.2608669108669109,0.47619047619047616,0.6842105263157895
8,0.46153846153846156,0.17124542124542125,0.5333333333333333,0.5909090909090909
9,0.3076923076923077,0.13873626373626372,0.5,0.5
10,0.23076923076923078,0.02564102564102564,0.6666666666666666,0.41935483870967744
11,0.15384615384615385,0.0,1.0,0.35135135135135137
12,0.3076923076923077,0.0,1.0,0.4482758620689655
13,0.38461538461538464,0.06523199023199024,0.7,0.5652173913043478
