node,degree_cent,bet_cent,clust_coeff,close_cent
0,0.6153846153846154,0.06712454212454211,0.6428571428571429,0.6842105263157895
1,0.6153846153846154,0.06149776149776148,0.6428571428571429,0.7222222222222222
2,0.3076923076923077,0.0,1.0,0.52
3,0.46153846153846156,0.02846967846967847,0.7333333333333333,0.65
4,0.6153846153846154,0.06042938542938543,0.6428571428571429,0.7222222222222222
5,0.7692307692307693,0.1408017908017908,0.5111111111111111,0.8125
6,0.46153846153846156,0.0648148148148148,0.5333333333333333,0.6190476190476191
7,0.46153846153846156,0.05035612535612535,0.6,0.65
8,0.3076923076923077,0.007478632478632477,0.6666666666666666,0.5
9,0.46153846153846156,0.02927350427350427,0.6666666666666666,0.6190476190476191
10,0.3076923076923077,0.017165242165242168,0.6666666666666666,0.5652173913043478
11,0.6923076923076923,0.1492266992266992,0.5,0.7647058823529411
12,0.46153846153846156,0.01566951566951567,0.8,0.6190476190476191
13,0.23076923076923078,0.0,1.0,0.52
