node,degree_cent,bet_cent,clust_coeff,close_cent
0,0.15384615384615385,0.0,1.0,0.38235294117647056
1,0.23076923076923078,0.008547008547008546,0.6666666666666666,0.40625
2,0.5384615384615385,0.21003996003996,0.42857142857142855,0.5652173913043478
3,0.38461538461538464,0.06816516816516816,0.6,0.52
4,0.46153846153846156,0.015384615384615384,0.7333333333333333,0.5416666666666666
5,0.5384615384615385,0.13162531912531913,0.5238095238095238,0.6190476190476191
6,0.5384615384615385,0.18857115107115102,0.5714285714285714,0.65
7,0.3076923076923077,0.06988844488844488,0.6666666666666666,0.5416666666666666
8,0.46153846153846156,0.2869491619491619,0.4666666666666667,0.5909090909090909
9,0.3076923076923077,0.09694055944055943,0.5,0.43333333333333335
10,0.23076923076923078,0.050495337995337994,0.6666666666666666,0.41935483870967744
11,0.15384615384615385,0.0,1.0,0.3170731707317073
12,0.3076923076923077,0.0047008547008547015,0.8333333333333334,0.5
13,0.46153846153846156,0.09946164946164948,0.6666666666666666,0.6190476190476191
