node,degree_cent,bet_cent,clust_coeff,close_cent
0,0.5384615384615385,0.01730769230769231,0.8095238095238095,0.6842105263157895
1,0.38461538461538464,0.007532051282051282,0.9,0.6190476190476191
2,0.6153846153846154,0.0281517094017094,0.75,0.7222222222222222
3,0.46153846153846156,0.01645299145299145,0.7333333333333333,0.5652173913043478
4,0.6923076923076923,0.04627594627594628,0.6944444444444444,0.7647058823529411
5,0.38461538461538464,0.010683760683760684,0.8,0.5909090909090909
6,0.6153846153846154,0.03614163614163614,0.7142857142857143,0.7222222222222222
7,0.6153846153846154,0.06612484737484738,0.6428571428571429,0.7222222222222222
8,0.46153846153846156,0.0293040293040293,0.6666666666666666,0.6190476190476191
9,0.3076923076923077,0.006105006105006104,0.8333333333333334,0.5652173913043478
10,0.23076923076923078,0.0,1.0,0.52
11,0.8461538461538463,0.22789224664224664,0.509090909090909,0.8666666666666667
12,0.7692307692307693,0.06913919413919414,0.6444444444444445,0.8125
13,0.6153846153846154,0.02863247863247863,0.75,0.7222222222222222
