node,degree_cent,bet_cent,clust_coeff,close_cent
0,0.3076923076923077,0.018284493284493285,0.8333333333333334,0.4482758620689655
1,0.3076923076923077,0.019230769230769232,0.6666666666666666,0.3939393939393939
2,0.46153846153846156,0.12139804639804641,0.4666666666666667,0.52
3,0.3076923076923077,0.06639194139194139,0.5,0.48148148148148145
4,0.3076923076923077,0.07524420024420024,0.5,0.52
5,0.3076923076923077,0.09960317460317461,0.5,0.52
6,0.3076923076923077,0.0901098901098901,0.5,0.52
7,0.46153846153846156,0.39279609279609273,0.3333333333333333,0.6190476190476191
8,0.38461538461538464,0.09059829059829061,0.6,0.48148148148148145
9,0.3076923076923077,0.029487179487179483,0.8333333333333334,0.4482758620689655
10,0.23076923076923078,0.0,1.0,0.35135135135135137
11,0.3076923076923077,0.029487179487179483,0.8333333333333334,0.4482758620689655
12,0.3076923076923077,0.018284493284493285,0.8333333333333334,0.4482758620689655
13,0.3076923076923077,0.24395604395604395,0.5,0.5652173913043478
