node,degree_cent,bet_cent,clust_coeff,close_cent
0,0.7692307692307693,0.06742979242979241,0.6222222222222222,0.8125
1,0.38461538461538464,0.0059829059829059825,0.9,0.6190476190476191
2,0.5384615384615385,0.014957264957264954,0.8095238095238095,0.6842105263157895
3,0.46153846153846156,0.01581196581196581,0.7333333333333333,0.5909090909090909
4,0.6923076923076923,0.0467032967032967,0.6666666666666666,0.7647058823529411
5,0.38461538461538464,0.007692307692307694,0.8,0.5909090909090909
6,0.5384615384615385,0.02097069597069597,0.7619047619047619,0.6842105263157895
7,0.6153846153846154,0.06211843711843711,0.6428571428571429,0.7222222222222222
8,0.5384615384615385,0.05067155067155066,0.5714285714285714,0.6842105263157895
9,0.3076923076923077,0.006105006105006104,0.8333333333333334,0.5652173913043478
10,0.23076923076923078,0.0,1.0,0.52
11,0.8461538461538463,0.19429181929181927,0.509090909090909,0.8666666666666667
12,0.7692307692307693,0.0747863247863248,0.6222222222222222,0.8125
13,0.46153846153846156,0.009401709401709403,0.8,0.65
