node,degree_cent,bet_cent,clust_coeff,close_cent
0,0.6923076923076923,0.020085470085470087,0.7777777777777778,0.7647058823529411
1,0.46153846153846156,0.0021367521367521365,0.9333333333333333,0.65
2,0.6153846153846154,0.012820512820512818,0.8214285714285714,0.7222222222222222
3,0.5384615384615385,0.007905982905982906,0.8571428571428571,0.6842105263157895
4,0.7692307692307693,0.02735042735042735,0.7555555555555555,0.8125
5,0.5384615384615385,0.007905982905982906,0.8571428571428571,0.6842105263157895
6,0.6153846153846154,0.008974358974358975,0.8571428571428571,0.7222222222222222
7,0.6153846153846154,0.020726495726495722,0.7857142857142857,0.7222222222222222
8,0.6923076923076923,0.03888888888888888,0.6944444444444444,0.7647058823529411
9,0.38461538461538464,0.003205128205128205,0.9,0.6190476190476191
10,0.3076923076923077,0.0,1.0,0.5909090909090909
11,0.8461538461538463,0.08162393162393163,0.6181818181818182,0.8666666666666667
12,0.8461538461538463,0.043376068376068375,0.7090909090909091,0.8666666666666667
13,1.0,0.14807692307692302,0.5769230769230769,1.0
