node,degree_cent,bet_cent,clust_coeff,close_cent
0,0.23076923076923078,0.0,1.0,0.43333333333333335
1,0.3076923076923077,0.04586894586894586,0.6666666666666666,0.5416666666666666
2,0.6153846153846154,0.14722222222222225,0.5,0.65
3,0.38461538461538464,0.025641025641025637,0.6,0.48148148148148145
4,0.46153846153846156,0.043447293447293436,0.6,0.5652173913043478
5,0.38461538461538464,0.030341880341880335,0.7,0.5652173913043478
6,0.5384615384615385,0.1423076923076923,0.5714285714285714,0.6842105263157895
7,0.6153846153846154,0.3367521367521367,0.35714285714285715,0.7222222222222222
8,0.38461538461538464,0.18632478632478633,0.5,0.5652173913043478
9,0.3076923076923077,0.07863247863247862,0.6666666666666666,0.52
10,0.23076923076923078,0.0,1.0,0.3939393939393939
11,0.23076923076923078,0.0,1.0,0.3939393939393939
12,0.38461538461538464,0.01004273504273504,0.8,0.5652173913043478
13,0.3076923076923077,0.004700854700854701,0.8333333333333334,0.52
