node,degree_cent,bet_cent,clust_coeff,close_cent
0,0.46153846153846156,0.008384208384208384,0.8666666666666667,0.65
1,0.38461538461538464,0.005820105820105819,0.9,0.6190476190476191
2,0.6153846153846154,0.030820105820105824,0.7142857142857143,0.7222222222222222
3,0.46153846153846156,0.02927350427350427,0.6666666666666666,0.5909090909090909
4,0.6923076923076923,0.06658526658526658,0.6111111111111112,0.7647058823529411
5,0.3076923076923077,0.013176638176638177,0.5,0.5652173913043478
6,0.6153846153846154,0.03186813186813186,0.7142857142857143,0.7222222222222222
7,0.5384615384615385,0.05001017501017501,0.6190476190476191,0.6842105263157895
8,0.6153846153846154,0.06328856328856329,0.6428571428571429,0.7222222222222222
9,0.3076923076923077,0.006105006105006104,0.8333333333333334,0.5652173913043478
10,0.23076923076923078,0.0,1.0,0.52
11,0.8461538461538463,0.19677452177452176,0.509090909090909,0.8666666666666667
12,0.7692307692307693,0.07973137973137973,0.6222222222222222,0.8125
13,0.5384615384615385,0.007905982905982904,0.8571428571428571,0.6842105263157895
