node,degree_cent,bet_cent,clust_coeff,close_cent
0,0.46153846153846156,0.24136141636141634,0.3333333333333333,0.65
1,0.38461538461538464,0.031868131868131866,0.6,0.5909090909090909
2,0.46153846153846156,0.055250305250305255,0.6,0.5909090909090909
3,0.38461538461538464,0.03952991452991452,0.6,0.5416666666666666
4,0.46153846153846156,0.039346764346764346,0.6,0.5652173913043478
5,0.38461538461538464,0.015720390720390717,0.7,0.52
6,0.3076923076923077,0.007478632478632479,0.8333333333333334,0.52
7,0.5384615384615385,0.11758241758241757,0.47619047619047616,0.6190476190476191
8,0.5384615384615385,0.22173382173382172,0.3333333333333333,0.6842105263157895
9,0.3076923076923077,0.07713675213675213,0.5,0.5652173913043478
10,0.23076923076923078,0.01752136752136752,0.6666666666666666,0.5
11,0.3076923076923077,0.05769230769230769,0.3333333333333333,0.4642857142857143
12,0.23076923076923078,0.019658119658119654,0.6666666666666666,0.48148148148148145
13,0.23076923076923078,0.019658119658119654,0.6666666666666666,0.48148148148148145
