node,degree_cent,bet_cent,clust_coeff,close_cent
0,0.6923076923076923,0.029017563632948253,0.75,0.7647058823529411
1,0.38461538461538464,0.00440499671268902,0.9,0.6190476190476191
2,0.6153846153846154,0.020043204658589272,0.7857142857142857,0.7222222222222222
3,0.5384615384615385,0.01730769230769231,0.7619047619047619,0.6190476190476191
4,0.6923076923076923,0.030513290128674743,0.75,0.7647058823529411
5,0.46153846153846156,0.009960552268244575,0.8,0.6190476190476191
6,0.6153846153846154,0.01742979242979243,0.7857142857142857,0.7222222222222222
7,0.5384615384615385,0.04218324410632102,0.6666666666666666,0.6842105263157895
8,0.6923076923076923,0.0883464825772518,0.5833333333333334,0.7647058823529411
9,0.3076923076923077,0.005555555555555556,0.8333333333333334,0.5652173913043478
10,0.23076923076923078,0.0,1.0,0.52
11,0.8461538461538463,0.15988541373156756,0.5454545454545454,0.8666666666666667
12,0.8461538461538463,0.06910632102939795,0.6545454545454545,0.8666666666666667
13,0.6923076923076923,0.03188691650230112,0.7222222222222222,0.7647058823529411
