node,degree_cent,bet_cent,clust_coeff,close_cent
0,0.6923076923076923,0.033171458171458175,0.7222222222222222,0.7647058823529411
1,0.38461538461538464,0.005154105154105154,0.9,0.6190476190476191
2,0.6153846153846154,0.024197099197099194,0.75,0.7222222222222222
3,0.5384615384615385,0.02863247863247863,0.7142857142857143,0.6190476190476191
4,0.6153846153846154,0.028780478780478784,0.7142857142857143,0.7222222222222222
5,0.38461538461538464,0.01655011655011655,0.6,0.5909090909090909
6,0.6153846153846154,0.031868131868131866,0.6785714285714286,0.7222222222222222
7,0.46153846153846156,0.040304140304140305,0.6,0.65
8,0.6923076923076923,0.10773485773485772,0.5555555555555556,0.7647058823529411
9,0.3076923076923077,0.006105006105006104,0.8333333333333334,0.5652173913043478
10,0.23076923076923078,0.0,1.0,0.52
11,0.7692307692307693,0.1524188774188774,0.5111111111111111,0.8125
12,0.7692307692307693,0.061046361046361054,0.6444444444444445,0.8125
13,0.6153846153846154,0.02813945313945314,0.7142857142857143,0.7222222222222222
