node,degree_cent,bet_cent,clust_coeff,close_cent
0,0.5384615384615385,0.031481481481481485,0.7142857142857143,0.65
1,0.5384615384615385,0.026210826210826214,0.7619047619047619,0.65
2,0.38461538461538464,0.002564102564102564,0.9,0.52
3,0.38461538461538464,0.008618233618233618,0.8,0.5652173913043478
4,0.6923076923076923,0.1342185592185592,0.5555555555555556,0.7647058823529411
5,0.6153846153846154,0.12516280016280018,0.5,0.7222222222222222
6,0.38461538461538464,0.061457061457061465,0.6,0.6190476190476191
7,0.38461538461538464,0.028693528693528692,0.7,0.5909090909090909
8,0.3076923076923077,0.010683760683760682,0.6666666666666666,0.4642857142857143
9,0.46153846153846156,0.048351648351648346,0.6,0.6190476190476191
10,0.23076923076923078,0.014346764346764346,0.6666666666666666,0.52
11,0.6923076923076923,0.23499185999185998,0.4444444444444444,0.7647058823529411
12,0.5384615384615385,0.02962962962962963,0.7142857142857143,0.65
13,0.3076923076923077,0.0,1.0,0.5652173913043478
