node,degree_cent,bet_cent,clust_coeff,close_cent
0,0.15384615384615385,0.0,1.0,0.38235294117647056
1,0.23076923076923078,0.008974358974358974,0.6666666666666666,0.40625
2,0.5384615384615385,0.21004273504273502,0.47619047619047616,0.5652173913043478
3,0.38461538461538464,0.06602564102564103,0.6,0.52
4,0.5384615384615385,0.08910256410256409,0.6666666666666666,0.65
5,0.46153846153846156,0.04375,0.7333333333333333,0.5909090909090909
6,0.6153846153846154,0.1451923076923077,0.6071428571428571,0.6842105263157895
7,0.38461538461538464,0.07371794871794872,0.7,0.5652173913043478
8,0.5384615384615385,0.28205128205128205,0.5238095238095238,0.6190476190476191
9,0.3076923076923077,0.09775641025641026,0.5,0.4482758620689655
10,0.23076923076923078,0.04967948717948718,0.6666666666666666,0.43333333333333335
11,0.15384615384615385,0.0,1.0,0.325
12,0.3076923076923077,0.0,1.0,0.5
13,0.5384615384615385,0.10037393162393161,0.6666666666666666,0.65
