node,degree_cent,bet_cent,clust_coeff,close_cent
0,0.38461538461538464,0.008547008547008546,0.8,0.43333333333333335
1,0.23076923076923078,0.0,1.0,0.40625
2,0.46153846153846156,0.057905982905982915,0.7333333333333333,0.5416666666666666
3,0.5384615384615385,0.1585470085470085,0.5714285714285714,0.5909090909090909
4,0.5384615384615385,0.3997863247863248,0.42857142857142855,0.6842105263157895
5,0.3076923076923077,0.1017094017094017,0.5,0.5652173913043478
6,0.3076923076923077,0.02072649572649573,0.6666666666666666,0.5416666666666666
7,0.38461538461538464,0.07692307692307693,0.5,0.5
8,0.46153846153846156,0.29423076923076924,0.4666666666666667,0.5909090909090909
9,0.3076923076923077,0.006837606837606838,0.8333333333333334,0.43333333333333335
10,0.23076923076923078,0.0,1.0,0.40625
11,0.3076923076923077,0.006837606837606838,0.8333333333333334,0.43333333333333335
12,0.38461538461538464,0.01730769230769231,0.9,0.52
13,0.38461538461538464,0.01730769230769231,0.9,0.52
