node,degree_cent,bet_cent,clust_coeff,close_cent
0,0.15384615384615385,0.0,1.0,0.4642857142857143
1,0.3076923076923077,0.021367521367521368,0.6666666666666666,0.5416666666666666
2,0.6923076923076923,0.37875457875457874,0.3055555555555556,0.7647058823529411
3,0.5384615384615385,0.06306471306471306,0.6666666666666666,0.6842105263157895
4,0.46153846153846156,0.05195360195360195,0.6666666666666666,0.65
5,0.38461538461538464,0.002564102564102564,0.9,0.52
6,0.38461538461538464,0.002564102564102564,0.9,0.52
7,0.46153846153846156,0.061599511599511596,0.6,0.65
8,0.6153846153846154,0.16184371184371182,0.5,0.7222222222222222
9,0.3076923076923077,0.024420024420024417,0.5,0.5416666666666666
10,0.3076923076923077,0.025885225885225883,0.5,0.5416666666666666
11,0.38461538461538464,0.047435897435897434,0.5,0.5652173913043478
12,0.23076923076923078,0.0,1.0,0.52
13,0.3076923076923077,0.01752136752136752,0.6666666666666666,0.5416666666666666
