node,degree_cent,bet_cent,clust_coeff,close_cent
0,0.3076923076923077,0.010683760683760682,0.6666666666666666,0.3939393939393939
1,0.23076923076923078,0.004273504273504273,0.6666666666666666,0.38235294117647056
2,0.5384615384615385,0.2583333333333333,0.47619047619047616,0.5416666666666666
3,0.38461538461538464,0.06816239316239314,0.6,0.5
4,0.38461538461538464,0.14273504273504273,0.6,0.5416666666666666
5,0.38461538461538464,0.3463675213675214,0.5,0.5909090909090909
6,0.3076923076923077,0.17094017094017092,0.5,0.52
7,0.38461538461538464,0.27542735042735045,0.5,0.52
8,0.38461538461538464,0.11581196581196579,0.6,0.43333333333333335
9,0.3076923076923077,0.01944444444444444,0.8333333333333334,0.3939393939393939
10,0.23076923076923078,0.0,1.0,0.325
11,0.3076923076923077,0.01944444444444444,0.8333333333333334,0.3939393939393939
12,0.38461538461538464,0.04273504273504273,0.6,0.4482758620689655
13,0.23076923076923078,0.0,1.0,0.38235294117647056
