node,degree_cent,bet_cent,clust_coeff,close_cent
0,0.5384615384615385,0.014153439153439154,0.8095238095238095,0.6842105263157895
1,0.38461538461538464,0.005820105820105819,0.9,0.6190476190476191
2,0.6923076923076923,0.04497354497354497,0.6944444444444444,0.7647058823529411
3,0.46153846153846156,0.015384615384615384,0.7333333333333333,0.5909090909090909
4,0.6153846153846154,0.029644892144892146,0.7142857142857143,0.7222222222222222
5,0.38461538461538464,0.012962962962962963,0.7,0.5909090909090909
6,0.6923076923076923,0.03803418803418804,0.6944444444444444,0.7647058823529411
7,0.5384615384615385,0.043981481481481476,0.6666666666666666,0.6842105263157895
8,0.6153846153846154,0.06302910052910053,0.6428571428571429,0.7222222222222222
9,0.3076923076923077,0.005876068376068376,0.8333333333333334,0.5652173913043478
10,0.23076923076923078,0.0,1.0,0.52
11,0.8461538461538463,0.18722018722018724,0.5272727272727272,0.8666666666666667
12,0.8461538461538463,0.09532967032967032,0.6,0.8666666666666667
13,0.5384615384615385,0.007692307692307692,0.8571428571428571,0.6842105263157895
