node,degree_cent,bet_cent,clust_coeff,close_cent
0,0.38461538461538464,0.03131868131868132,0.7,0.5416666666666666
1,0.23076923076923078,0.0,1.0,0.4642857142857143
2,0.5384615384615385,0.2746642246642247,0.38095238095238093,0.65
3,0.38461538461538464,0.03131868131868132,0.7,0.5416666666666666
4,0.38461538461538464,0.042002442002442006,0.6,0.5652173913043478
5,0.38461538461538464,0.0843101343101343,0.5,0.5416666666666666
6,0.38461538461538464,0.08437118437118438,0.4,0.5909090909090909
7,0.3076923076923077,0.05347985347985347,0.5,0.5416666666666666
8,0.46153846153846156,0.06788766788766788,0.5333333333333333,0.5652173913043478
9,0.46153846153846156,0.057387057387057384,0.5333333333333333,0.5416666666666666
10,0.23076923076923078,0.0,1.0,0.4642857142857143
11,0.46153846153846156,0.10995115995115995,0.6,0.6190476190476191
12,0.3076923076923077,0.01807081807081807,0.8333333333333334,0.5652173913043478
13,0.46153846153846156,0.08113553113553112,0.5333333333333333,0.65
