node,degree_cent,bet_cent,clust_coeff,close_cent
0,0.5384615384615385,0.01778591778591778,0.8095238095238095,0.65
1,0.6153846153846154,0.0718050468050468,0.6428571428571429,0.7222222222222222
2,0.46153846153846156,0.004273504273504273,0.8666666666666667,0.5652173913043478
3,0.46153846153846156,0.011111111111111112,0.7333333333333333,0.5652173913043478
4,0.6923076923076923,0.10599308099308101,0.6111111111111112,0.7647058823529411
5,0.5384615384615385,0.0557997557997558,0.5714285714285714,0.6842105263157895
6,0.38461538461538464,0.060052910052910045,0.5,0.6190476190476191
7,0.46153846153846156,0.07299552299552299,0.5333333333333333,0.65
8,0.3076923076923077,0.010683760683760682,0.6666666666666666,0.48148148148148145
9,0.38461538461538464,0.025763125763125762,0.6,0.5652173913043478
10,0.23076923076923078,0.011874236874236874,0.6666666666666666,0.52
11,0.6923076923076923,0.23609076109076108,0.4444444444444444,0.7647058823529411
12,0.5384615384615385,0.018070818070818073,0.7619047619047619,0.65
13,0.46153846153846156,0.015649165649165648,0.8,0.6190476190476191
