node,degree_cent,bet_cent,clust_coeff,close_cent
0,0.38461538461538464,0.038590682821452046,0.7,0.5
1,0.23076923076923078,0.003205128205128205,0.6666666666666666,0.38235294117647056
2,0.46153846153846156,0.04500093923170845,0.6666666666666666,0.52
3,0.38461538461538464,0.0542288907673523,0.6,0.5
4,0.5384615384615385,0.10556846999154691,0.5714285714285714,0.5909090909090909
5,0.46153846153846156,0.14393256316333236,0.5333333333333333,0.6190476190476191
6,0.3076923076923077,0.10614257537334461,0.5,0.5652173913043478
7,0.46153846153846156,0.33189161266084344,0.4,0.6190476190476191
8,0.38461538461538464,0.09365548980933597,0.6,0.48148148148148145
9,0.3076923076923077,0.026890203813280736,0.8333333333333334,0.4482758620689655
10,0.23076923076923078,0.0,1.0,0.35135135135135137
11,0.3076923076923077,0.026890203813280736,0.8333333333333334,0.4482758620689655
12,0.46153846153846156,0.013888888888888888,0.7333333333333333,0.52
13,0.46153846153846156,0.18960153094768478,0.6,0.6190476190476191
