node,degree_cent,bet_cent,clust_coeff,close_cent
0,0.6923076923076923,0.08090659340659341,0.6111111111111112,0.7647058823529411
1,0.5384615384615385,0.11370573870573869,0.5238095238095238,0.6842105263157895
2,0.6153846153846154,0.031105006105006102,0.7142857142857143,0.6842105263157895
3,0.46153846153846156,0.014804639804639802,0.8,0.6190476190476191
4,0.46153846153846156,0.0047008547008547015,0.8666666666666667,0.5652173913043478
5,0.46153846153846156,0.013522588522588523,0.7333333333333333,0.5909090909090909
6,0.6153846153846154,0.056059218559218554,0.6785714285714286,0.7222222222222222
7,0.5384615384615385,0.05921855921855921,0.6190476190476191,0.6842105263157895
8,0.5384615384615385,0.1246947496947497,0.5238095238095238,0.6842105263157895
9,0.46153846153846156,0.056089743589743585,0.5333333333333333,0.6190476190476191
10,0.3076923076923077,0.017628205128205128,0.6666666666666666,0.5416666666666666
11,0.23076923076923078,0.0,1.0,0.4642857142857143
12,0.6923076923076923,0.04526862026862027,0.6666666666666666,0.7222222222222222
13,0.6153846153846154,0.048962148962148955,0.6428571428571429,0.7222222222222222
