node,degree_cent,bet_cent,clust_coeff,close_cent
0,0.6923076923076923,0.05117521367521368,0.6666666666666666,0.7647058823529411
1,0.38461538461538464,0.007799145299145298,0.9,0.6190476190476191
2,0.5384615384615385,0.021474358974358974,0.7619047619047619,0.6842105263157895
3,0.46153846153846156,0.010042735042735042,0.8,0.5652173913043478
4,0.6153846153846154,0.03311965811965811,0.7142857142857143,0.7222222222222222
5,0.46153846153846156,0.013782051282051282,0.8,0.6190476190476191
6,0.6153846153846154,0.05149572649572649,0.6428571428571429,0.7222222222222222
7,0.5384615384615385,0.06025641025641026,0.6190476190476191,0.6842105263157895
8,0.38461538461538464,0.01816239316239316,0.7,0.5909090909090909
9,0.3076923076923077,0.005876068376068376,0.8333333333333334,0.5652173913043478
10,0.23076923076923078,0.0,1.0,0.52
11,0.8461538461538463,0.2688034188034188,0.45454545454545453,0.8666666666666667
12,0.7692307692307693,0.07083333333333332,0.6222222222222222,0.8125
13,0.38461538461538464,0.002564102564102564,0.9,0.6190476190476191
