node,degree_cent,bet_cent,clust_coeff,close_cent
0,0.46153846153846156,0.14369658119658119,0.4,0.65
1,0.3076923076923077,0.012713675213675212,0.8333333333333334,0.5909090909090909
2,0.38461538461538464,0.030235042735042728,0.7,0.6190476190476191
3,0.38461538461538464,0.014957264957264954,0.7,0.5416666666666666
4,0.38461538461538464,0.016559829059829057,0.7,0.5652173913043478
5,0.38461538461538464,0.01816239316239316,0.7,0.5652173913043478
6,0.38461538461538464,0.04583333333333334,0.6,0.6190476190476191
7,0.38461538461538464,0.04166666666666666,0.5,0.6190476190476191
8,0.7692307692307693,0.31079059829059835,0.3333333333333333,0.8125
9,0.3076923076923077,0.0264957264957265,0.5,0.5909090909090909
10,0.23076923076923078,0.011538461538461537,0.6666666666666666,0.5652173913043478
11,0.38461538461538464,0.05769230769230769,0.4,0.5416666666666666
12,0.23076923076923078,0.0,1.0,0.5
13,0.38461538461538464,0.07735042735042734,0.4,0.5909090909090909
