node,degree_cent,bet_cent,clust_coeff,close_cent
0,0.5384615384615385,0.23635531135531135,0.42857142857142855,0.6842105263157895
1,0.3076923076923077,0.037851037851037855,0.6666666666666666,0.5909090909090909
2,0.46153846153846156,0.11135531135531136,0.5333333333333333,0.65
3,0.3076923076923077,0.010683760683760682,0.6666666666666666,0.48148148148148145
4,0.46153846153846156,0.03934676434676434,0.6,0.5652173913043478
5,0.38461538461538464,0.023199023199023193,0.6,0.52
6,0.3076923076923077,0.005769230769230769,0.8333333333333334,0.52
7,0.38461538461538464,0.0637057387057387,0.6,0.5909090909090909
8,0.6153846153846154,0.23498168498168492,0.35714285714285715,0.7222222222222222
9,0.46153846153846156,0.11132478632478632,0.4666666666666667,0.6190476190476191
10,0.23076923076923078,0.010042735042735042,0.6666666666666666,0.52
11,0.38461538461538464,0.030982905982905987,0.6,0.52
12,0.23076923076923078,0.0,1.0,0.4642857142857143
13,0.3076923076923077,0.007478632478632477,0.8333333333333334,0.5
