node,degree_cent,bet_cent,clust_coeff,close_cent
0,0.6153846153846154,0.016666666666666666,0.7857142857142857,0.7222222222222222
1,0.5384615384615385,0.051476301476301466,0.6190476190476191,0.6842105263157895
2,0.5384615384615385,0.008333333333333333,0.8571428571428571,0.6842105263157895
3,0.5384615384615385,0.018473193473193473,0.7619047619047619,0.65
4,0.6923076923076923,0.03321678321678322,0.7222222222222222,0.7647058823529411
5,0.46153846153846156,0.01047008547008547,0.8,0.6190476190476191
6,0.6153846153846154,0.02818570318570318,0.7142857142857143,0.7222222222222222
7,0.5384615384615385,0.044522144522144515,0.6666666666666666,0.6842105263157895
8,0.5384615384615385,0.04088966588966589,0.6190476190476191,0.6842105263157895
9,0.3076923076923077,0.005439005439005438,0.8333333333333334,0.5652173913043478
10,0.3076923076923077,0.005341880341880341,0.8333333333333334,0.5652173913043478
11,0.8461538461538463,0.1635198135198135,0.5272727272727272,0.8666666666666667
12,0.8461538461538463,0.08127428127428128,0.6181818181818182,0.8666666666666667
13,0.6153846153846154,0.017832167832167834,0.7857142857142857,0.7222222222222222
