node,degree_cent,bet_cent,clust_coeff,close_cent
0,0.5384615384615385,0.02222222222222222,0.7619047619047619,0.65
1,0.7692307692307693,0.1331196581196581,0.5333333333333333,0.8125
2,0.38461538461538464,0.0,1.0,0.5652173913043478
3,0.46153846153846156,0.00641025641025641,0.8666666666666667,0.5909090909090909
4,0.6923076923076923,0.1237179487179487,0.5277777777777778,0.7647058823529411
5,0.46153846153846156,0.032478632478632474,0.6666666666666666,0.65
6,0.38461538461538464,0.043376068376068375,0.6,0.6190476190476191
7,0.46153846153846156,0.07478632478632478,0.4666666666666667,0.65
8,0.3076923076923077,0.017094017094017092,0.5,0.5
9,0.3076923076923077,0.011431623931623931,0.6666666666666666,0.5416666666666666
10,0.38461538461538464,0.0639957264957265,0.4,0.6190476190476191
11,0.5384615384615385,0.0954059829059829,0.47619047619047616,0.6842105263157895
12,0.46153846153846156,0.018269230769230774,0.7333333333333333,0.65
13,0.6153846153846154,0.03717948717948718,0.6785714285714286,0.6842105263157895
