node,degree_cent,bet_cent,clust_coeff,close_cent
0,0.6153846153846154,0.018507560815253125,0.7857142857142857,0.7222222222222222
1,0.38461538461538464,0.00440499671268902,0.9,0.6190476190476191
2,0.6153846153846154,0.021416831032215648,0.7857142857142857,0.7222222222222222
3,0.5384615384615385,0.02799145299145299,0.7142857142857143,0.6190476190476191
4,0.6923076923076923,0.036017970633355254,0.7222222222222222,0.7647058823529411
5,0.38461538461538464,0.009960552268244575,0.7,0.5909090909090909
6,0.6153846153846154,0.022507122507122505,0.75,0.7222222222222222
7,0.5384615384615385,0.04184746877054569,0.6666666666666666,0.6842105263157895
8,0.6923076923076923,0.08421542844619768,0.6111111111111112,0.7647058823529411
9,0.3076923076923077,0.005698005698005697,0.8333333333333334,0.5652173913043478
10,0.23076923076923078,0.0,1.0,0.52
11,0.8461538461538463,0.16546131930747315,0.5454545454545454,0.8666666666666667
12,0.7692307692307693,0.05060815253122946,0.6888888888888889,0.8125
13,0.7692307692307693,0.04982467674775368,0.6888888888888889,0.8125
