node,degree_cent,bet_cent,clust_coeff,close_cent
0,0.38461538461538464,0.014774114774114772,0.8,0.5
1,0.23076923076923078,0.0,1.0,0.41935483870967744
2,0.6153846153846154,0.19957264957264959,0.4642857142857143,0.6190476190476191
3,0.38461538461538464,0.014774114774114772,0.8,0.5
4,0.38461538461538464,0.017338217338217336,0.8,0.5416666666666666
5,0.46153846153846156,0.1534188034188034,0.6,0.6190476190476191
6,0.5384615384615385,0.1907509157509157,0.47619047619047616,0.6842105263157895
7,0.46153846153846156,0.2025946275946276,0.4666666666666667,0.6190476190476191
8,0.46153846153846156,0.17051282051282052,0.5333333333333333,0.5652173913043478
9,0.3076923076923077,0.011141636141636142,0.8333333333333334,0.4482758620689655
10,0.23076923076923078,0.0,1.0,0.3939393939393939
11,0.3076923076923077,0.011141636141636142,0.8333333333333334,0.4482758620689655
12,0.23076923076923078,0.0,1.0,0.5
13,0.38461538461538464,0.09090354090354089,0.6,0.6190476190476191
