node,degree_cent,bet_cent,clust_coeff,close_cent
0,0.7692307692307693,0.06504649196956888,0.6444444444444445,0.8125
1,0.38461538461538464,0.007716962524654832,0.9,0.6190476190476191
2,0.6153846153846154,0.023446745562130177,0.7857142857142857,0.7222222222222222
3,0.46153846153846156,0.014743589743589742,0.7333333333333333,0.5652173913043478
4,0.6153846153846154,0.029551751667136285,0.75,0.7222222222222222
5,0.38461538461538464,0.012976660092044706,0.7,0.5909090909090909
6,0.6923076923076923,0.06500422654268807,0.6388888888888888,0.7647058823529411
7,0.5384615384615385,0.06390180332488025,0.5714285714285714,0.6842105263157895
8,0.38461538461538464,0.01862026862026862,0.7,0.5909090909090909
9,0.3076923076923077,0.006105006105006104,0.8333333333333334,0.5652173913043478
10,0.23076923076923078,0.0,1.0,0.52
11,0.8461538461538463,0.25189372593218745,0.4909090909090909,0.8666666666666667
12,0.6923076923076923,0.0435568704799474,0.6944444444444444,0.7647058823529411
13,0.46153846153846156,0.0,1.0,0.65
