node,degree_cent,bet_cent,clust_coeff,close_cent
0,0.6923076923076923,0.17847985347985348,0.4722222222222222,0.7647058823529411
1,0.3076923076923077,0.004273504273504273,0.8333333333333334,0.5
2,0.46153846153846156,0.040873015873015874,0.6,0.6190476190476191
3,0.38461538461538464,0.016788766788766785,0.7,0.5416666666666666
4,0.38461538461538464,0.013583638583638584,0.7,0.5652173913043478
5,0.38461538461538464,0.040140415140415144,0.6,0.5909090909090909
6,0.5384615384615385,0.09203296703296703,0.47619047619047616,0.6842105263157895
7,0.38461538461538464,0.04288766788766789,0.6,0.5909090909090909
8,0.46153846153846156,0.052472527472527467,0.6,0.5909090909090909
9,0.38461538461538464,0.020726495726495726,0.7,0.5416666666666666
10,0.23076923076923078,0.0,1.0,0.4642857142857143
11,0.46153846153846156,0.10989010989010986,0.5333333333333333,0.65
12,0.46153846153846156,0.05103785103785104,0.6,0.65
13,0.6153846153846154,0.1316849816849817,0.5,0.7222222222222222
