node,degree_cent,bet_cent,clust_coeff,close_cent
0,0.6153846153846154,0.023736802413273,0.7857142857142857,0.7222222222222222
1,0.38461538461538464,0.007484917043740572,0.9,0.6190476190476191
2,0.6153846153846154,0.023736802413273,0.7857142857142857,0.7222222222222222
3,0.46153846153846156,0.015384615384615384,0.7333333333333333,0.5652173913043478
4,0.6923076923076923,0.046087409322703436,0.6944444444444444,0.7647058823529411
5,0.38461538461538464,0.009948466566113624,0.8,0.5909090909090909
6,0.6923076923076923,0.0516645119586296,0.6666666666666666,0.7647058823529411
7,0.5384615384615385,0.058504812181282756,0.6190476190476191,0.6842105263157895
8,0.46153846153846156,0.034004884004884,0.6,0.6190476190476191
9,0.3076923076923077,0.006105006105006104,0.8333333333333334,0.5652173913043478
10,0.23076923076923078,0.0,1.0,0.52
11,0.8461538461538463,0.22722922502334267,0.509090909090909,0.8666666666666667
12,0.7692307692307693,0.06788228111757523,0.6444444444444445,0.8125
13,0.5384615384615385,0.017973856209150325,0.8095238095238095,0.6842105263157895
