node,degree_cent,bet_cent,clust_coeff,close_cent
0,0.6923076923076923,0.03181725681725682,0.7222222222222222,0.7647058823529411
1,0.46153846153846156,0.01116198616198616,0.8,0.65
2,0.6153846153846154,0.03343508343508343,0.7142857142857143,0.7222222222222222
3,0.46153846153846156,0.008974358974358974,0.8,0.5909090909090909
4,0.6153846153846154,0.02284289784289784,0.75,0.7222222222222222
5,0.46153846153846156,0.015527065527065526,0.7333333333333333,0.6190476190476191
6,0.6923076923076923,0.0349002849002849,0.6944444444444444,0.7647058823529411
7,0.5384615384615385,0.04750712250712251,0.6190476190476191,0.6842105263157895
8,0.5384615384615385,0.05245217745217746,0.6190476190476191,0.6842105263157895
9,0.3076923076923077,0.005698005698005697,0.8333333333333334,0.5652173913043478
10,0.23076923076923078,0.0,1.0,0.52
11,0.8461538461538463,0.19135124135124137,0.5272727272727272,0.8666666666666667
12,0.8461538461538463,0.08151200651200652,0.6181818181818182,0.8666666666666667
13,0.5384615384615385,0.014102564102564103,0.7619047619047619,0.6842105263157895
