node,degree_cent,bet_cent,clust_coeff,close_cent
0,0.38461538461538464,0.03250915750915751,0.7,0.5416666666666666
1,0.23076923076923078,0.0,1.0,0.4642857142857143
2,0.5384615384615385,0.26404151404151405,0.38095238095238093,0.65
3,0.38461538461538464,0.03250915750915751,0.7,0.5416666666666666
4,0.38461538461538464,0.045024420024420024,0.6,0.5652173913043478
5,0.38461538461538464,0.0963064713064713,0.5,0.5416666666666666
6,0.38461538461538464,0.10882173382173382,0.3,0.5909090909090909
7,0.3076923076923077,0.06349206349206349,0.5,0.52
8,0.38461538461538464,0.06639194139194138,0.5,0.5416666666666666
9,0.3076923076923077,0.025030525030525032,0.6666666666666666,0.5
10,0.23076923076923078,0.0,1.0,0.4642857142857143
11,0.46153846153846156,0.21413308913308912,0.4,0.6190476190476191
12,0.23076923076923078,0.0,1.0,0.52
13,0.3076923076923077,0.03891941391941391,0.5,0.5909090909090909
