node,degree_cent,bet_cent,clust_coeff,close_cent
0,0.38461538461538464,0.003205128205128205,0.9,0.5909090909090909
1,0.38461538461538464,0.01198107448107448,0.8,0.6190476190476191
2,0.8461538461538463,0.22931929181929178,0.41818181818181815,0.8666666666666667
3,0.5384615384615385,0.06372100122100122,0.5714285714285714,0.6842105263157895
4,0.3076923076923077,0.009132071632071631,0.8333333333333334,0.5909090909090909
5,0.3076923076923077,0.009615384615384616,0.6666666666666666,0.52
6,0.6923076923076923,0.14842796092796093,0.4444444444444444,0.7647058823529411
7,0.3076923076923077,0.014830077330077329,0.6666666666666666,0.5909090909090909
8,0.46153846153846156,0.026709401709401705,0.6666666666666666,0.65
9,0.6923076923076923,0.1150030525030525,0.5277777777777778,0.7647058823529411
10,0.38461538461538464,0.008547008547008546,0.8,0.5909090909090909
11,0.46153846153846156,0.026709401709401705,0.6666666666666666,0.6190476190476191
12,0.3076923076923077,0.012286324786324784,0.6666666666666666,0.5909090909090909
13,0.23076923076923078,0.0,1.0,0.5652173913043478
