node,degree_cent,bet_cent,clust_coeff,close_cent
0,0.23076923076923078,0.0,1.0,0.4482758620689655
1,0.3076923076923077,0.046438746438746424,0.6666666666666666,0.5416666666666666
2,0.6923076923076923,0.18696581196581194,0.4722222222222222,0.6842105263157895
3,0.38461538461538464,0.0235042735042735,0.6,0.48148148148148145
4,0.46153846153846156,0.028133903133903137,0.6666666666666666,0.5416666666666666
5,0.38461538461538464,0.033547008547008546,0.7,0.5652173913043478
6,0.5384615384615385,0.14145299145299145,0.5714285714285714,0.65
7,0.5384615384615385,0.3252136752136752,0.38095238095238093,0.6842105263157895
8,0.3076923076923077,0.12329059829059827,0.5,0.5416666666666666
9,0.3076923076923077,0.1606837606837607,0.5,0.5
10,0.23076923076923078,0.015384615384615387,0.6666666666666666,0.3939393939393939
11,0.15384615384615385,0.0,1.0,0.35135135135135137
12,0.38461538461538464,0.017948717948717947,0.8,0.5652173913043478
13,0.3076923076923077,0.0,1.0,0.5
