node,degree_cent,bet_cent,clust_coeff,close_cent
0,0.38461538461538464,0.008547008547008546,0.8,0.40625
1,0.23076923076923078,0.0,1.0,0.38235294117647056
2,0.46153846153846156,0.032585470085470074,0.7333333333333333,0.4642857142857143
3,0.5384615384615385,0.16485042735042735,0.6190476190476191,0.5416666666666666
4,0.46153846153846156,0.19145299145299144,0.6,0.5652173913043478
5,0.38461538461538464,0.3136752136752136,0.5,0.5909090909090909
6,0.3076923076923077,0.19038461538461537,0.5,0.5416666666666666
7,0.38461538461538464,0.2784188034188034,0.4,0.52
8,0.3076923076923077,0.11025641025641025,0.5,0.43333333333333335
9,0.3076923076923077,0.021153846153846155,0.6666666666666666,0.3939393939393939
10,0.23076923076923078,0.004273504273504273,0.6666666666666666,0.3333333333333333
11,0.23076923076923078,0.016880341880341883,0.6666666666666666,0.38235294117647056
12,0.38461538461538464,0.008012820512820512,0.9,0.4482758620689655
13,0.46153846153846156,0.06976495726495725,0.7333333333333333,0.52
