node,degree_cent,bet_cent,clust_coeff,close_cent
0,0.46153846153846156,0.02698412698412698,0.8,0.6190476190476191
1,0.38461538461538464,0.02863247863247863,0.7,0.52
2,0.6153846153846154,0.19108669108669107,0.5,0.7222222222222222
3,0.3076923076923077,0.05555555555555555,0.5,0.5416666666666666
4,0.38461538461538464,0.06047008547008545,0.5,0.5909090909090909
5,0.3076923076923077,0.020299145299145296,0.6666666666666666,0.48148148148148145
6,0.3076923076923077,0.025213675213675214,0.6666666666666666,0.5416666666666666
7,0.38461538461538464,0.07307692307692308,0.5,0.5652173913043478
8,0.6153846153846154,0.23128815628815624,0.39285714285714285,0.7222222222222222
9,0.3076923076923077,0.024358974358974356,0.6666666666666666,0.5416666666666666
10,0.23076923076923078,0.0,1.0,0.48148148148148145
11,0.5384615384615385,0.10097680097680095,0.5714285714285714,0.65
12,0.46153846153846156,0.02698412698412698,0.8,0.6190476190476191
13,0.38461538461538464,0.006868131868131868,0.9,0.5416666666666666
