node,degree_cent,bet_cent,clust_coeff,close_cent
0,0.3076923076923077,0.04252136752136752,0.5,0.5909090909090909
1,0.23076923076923078,0.009615384615384616,0.6666666666666666,0.5416666666666666
2,0.8461538461538463,0.3639957264957265,0.34545454545454546,0.8666666666666667
3,0.3076923076923077,0.01282051282051282,0.6666666666666666,0.5416666666666666
4,0.3076923076923077,0.004273504273504273,0.8333333333333334,0.5416666666666666
5,0.46153846153846156,0.03685897435897436,0.6,0.6190476190476191
6,0.5384615384615385,0.05769230769230768,0.5714285714285714,0.6842105263157895
7,0.38461538461538464,0.05224358974358973,0.6,0.6190476190476191
8,0.5384615384615385,0.0971153846153846,0.5238095238095238,0.6842105263157895
9,0.3076923076923077,0.012820512820512818,0.6666666666666666,0.5
10,0.3076923076923077,0.013247863247863246,0.6666666666666666,0.5
11,0.46153846153846156,0.06495726495726496,0.5333333333333333,0.65
12,0.38461538461538464,0.022435897435897433,0.7,0.6190476190476191
13,0.3076923076923077,0.004273504273504273,0.8333333333333334,0.5416666666666666
