node,degree_cent,bet_cent,clust_coeff,close_cent
0,0.3076923076923077,0.008547008547008546,0.6666666666666666,0.43333333333333335
1,0.23076923076923078,0.003205128205128205,0.6666666666666666,0.41935483870967744
2,0.6153846153846154,0.2232905982905983,0.5357142857142857,0.6190476190476191
3,0.46153846153846156,0.04059829059829059,0.6666666666666666,0.52
4,0.46153846153846156,0.05555555555555556,0.7333333333333333,0.5652173913043478
5,0.46153846153846156,0.20940170940170938,0.6,0.6190476190476191
6,0.38461538461538464,0.26816239316239315,0.5,0.6190476190476191
7,0.38461538461538464,0.2168803418803419,0.5,0.5416666666666666
8,0.38461538461538464,0.15384615384615385,0.6,0.5
9,0.3076923076923077,0.011752136752136752,0.8333333333333334,0.40625
10,0.23076923076923078,0.0,1.0,0.3611111111111111
11,0.3076923076923077,0.011752136752136752,0.8333333333333334,0.40625
12,0.46153846153846156,0.03311965811965812,0.7333333333333333,0.52
13,0.38461538461538464,0.007478632478632477,0.8,0.4482758620689655
