node,degree_cent,bet_cent,clust_coeff,close_cent
0,0.23076923076923078,0.0,1.0,0.52
1,0.23076923076923078,0.0,1.0,0.52
2,0.7692307692307693,0.14823463573463572,0.5555555555555556,0.8125
3,0.7692307692307693,0.1494149369149369,0.5333333333333333,0.8125
4,0.6153846153846154,0.024465811965811962,0.75,0.7222222222222222
5,0.3076923076923077,0.0,1.0,0.5909090909090909
6,0.6923076923076923,0.06708384208384208,0.6111111111111112,0.7647058823529411
7,0.7692307692307693,0.07295991045991046,0.6444444444444445,0.8125
8,0.5384615384615385,0.01644790394790395,0.8095238095238095,0.6842105263157895
9,0.38461538461538464,0.0016025641025641025,0.9,0.5652173913043478
10,0.46153846153846156,0.004166666666666667,0.8666666666666667,0.5909090909090909
11,0.6923076923076923,0.0675111925111925,0.6388888888888888,0.7647058823529411
12,0.6923076923076923,0.037856125356125356,0.7222222222222222,0.7647058823529411
13,0.38461538461538464,0.0,1.0,0.6190476190476191
