node,degree_cent,bet_cent,clust_coeff,close_cent
0,0.6153846153846154,0.01826923076923077,0.7857142857142857,0.7222222222222222
1,0.46153846153846156,0.011004273504273503,0.8,0.65
2,0.5384615384615385,0.013568376068376069,0.8095238095238095,0.6842105263157895
3,0.46153846153846156,0.012179487179487178,0.7333333333333333,0.5909090909090909
4,0.6153846153846154,0.023326210826210825,0.75,0.7222222222222222
5,0.46153846153846156,0.015705128205128205,0.7333333333333333,0.6190476190476191
6,0.6923076923076923,0.043660968660968656,0.6666666666666666,0.7647058823529411
7,0.5384615384615385,0.04529914529914529,0.6666666666666666,0.6842105263157895
8,0.46153846153846156,0.033653846153846145,0.6666666666666666,0.65
9,0.3076923076923077,0.005698005698005697,0.8333333333333334,0.5652173913043478
10,0.23076923076923078,0.0,1.0,0.52
11,0.8461538461538463,0.21684472934472931,0.509090909090909,0.8666666666666667
12,0.8461538461538463,0.09932336182336184,0.6,0.8666666666666667
13,0.6153846153846154,0.02556980056980057,0.7142857142857143,0.7222222222222222
