node,degree_cent,bet_cent,clust_coeff,close_cent
0,0.3076923076923077,0.004273504273504273,0.8333333333333334,0.43333333333333335
1,0.3076923076923077,0.006837606837606838,0.8333333333333334,0.4482758620689655
2,0.5384615384615385,0.3976495726495727,0.38095238095238093,0.6190476190476191
3,0.38461538461538464,0.06965811965811966,0.5,0.48148148148148145
4,0.3076923076923077,0.055982905982905985,0.5,0.52
5,0.3076923076923077,0.05235042735042736,0.5,0.5
6,0.3076923076923077,0.07905982905982904,0.5,0.5
7,0.38461538461538464,0.38076923076923075,0.3,0.6190476190476191
8,0.38461538461538464,0.172008547008547,0.5,0.5
9,0.23076923076923078,0.0,1.0,0.3611111111111111
10,0.23076923076923078,0.0,1.0,0.3611111111111111
11,0.3076923076923077,0.09401709401709402,0.6666666666666666,0.4642857142857143
12,0.38461538461538464,0.020726495726495726,0.7,0.4642857142857143
13,0.23076923076923078,0.0,1.0,0.41935483870967744
