node,degree_cent,bet_cent,clust_coeff,close_cent
0,0.46153846153846156,0.02991452991452991,0.6,0.6190476190476191
1,0.38461538461538464,0.011645299145299146,0.7,0.6190476190476191
2,0.5384615384615385,0.039423076923076915,0.6190476190476191,0.6842105263157895
3,0.5384615384615385,0.0530982905982906,0.6666666666666666,0.6842105263157895
4,0.46153846153846156,0.02478632478632479,0.8,0.65
5,0.3076923076923077,0.0,1.0,0.48148148148148145
6,0.38461538461538464,0.015705128205128205,0.9,0.6190476190476191
7,0.5384615384615385,0.05918803418803419,0.6666666666666666,0.6842105263157895
8,0.9230769230769231,0.35491452991452993,0.4090909090909091,0.9285714285714286
9,0.5384615384615385,0.060042735042735045,0.5238095238095238,0.6842105263157895
10,0.3076923076923077,0.0,1.0,0.5652173913043478
11,0.46153846153846156,0.015384615384615384,0.7333333333333333,0.6190476190476191
12,0.3076923076923077,0.0,1.0,0.5652173913043478
13,0.46153846153846156,0.015384615384615384,0.7333333333333333,0.6190476190476191
