node,degree_cent,bet_cent,clust_coeff,close_cent
0,0.5384615384615385,0.012622100122100122,0.8095238095238095,0.6842105263157895
1,0.46153846153846156,0.010485347985347983,0.8,0.65
2,0.6153846153846154,0.029487179487179483,0.7142857142857143,0.7222222222222222
3,0.46153846153846156,0.016025641025641024,0.7333333333333333,0.5909090909090909
4,0.6923076923076923,0.04591982091982093,0.6666666666666666,0.7647058823529411
5,0.38461538461538464,0.013034188034188033,0.7,0.5909090909090909
6,0.6153846153846154,0.02284289784289784,0.75,0.7222222222222222
7,0.5384615384615385,0.04209401709401709,0.6666666666666666,0.6842105263157895
8,0.6923076923076923,0.083491045991046,0.6111111111111112,0.7647058823529411
9,0.3076923076923077,0.005698005698005697,0.8333333333333334,0.5652173913043478
10,0.23076923076923078,0.0,1.0,0.52
11,0.8461538461538463,0.16276455026455022,0.5454545454545454,0.8666666666666667
12,0.8461538461538463,0.08245828245828245,0.6181818181818182,0.8666666666666667
13,0.6153846153846154,0.024358974358974363,0.7142857142857143,0.7222222222222222
