node,degree_cent,bet_cent,clust_coeff,close_cent
0,0.7692307692307693,0.08037240537240538,0.6,0.8125
1,0.5384615384615385,0.05316442816442816,0.6190476190476191,0.6842105263157895
2,0.5384615384615385,0.01572039072039072,0.8095238095238095,0.6842105263157895
3,0.38461538461538464,0.014245014245014245,0.7,0.5652173913043478
4,0.6153846153846154,0.04285714285714286,0.6428571428571429,0.7222222222222222
5,0.38461538461538464,0.016503866503866503,0.7,0.5909090909090909
6,0.5384615384615385,0.026139601139601138,0.7142857142857143,0.6842105263157895
7,0.5384615384615385,0.05252340252340252,0.6190476190476191,0.6842105263157895
8,0.5384615384615385,0.042806267806267805,0.5714285714285714,0.65
9,0.3076923076923077,0.005698005698005697,0.8333333333333334,0.5652173913043478
10,0.3076923076923077,0.012159137159137159,0.6666666666666666,0.5652173913043478
11,0.8461538461538463,0.15390720390720392,0.5272727272727272,0.8666666666666667
12,0.6923076923076923,0.042592592592592585,0.6666666666666666,0.7647058823529411
13,0.5384615384615385,0.018233618233618232,0.7619047619047619,0.6842105263157895
