node,degree_cent,bet_cent,clust_coeff,close_cent
0,0.46153846153846156,0.05056980056980057,0.5333333333333333,0.5909090909090909
1,0.23076923076923078,0.004273504273504273,0.6666666666666666,0.48148148148148145
2,0.6153846153846154,0.19095441595441595,0.39285714285714285,0.7222222222222222
3,0.3076923076923077,0.012108262108262107,0.6666666666666666,0.52
4,0.3076923076923077,0.01111111111111111,0.6666666666666666,0.5416666666666666
5,0.46153846153846156,0.0623931623931624,0.4666666666666667,0.6190476190476191
6,0.6153846153846154,0.11424501424501425,0.5,0.7222222222222222
7,0.5384615384615385,0.07371794871794873,0.5714285714285714,0.65
8,0.46153846153846156,0.04358974358974359,0.6666666666666666,0.5909090909090909
9,0.3076923076923077,0.00641025641025641,0.8333333333333334,0.5
10,0.23076923076923078,0.0,1.0,0.4642857142857143
11,0.6153846153846154,0.17129629629629625,0.5357142857142857,0.7222222222222222
12,0.5384615384615385,0.047720797720797715,0.6666666666666666,0.6842105263157895
13,0.46153846153846156,0.0193019943019943,0.7333333333333333,0.65
