node,degree_cent,bet_cent,clust_coeff,close_cent
0,0.5384615384615385,0.012062937062937061,0.8095238095238095,0.6842105263157895
1,0.46153846153846156,0.03523698523698523,0.6666666666666666,0.65
2,0.6923076923076923,0.0392968142968143,0.6944444444444444,0.7647058823529411
3,0.46153846153846156,0.016666666666666666,0.7333333333333333,0.6190476190476191
4,0.6923076923076923,0.03801476301476302,0.6944444444444444,0.7647058823529411
5,0.38461538461538464,0.008003108003108002,0.8,0.5909090909090909
6,0.6923076923076923,0.0329059829059829,0.7222222222222222,0.7647058823529411
7,0.6153846153846154,0.05221445221445221,0.6785714285714286,0.7222222222222222
8,0.6153846153846154,0.05318570318570318,0.6428571428571429,0.7222222222222222
9,0.3076923076923077,0.005555555555555556,0.8333333333333334,0.5652173913043478
10,0.3076923076923077,0.01078088578088578,0.6666666666666666,0.5652173913043478
11,0.8461538461538463,0.13360528360528362,0.5636363636363636,0.8666666666666667
12,0.8461538461538463,0.08383838383838384,0.6181818181818182,0.8666666666666667
13,0.5384615384615385,0.004273504273504273,0.9047619047619048,0.6842105263157895
