node,degree_cent,bet_cent,clust_coeff,close_cent
0,0.3076923076923077,0.015206552706552707,0.6666666666666666,0.5909090909090909
1,0.6153846153846154,0.07378917378917378,0.6071428571428571,0.7222222222222222
2,0.46153846153846156,0.020299145299145296,0.6666666666666666,0.5909090909090909
3,0.38461538461538464,0.030448717948717948,0.6,0.5652173913043478
4,0.6923076923076923,0.15658831908831908,0.4722222222222222,0.7647058823529411
5,0.3076923076923077,0.014957264957264954,0.6666666666666666,0.5416666666666666
6,0.3076923076923077,0.009081196581196582,0.8333333333333334,0.5909090909090909
7,0.38461538461538464,0.04522792022792022,0.6,0.6190476190476191
8,0.7692307692307693,0.2592592592592593,0.37777777777777777,0.8125
9,0.3076923076923077,0.017628205128205128,0.6666666666666666,0.5416666666666666
10,0.23076923076923078,0.0,1.0,0.5
11,0.46153846153846156,0.052884615384615384,0.6,0.6190476190476191
12,0.46153846153846156,0.0176994301994302,0.8,0.65
13,0.46153846153846156,0.0176994301994302,0.8,0.65
