node,degree_cent,bet_cent,clust_coeff,close_cent
0,0.3076923076923077,0.0,1.0,0.52
1,0.5384615384615385,0.07722832722832722,0.6190476190476191,0.6842105263157895
2,0.38461538461538464,0.012210012210012208,0.8,0.5652173913043478
3,0.38461538461538464,0.019230769230769232,0.7,0.5416666666666666
4,0.7692307692307693,0.25195360195360195,0.4222222222222222,0.8125
5,0.3076923076923077,0.017094017094017092,0.6666666666666666,0.5416666666666666
6,0.38461538461538464,0.03336385836385836,0.7,0.6190476190476191
7,0.38461538461538464,0.03336385836385836,0.7,0.6190476190476191
8,0.6923076923076923,0.21388888888888885,0.4444444444444444,0.7647058823529411
9,0.38461538461538464,0.03443223443223443,0.6,0.5416666666666666
10,0.23076923076923078,0.0,1.0,0.48148148148148145
11,0.38461538461538464,0.03098290598290598,0.6,0.5416666666666666
12,0.38461538461538464,0.017704517704517704,0.8,0.6190476190476191
13,0.46153846153846156,0.05341880341880342,0.6666666666666666,0.65
