node,degree_cent,bet_cent,clust_coeff,close_cent
0,0.6923076923076923,0.07441724941724942,0.5833333333333334,0.7647058823529411
1,0.46153846153846156,0.054001554001554,0.6,0.65
2,0.5384615384615385,0.03393550893550893,0.6666666666666666,0.6842105263157895
3,0.38461538461538464,0.016656954156954156,0.7,0.5652173913043478
4,0.5384615384615385,0.032672882672882674,0.6190476190476191,0.6190476190476191
5,0.38461538461538464,0.018783993783993782,0.7,0.5909090909090909
6,0.6153846153846154,0.051554001554001555,0.6428571428571429,0.7222222222222222
7,0.6153846153846154,0.07871989121989122,0.5714285714285714,0.7222222222222222
8,0.46153846153846156,0.03331390831390831,0.6666666666666666,0.6190476190476191
9,0.3076923076923077,0.005876068376068376,0.8333333333333334,0.5416666666666666
10,0.3076923076923077,0.016122766122766124,0.6666666666666666,0.5416666666666666
11,0.7692307692307693,0.14383255633255632,0.5111111111111111,0.8125
12,0.6153846153846154,0.033527583527583525,0.6785714285714286,0.7222222222222222
13,0.5384615384615385,0.03479020979020979,0.6666666666666666,0.6842105263157895
