node,degree_cent,bet_cent,clust_coeff,close_cent
0,0.23076923076923078,0.0,1.0,0.5416666666666666
1,0.23076923076923078,0.0,1.0,0.5416666666666666
2,0.8461538461538463,0.1858974358974359,0.5454545454545454,0.8666666666666667
3,0.6923076923076923,0.10897435897435898,0.5555555555555556,0.7647058823529411
4,0.6153846153846154,0.021794871794871794,0.7857142857142857,0.7222222222222222
5,0.3076923076923077,0.0,1.0,0.5652173913043478
6,0.7692307692307693,0.05726495726495726,0.6666666666666666,0.8125
7,0.6923076923076923,0.0438034188034188,0.6944444444444444,0.7647058823529411
8,0.46153846153846156,0.021581196581196577,0.7333333333333333,0.65
9,0.5384615384615385,0.023717948717948717,0.7619047619047619,0.6842105263157895
10,0.3076923076923077,0.007905982905982906,0.5,0.52
11,0.6153846153846154,0.03653846153846155,0.7142857142857143,0.7222222222222222
12,0.6923076923076923,0.02435897435897436,0.75,0.7647058823529411
13,0.5384615384615385,0.04508547008547009,0.7142857142857143,0.6842105263157895
