node,degree_cent,bet_cent,clust_coeff,close_cent
0,0.23076923076923078,0.0,1.0,0.52
1,0.23076923076923078,0.0,1.0,0.52
2,0.7692307692307693,0.16080586080586076,0.5777777777777777,0.8125
3,0.6923076923076923,0.1175213675213675,0.5833333333333334,0.7647058823529411
4,0.6153846153846154,0.020421245421245418,0.7857142857142857,0.7222222222222222
5,0.3076923076923077,0.0,1.0,0.5909090909090909
6,0.6923076923076923,0.05854700854700853,0.6388888888888888,0.7647058823529411
7,0.8461538461538463,0.10119047619047618,0.6181818181818182,0.8666666666666667
8,0.5384615384615385,0.020207570207570205,0.7619047619047619,0.6842105263157895
9,0.38461538461538464,0.004395604395604396,0.8,0.5652173913043478
10,0.46153846153846156,0.007905982905982906,0.8,0.5909090909090909
11,0.6153846153846154,0.0311965811965812,0.7142857142857143,0.7222222222222222
12,0.6923076923076923,0.03131868131868132,0.75,0.7647058823529411
13,0.6153846153846154,0.023412698412698413,0.7857142857142857,0.7222222222222222
