node,degree_cent,bet_cent,clust_coeff,close_cent
0,0.38461538461538464,0.013939763939763938,0.8,0.4482758620689655
1,0.23076923076923078,0.0,1.0,0.38235294117647056
2,0.46153846153846156,0.03428978428978429,0.6666666666666666,0.4642857142857143
3,0.5384615384615385,0.14175824175824175,0.5714285714285714,0.5416666666666666
4,0.38461538461538464,0.06002238502238502,0.7,0.5416666666666666
5,0.38461538461538464,0.19898249898249898,0.6,0.5909090909090909
6,0.38461538461538464,0.2743589743589744,0.5,0.5909090909090909
7,0.38461538461538464,0.21245421245421242,0.5,0.52
8,0.38461538461538464,0.1561864061864062,0.6,0.48148148148148145
9,0.3076923076923077,0.01103988603988604,0.8333333333333334,0.3939393939393939
10,0.23076923076923078,0.0,1.0,0.35135135135135137
11,0.3076923076923077,0.01103988603988604,0.8333333333333334,0.3939393939393939
12,0.3076923076923077,0.0,1.0,0.43333333333333335
13,0.5384615384615385,0.2192612942612943,0.5714285714285714,0.5909090909090909
