node,degree_cent,bet_cent,clust_coeff,close_cent
0,0.7692307692307693,0.056072132995209925,0.6444444444444445,0.8125
1,0.38461538461538464,0.0,1.0,0.6190476190476191
2,0.6153846153846154,0.041542218465295384,0.6785714285714286,0.7222222222222222
3,0.5384615384615385,0.023462008077392692,0.7142857142857143,0.6842105263157895
4,0.6153846153846154,0.02868178829717291,0.6785714285714286,0.7222222222222222
5,0.38461538461538464,0.005128205128205128,0.8,0.5909090909090909
6,0.6153846153846154,0.03406358598666291,0.6785714285714286,0.7222222222222222
7,0.6153846153846154,0.07038837231144922,0.5714285714285714,0.7222222222222222
8,0.46153846153846156,0.021203155818540435,0.6666666666666666,0.65
9,0.3076923076923077,0.0052596975673898745,0.8333333333333334,0.5909090909090909
10,0.38461538461538464,0.014957264957264954,0.7,0.5909090909090909
11,0.8461538461538463,0.1509533201840894,0.509090909090909,0.8666666666666667
12,0.6923076923076923,0.03238705738705738,0.6944444444444444,0.7647058823529411
13,0.6153846153846154,0.041542218465295384,0.6428571428571429,0.7222222222222222
