node,degree_cent,bet_cent,clust_coeff,close_cent
0,0.6923076923076923,0.028861416361416356,0.7777777777777778,0.6842105263157895
1,0.3076923076923077,0.005570818070818071,0.8333333333333334,0.5416666666666666
2,0.6923076923076923,0.028861416361416356,0.7777777777777778,0.6842105263157895
3,0.46153846153846156,0.009615384615384616,0.8,0.5416666666666666
4,0.6153846153846154,0.010699023199023197,0.8928571428571429,0.65
5,0.6153846153846154,0.010699023199023197,0.8928571428571429,0.65
6,0.6153846153846154,0.03739316239316239,0.8214285714285714,0.6842105263157895
7,0.7692307692307693,0.29304029304029305,0.5777777777777777,0.8125
8,0.38461538461538464,0.13431013431013428,0.5,0.6190476190476191
9,0.3076923076923077,0.1533119658119658,0.5,0.5652173913043478
10,0.23076923076923078,0.016559829059829057,0.6666666666666666,0.43333333333333335
11,0.15384615384615385,0.0,1.0,0.38235294117647056
12,0.6923076923076923,0.07876984126984128,0.75,0.7222222222222222
13,0.5384615384615385,0.0,1.0,0.6190476190476191
