node,degree_cent,bet_cent,clust_coeff,close_cent
0,0.23076923076923078,0.0,1.0,0.52
1,0.23076923076923078,0.0,1.0,0.52
2,0.7692307692307693,0.14843304843304841,0.5777777777777777,0.8125
3,0.7692307692307693,0.14526353276353277,0.5555555555555556,0.8125
4,0.6153846153846154,0.022756410256410255,0.7857142857142857,0.7222222222222222
5,0.3076923076923077,0.0,1.0,0.5652173913043478
6,0.6923076923076923,0.047044159544159546,0.7222222222222222,0.7647058823529411
7,0.6923076923076923,0.047044159544159546,0.7222222222222222,0.7647058823529411
8,0.5384615384615385,0.03639601139601139,0.7619047619047619,0.6842105263157895
9,0.46153846153846156,0.016025641025641024,0.8,0.5909090909090909
10,0.23076923076923078,0.0,1.0,0.5
11,0.7692307692307693,0.1168091168091168,0.6444444444444445,0.8125
12,0.6923076923076923,0.03561253561253561,0.75,0.7647058823529411
13,0.38461538461538464,0.0,1.0,0.6190476190476191
