node,degree_cent,bet_cent,clust_coeff,close_cent
0,0.38461538461538464,0.01282051282051282,0.7,0.4482758620689655
1,0.23076923076923078,0.0,1.0,0.41935483870967744
2,0.5384615384615385,0.12022283272283273,0.6190476190476191,0.5909090909090909
3,0.5384615384615385,0.04713064713064713,0.6666666666666666,0.5416666666666666
4,0.46153846153846156,0.008440170940170941,0.8666666666666667,0.5652173913043478
5,0.5384615384615385,0.15262515262515264,0.6666666666666666,0.65
6,0.5384615384615385,0.31628510378510377,0.5238095238095238,0.6842105263157895
7,0.38461538461538464,0.1926282051282051,0.5,0.5652173913043478
8,0.38461538461538464,0.17115384615384616,0.6,0.5416666666666666
9,0.3076923076923077,0.00908119658119658,0.8333333333333334,0.41935483870967744
10,0.23076923076923078,0.0,1.0,0.38235294117647056
11,0.3076923076923077,0.00908119658119658,0.8333333333333334,0.41935483870967744
12,0.5384615384615385,0.03902625152625152,0.7619047619047619,0.5909090909090909
13,0.46153846153846156,0.03688949938949939,0.7333333333333333,0.5652173913043478
