node,degree_cent,bet_cent,clust_coeff,close_cent
0,0.23076923076923078,0.0,1.0,0.52
1,0.23076923076923078,0.0,1.0,0.52
2,0.7692307692307693,0.14981684981684978,0.5555555555555556,0.8125
3,0.7692307692307693,0.14847374847374847,0.5333333333333333,0.8125
4,0.5384615384615385,0.018589743589743593,0.7619047619047619,0.6842105263157895
5,0.3076923076923077,0.0021367521367521365,0.8333333333333334,0.5909090909090909
6,0.6923076923076923,0.05412087912087912,0.6666666666666666,0.7647058823529411
7,0.6923076923076923,0.07255799755799755,0.6388888888888888,0.7647058823529411
8,0.5384615384615385,0.018864468864468867,0.8095238095238095,0.6842105263157895
9,0.38461538461538464,0.002564102564102564,0.9,0.5652173913043478
10,0.38461538461538464,0.002564102564102564,0.9,0.5652173913043478
11,0.7692307692307693,0.08473748473748473,0.6444444444444445,0.8125
12,0.6923076923076923,0.048137973137973133,0.6944444444444444,0.7647058823529411
13,0.38461538461538464,0.0,1.0,0.6190476190476191
