node,degree_cent,bet_cent,clust_coeff,close_cent
0,0.38461538461538464,0.0,1.0,0.5909090909090909
1,0.46153846153846156,0.027065527065527065,0.7333333333333333,0.65
2,0.9230769230769231,0.37535612535612534,0.3787878787878788,0.9285714285714286
3,0.46153846153846156,0.05982905982905983,0.5333333333333333,0.65
4,0.3076923076923077,0.01531339031339031,0.8333333333333334,0.5909090909090909
5,0.3076923076923077,0.007478632478632477,0.6666666666666666,0.48148148148148145
6,0.46153846153846156,0.03276353276353276,0.6666666666666666,0.65
7,0.38461538461538464,0.043803418803418794,0.6,0.6190476190476191
8,0.46153846153846156,0.030982905982905973,0.6,0.65
9,0.5384615384615385,0.04095441595441596,0.6666666666666666,0.6842105263157895
10,0.5384615384615385,0.03098290598290598,0.6666666666666666,0.65
11,0.5384615384615385,0.03632478632478633,0.6666666666666666,0.65
12,0.23076923076923078,0.0,1.0,0.5416666666666666
13,0.3076923076923077,0.004273504273504273,0.8333333333333334,0.5652173913043478
