node,degree_cent,bet_cent,clust_coeff,close_cent
0,0.23076923076923078,0.00937257187257187,0.6666666666666666,0.4642857142857143
1,0.23076923076923078,0.004273504273504273,0.6666666666666666,0.40625
2,0.6153846153846154,0.14939782439782442,0.4642857142857143,0.5909090909090909
3,0.38461538461538464,0.04272533022533022,0.6,0.52
4,0.5384615384615385,0.10394327894327894,0.6190476190476191,0.65
5,0.46153846153846156,0.11807498057498056,0.5333333333333333,0.6190476190476191
6,0.5384615384615385,0.10709984459984458,0.5714285714285714,0.65
7,0.5384615384615385,0.2756216006216006,0.47619047619047616,0.65
8,0.38461538461538464,0.0842074592074592,0.6,0.5652173913043478
9,0.3076923076923077,0.07051282051282051,0.6666666666666666,0.4642857142857143
10,0.3076923076923077,0.07051282051282051,0.6666666666666666,0.4642857142857143
11,0.15384615384615385,0.0,1.0,0.3333333333333333
12,0.46153846153846156,0.06682206682206682,0.6,0.6190476190476191
13,0.23076923076923078,0.0,1.0,0.48148148148148145
