node,degree_cent,bet_cent,clust_coeff,close_cent
0,0.8461538461538463,0.08212898212898213,0.6181818181818182,0.8666666666666667
1,0.38461538461538464,0.005973193473193473,0.9,0.6190476190476191
2,0.6923076923076923,0.03480963480963481,0.7222222222222222,0.7647058823529411
3,0.46153846153846156,0.015384615384615387,0.7333333333333333,0.5909090909090909
4,0.6153846153846154,0.030866355866355867,0.7142857142857143,0.7222222222222222
5,0.38461538461538464,0.010567210567210567,0.7,0.5909090909090909
6,0.6153846153846154,0.023717948717948717,0.75,0.7222222222222222
7,0.5384615384615385,0.04398795648795648,0.6666666666666666,0.6842105263157895
8,0.7692307692307693,0.1176961926961927,0.6,0.8125
9,0.3076923076923077,0.005876068376068376,0.8333333333333334,0.5652173913043478
10,0.23076923076923078,0.0,1.0,0.52
11,0.7692307692307693,0.1252816627816628,0.5555555555555556,0.8125
12,0.7692307692307693,0.052855477855477846,0.6666666666666666,0.8125
13,0.46153846153846156,0.0021367521367521365,0.9333333333333333,0.65
