node,degree_cent,bet_cent,clust_coeff,close_cent
0,0.23076923076923078,0.0,1.0,0.52
1,0.23076923076923078,0.0,1.0,0.52
2,0.7692307692307693,0.17350427350427347,0.5111111111111111,0.8125
3,0.6923076923076923,0.12649572649572646,0.5277777777777778,0.7647058823529411
4,0.5384615384615385,0.01858974358974359,0.7619047619047619,0.6842105263157895
5,0.3076923076923077,0.0,1.0,0.5909090909090909
6,0.6923076923076923,0.0767094017094017,0.6111111111111112,0.7647058823529411
7,0.7692307692307693,0.09807692307692306,0.6,0.8125
8,0.5384615384615385,0.017948717948717947,0.8095238095238095,0.6842105263157895
9,0.38461538461538464,0.0021367521367521365,0.9,0.5652173913043478
10,0.46153846153846156,0.0047008547008547015,0.8666666666666667,0.5909090909090909
11,0.5384615384615385,0.04188034188034188,0.6666666666666666,0.6842105263157895
12,0.6923076923076923,0.048931623931623924,0.6666666666666666,0.7647058823529411
13,0.38461538461538464,0.00641025641025641,0.8,0.6190476190476191
