node,degree_cent,bet_cent,clust_coeff,close_cent
0,0.15384615384615385,0.0,1.0,0.40625
1,0.23076923076923078,0.00641025641025641,0.6666666666666666,0.41935483870967744
2,0.5384615384615385,0.26498778998778993,0.38095238095238093,0.6190476190476191
3,0.3076923076923077,0.041666666666666664,0.6666666666666666,0.52
4,0.46153846153846156,0.10494505494505496,0.5333333333333333,0.65
5,0.5384615384615385,0.1946886446886447,0.47619047619047616,0.6842105263157895
6,0.3076923076923077,0.004273504273504273,0.8333333333333334,0.52
7,0.46153846153846156,0.08131868131868132,0.5333333333333333,0.5909090909090909
8,0.46153846153846156,0.105982905982906,0.5333333333333333,0.5652173913043478
9,0.3076923076923077,0.006105006105006104,0.8333333333333334,0.4642857142857143
10,0.3076923076923077,0.006105006105006104,0.8333333333333334,0.4642857142857143
11,0.38461538461538464,0.10549450549450551,0.4,0.5416666666666666
12,0.38461538461538464,0.08122710622710623,0.5,0.6190476190476191
13,0.23076923076923078,0.035256410256410256,0.6666666666666666,0.52
